Date,Latitude,Longitude,station_name,Wind-Speed (U),Wind-Speed (V),Dewpoint Temp,Soil Temp,Total Percipitation,Vegitation (High),Vegitation (Low),Temp,Relative Humidity,PM10,PM2.5,NO2,O3,code,id
2020-05-01 00:00:00,38.15,23.55,Athens CAMS station 0,1.71311533885489,-0.588855220160293,10.046453905069583,17.08355447272937,3.4904385277085134e-05,1.6990255124127562,2.244626360319493,12.948855760469227,82.57881169940232,8.101824,6.200135,3.479941,76.28401,ACAMS00,45
2020-05-01 00:00:00,37.85,23.75,Athens CAMS station 9,1.960498458132664,-0.9374166341415604,10.270286310508002,17.909675495002663,3.718064813640048e-05,1.7432989918026705,1.4311820050038988,14.011538850945668,78.35273058596111,10.5204115,7.8367248,17.563843,74.3911,ACAMS09,54
2020-05-01 00:00:00,38.15,23.65,Athens CAMS station 1,1.6409851004162568,-0.5560732013307332,9.700422045368082,16.976488861119726,4.02244732242526e-05,1.6426650416173532,2.1729976711043606,12.550689766716184,82.84031746898914,8.587352,6.3064036,2.892315,74.56569,ACAMS01,46
2020-05-01 00:00:00,37.85,23.85,Athens CAMS station 10,2.003834149031823,-0.971722476392657,10.15925061110172,17.993455822549627,3.5512492380478724e-05,1.753648402284911,1.5828315239375887,14.261641492942978,76.55891510971944,10.917974,8.20766,17.196804,67.90412,ACAMS10,55
2020-05-01 00:00:00,37.85,23.95,Athens CAMS station 11,1.9540627111154347,-0.9123346704736696,9.99353169918196,17.957935358499427,3.642372678965155e-05,1.7068036461779088,1.8066599756704336,14.179074594951286,76.14020205289927,11.353168,8.217451,15.817172,67.63471,ACAMS11,56
2020-05-01 00:00:00,38.15,23.85,Athens CAMS station 13,1.617427769574185,-0.5055144374069571,9.277265160913556,17.125595494632492,4.873963389512733e-05,1.5793593867725344,1.526574449709686,12.849267447136878,78.95981596666921,10.021696,7.328548,5.687867,71.46131,ACAMS13,58
2020-05-01 00:00:00,37.85,23.65,Athens CAMS station 8,1.89974813268356,-0.8797115196091903,10.28712286643464,17.857515194442964,3.8729469756333904e-05,1.721686720941639,1.5042771905083985,13.76471927172092,79.67162356463348,10.162753,7.2681413,14.398063,80.97122,ACAMS08,53
2020-05-01 00:00:00,38.15,23.95,Athens CAMS station 14,1.6085470114489937,-0.4934694304332676,9.436499043732478,17.33971030316069,5.018246750243214e-05,1.588538037988115,1.109097662190847,13.192151985120486,78.0344210591981,11.410466,7.889841,7.3863273,71.16523,ACAMS14,59
2020-05-01 00:00:00,38.05,23.55,Athens CAMS station 15,1.9319009993306944,-0.9555982815907956,10.87068214195455,18.002994823727796,3.788097458772918e-05,1.9183724017063248,1.5180004719257594,13.86136006057392,82.22288639823304,10.032639,8.453507,10.89093,69.88988,ACAMS15,60
2020-05-01 00:00:00,38.05,23.65,Athens CAMS station 16,1.825504302098888,-0.8649685457330512,10.444918061239033,17.745292591840357,4.208872169209793e-05,1.628800680817941,1.479181517407505,13.3391417916398,82.71479730455671,11.838625,9.954234,12.530855,63.666874,ACAMS16,61
2020-05-01 00:00:00,38.05,23.85,Athens CAMS station 18,1.6855858521379714,-0.6848149474117717,9.656452859544844,17.527990144620457,4.905750814446566e-05,1.6332670871105923,1.3420133733672257,13.42360901849895,78.05743989308023,14.53826,11.451291,15.687598,66.30903,ACAMS18,63
2020-05-01 00:00:00,38.05,23.95,Athens CAMS station 19,1.6661574202508191,-0.6472735279835193,9.679052771648776,17.641805223864953,4.996014716049614e-05,1.6974472103353648,1.3530978025608469,13.618913844535394,77.17188923935814,15.043911,11.628475,19.182842,65.15461,ACAMS19,64
2020-05-01 00:00:00,37.85,23.55,Athens CAMS station 7,2.027265193768021,-1.0411062807197795,10.61662658414965,18.219184880122235,3.61285098551845e-05,1.8458579872426333,1.361748453722564,14.11590276225592,79.58460473437259,9.734609,6.714383,7.962002,87.951645,ACAMS07,52
2020-05-01 00:00:00,37.95,23.55,Athens CAMS station 2,2.0989281300424567,-1.1631649124003764,11.110578614477571,18.55456666071945,3.579876096229007e-05,1.997730109307832,1.1421398175668125,14.39468479121176,80.74314069233029,10.405304,7.632891,16.028473,72.53368,ACAMS02,47
2020-05-01 00:00:00,37.95,23.65,Athens CAMS station 3,1.9374819681527573,-0.9696438774564036,10.64291174722898,18.09142237862266,3.958966426074735e-05,1.6235174359152955,1.2715854253733792,13.86647558594541,81.02369731740592,12.419053,9.493142,37.493927,51.66409,ACAMS03,48
2020-05-01 00:00:00,37.95,23.75,Athens CAMS station 4,1.948322478831138,-0.962296241939576,10.35253936137414,18.007100393593323,3.9205363515451805e-05,1.537072198028376,1.2064819730651253,14.038789232484309,78.63226604706765,13.458151,10.469307,33.93994,49.68284,ACAMS04,49
2020-05-01 00:00:00,38.15,23.75,Athens CAMS station 12,1.633295273377511,-0.5443380331330164,9.316510211054377,16.939177154138832,4.453895959785892e-05,1.58580241321191,2.100738709632432,12.465264973300174,81.20622703879178,9.124849,6.835481,4.331505,76.19464,ACAMS12,57
2020-05-01 00:00:00,37.95,23.85,Athens CAMS station 5,1.941411636087956,-0.9351872247346072,10.065954306470692,17.99660539876043,3.920656488351727e-05,1.7209936839522897,1.4507044203614845,14.314880442014296,75.76533741029446,13.077741,9.854264,24.02313,53.66782,ACAMS05,50
2020-05-01 00:00:00,37.988,23.728,ARISTOTELOUS,1.945101168543204,-1.0133542054397258,10.75084416215892,18.33625139671276,4.1360343558426815e-05,0.9468505793910696,0.9610391710024226,13.880883669528348,81.50881054730331,229.0,131.0,71.0,49.68284,GR0003A,10
2020-05-01 00:00:00,38.144,23.758,THRAKOMAKEDONES,1.6325063688714183,-0.556622013970339,9.304059706276773,16.961469688072313,4.570172386229639e-05,1.5899814873717155,2.02451497800286,12.477926628994132,81.07070980311084,8.0,15.0,13.0,53.0,GR0037A,18
2020-05-01 00:00:00,37.995,23.819,PARASKEVI,1.8123649623550928,-0.8610824441846608,9.98991976316956,17.790819660047994,4.470119586372132e-05,1.4860193949996372,0.8196215740177293,14.15707421822135,76.04926202139688,12.0,13.0,9.0,77.0,GR0039A,20
2020-05-01 00:00:00,38.05,23.75,Athens CAMS station 17,1.753466325363338,-0.775230853728556,9.910144740765158,17.54663554340741,4.536218690965981e-05,1.4674827466492548,1.4588145076717374,13.16758244663215,80.75628805578253,12.985242,10.683514,12.66627,70.82164,ACAMS17,62
2020-05-01 00:00:00,37.95,23.95,Athens CAMS station 6,1.8785501667178648,-0.8540508732580816,9.891896874691954,17.973912994366206,4.061332855976541e-05,1.741047277014047,1.772075838315777,14.221179964361289,75.35601489280117,12.85544,9.460368,26.024609,49.984222,ACAMS06,51
2020-05-01 00:00:00,38.051,23.538,ELEFSINA,1.94946824816341,-0.9642582082948488,10.903888689862946,18.04551380941202,3.703662492193914e-05,1.918776075388201,1.5749613177269777,13.93828918607697,81.989262633992,10.032639,19.0,34.0,69.88988,GR0038A,19
2020-05-01 00:00:00,37.932,23.713,SMYRNI,1.906064915544108,-0.8994164856497234,10.325644292483291,17.910115358534274,3.926826496674937e-05,1.5853020563842903,1.3971745304810357,13.801414608090024,79.69354778974132,89.0,10.469307,65.0,49.68284,GR0031A,15
2020-05-01 00:00:00,38.031,23.787,MAROUSI,1.7798474164003657,-0.8123527621275974,9.910888801804704,17.663020674478783,4.539500048392258e-05,1.4942569996976045,1.0857457450421242,13.720817388531222,77.8832658267313,131.0,10.683514,53.0,1.0,GR0022A,11
2020-05-01 00:00:00,37.901,23.879,KOROPI,2.132084729995809,-1.070648232582305,9.810626368839475,18.31321134900292,2.939625989149368e-05,1.6930524410486776,2.298203866104147,14.970965228717294,71.35970676217669,39.0,9.854264,13.0,71.0,GR0120A,21
2020-05-01 00:00:00,38.021,23.688,PERISTERI,1.9526685600729743,-1.0395595363621175,10.920581991946484,18.44071654043952,4.162406142656498e-05,0.7947672374459909,0.925537619705842,13.79741233199445,82.832372350435,300.0,9.954234,46.0,63.666874,GR0028A,12
2020-05-01 00:00:00,38.08363,23.700375,Ano Liosia (Perneri),1.5428010843446067,-0.6020220609407227,9.32960992682887,16.81172441140787,4.9944839107882e-05,1.680861424948403,2.289204048821267,11.751731577814995,85.14267241824186,11.838625,9.954234,12.530855,63.666874,,89
2020-05-01 00:00:00,37.978,23.727,ATHINAS,1.941427598389886,-0.999548182932284,10.6833416579919,18.27192491856289,4.104350153866304e-05,1.0566502158476925,1.0176219763736911,13.887849225497188,81.12142854713386,229.0,131.0,,,GR0027A,9
2020-05-01 00:00:00,37.97673,23.7298,ATH-ENVICARE-0,1.935182015406024,-0.9877522097310008,10.627448801276763,18.223145920065704,4.1010561924712194e-05,1.1201363256822932,1.0475700872503635,13.885721046463368,80.83983527670662,229.0,131.0,71.0,49.68284,ATHEN01,84
2020-05-01 00:00:00,38.04972,23.757725,ATH-ENVICARE-2,1.747031590090792,-0.7666249782199277,9.860752339889466,17.523379577858275,4.572744404748429e-05,1.4878788079275824,1.435056173264342,13.187152308471653,80.3873449937882,12.985242,10.683514,12.66627,70.82164,ATHEN02,85
2020-05-01 00:00:00,37.989967,23.708792,ATH-ENVICARE-3,2.009380125673468,-1.1197066689099766,11.18505534881534,18.745936247650544,4.123176225427935e-05,0.4506438837922425,0.6842082379983696,13.997489845277649,83.1838746884964,229.0,131.0,,,ATHEN023,86
2020-05-01 00:00:00,38.040443,23.833649,ATHENS_01,1.7260303695326331,-0.7359169692785476,9.740092747328925,17.569076113232235,4.738783980034695e-05,1.5975513388404574,1.287750733356236,13.52362418586211,77.99301248460253,14.53826,11.451291,,,ATHN001,87
2020-05-01 00:00:00,37.98204,23.79478,ATHENS_02,1.827616529341217,-0.8785817487670017,10.030270379755292,17.81290510807863,4.418383475571878e-05,1.4711239596035326,0.7858018820787667,14.188421243806712,76.102744727062,12.0,13.0,,,ATHN002,88
2020-05-01 00:00:00,37.99345,23.744556,PANACEA_001,1.89496715590256,-0.940516063894982,10.431960464612978,18.064390972712108,4.198787967240259e-05,1.236698577892476,1.0787604718751795,13.838998467927532,80.04709178114751,229.0,131.0,71.0,1.0,PAN001,95
2020-05-01 00:00:00,37.97312,23.718056,PANACEA_000,1.951960995581549,-1.013970879270445,10.751903983491848,18.326338868349445,4.085640007184039e-05,1.0075950512397525,0.9987236295750882,13.8969323258206,81.43478736763383,229.0,131.0,71.0,49.68284,PAN000,94
2020-05-01 00:00:00,37.97081,23.748861,PANACEA_039,1.9128167298322345,-0.9431978265098162,10.368909014282233,18.01897565926493,4.088085259132572e-05,1.394496695705482,1.133402938170086,13.940105173176237,79.20702029328615,13.458151,10.469307,33.93994,49.68284,PAN039,72
2020-05-01 00:00:00,37.97381,23.719069,CleanAir in Greece - Thiseio II,1.951448056777332,-1.0135674099438288,10.74927612822944,18.32502262252271,4.0880629017231566e-05,1.0067360167246138,0.9975070219233684,13.896766172497564,81.4217778018066,229.0,131.0,,,CAGT02,93
2020-05-01 00:00:00,38.01869,23.810574,PANACEA_005,1.794912003044637,-0.8411853539167531,9.950661653829696,17.742396371933694,4.5250128092616736e-05,1.4817093245854005,0.860577981418393,14.039602100520064,76.44230066678644,131.0,13.0,53.0,1.0,PAN005,97
2020-05-01 00:00:00,38.013317,23.647491,PANACEA_014,1.9399971407566936,-1.0146029679983726,10.894518944888748,18.187878142658555,4.0860266036947095e-05,1.5819145930399334,1.14231897989847,13.822292999754625,82.5834970962362,300.0,9.954234,46.0,63.666874,PAN014,99
2020-05-01 00:00:00,38.034657,23.702152,PANACEA_019,1.8788330485622835,-0.9415842665709462,10.571139914111072,18.09445319849788,4.259495394875048e-05,1.0724741333942565,1.1828583052580184,13.52032786763911,82.43180288209567,300.0,10.683514,46.0,70.82164,PAN019,100
2020-05-01 00:00:00,38.090866,23.72522,PANACEA_020,1.5896638119642303,-0.6249894522056779,9.433066554490754,16.955153757968766,4.8573456156005e-05,1.642057397501197,2.11414919506324,12.084517552499127,83.92168891041499,12.985242,10.683514,12.66627,70.82164,PAN020,66
2020-05-01 00:00:00,38.022263,23.737436,PANACEA_021,1.862249492411953,-0.909333956179052,10.384156304047488,17.98794148389605,4.29281529454762e-05,1.2035795330184396,1.169642474566178,13.613295130182628,80.95750866517899,12.985242,10.683514,12.66627,70.82164,PAN021,65
2020-05-01 00:00:00,37.871895,23.755962,PANACEA_022,2.0282940791906774,-1.0109172244493811,10.344821820826024,18.00786251663833,3.562876729765575e-05,1.7773770147056136,1.3254802446009686,14.247973869504657,77.55376608761907,10.5204115,7.8367248,17.563843,74.3911,PAN022,67
2020-05-01 00:00:00,38.00546,23.73234,PANACEA_029,1.9193964108726247,-0.9839300292549688,10.652047403823412,18.24315224574984,4.196264058711398e-05,0.9984411208429156,1.0076110610224778,13.798771381570702,81.41047231020303,229.0,131.0,71.0,70.82164,PAN029,68
2020-05-01 00:00:00,38.132057,23.789848,PANACEA_032,1.591507327384909,-0.5577024017560519,9.12573147823513,16.91170994139479,5.071502910325688e-05,1.6038460258470295,1.799990400266395,12.334744846600428,80.83517245851888,8.0,15.0,13.0,53.0,PAN032,69
2020-05-01 00:00:00,38.053745,23.741959,PANACEA_037,1.7466206583272292,-0.769831675435,9.91321733375296,17.521659209095475,4.5326848569899954e-05,1.464837829323666,1.521434893213966,13.075840353776208,81.25527231538045,12.985242,10.683514,12.66627,70.82164,PAN037,70
2020-05-01 00:00:00,37.97721,23.783016,National Technical University of Athens,1.8567893331687093,-0.8955636991985808,10.097644545654084,17.852669859265255,4.293958540998076e-05,1.497241057287553,0.9313933648635688,14.118737528086433,76.83606721738946,12.0,13.0,9.0,77.0,NTUA01,101
2020-05-01 00:00:00,37.9357,23.644547,PANACEA_038,1.9269578554752629,-0.9430781700215892,10.53986712132526,18.018689019947445,3.926750368611641e-05,1.6787564342377916,1.3479203108809463,13.83965876228996,80.61753541770622,12.419053,9.493142,37.493927,51.66409,PAN038,71
2020-05-01 00:00:00,37.978336,23.727934,PPCITY21,1.939711413563046,-0.9969247271932248,10.67131953488516,18.26178114297185,4.1060618202595326e-05,1.0677035289134589,1.02246618984518,13.886427581305044,81.06565342805195,229.0,131.0,71.0,49.68284,PPCI21,83
2020-05-01 00:00:00,37.948063,23.72836,PANACEA_045,1.931469592363532,-0.947545279572432,10.422667805142328,18.02880102124332,3.959816598514918e-05,1.4610884284722574,1.2468497564921786,13.908573463461948,79.65888494855005,13.458151,10.469307,33.93994,49.68284,PAN045,73
2020-05-01 00:00:00,37.933243,23.757456,PANACEA_046,2.00793855518478,-1.009922155054338,10.361458343598652,18.03580736961177,3.709717283264811e-05,1.6687785980284793,1.2164704176096937,14.231008489812703,77.7172381932594,13.458151,10.469307,33.93994,49.68284,PAN046,74
2020-05-01 00:00:00,38.056435,23.840101,PANACEA_004,1.675989820815416,-0.6759510629525991,9.592203398572428,17.439217007611667,4.930265456292887e-05,1.6144075483367637,1.3633011562019002,13.26026163626796,78.55611636447932,14.53826,11.451291,15.687598,66.30903,PAN004,96
2020-05-01 00:00:00,37.961323,23.761395,PANACEA_047,1.926956278666602,-0.947644778790821,10.28848017570823,17.97319411552275,4.017359438764137e-05,1.5202635209888575,1.1440383678895905,14.052259755561002,78.21786775047248,13.458151,10.469307,33.93994,49.68284,PAN047,75
2020-05-01 00:00:00,38.04067,23.684368,PANACEA_048,1.844698487482673,-0.8968447212544777,10.446518289033214,17.915545529748293,4.276442126447141e-05,1.2727997408463505,1.3408810379560956,13.371273376232873,82.55385396836621,300.0,9.954234,46.0,63.666874,PAN048,76
2020-05-01 00:00:00,38.037506,23.686476,PANACEA_049,1.8626244713456952,-0.9195372859708756,10.518676277198685,17.99962445692364,4.256189285857755e-05,1.2005526825984252,1.272395769511787,13.447591068953807,82.5363270129352,300.0,9.954234,46.0,63.666874,PAN049,77
2020-05-01 00:00:00,38.037838,23.826132,PANACEA_AirPaP_001,1.7395953228807888,-0.7550071662285832,9.772998769359578,17.58533419640331,4.687806143482841e-05,1.5758328099952603,1.2376061836961731,13.572344596056436,77.91691711733293,14.53826,11.451291,15.687598,66.30903,PANA01,78
2020-05-01 00:00:00,37.974033,23.718441,CleanAir in Greece - Thiseio,1.9527991301555208,-1.0161236774737166,10.760792427443086,18.335367438078706,4.0889165648417307e-05,0.9934020276084214,0.9905119477534192,13.89811539183793,81.47509326918026,229.0,131.0,,,CAGT01,92
2020-05-01 00:00:00,38.00266,23.763859,PANACEA_AirPaP_002,1.8411730096910777,-0.8800286417846523,10.145841778692036,17.851940612250306,4.3407862659657866e-05,1.4159250331773507,1.0336709736780303,13.89262058279757,78.25128246433654,229.0,131.0,71.0,1.0,PANA02,79
2020-05-01 00:00:00,37.95576,23.667692,PANACEA_AirPaP_006,1.9343307812001904,-0.9698076116104636,10.6354431455777,18.1239198299934,3.99357770123444e-05,1.4587915495911772,1.2260554123747152,13.845856272499557,81.08956505475804,12.419053,9.493142,37.493927,51.66409,PANA06,80
2020-05-01 00:00:00,37.92956,23.69305,PANACEA_AirPaP_008,1.893241672134865,-0.8824526077707904,10.31529635669277,17.88072534460249,3.938294820576897e-05,1.6092596182955008,1.43939778981777,13.745166062354285,79.9225357236546,89.0,9.493142,65.0,51.66409,PANA08,81
2020-05-01 00:00:00,37.988132,23.72989,PPCITY12,1.9392221062287816,-1.0039663289028775,10.710373354510102,18.300208752849976,4.139479820619117e-05,0.9886938395571808,0.9817326204167628,13.873659854436108,81.33365994576013,229.0,131.0,71.0,49.68284,PPCI12,82
2020-05-01 00:00:00,37.813873,23.782408,PANACEA_006,1.87945293611625,-0.8412587642782445,10.15252837674886,17.757415512829294,3.871992858004767e-05,1.7193589810725387,1.5731934991608951,13.71877032744886,79.20872316824735,10.5204115,7.8367248,17.563843,74.3911,PAN006,98
2020-05-01 01:00:00,38.15,23.85,Athens CAMS station 13,1.6189402406510474,-0.5251010179009973,9.269925089561148,16.8588212476063,0.0,1.5789079995140731,1.5264384722207036,12.280056218889708,81.90769897579946,9.093146,6.97428,5.2067575,67.65535,ACAMS13,58
2020-05-01 01:00:00,38.05,23.75,Athens CAMS station 17,1.7402771554352534,-0.7890201588817787,9.906358902534812,17.285162311696517,0.0,1.4666536198797293,1.4584864494853569,12.606241779143003,83.72306258651726,13.508687,10.468672,10.21624,65.6761,ACAMS17,62
2020-05-01 01:00:00,38.05,23.95,Athens CAMS station 19,1.649523764627853,-0.6516261979769721,9.735072449130325,17.37852283618258,0.0,1.696475456076252,1.3528604971282276,13.01485288223108,80.54782536043838,14.304679,11.316933,12.012556,63.160522,ACAMS19,64
2020-05-01 01:00:00,37.995,23.819,PARASKEVI,1.7747784938026756,-0.8644385275319849,10.109502896587657,17.529080244164085,0.0,1.484276500239908,0.8192746088945874,13.561813836435418,79.66695787923507,9.0,10.0,13.0,71.0,GR0039A,20
2020-05-01 01:00:00,37.95,23.95,Athens CAMS station 6,1.8384195440068447,-0.8545479216449254,10.023104401480252,17.72835836522673,0.0,1.7395806292802207,1.7717313728384856,13.62144415066205,78.98747852200621,13.0605755,9.125959,25.81813,50.812164,ACAMS06,51
2020-05-01 01:00:00,37.95,23.85,Athens CAMS station 5,1.904738644953356,-0.9385324189390178,10.191979097081925,17.751576955228437,0.0,1.7195266780494265,1.4504007912504344,13.733556641745178,79.29881034693727,13.5054035,10.534333,26.59553,53.589508,ACAMS05,50
2020-05-01 01:00:00,38.144,23.758,THRAKOMAKEDONES,1.6275862971626975,-0.577009265803726,9.268927341479811,16.698184712076742,0.0,1.589227506066381,2.024258730333733,11.925009675521844,83.85673587038382,8.0,11.0,30.0,39.0,GR0037A,18
2020-05-01 01:00:00,38.05,23.65,Athens CAMS station 16,1.8251383957221003,-0.8845299124986903,10.406799640459417,17.480359361706952,0.0,1.6281121144126298,1.4789325668404052,12.81170054641011,85.37767129340767,12.46507,10.004467,14.507478,60.13951,ACAMS16,61
2020-05-01 01:00:00,37.95,23.75,Athens CAMS station 4,1.9301462182557296,-0.9743755082230628,10.409794875334228,17.754593759594478,0.0,1.5359975948527655,1.2062477123451345,13.485804310025372,81.7808190493956,14.592918,11.987478,35.546387,49.415688,ACAMS04,49
2020-05-01 01:00:00,38.15,23.75,Athens CAMS station 12,1.6279975481504982,-0.5654217278175955,9.27759631612494,16.6751431630071,0.0,1.584956209542517,2.1004858209124166,11.91440009189061,83.96464614156692,8.951053,6.889128,4.2812686,71.52137,ACAMS12,57
2020-05-01 01:00:00,37.85,23.95,Athens CAMS station 11,1.920647176097518,-0.9185988219889052,10.118358582160194,17.716974748911255,0.0,1.7054827108664927,1.8063689808379964,13.60626816367803,79.61821633502859,11.283537,8.555166,15.570194,60.999096,ACAMS11,56
2020-05-01 01:00:00,38.15,23.55,Athens CAMS station 0,1.7134965722771838,-0.6057659306537247,10.043108427019195,16.825827638027757,0.0,1.698095206594515,2.244492581901622,12.434274664824848,85.38275243022247,7.9639807,6.743588,2.5580246,74.41367,ACAMS00,45
2020-05-01 01:00:00,37.95,23.65,Athens CAMS station 3,1.93950181527201,-0.9891793807257936,10.645915093445632,17.830445657465365,0.0,1.6227480476558742,1.2714026933618012,13.344459323287987,83.80917418238448,13.292824,11.157607,39.01497,50.373425,ACAMS03,48
2020-05-01 01:00:00,37.85,23.75,Athens CAMS station 9,1.9476419120223567,-0.9512619660712112,10.336637151286954,17.661684530965097,0.0,1.7421940593033545,1.430983914693055,13.475168726196642,81.44921592865265,10.371797,8.036961,15.991673,74.751526,ACAMS09,54
2020-05-01 01:00:00,37.85,23.55,Athens CAMS station 7,2.0445742869791363,-1.0647750937573195,10.655783990273372,17.970916155611523,0.0,1.844812100628988,1.3615905081541333,13.619947639527402,82.38095273521533,9.853541,6.9614472,9.10714,83.26745,ACAMS07,52
2020-05-01 01:00:00,37.95,23.55,Athens CAMS station 2,2.1272620714984587,-1.190843168415877,11.13773140547642,18.30147058156417,0.0,1.9968304557850507,1.1420060947518385,13.928912937195658,83.34904625174862,10.759142,7.7772074,18.074032,69.60424,ACAMS02,47
2020-05-01 01:00:00,37.988,23.728,ARISTOTELOUS,1.9322664145611528,-1.0285914640069034,10.732582015831843,18.073292505714,0.0,0.9463073328551248,0.9607956524395318,13.311452162967411,84.45851554697592,160.0,140.0,55.0,49.415688,GR0003A,10
2020-05-01 01:00:00,37.85,23.85,Athens CAMS station 10,1.975734755809032,-0.980262128648759,10.27376221651184,17.75306667029964,0.0,1.752359885063307,1.5825865353705306,13.706055179635346,79.9195217267331,10.668235,8.375711,16.802225,67.11266,ACAMS10,55
2020-05-01 01:00:00,38.05,23.55,Athens CAMS station 15,1.9489956295802453,-0.9794645245275768,10.881061642623107,17.745670991786547,0.0,1.9174655565848564,1.51784174940185,13.38227025424413,84.87269020334354,10.209153,8.380174,9.564899,67.28992,ACAMS15,60
2020-05-01 01:00:00,38.15,23.65,Athens CAMS station 1,1.6338716966585445,-0.5745541290166587,9.646764741381665,16.710527249828058,0.0,1.641678904014771,2.17278116974574,12.011075747037015,85.50988217882545,8.3074,6.82103,2.7300045,72.357666,ACAMS01,46
2020-05-01 01:00:00,38.15,23.95,Athens CAMS station 14,1.6109738448253357,-0.5092169805205521,9.446967891396689,17.069288471037037,0.0,1.5880967633319794,1.1089891789229993,12.613631555653471,81.08560830099171,10.042304,6.9268794,5.2436986,66.658,ACAMS14,59
2020-05-01 01:00:00,37.85,23.65,Athens CAMS station 8,1.898773384976514,-0.8974747758981052,10.320424215895992,17.603154692569046,0.0,1.720713782582773,1.5040863912845843,13.237312187864186,82.60427965379257,10.223236,7.5970564,14.339377,79.00081,ACAMS08,53
2020-05-01 01:00:00,38.05,23.85,Athens CAMS station 18,1.6685435976842151,-0.6919771093577567,9.701639945446152,17.26588130952471,0.0,1.632280150057613,1.3417529799496402,12.834380412330828,81.33568025120563,13.886837,10.161569,9.44037,66.539894,ACAMS18,63
2020-05-01 01:00:00,38.051,23.538,ELEFSINA,1.9690359614409227,-0.988431794486773,10.930326354378357,17.79174538464207,0.0,1.917791797072457,1.5747855710592482,13.466469414987747,84.68192059729283,10.209153,21.0,37.0,67.28992,GR0038A,19
2020-05-01 01:00:00,38.021,23.688,PERISTERI,1.943459968256864,-1.0567761469268817,10.869836778480712,18.17468601551122,0.0,0.7944412880463507,0.9252912537920416,13.2289971368037,85.65382253882021,285.0,10.004467,42.0,60.13951,GR0028A,12
2020-05-01 01:00:00,37.932,23.713,SMYRNI,1.8985487089916724,-0.9152449847952308,10.356684729555797,17.654814548085227,0.0,1.58437155911548,1.3969676547400371,13.261456620144186,82.6793270360417,59.0,11.987478,59.0,49.415688,GR0031A,15
2020-05-01 01:00:00,38.031,23.787,MAROUSI,1.7536806364251525,-0.8201488867901642,9.98020956811768,17.401600904864857,0.0,1.4929270144775,1.085429270759212,13.139923342678689,81.23225706087968,87.0,10.468672,42.0,1.0,GR0022A,11
2020-05-01 01:00:00,37.901,23.879,KOROPI,2.056597282652885,-1.0637087297557362,10.074345788592652,18.09652309100137,0.0,1.6912536882719706,2.297779549450784,14.352335606722333,75.55145977325309,19.0,10.534333,10.0,72.0,GR0120A,21
2020-05-01 01:00:00,37.961323,23.761395,PANACEA_047,1.905025567765985,-0.9581227048993436,10.35530602900524,17.71940608351052,0.0,1.5190907192962566,1.143782974913966,13.491295551371158,81.44533764809367,14.592918,11.987478,35.546387,49.415688,PAN047,75
2020-05-01 01:00:00,38.04972,23.757725,ATH-ENVICARE-2,1.7330266433478487,-0.7797843134045107,9.865141593311805,17.262146118506568,0.0,1.4870110990290049,1.4347387232101774,12.623980460991197,83.3949700610944,13.508687,10.468672,10.21624,65.6761,ATHEN02,85
2020-05-01 01:00:00,38.022263,23.737436,PANACEA_021,1.8483809949225447,-0.92356025096036,10.37863550389618,17.725597795796823,0.0,1.202848835821613,1.1693592559307358,13.047354339892328,83.93949309393349,13.508687,10.468672,10.21624,65.6761,PAN021,65
2020-05-01 01:00:00,37.933243,23.757456,PANACEA_046,1.986675337672449,-1.021002838351709,10.443594114069771,17.789544394587125,0.0,1.667597673751127,1.216254045874894,13.684725638565228,80.9218854629966,14.592918,11.987478,35.546387,49.415688,PAN046,74
2020-05-01 01:00:00,37.813873,23.782408,PANACEA_006,1.873060139350876,-0.8571302501323901,10.19536883207356,17.504235168504845,0.0,1.7183441640061377,1.5729963230915658,13.183154491633037,82.21734832880081,10.371797,8.036961,15.991673,74.751526,PAN006,98
2020-05-01 01:00:00,37.92956,23.69305,PANACEA_AirPaP_008,1.8884530705875424,-0.8991870276308681,10.340883105568908,17.624482605296247,0.0,1.6083506337014697,1.4391967521207214,13.208794028478689,82.8703756432358,59.0,11.157607,59.0,50.373425,PANA08,81
2020-05-01 01:00:00,37.948063,23.72836,PANACEA_045,1.9192730603374064,-0.9619735504194752,10.454030580348888,17.773183362353908,0.0,1.460177648740423,1.2466263874506385,13.359415551828944,82.69135087796958,14.592918,11.987478,35.546387,49.415688,PAN045,73
2020-05-01 01:00:00,37.97721,23.783016,National Technical University of Athens,1.8247110215986733,-0.9015992163019848,10.19857596191957,17.594029877476554,0.0,1.4957025027728883,0.9310794085124304,13.53657336909365,80.3111487695696,9.0,10.0,13.0,71.0,NTUA01,101
2020-05-01 01:00:00,38.037838,23.826132,PANACEA_AirPaP_001,1.7170388017177545,-0.7624988937321605,9.833218170865548,17.32443701399332,0.0,1.574641083643673,1.2373123475005672,12.989101406637726,81.23397653125409,13.886837,10.161569,9.44037,66.539894,PANA01,78
2020-05-01 01:00:00,38.00546,23.73234,PANACEA_029,1.9060076921406144,-0.9988166637741612,10.635723285088652,17.979954875056993,0.0,0.997853295230707,1.0073534731768536,13.228969470178257,84.37018617152069,160.0,140.0,55.0,65.6761,PAN029,68
2020-05-01 01:00:00,37.98204,23.79478,ATHENS_02,1.7901217422915208,-0.8823781734961403,10.150233715864871,17.551536038766827,0.0,1.4693813629153871,0.7854588208884012,13.59558465129984,79.71105593239585,9.0,10.0,,,ATHN002,88
2020-05-01 01:00:00,38.053745,23.741959,PANACEA_037,1.7344642651741038,-0.7843355427678601,9.897873771628788,17.259882608407306,0.0,1.4640551981183862,1.521084133566801,12.516896085127469,84.16583861574568,13.508687,10.468672,10.21624,65.6761,PAN037,70
2020-05-01 01:00:00,37.9357,23.644547,PANACEA_038,1.9290063222506928,-0.9623588131132742,10.552549860753611,17.75971679184595,0.0,1.677918111037875,1.3477376871459477,13.318347647169498,83.43791430823323,13.292824,11.157607,39.01497,50.373425,PAN038,71
2020-05-01 01:00:00,37.99345,23.744556,PANACEA_001,1.8780959474307544,-0.9533888583285776,10.450561830805768,17.803735116036833,0.0,1.2358312798060105,1.0784947814604655,13.271449732106888,83.12847175330263,160.0,140.0,55.0,1.0,PAN001,95
2020-05-01 01:00:00,37.988132,23.72989,PPCITY12,1.926064530003429,-1.0189744964549503,10.696592682261446,18.03762864480972,0.0,0.9881114290173936,0.9814871444213924,13.304991380737317,84.29653925121278,160.0,140.0,55.0,49.415688,PPCI12,82
2020-05-01 01:00:00,38.132057,23.789848,PANACEA_032,1.5880820627739245,-0.5751813672973937,9.09754903276808,16.650269455503416,0.0,1.6033413092190727,1.7997549885243669,11.776681200405536,83.68860948387756,8.0,11.0,30.0,39.0,PAN032,69
2020-05-01 01:00:00,37.871895,23.755962,PANACEA_022,2.0097180173718496,-1.0230146185936255,10.432600243586958,17.764819983815446,0.0,1.7761888950000602,1.3252874101164185,13.711787584995422,80.72679927531533,10.371797,8.036961,15.991673,74.751526,PAN022,67
2020-05-01 01:00:00,37.97312,23.718056,PANACEA_000,1.9406123983279469,-1.0296825339623723,10.736442569696802,18.064249369280027,0.0,1.0070377731344695,0.9984909594821384,13.332503104177375,84.36898656287195,160.0,140.0,55.0,49.415688,PAN000,94
2020-05-01 01:00:00,38.04067,23.684368,PANACEA_048,1.837437693668678,-0.9141905861242856,10.405633884054106,17.65136782537678,0.0,1.2722221933100348,1.3405724190081751,12.820170144493147,85.3262915015184,285.0,10.004467,42.0,60.13951,PAN048,76
2020-05-01 01:00:00,37.97381,23.719069,CleanAir in Greece - Thiseio II,1.939954762284184,-1.0292230312715165,10.734089020658116,18.062933323878056,0.0,1.006176403860651,0.99727361829941,13.332058699514896,84.3584580355912,160.0,140.0,,,CAGT02,93
2020-05-01 01:00:00,37.978336,23.727934,PPCITY21,1.926856703647931,-1.0118901190386766,10.664917387426389,18.000315432303797,0.0,1.0670683057113146,1.022225648952894,13.321324241576828,84.03788341830997,160.0,140.0,55.0,49.415688,PPCI21,83
2020-05-01 01:00:00,38.090866,23.72522,PANACEA_020,1.576414703994787,-0.6404377269176679,9.356139912022034,16.692489702064037,0.0,1.6413545696816814,2.1134969053445705,11.532012232200538,86.56949731504012,13.508687,10.468672,10.21624,65.6761,PAN020,66
2020-05-01 01:00:00,37.978,23.727,ATHINAS,1.9287344194018363,-1.0146045973345332,10.675536294543676,18.01034955659128,0.0,1.0560269974877392,1.0173822576819038,13.322666699593638,84.08871485335048,160.0,140.0,,,GR0027A,9
2020-05-01 01:00:00,37.97673,23.7298,ATH-ENVICARE-0,1.9219842798239293,-1.0024629519259574,10.626906907154185,17.9622998804664,0.0,1.1194538730438022,1.0473287132250058,13.321862477672337,83.82788526940979,160.0,140.0,55.0,49.415688,ATHEN01,84
2020-05-01 01:00:00,38.013317,23.647491,PANACEA_014,1.944834547820912,-1.0359380252554842,10.861409432227138,17.919619422694254,0.0,1.5813408780003926,1.142138293606121,13.306179795733147,85.19649028854056,285.0,10.004467,42.0,60.13951,PAN014,99
2020-05-01 01:00:00,37.974033,23.718441,CleanAir in Greece - Thiseio,1.941373703183669,-1.0318363763889182,10.744223894709403,18.073129099132544,0.0,0.9928538691495674,0.9902788113824172,13.333075625378036,84.40823944370587,160.0,140.0,,,CAGT01,92
2020-05-01 01:00:00,38.08363,23.700375,Ano Liosia (Perneri),1.527321517004934,-0.6170313984634582,9.227725493842255,16.548833105084622,0.0,1.6801980845028592,2.2883887905878124,11.199600770339796,87.69715931006851,12.46507,10.004467,14.507478,60.13951,,89
2020-05-01 01:00:00,38.00266,23.763859,PANACEA_AirPaP_002,1.8160579978447968,-0.888960154168116,10.209398427286054,17.591384718109264,0.0,1.414659092123937,1.0333682362995733,13.316021012955556,81.55461132979971,160.0,140.0,55.0,1.0,PANA02,79
2020-05-01 01:00:00,38.01869,23.810574,PANACEA_005,1.7598642128173627,-0.8454467961955537,10.05892813795061,17.48000253203765,0.0,1.4800516585540082,0.8602366852924154,13.446329541116322,80.00695925761536,87.0,10.0,42.0,1.0,PAN005,97
2020-05-01 01:00:00,38.040443,23.833649,ATHENS_01,1.7050853759271662,-0.7433912035699719,9.795294288690313,17.308111831391333,0.0,1.5964203882014498,1.2874652303676275,12.939402888104116,81.29226114621044,13.886837,10.161569,,,ATHN001,87
2020-05-01 01:00:00,37.97081,23.748861,PANACEA_039,1.894641722282916,-0.9553113192516728,10.410067338795953,17.761876003489395,0.0,1.393490141632762,1.1331484918422434,13.37825059237321,82.3430335617067,14.592918,11.987478,35.546387,49.415688,PAN039,72
2020-05-01 01:00:00,38.037506,23.686476,PANACEA_049,1.8549937340477536,-0.936806657624325,10.477655138182984,17.73524895852751,0.0,1.2000085973733396,1.2720990769558722,12.893703327349163,85.32205720601452,285.0,10.004467,42.0,60.13951,PAN049,77
2020-05-01 01:00:00,38.034657,23.702152,PANACEA_019,1.8692209208126904,-0.958203837939262,10.530709802197483,17.83007388168822,0.0,1.0719712955348968,1.1825646332995638,12.958691127811072,85.25907098639149,285.0,10.468672,42.0,65.6761,PAN019,100
2020-05-01 01:00:00,38.056435,23.840101,PANACEA_004,1.6610914415363316,-0.6847510851278991,9.62661966528552,17.177299072432053,0.0,1.6135013380120302,1.363045297770128,12.677328146396931,81.76647168271533,13.886837,10.161569,9.44037,66.539894,PAN004,96
2020-05-01 01:00:00,37.95576,23.667692,PANACEA_AirPaP_006,1.9322225851005344,-0.9881171310430806,10.63421600028887,17.863047380710473,0.0,1.4580713854728238,1.225856636117074,13.31131319218547,83.92401985955007,13.292824,11.157607,39.01497,50.373425,PANA06,80
2020-05-01 01:00:00,37.989967,23.708792,ATH-ENVICARE-3,1.9976831726742847,-1.136532472531225,11.123069332181103,18.478738587550616,0.0,0.4504962808933257,0.6839793909126863,13.41449110930341,86.03671783456838,160.0,140.0,,,ATHEN023,86
2020-05-01 02:00:00,37.85,23.55,Athens CAMS station 7,2.0835317578706523,-1.1163527281439205,10.660458091266833,17.721097936202227,0.0,1.844812100628988,1.3615905081541333,13.237881817976238,84.46971389897713,10.023252,6.922194,9.718324,81.92074,ACAMS07,52
2020-05-01 02:00:00,38.15,23.55,Athens CAMS station 0,1.7138688452102004,-0.6451009656176994,9.99971461212168,16.56471090827742,0.0,1.698095206594515,2.244492581901622,12.039580133272834,87.36942726553022,7.5895576,5.9073825,3.09539,73.04384,ACAMS00,45
2020-05-01 02:00:00,37.95,23.55,Athens CAMS station 2,2.1729385932707417,-1.2458380202183112,11.123588800055549,18.04742339312629,0.0,1.9968304557850507,1.1420060947518385,13.571140085733228,85.21926192128393,10.7795105,7.599938,17.35923,68.13423,ACAMS02,47
2020-05-01 02:00:00,37.95,23.75,Athens CAMS station 4,1.9528193593582928,-1.0286976315257057,10.426434372910984,17.50006263301542,0.0,1.5359975948527655,1.2062477123451345,13.070295664625242,84.09071074988528,15.7523575,12.42873,32.830517,50.27482,ACAMS04,49
2020-05-01 02:00:00,37.95,23.65,Athens CAMS station 3,1.964503719191863,-1.0454810943723971,10.618189886126428,17.568029189547193,0.0,1.6227480476558742,1.2714026933618012,12.946232296724544,85.8364540405224,13.574459,11.452366,41.126644,47.067528,ACAMS03,48
2020-05-01 02:00:00,38.05,23.55,Athens CAMS station 15,1.9727190557076848,-1.0318502871898856,10.842973113231244,17.485857066437113,0.0,1.9174655565848564,1.51784174940185,13.014890703535078,86.70574986056468,9.71418,8.142039,9.410857,67.857925,ACAMS15,60
2020-05-01 02:00:00,37.85,23.65,Athens CAMS station 8,1.9216591328219,-0.9487167999128772,10.326335712787678,17.346863557505905,0.0,1.720713782582773,1.5040863912845843,12.83168317673603,84.83236783515007,10.568892,7.622306,14.796501,76.80382,ACAMS08,53
2020-05-01 02:00:00,38.15,23.95,Athens CAMS station 14,1.6192878861442417,-0.5627974889889632,9.476108664523624,16.797529782032832,0.0,1.5880967633319794,1.1089891789229993,12.152319150265884,83.73385309223373,8.909376,7.2681146,4.9694324,68.723076,ACAMS14,59
2020-05-01 02:00:00,38.05,23.85,Athens CAMS station 18,1.6746166219129814,-0.7447996383664086,9.733338004776812,17.00197285043025,0.0,1.632280150057613,1.3417529799496402,12.390812527700144,83.89919935526608,13.038525,9.567772,8.280078,67.10456,ACAMS18,63
2020-05-01 02:00:00,37.95,23.85,Athens CAMS station 5,1.926621164301288,-0.9867408479133412,10.275825954759718,17.50364778748956,0.0,1.7195266780494265,1.4504007912504344,13.295978696003518,82.01609981214274,15.503995,11.588143,24.870647,55.432972,ACAMS05,50
2020-05-01 02:00:00,37.995,23.819,PARASKEVI,1.7830269227247657,-0.9171404372962734,10.162758372980964,17.266541160808394,0.0,1.484276500239908,0.8192746088945874,13.174714122135686,81.98817302268287,14.0,15.0,20.0,60.0,GR0039A,20
2020-05-01 02:00:00,38.05,23.75,Athens CAMS station 17,1.7468865786987609,-0.8456813192575158,9.881348805441634,17.022023017820686,0.0,1.4666536198797293,1.4584864494853569,12.185430131187768,85.90616715182797,13.357573,10.439608,11.319162,64.80669,ACAMS17,62
2020-05-01 02:00:00,38.15,23.85,Athens CAMS station 13,1.6243021525819843,-0.5806535507829498,9.291048566229538,16.591003588675747,0.0,1.5789079995140731,1.5264384722207036,11.832777896787258,84.46568426606967,8.945188,7.1988506,5.279286,71.08594,ACAMS13,58
2020-05-01 02:00:00,38.144,23.758,THRAKOMAKEDONES,1.626876260479826,-0.6322505396820746,9.256393878119152,16.433703141154467,0.0,1.589227506066381,2.024258730333733,11.496076316147274,86.17909411757046,27.0,20.0,7.0,57.0,GR0037A,18
2020-05-01 02:00:00,37.988,23.728,ARISTOTELOUS,1.952611110069273,-1.0901988579809287,10.6661811850844,17.80854028490738,0.0,0.9463073328551248,0.9607956524395318,12.885997692553456,86.43715686546436,184.0,131.0,48.0,50.27482,GR0003A,10
2020-05-01 02:00:00,37.85,23.95,Athens CAMS station 11,1.9439143771275973,-0.9634418988397206,10.207909632734705,17.472305324644662,0.0,1.7054827108664927,1.8063689808379964,13.15757631047584,82.42047790200391,11.797932,9.939848,17.61759,58.39932,ACAMS11,56
2020-05-01 02:00:00,38.05,23.95,Athens CAMS station 19,1.6571658852216018,-0.7018630688403119,9.77997983490377,17.11313638362861,0.0,1.696475456076252,1.3528604971282276,12.549068837744011,83.27714776664646,13.417357,10.070282,10.376549,65.38877,ACAMS19,64
2020-05-01 02:00:00,37.85,23.85,Athens CAMS station 10,2.0032355412297607,-1.028000899786597,10.351414304817872,17.509427892667553,0.0,1.752359885063307,1.5825865353705306,13.270655226461075,82.60012860395568,11.623081,9.611648,21.179705,64.176834,ACAMS10,55
2020-05-01 02:00:00,37.95,23.95,Athens CAMS station 6,1.8565667686746408,-0.8989737738430845,10.11970554900286,17.479289679249185,0.0,1.7395806292802207,1.7717313728384856,13.16230073388089,81.87612404273821,13.076795,9.733599,24.333704,51.089012,ACAMS06,51
2020-05-01 02:00:00,38.15,23.75,Athens CAMS station 12,1.6267769383934243,-0.6197846529941576,9.262089118464852,16.4099793285498,0.0,1.584956209542517,2.1004858209124166,11.486539941682624,86.26653741790444,8.723129,7.0411887,4.4680734,72.91669,ACAMS12,57
2020-05-01 02:00:00,38.05,23.65,Athens CAMS station 16,1.8373232651900744,-0.9418419829177468,10.343897434243864,17.2137363134095,0.0,1.6281121144126298,1.4789325668404052,12.408993062854282,87.28152565589384,12.140797,9.706072,13.493941,58.391083,ACAMS16,61
2020-05-01 02:00:00,37.85,23.75,Athens CAMS station 9,1.973403424642309,-1.002335353941131,10.37103253224872,17.411352373946826,0.0,1.7421940593033545,1.430983914693055,13.059331136277208,83.84817299960066,10.925442,8.534998,20.783861,70.93612,ACAMS09,54
2020-05-01 02:00:00,38.15,23.65,Athens CAMS station 1,1.6289183409064134,-0.6228458220534949,9.594424525660992,16.442612511980833,0.0,1.641678904014771,2.17278116974574,11.590906341960675,87.59563593336189,7.9569793,6.3454604,3.2692316,71.887794,ACAMS01,46
2020-05-01 02:00:00,38.051,23.538,ELEFSINA,1.9944608507427808,-1.0392932692946228,10.89877481760043,17.535089252708545,0.0,1.917791797072457,1.5747855710592482,13.104062756901529,86.52010644767523,9.71418,24.0,37.0,67.857925,GR0038A,19
2020-05-01 02:00:00,37.932,23.713,SMYRNI,1.9198702209007013,-0.9683457317580868,10.356469612623709,17.397529362738744,0.0,1.58437155911548,1.3969676547400371,12.848692808892793,84.91110694628266,61.0,12.42873,44.0,50.27482,GR0031A,15
2020-05-01 02:00:00,38.031,23.787,MAROUSI,1.7614216641583773,-0.8744254848995971,10.006174584751609,17.138991321224903,0.0,1.4929270144775,1.085429270759212,12.736449728493968,83.5374839269145,71.0,10.439608,38.0,1.0,GR0022A,11
2020-05-01 02:00:00,37.901,23.879,KOROPI,2.0884892619123288,-1.0987315056320943,10.284019823917925,17.873254685226033,0.0,1.6912536882719706,2.297779549450784,13.850988769712574,79.11826144274288,21.0,11.588143,9.0,72.0,GR0120A,21
2020-05-01 02:00:00,38.021,23.688,PERISTERI,1.9637441478086,-1.1210246860530555,10.770482086239635,17.906884871399228,0.0,0.7944412880463507,0.9252912537920416,12.800664661057764,87.4960794530653,201.0,9.706072,43.0,58.391083,GR0028A,12
2020-05-01 02:00:00,38.04067,23.684368,PANACEA_048,1.8500367219165776,-0.9739166080442394,10.331878505623788,17.385453623451557,0.0,1.2722221933100348,1.3405724190081751,12.40163709857627,87.25514242172407,201.0,9.706072,43.0,58.391083,PAN048,76
2020-05-01 02:00:00,38.053745,23.741959,PANACEA_037,1.7401590387142167,-0.8413223669215631,9.862212766703149,16.996406100478655,0.0,1.4640551981183862,1.521084133566801,12.095095432100257,86.30595078648932,13.357573,10.439608,11.319162,64.80669,PAN037,70
2020-05-01 02:00:00,37.9357,23.644547,PANACEA_038,1.9537056197372216,-1.0169859456017218,10.535881312852544,17.499186287809984,0.0,1.677918111037875,1.3477376871459477,12.919584299644288,85.52157374343531,13.574459,11.452366,41.126644,47.067528,PAN038,71
2020-05-01 02:00:00,37.97312,23.718056,PANACEA_000,1.9620625270000016,-1.0906330104109263,10.674492155844831,17.800331748275163,0.0,1.0070377731344695,0.9984909594821384,12.908380199396635,86.36171131269025,184.0,131.0,48.0,50.27482,PAN000,94
2020-05-01 02:00:00,38.034657,23.702152,PANACEA_019,1.884114426239429,-1.0194869582957724,10.45138654669519,17.563927588102082,0.0,1.0719712955348968,1.1825646332995638,12.534313014353296,87.18577546416188,201.0,10.439608,43.0,64.80669,PAN019,100
2020-05-01 02:00:00,37.99345,23.744556,PANACEA_001,1.8950593940223563,-1.0112899412278211,10.424660491902015,17.54140952833889,0.0,1.2358312798060105,1.0784947814604655,12.854727177636024,85.25332075900309,184.0,131.0,48.0,1.0,PAN001,95
2020-05-01 02:00:00,37.988132,23.72989,PPCITY12,1.9460696871049028,-1.0800693243852,10.63542357308345,17.773263201539212,0.0,0.9881114290173936,0.9814871444213924,12.880595490568398,86.29458676377999,184.0,131.0,48.0,50.27482,PPCI12,82
2020-05-01 02:00:00,38.01869,23.810574,PANACEA_005,1.7671745380277373,-0.898603629354759,10.105874083479636,17.216795253573835,0.0,1.4800516585540082,0.8602366852924154,13.056686544893976,82.3190556662213,71.0,15.0,38.0,1.0,PAN005,97
2020-05-01 02:00:00,37.989967,23.708792,ATH-ENVICARE-3,2.0212850617070948,-1.2039273173634382,11.002015777237276,18.20968811019257,0.0,0.4504962808933257,0.6839793909126863,12.97703941188772,87.8148152288251,184.0,131.0,,,ATHEN023,86
2020-05-01 02:00:00,37.871895,23.755962,PANACEA_022,2.040004445907373,-1.0746420192211548,10.483833000500727,17.519251029190926,0.0,1.7761888950000602,1.3252874101164185,13.29343840088502,83.20522448532336,10.925442,8.534998,20.783861,70.93612,PAN022,67
2020-05-01 02:00:00,37.95576,23.667692,PANACEA_AirPaP_006,1.955586969375288,-1.0453140348475032,10.598602184089357,17.600567667549644,0.0,1.4580713854728238,1.225856636117074,12.904658244522944,85.95688271363842,13.574459,11.452366,41.126644,47.067528,PANA06,80
2020-05-01 02:00:00,37.98204,23.79478,ATHENS_02,1.7992360841489146,-0.9354380380415482,10.201833239684769,17.28939776479505,0.0,1.4693813629153871,0.7854588208884012,13.21109659744448,82.0091134348929,14.0,15.0,,,ATHN002,88
2020-05-01 02:00:00,37.97721,23.783016,National Technical University of Athens,1.837389703371823,-0.9549617322962048,10.240836725724783,17.33421089094187,0.0,1.4957025027728883,0.9310794085124304,13.140899062544246,82.62902392571938,14.0,15.0,20.0,60.0,NTUA01,101
2020-05-01 02:00:00,37.948063,23.72836,PANACEA_045,1.941172403187409,-1.0171719757775803,10.44782920169128,17.51560532257616,0.0,1.460177648740423,1.2466263874506385,12.94364450625,84.90330234378925,15.7523575,12.42873,32.830517,50.27482,PAN045,73
2020-05-01 02:00:00,37.92956,23.69305,PANACEA_AirPaP_008,1.909307520888888,-0.9519330798824128,10.337362502331242,17.36630812935257,0.0,1.6083506337014697,1.4391967521207214,12.798058172827243,85.0798448199469,61.0,11.452366,44.0,47.067528,PANA08,81
2020-05-01 02:00:00,38.037506,23.686476,PANACEA_049,1.8689523544500508,-0.9971695506203896,10.401317950336349,17.46913546827256,0.0,1.2000085973733396,1.2720990769558722,12.47371817419285,87.24340114682434,201.0,9.706072,43.0,58.391083,PAN049,77
2020-05-01 02:00:00,38.00546,23.73234,PANACEA_029,1.924292692335471,-1.0599021481620663,10.573453109950812,17.715011156276198,0.0,0.997853295230707,1.0073534731768536,12.804645013311545,86.3658040169776,184.0,131.0,48.0,64.80669,PAN029,68
2020-05-01 02:00:00,38.040443,23.833649,ATHENS_01,1.7120267075577988,-0.7965759412451582,9.826827154864196,17.045526886825396,0.0,1.5964203882014498,1.2874652303676275,12.511974235042551,83.76335991796653,13.038525,9.567772,,,ATHN001,87
2020-05-01 02:00:00,37.813873,23.782408,PANACEA_006,1.893348679212531,-0.9071836523399152,10.212755884608658,17.24889725332253,0.0,1.7183441640061377,1.5729963230915658,12.76969051211587,84.54012313120401,10.925442,8.534998,20.783861,70.93612,PAN006,98
2020-05-01 02:00:00,38.00266,23.763859,PANACEA_AirPaP_002,1.8281841591290984,-0.9439866802687322,10.223232552971892,17.329524622565824,0.0,1.414659092123937,1.0333682362995733,12.912442229416726,83.79313023574818,184.0,131.0,48.0,1.0,PANA02,79
2020-05-01 02:00:00,38.04972,23.757725,ATH-ENVICARE-2,1.7394454177530476,-0.8361117727194126,9.849197439589354,16.999275362231636,0.0,1.4870110990290049,1.4347387232101774,12.203673929480171,85.6190409067841,13.357573,10.439608,11.319162,64.80669,ATHEN02,85
2020-05-01 02:00:00,37.974033,23.718441,CleanAir in Greece - Thiseio,1.9628134181684511,-1.0929523914244998,10.680834796626584,17.809063953442,0.0,0.9928538691495674,0.9902788113824172,12.908619926452388,86.39580586515935,184.0,131.0,,,CAGT01,92
2020-05-01 02:00:00,37.978,23.727,ATHINAS,1.94933750263184,-1.0748932080076954,10.62171018026441,17.7469616519352,0.0,1.0560269974877392,1.0173822576819038,12.89965035857346,86.11388251779775,184.0,131.0,,,GR0027A,9
2020-05-01 02:00:00,37.933243,23.757456,PANACEA_046,2.014274275193067,-1.0741787170642276,10.48492873813339,17.540970140685015,0.0,1.667597673751127,1.216254045874894,13.267217009816894,83.34882610772185,15.7523575,12.42873,32.830517,50.27482,PAN046,74
2020-05-01 02:00:00,37.97673,23.7298,ATH-ENVICARE-0,1.9423004765555285,-1.0619591789871303,10.581366404467648,17.699642899204093,0.0,1.1194538730438022,1.0473287132250058,12.900318283629838,85.88443413540753,184.0,131.0,48.0,50.27482,ATHEN01,84
2020-05-01 02:00:00,38.022263,23.737436,PANACEA_021,1.862671208833076,-0.9824733452386644,10.33466101232151,17.461564224523723,0.0,1.202848835821613,1.1693592559307358,12.626686083348105,86.01051075332921,13.357573,10.439608,11.319162,64.80669,PAN021,65
2020-05-01 02:00:00,38.132057,23.789848,PANACEA_032,1.586273542568185,-0.6331065190027784,9.099170963019688,16.38732600225261,0.0,1.6033413092190727,1.7997549885243669,11.34126977293042,86.13375930436251,27.0,20.0,7.0,57.0,PAN032,69
2020-05-01 02:00:00,37.97381,23.719069,CleanAir in Greece - Thiseio II,1.96133613274202,-1.0901747022948132,10.672336680617295,17.79901689394349,0.0,1.006176403860651,0.99727361829941,12.907894365228657,86.35227550529314,184.0,131.0,,,CAGT02,93
2020-05-01 02:00:00,37.978336,23.727934,PPCITY21,1.947345487660428,-1.0720378697107311,10.612648366473564,17.73703968767074,0.0,1.0670683057113146,1.022225648952894,12.898582736141773,86.0689734174895,184.0,131.0,48.0,50.27482,PPCI21,83
2020-05-01 02:00:00,38.013317,23.647491,PANACEA_014,1.9687496477731687,-1.0965547261510895,10.798763725407262,17.650346171960443,0.0,1.5813408780003926,1.142138293606121,12.914266602976737,87.02821124248496,201.0,9.706072,43.0,58.391083,PAN014,99
2020-05-01 02:00:00,38.08363,23.700375,Ano Liosia (Perneri),1.5109394763385948,-0.6757442134692242,9.110503983411318,16.284086205291963,0.0,1.6801980845028592,2.2883887905878124,10.771387158248633,89.50966960662006,12.140797,9.706072,13.493941,58.391083,,89
2020-05-01 02:00:00,37.961323,23.761395,PANACEA_047,1.9252829825600384,-1.0123783429893276,10.377734825393748,17.463758239920832,0.0,1.5190907192962566,1.143782974913966,13.078719360986865,83.76503295548439,15.7523575,12.42873,32.830517,50.27482,PAN047,75
2020-05-01 02:00:00,38.090866,23.72522,PANACEA_020,1.5660300295661038,-0.6981265908943005,9.2681095736213,16.42803791005827,0.0,1.6413545696816814,2.1134969053445705,11.10492640134492,88.51250330189147,13.357573,10.439608,11.319162,64.80669,PAN020,66
2020-05-01 02:00:00,37.97081,23.748861,PANACEA_039,1.913700744990056,-1.011192841718559,10.407847827599111,17.50299122096442,0.0,1.393490141632762,1.1331484918422434,12.963759129663185,84.56300799880798,15.7523575,12.42873,32.830517,50.27482,PAN039,72
2020-05-01 02:00:00,38.037838,23.826132,PANACEA_AirPaP_001,1.7241227793475054,-0.8159142156604173,9.864830925789647,17.062031286580805,0.0,1.574641083643673,1.2373123475005672,12.568371590909123,83.66699714706483,13.038525,9.567772,8.280078,67.10456,PANA01,78
2020-05-01 02:00:00,38.056435,23.840101,PANACEA_004,1.666067591032752,-0.738705379437194,9.652201731630608,16.91362885552937,0.0,1.6135013380120302,1.363045297770128,12.237079422939836,84.29425447173482,13.038525,9.567772,8.280078,67.10456,PAN004,96
2020-05-01 03:00:00,37.988,23.728,ARISTOTELOUS,1.938605216751779,-1.1697742873579946,10.596040037165796,17.542912976867132,0.0,0.9463073328551248,0.9607956524395318,12.533074249461835,88.02875303795032,164.0,109.0,50.0,2.0,GR0003A,10
2020-05-01 03:00:00,38.15,23.85,Athens CAMS station 13,1.6013358215898996,-0.616346057838603,9.313022379138134,16.32468611331428,0.0,1.5789079995140731,1.5264384722207036,11.458755007218704,86.69677727129357,8.815589,6.3123355,5.7203665,68.932205,ACAMS13,58
2020-05-01 03:00:00,38.05,23.75,Athens CAMS station 17,1.7248699401906469,-0.898936871934735,9.85397332336215,16.7589911634748,0.0,1.4666536198797293,1.4584864494853569,11.828742195337677,87.76548738339656,13.286722,10.487819,18.185438,58.242836,ACAMS17,62
2020-05-01 03:00:00,37.85,23.65,Athens CAMS station 8,1.9115253729910864,-1.01601019977625,10.315008136643105,17.091206464150698,0.0,1.720713782582773,1.5040863912845843,12.496463254250642,86.63321786553585,10.787231,7.6788583,15.658614,70.764084,ACAMS08,53
2020-05-01 03:00:00,38.15,23.65,Athens CAMS station 1,1.6102760506126697,-0.6656480573143161,9.522581029698475,16.175735193285412,0.0,1.641678904014771,2.17278116974574,11.246577858431166,89.17435580092449,7.644217,6.1974125,3.532854,67.90051,ACAMS01,46
2020-05-01 03:00:00,38.144,23.758,THRAKOMAKEDONES,1.6049338382779796,-0.6737498699725275,9.233168228693486,16.170334259457555,0.0,1.589227506066381,2.024258730333733,11.142584985064577,88.06979621646137,16.0,8.0,5.0,66.0,GR0037A,18
2020-05-01 03:00:00,38.15,23.95,Athens CAMS station 14,1.594704644722894,-0.5946456962187703,9.516402340846655,16.527192065740337,0.0,1.5880967633319794,1.1089891789229993,11.762510296277023,86.13617724378152,8.514205,6.4291344,5.422507,67.343056,ACAMS14,59
2020-05-01 03:00:00,37.95,23.95,Athens CAMS station 6,1.824185795971929,-0.9719912378780036,10.2119131903362,17.229502737601464,0.0,1.7395806292802207,1.7717313728384856,12.7627953918827,84.53737671681291,14.539238,11.181855,26.425724,46.669865,ACAMS06,51
2020-05-01 03:00:00,37.95,23.85,Athens CAMS station 5,1.8991144461394505,-1.068977981384238,10.351729273711364,17.255084216873687,0.0,1.7195266780494265,1.4504007912504344,12.91402815218145,84.49326174655435,16.337992,12.154035,28.861109,48.98824,ACAMS05,50
2020-05-01 03:00:00,38.05,23.85,Athens CAMS station 18,1.6449562345746682,-0.7866454500583575,9.771016917309847,16.73856588063794,0.0,1.632280150057613,1.3417529799496402,11.997881875524133,86.29643769510747,12.761403,9.537518,11.968673,62.857555,ACAMS18,63
2020-05-01 03:00:00,37.85,23.75,Athens CAMS station 9,1.9597774514609685,-1.082513726258633,10.384476374102476,17.161124028757882,0.0,1.7421940593033545,1.430983914693055,12.715850063983458,85.80718299591547,11.697238,8.377805,23.66832,62.65692,ACAMS09,54
2020-05-01 03:00:00,38.05,23.65,Athens CAMS station 16,1.8259772849976303,-0.9997208951798456,10.269279610484272,16.94770012503961,0.0,1.6281121144126298,1.4789325668404052,12.08263427810584,88.71999196039742,11.827665,9.470734,16.009445,55.60111,ACAMS16,61
2020-05-01 03:00:00,38.05,23.95,Athens CAMS station 19,1.6256669224017086,-0.7397306612105521,9.83484624351206,16.848422641438564,0.0,1.696475456076252,1.3528604971282276,12.140076929716905,85.84531421966764,12.293071,9.251176,8.850712,64.99142,ACAMS19,64
2020-05-01 03:00:00,37.995,23.819,PARASKEVI,1.7501967023765947,-0.9804054317732728,10.238158458285003,17.004155805406917,0.0,1.484276500239908,0.8192746088945874,12.79042421520181,84.49057676138965,15.0,11.0,18.0,57.0,GR0039A,20
2020-05-01 03:00:00,37.85,23.85,Athens CAMS station 10,1.983622066159582,-1.1179205970542978,10.405371067708234,17.265215411723606,0.0,1.752359885063307,1.5825865353705306,12.912891682354037,84.82759964588821,12.089429,9.495844,25.05957,55.76162,ACAMS10,55
2020-05-01 03:00:00,38.15,23.55,Athens CAMS station 0,1.7030889150364668,-0.6833492129032216,9.925677973554738,16.304975178729997,0.0,1.698095206594515,2.244492581901622,11.718439303570635,88.79539446012865,7.450352,6.022633,4.000633,69.869514,ACAMS00,45
2020-05-01 03:00:00,37.95,23.55,Athens CAMS station 2,2.183568387525869,-1.325615542176371,11.083628633471063,17.794507499054674,0.0,1.9968304557850507,1.1420060947518385,13.284769485099693,86.58966890291258,10.762875,7.6296887,17.837465,68.08868,ACAMS02,47
2020-05-01 03:00:00,38.15,23.75,Athens CAMS station 12,1.6054057567446458,-0.6630417236256128,9.234905137131328,16.14601986537336,0.0,1.584956209542517,2.1004858209124166,11.135365042562269,88.122026592828,8.328583,6.3762703,4.9471536,70.41531,ACAMS12,57
2020-05-01 03:00:00,37.95,23.65,Athens CAMS station 3,1.9572190300790524,-1.1174354788653162,10.576736257160691,17.306264863552148,0.0,1.6227480476558742,1.2714026933618012,12.620173537356305,87.43030368546805,13.445542,10.987174,44.589767,41.56564,ACAMS03,48
2020-05-01 03:00:00,37.85,23.95,Athens CAMS station 11,1.9195432627556968,-1.046829728183824,10.277565119730957,17.226913816880256,0.0,1.7054827108664927,1.8063689808379964,12.787934360087316,84.79447129420635,12.453795,10.32978,20.6187,52.116203,ACAMS11,56
2020-05-01 03:00:00,37.95,23.75,Athens CAMS station 4,1.9358807009853984,-1.1088308389745725,10.431633549993965,17.245320775294427,0.0,1.5359975948527655,1.2062477123451345,12.718060035791249,86.05590480442748,15.562192,12.986314,37.29029,47.516304,ACAMS04,49
2020-05-01 03:00:00,37.85,23.55,Athens CAMS station 7,2.086302077693507,-1.1930673703368293,10.641700175440292,17.472163072084584,0.0,1.844812100628988,1.3615905081541333,12.925395383663426,86.0973593158061,10.09431,6.917917,9.531256,77.15679,ACAMS07,52
2020-05-01 03:00:00,38.05,23.55,Athens CAMS station 15,1.9740691893995856,-1.088037733678069,10.779053671977962,17.227215197190514,0.0,1.9174655565848564,1.51784174940185,12.724091696759269,87.99279933546809,9.311577,8.015563,11.244374,64.23912,ACAMS15,60
2020-05-01 03:00:00,38.051,23.538,ELEFSINA,1.9977337860930848,-1.0941151169419103,10.839001229925495,17.27956680425659,0.0,1.917791797072457,1.5747855710592482,12.82025848486304,87.7882492608869,9.311577,31.0,40.0,64.23912,GR0038A,19
2020-05-01 03:00:00,38.021,23.688,PERISTERI,1.9522101712911093,-1.20134112530058,10.66724121321534,17.638029308555165,0.0,0.7944412880463507,0.9252912537920416,12.4530148388587,88.89139332326431,111.0,9.470734,41.0,55.60111,GR0028A,12
2020-05-01 03:00:00,37.901,23.879,KOROPI,2.050584280401793,-1.2166398533198708,10.459630103935332,17.64713994045787,0.0,1.6912536882719706,2.297779549450784,13.453268182767353,82.13060488760031,21.0,12.154035,19.0,55.0,GR0120A,21
2020-05-01 03:00:00,38.031,23.787,MAROUSI,1.7330515627411338,-0.9319629229025088,10.042806092757688,16.876571250812926,0.0,1.4929270144775,1.085429270759212,12.361513469005295,85.80851243643436,84.0,10.487819,44.0,1.0,GR0022A,11
2020-05-01 03:00:00,37.932,23.713,SMYRNI,1.906853706302253,-1.0393967003287643,10.341801024688529,17.14050094019501,0.0,1.58437155911548,1.3969676547400371,12.506094381224855,86.73265389395156,39.0,12.986314,49.0,47.516304,GR0031A,15
2020-05-01 03:00:00,37.92956,23.69305,PANACEA_AirPaP_008,1.897177310153809,-1.0202505877704509,10.319160734111588,17.108547826795977,0.0,1.6083506337014697,1.4391967521207214,12.457996931849436,86.87224694164739,39.0,10.987174,49.0,41.56564,PANA08,81
2020-05-01 03:00:00,37.97721,23.783016,National Technical University of Athens,1.8093800287997408,-1.0240656643063792,10.294616748443229,17.07440561244019,0.0,1.4957025027728883,0.9310794085124304,12.7669531593946,84.96293489335956,15.0,11.0,18.0,57.0,NTUA01,101
2020-05-01 03:00:00,37.95576,23.667692,PANACEA_AirPaP_006,1.946302715079122,-1.1186823751382051,10.551085947555991,17.33833852743819,0.0,1.4580713854728238,1.225856636117074,12.571053173522412,87.56086473850766,13.445542,10.987174,44.589767,41.56564,PANA06,80
2020-05-01 03:00:00,37.974033,23.718441,CleanAir in Greece - Thiseio,1.949821547564461,-1.173073290334559,10.611782466770528,17.544204651548675,0.0,0.9928538691495674,0.9902788113824172,12.558307261955523,87.97789654811916,164.0,109.0,,,CAGT01,92
2020-05-01 03:00:00,38.132057,23.789848,PANACEA_032,1.5608896912859136,-0.6641755014200464,9.089924340737054,16.12513565089552,0.0,1.6033413092190727,1.7997549885243669,10.97338482480774,88.19847226406222,16.0,8.0,5.0,66.0,PAN032,69
2020-05-01 03:00:00,38.08363,23.700375,Ano Liosia (Perneri),1.4828287340770263,-0.7044513912118857,9.00100990291641,16.019262518564567,0.0,1.6801980845028592,2.2883887905878124,10.44493372501552,90.7963431150234,11.827665,9.470734,16.009445,55.60111,,89
2020-05-01 03:00:00,37.98204,23.79478,ATHENS_02,1.767250117280676,-1.0009723582314094,10.2746388186278,17.027382195372187,0.0,1.4693813629153871,0.7854588208884012,12.829962421541584,84.47859113860724,15.0,11.0,,,ATHN002,88
2020-05-01 03:00:00,38.013317,23.647491,PANACEA_014,1.9631818077067675,-1.1687421613238005,10.725613180387452,17.381890765994974,0.0,1.5813408780003926,1.142138293606121,12.597215648274275,88.41184304495813,111.0,9.470734,41.0,55.60111,PAN014,99
2020-05-01 03:00:00,37.97673,23.7298,ATH-ENVICARE-0,1.927616580164684,-1.139765969423065,10.53044080256066,17.43637800439279,0.0,1.1194538730438022,1.0473287132250058,12.548348004139092,87.56880005516425,164.0,109.0,35.0,2.0,ATHEN01,84
2020-05-01 03:00:00,37.978336,23.727934,PPCITY21,1.933048891457183,-1.1505277122041433,10.555266473966473,17.473076693584964,0.0,1.0670683057113146,1.022225648952894,12.54668380017665,87.7199187926234,164.0,109.0,35.0,2.0,PPCI21,83
2020-05-01 03:00:00,38.037838,23.826132,PANACEA_AirPaP_001,1.6950351154513414,-0.8668540779657419,9.904046695435834,16.799922683232673,0.0,1.574641083643673,1.2373123475005672,12.185408559684648,86.00602534299381,12.761403,9.537518,11.968673,62.857555,PANA01,78
2020-05-01 03:00:00,37.978,23.727,ATHINAS,1.935199576157736,-1.1536095468440268,10.56272143838925,17.482869623706883,0.0,1.0560269974877392,1.0173822576819038,12.547913230397567,87.75566121085544,164.0,109.0,35.0,2.0,GR0027A,9
2020-05-01 03:00:00,37.933243,23.757456,PANACEA_046,1.998137476215257,-1.1637637022417249,10.507735772945509,17.2920533696815,0.0,1.667597673751127,1.216254045874894,12.917286629703296,85.38132291770123,15.562192,12.986314,37.29029,47.516304,PAN046,74
2020-05-01 03:00:00,38.00266,23.763859,PANACEA_AirPaP_002,1.8032313232591064,-1.0100297662930595,10.244624843324871,17.067642985789497,0.0,1.414659092123937,1.0333682362995733,12.544359701455114,85.93820320082693,164.0,109.0,50.0,1.0,PANA02,79
2020-05-01 03:00:00,37.948063,23.72836,PANACEA_045,1.9267311306424688,-1.0934152126403371,10.429955268460889,17.257913799332798,0.0,1.460177648740423,1.2466263874506385,12.596335560026562,86.72950878431243,15.562192,12.986314,37.29029,47.516304,PAN045,73
2020-05-01 03:00:00,37.813873,23.782408,PANACEA_006,1.879938917586772,-0.9740213883906208,10.212710391576405,16.994082564562994,0.0,1.7183441640061377,1.5729963230915658,12.427159309543702,86.43898932536311,11.697238,8.377805,23.66832,62.65692,PAN006,98
2020-05-01 03:00:00,38.022263,23.737436,PANACEA_021,1.8448083515582645,-1.0506225123109505,10.28858367099605,17.19715098715124,0.0,1.202848835821613,1.1693592559307358,12.27207381367069,87.74456242899068,13.286722,10.487819,18.185438,58.242836,PAN021,65
2020-05-01 03:00:00,38.040443,23.833649,ATHENS_01,1.6828949421334949,-0.8452089896907223,9.864989394328605,16.783280001500263,0.0,1.5964203882014498,1.2874652303676275,12.126427425879315,86.11457063696832,12.761403,9.537518,,,ATHN001,87
2020-05-01 03:00:00,37.97381,23.719069,CleanAir in Greece - Thiseio II,1.9482487519753828,-1.1700915859103551,10.604847744963616,17.534327069498254,0.0,1.006176403860651,0.99727361829941,12.55757891768437,87.94242258139133,164.0,109.0,,,CAGT02,93
2020-05-01 03:00:00,38.037506,23.686476,PANACEA_049,1.854986472233538,-1.064222760044946,10.31941306326294,17.20269949679448,0.0,1.2000085973733396,1.2720990769558722,12.132568854533876,88.72196451847405,111.0,9.470734,41.0,55.60111,PAN049,77
2020-05-01 03:00:00,38.04972,23.757725,ATH-ENVICARE-2,1.7164691928318436,-0.8883708135539634,9.831463626526691,16.73655436003293,0.0,1.4870110990290049,1.4347387232101774,11.843617152079808,87.54787707094493,13.286722,10.487819,18.185438,58.242836,ATHEN02,85
2020-05-01 03:00:00,38.00546,23.73234,PANACEA_029,1.9089855136670104,-1.1360458309151165,10.50859882122048,17.449305863907533,0.0,0.997853295230707,1.0073534731768536,12.4506195644226,87.99364024840516,164.0,109.0,50.0,2.0,PAN029,68
2020-05-01 03:00:00,38.053745,23.741959,PANACEA_037,1.7187378821078547,-0.8938279568788311,9.823655808343268,16.733019664364306,0.0,1.4640551981183862,1.521084133566801,11.74226427204687,88.08741417020502,13.286722,10.487819,18.185438,58.242836,PAN037,70
2020-05-01 03:00:00,37.97081,23.748861,PANACEA_039,1.8953545435631176,-1.086338152594439,10.4007458003652,17.243855608648133,0.0,1.393490141632762,1.1331484918422434,12.607615000828549,86.49225321896606,15.562192,12.986314,35.0,2.0,PAN039,72
2020-05-01 03:00:00,38.056435,23.840101,PANACEA_004,1.6373438330616308,-0.7793566744290645,9.6808087532691,16.650452300527064,0.0,1.6135013380120302,1.363045297770128,11.849776597291596,86.6209358794452,12.761403,9.537518,11.968673,62.857555,PAN004,96
2020-05-01 03:00:00,37.99345,23.744556,PANACEA_001,1.8767651024252625,-1.084011570468125,10.397233054754,17.278695634146914,0.0,1.2358312798060105,1.0784947814604655,12.497469780387034,87.08938441266416,164.0,109.0,50.0,2.0,PAN001,95
2020-05-01 03:00:00,37.989967,23.708792,ATH-ENVICARE-3,2.010646044089147,-1.293398706554239,10.879199364230958,17.93891352054159,0.0,0.4504962808933257,0.6839793909126863,12.622781458525926,89.13988696975234,164.0,109.0,,,ATHEN023,86
2020-05-01 03:00:00,37.9357,23.644547,PANACEA_038,1.946026469335305,-1.0871945502936162,10.504095977822796,17.23936580783129,0.0,1.677918111037875,1.3477376871459477,12.592251054128182,87.17279164157559,13.445542,10.987174,44.589767,41.56564,PAN038,71
2020-05-01 03:00:00,38.034657,23.702152,PANACEA_019,1.8696334606009068,-1.0896287900329409,10.367893752289516,17.297195083466416,0.0,1.0719712955348968,1.1825646332995638,12.188265289881487,88.68137480519042,111.0,10.487819,41.0,58.242836,PAN019,100
2020-05-01 03:00:00,37.961323,23.761395,PANACEA_047,1.905474683383665,-1.0901994778982158,10.39401156416105,17.207905831828164,0.0,1.5190907192962566,1.143782974913966,12.720468223801928,85.82026791746611,15.562192,12.986314,37.29029,47.516304,PAN047,75
2020-05-01 03:00:00,37.988132,23.72989,PPCITY12,1.9316392248214584,-1.1587967032016135,10.570519194488252,17.508091661517966,0.0,0.9881114290173936,0.9814871444213924,12.527451524273808,87.91448009532833,164.0,109.0,50.0,2.0,PPCI12,82
2020-05-01 03:00:00,38.01869,23.810574,PANACEA_005,1.7348746940526725,-0.9591054790635196,10.17369501754254,16.95379287929811,0.0,1.4800516585540082,0.8602366852924154,12.673573255646998,84.7818171604298,84.0,11.0,44.0,1.0,PAN005,97
2020-05-01 03:00:00,38.04067,23.684368,PANACEA_048,1.8356557579575168,-1.0383511388529771,10.252264052565843,17.119345167429,0.0,1.2722221933100348,1.3405724190081751,12.062038830351836,88.73883919424472,111.0,9.470734,41.0,55.60111,PAN048,76
2020-05-01 03:00:00,38.090866,23.72522,PANACEA_020,1.5399744213390254,-0.7322522427032951,9.182847294451554,16.163694752507332,0.0,1.6413545696816814,2.1134969053445705,10.769809155841097,89.97125274778011,13.286722,10.487819,18.185438,58.242836,PAN020,66
2020-05-01 03:00:00,37.97312,23.718056,PANACEA_000,1.9490704432394443,-1.1705779048286653,10.606694320652654,17.535644378735217,0.0,1.0070377731344695,0.9984909594821384,12.558279262380314,87.94909738291068,164.0,109.0,35.0,2.0,PAN000,94
2020-05-01 03:00:00,37.871895,23.755962,PANACEA_022,2.026145449253912,-1.1663807409140077,10.51011040780831,17.27344885017409,0.0,1.7761888950000602,1.3252874101164185,12.949236850269225,85.2220847378965,11.697238,8.377805,23.66832,62.65692,PAN022,67
2020-05-01 04:00:00,38.15,23.95,Athens CAMS station 14,1.4178907233042068,-0.6295511839970371,9.633792262622071,16.267094357934656,0.0,1.5880967633319794,1.1089891789229993,11.540908732090136,88.0906996281682,8.519182,5.776556,5.0170207,66.808945,ACAMS14,59
2020-05-01 04:00:00,38.05,23.85,Athens CAMS station 18,1.4571290755113058,-0.8359142655437454,9.85976490231507,16.484112293363857,0.0,1.632280150057613,1.3417529799496402,11.77831172739201,88.06349866936613,14.089497,9.273329,19.666763,56.667206,ACAMS18,63
2020-05-01 04:00:00,37.95,23.85,Athens CAMS station 5,1.7064073836293605,-1.1171194709395147,10.441072072648996,17.01433851753677,0.0,1.7195266780494265,1.4504007912504344,12.675835574038764,86.32281601018074,16.185596,11.954136,32.009182,45.609924,ACAMS05,50
2020-05-01 04:00:00,37.85,23.85,Athens CAMS station 10,1.7940503983537834,-1.1571912326320934,10.4792450085116,17.028597350909077,0.0,1.752359885063307,1.5825865353705306,12.703426909081944,86.4076794972197,14.475037,9.109279,25.93854,56.866802,ACAMS10,55
2020-05-01 04:00:00,37.95,23.95,Athens CAMS station 6,1.6312192901410445,-1.0198722021397468,10.320359676826495,16.986634312154195,0.0,1.7395806292802207,1.7717313728384856,12.512632456063187,86.54507997829383,15.119357,10.904096,26.942692,49.626892,ACAMS06,51
2020-05-01 04:00:00,37.85,23.65,Athens CAMS station 8,1.7294864166923072,-1.0472961067230349,10.34542695833781,16.84387497860345,0.0,1.720713782582773,1.5040863912845843,12.31144537874866,87.86397688057939,10.985249,7.5889373,15.110727,65.042206,ACAMS08,53
2020-05-01 04:00:00,38.144,23.758,THRAKOMAKEDONES,1.422637112130625,-0.7078317510888711,9.28894182827877,15.91629938701576,0.0,1.589227506066381,2.024258730333733,10.985098385165646,89.31648014861187,9.0,8.0,7.0,75.0,GR0037A,18
2020-05-01 04:00:00,38.15,23.75,Athens CAMS station 12,1.4228361129771316,-0.6944958335035403,9.287267197320046,15.89149759344816,0.0,1.584956209542517,2.1004858209124166,10.97676867896061,89.35564735042102,8.157317,6.2299395,4.7816105,67.550446,ACAMS12,57
2020-05-01 04:00:00,37.85,23.75,Athens CAMS station 9,1.77391794081425,-1.11808952692933,10.429515822810618,16.919248447368076,0.0,1.7421940593033545,1.430983914693055,12.522197766035273,87.15443353210394,13.730758,8.370471,19.853508,61.581253,ACAMS09,54
2020-05-01 04:00:00,37.95,23.75,Athens CAMS station 4,1.7475321575612033,-1.1523394692783917,10.470584236968095,16.998883473244117,0.0,1.5359975948527655,1.2062477123451345,12.513626287176429,87.42976010160206,16.040163,12.205142,47.156105,33.263504,ACAMS04,49
2020-05-01 04:00:00,38.15,23.65,Athens CAMS station 1,1.4214793143849105,-0.6901683885721289,9.532573670237374,15.918329051546742,0.0,1.641678904014771,2.17278116974574,11.089695177004092,90.15949322587682,7.3088155,5.9683957,3.684682,67.53386,ACAMS01,46
2020-05-01 04:00:00,38.05,23.65,Athens CAMS station 16,1.6410545424535814,-1.0387596510222354,10.267234409306004,16.69037340036824,0.0,1.6281121144126298,1.4789325668404052,11.941739875616245,89.52432241016831,12.3582735,9.136471,22.265722,50.812183,ACAMS16,61
2020-05-01 04:00:00,38.15,23.85,Athens CAMS station 13,1.4247343181128338,-0.6504161678549436,9.407944166069925,16.06809702483247,0.0,1.5789079995140731,1.5264384722207036,11.259051896796285,88.40362396242118,9.039385,6.114355,6.6540327,68.714424,ACAMS13,58
2020-05-01 04:00:00,37.988,23.728,ARISTOTELOUS,1.7500251356213377,-1.2195984877628758,10.58360290125866,17.284209964010305,0.0,0.9463073328551248,0.9607956524395318,12.331859616726614,89.11377582994282,106.0,59.0,50.0,2.0,GR0003A,10
2020-05-01 04:00:00,38.05,23.55,Athens CAMS station 15,1.7959711633155964,-1.1161209972445847,10.757269844879335,16.97686485973322,0.0,1.9174655565848564,1.51784174940185,12.575954606269676,88.72322342005289,9.899823,7.9472857,11.20675,63.360497,ACAMS15,60
2020-05-01 04:00:00,37.85,23.55,Athens CAMS station 7,1.9119278927844243,-1.2168894323256598,10.652672203057268,17.23109202078531,0.0,1.844812100628988,1.3615905081541333,12.758051559411856,87.1157972016299,10.049407,6.7835016,9.187075,73.379135,ACAMS07,52
2020-05-01 04:00:00,37.95,23.65,Athens CAMS station 3,1.775248926537941,-1.153666223588162,10.583201834743551,17.052789127529152,0.0,1.6227480476558742,1.2714026933618012,12.444080850208682,88.47687707675965,13.654445,10.538656,43.436855,38.86928,ACAMS03,48
2020-05-01 04:00:00,38.05,23.75,Athens CAMS station 17,1.5369046335881742,-0.9452478316853076,9.895536675954157,16.504725863330805,0.0,1.4666536198797293,1.4584864494853569,11.6618060511334,88.9647581961843,14.220264,10.025481,26.667635,45.650288,ACAMS17,62
2020-05-01 04:00:00,38.15,23.55,Athens CAMS station 0,1.5143589847453398,-0.6971184767293308,9.91064761426459,16.053360961004888,0.0,1.698095206594515,2.244492581901622,11.531635487685286,89.80833524213695,7.4031186,5.9626403,4.309853,70.0966,ACAMS00,45
2020-05-01 04:00:00,38.05,23.95,Athens CAMS station 19,1.4381895426000428,-0.7879657099917452,9.942620363979591,16.592445448204305,0.0,1.696475456076252,1.3528604971282276,11.90791467655628,87.79027448959229,11.824911,8.819875,10.878948,63.884285,ACAMS19,64
2020-05-01 04:00:00,37.85,23.95,Athens CAMS station 11,1.7291446133702335,-1.087019078981729,10.368650441915989,16.98844219632354,0.0,1.7054827108664927,1.8063689808379964,12.567260461889491,86.533461184463,14.145402,10.094994,23.42039,49.96717,ACAMS11,56
2020-05-01 04:00:00,37.995,23.819,PARASKEVI,1.5560445708217332,-1.0380165568128974,10.32207754800328,16.751711206729475,0.0,1.484276500239908,0.8192746088945874,12.516980695883644,86.49562931551549,14.0,12.0,17.0,59.0,GR0039A,20
2020-05-01 04:00:00,37.95,23.55,Athens CAMS station 2,2.012637797948639,-1.3499239269183894,11.070153464849426,17.5498008607906,0.0,1.9968304557850507,1.1420060947518385,13.136824521941485,87.35779355840788,10.606274,7.4330087,17.534012,64.30462,ACAMS02,47
2020-05-01 04:00:00,38.051,23.538,ELEFSINA,1.820631316491658,-1.120359506843995,10.816945348025092,17.032066149270776,0.0,1.917791797072457,1.5747855710592482,12.673900179555297,88.50567026618683,9.899823,23.0,38.0,63.360497,GR0038A,19
2020-05-01 04:00:00,37.901,23.879,KOROPI,1.8504234120459035,-1.265051845116388,10.623245152079711,17.425262393137412,0.0,1.6912536882719706,2.297779549450784,13.198161633919517,84.4129701948568,30.0,11.954136,20.0,50.0,GR0120A,21
2020-05-01 04:00:00,37.932,23.713,SMYRNI,1.722061300786035,-1.075884050150535,10.370523757642642,16.891667083144252,0.0,1.58437155911548,1.3969676547400371,12.314658835477516,87.98778402247122,60.0,12.205142,55.0,33.263504,GR0031A,15
2020-05-01 04:00:00,38.021,23.688,PERISTERI,1.7639198836918968,-1.252071613175821,10.63348474578284,17.37566914591988,0.0,0.7944412880463507,0.9252912537920416,12.26502624103167,89.78735479715432,93.0,9.136471,46.0,50.812183,GR0028A,12
2020-05-01 04:00:00,38.031,23.787,MAROUSI,1.542162122370025,-0.98444966488023,10.111575726233983,16.62357504605978,0.0,1.4929270144775,1.085429270759212,12.128173087689971,87.51972925059567,71.0,10.025481,44.0,1.0,GR0022A,11
2020-05-01 04:00:00,38.00546,23.73234,PANACEA_029,1.720264219635964,-1.1859043936063682,10.50271668356445,17.190769664552263,0.0,0.997853295230707,1.0073534731768536,12.25223559530047,89.09970050914306,106.0,59.0,50.0,2.0,PAN029,68
2020-05-01 04:00:00,37.97673,23.7298,ATH-ENVICARE-0,1.7394655916187656,-1.1873597400048328,10.531848458379194,17.180461189051655,0.0,1.1194538730438022,1.0473287132250058,12.3475428740853,88.72580678438976,106.0,59.0,40.0,2.0,ATHEN01,84
2020-05-01 04:00:00,37.99345,23.744556,PANACEA_001,1.6877921274008103,-1.1325884988415185,10.417284709747946,17.023917386344177,0.0,1.2358312798060105,1.0784947814604655,12.290534396815165,88.38249531366277,106.0,59.0,50.0,2.0,PAN001,95
2020-05-01 04:00:00,38.034657,23.702152,PANACEA_019,1.681468168593484,-1.1375883385596677,10.35884877053051,17.03786077469399,0.0,1.0719712955348968,1.1825646332995638,12.020785933662896,89.59813982774165,93.0,10.025481,46.0,45.650288,PAN019,100
2020-05-01 04:00:00,37.813873,23.782408,PANACEA_006,1.696119564707893,-1.005957351795609,10.253889876413378,16.74764499594499,0.0,1.7183441640061377,1.5729963230915658,12.235341532743432,87.7671089364457,13.730758,8.370471,19.853508,61.581253,PAN006,98
2020-05-01 04:00:00,38.040443,23.833649,ATHENS_01,1.4939105870530545,-0.8954030990325874,9.945353163033166,16.530086606715795,0.0,1.5964203882014498,1.2874652303676275,11.90146175244506,87.85673671883845,14.089497,9.273329,,,ATHN001,87
2020-05-01 04:00:00,38.056435,23.840101,PANACEA_004,1.450212969036283,-0.8281831264634719,9.7645495433848,16.396304108757754,0.0,1.6135013380120302,1.363045297770128,11.640138891679412,88.30803322712015,14.089497,9.273329,19.666763,56.667206,PAN004,96
2020-05-01 04:00:00,38.090866,23.72522,PANACEA_020,1.348593574327567,-0.7796087525394465,9.237322579308431,15.90928944501249,0.0,1.6413545696816814,2.1134969053445705,10.74297862059822,90.44318226671766,14.220264,10.025481,26.667635,45.650288,PAN020,66
2020-05-01 04:00:00,38.01869,23.810574,PANACEA_005,1.5414435639994222,-1.0159850062875673,10.255404463256935,16.700703013152182,0.0,1.4800516585540082,0.8602366852924154,12.407391519214984,86.7382647496596,71.0,12.0,44.0,1.0,PAN005,97
2020-05-01 04:00:00,37.98204,23.79478,ATHENS_02,1.5730773913745548,-1.0584287271279509,10.355355484602356,16.775340374287087,0.0,1.4693813629153871,0.7854588208884012,12.558096558697148,86.45511531626757,14.0,12.0,,,ATHN002,88
2020-05-01 04:00:00,38.037838,23.826132,PANACEA_AirPaP_001,1.505530139476701,-0.9177115354571964,9.98209667453944,16.54697660109092,0.0,1.574641083643673,1.2373123475005672,11.957489823213788,87.74838172124599,14.089497,9.273329,19.666763,56.667206,PANA01,78
2020-05-01 04:00:00,37.9357,23.644547,PANACEA_038,1.7644151631349907,-1.1213701497896456,10.517874065597203,16.987895271716734,0.0,1.677918111037875,1.3477376871459477,12.414625746610096,88.26885958659345,13.654445,10.538656,43.436855,38.86928,PAN038,71
2020-05-01 04:00:00,37.97721,23.783016,National Technical University of Athens,1.6168470804229544,-1.0775891371397106,10.36485851995297,16.82406564088168,0.0,1.4957025027728883,0.9310794085124304,12.515898473603071,86.76740872233027,14.0,12.0,17.0,59.0,NTUA01,101
2020-05-01 04:00:00,38.08363,23.700375,Ano Liosia (Perneri),1.288961754623085,-0.7550194576177914,9.060330668943676,15.76479736840451,0.0,1.6801980845028592,2.2883887905878124,10.477748007726444,90.94919668206872,12.3582735,9.136471,22.265722,50.812183,,89
2020-05-01 04:00:00,37.989967,23.708792,ATH-ENVICARE-3,1.8210822883411903,-1.34865632157158,10.824747404962338,17.673664488574833,0.0,0.4504962808933257,0.6839793909126863,12.415951283610774,90.0281872104293,106.0,59.0,,,ATHEN023,86
2020-05-01 04:00:00,38.053745,23.741959,PANACEA_037,1.5307035402057976,-0.9396231558933038,9.861660533432016,16.478402791421836,0.0,1.4640551981183862,1.521084133566801,11.589898872491174,89.18425431597427,14.220264,10.025481,26.667635,45.650288,PAN037,70
2020-05-01 04:00:00,37.948063,23.72836,PANACEA_045,1.7400056430979731,-1.1349360273292437,10.454613359780351,17.0082374101384,0.0,1.460177648740423,1.2466263874506385,12.39972100757396,87.98733522268552,16.040163,12.205142,47.156105,33.263504,PAN045,73
2020-05-01 04:00:00,37.92956,23.69305,PANACEA_AirPaP_008,1.713331230910891,-1.0550514844548378,10.346175641921532,16.859014644955003,0.0,1.6083506337014697,1.4391967521207214,12.26925859813846,88.1053713706158,60.0,10.538656,55.0,38.86928,PANA08,81
2020-05-01 04:00:00,38.022263,23.737436,PANACEA_021,1.6562916613239822,-1.0988197828427897,10.30250212960608,16.940601613299474,0.0,1.202848835821613,1.1693592559307358,12.082803154189849,88.90967721772277,14.220264,10.025481,26.667635,45.650288,PAN021,65
2020-05-01 04:00:00,37.95576,23.667692,PANACEA_AirPaP_006,1.762540593803518,-1.1578439777183709,10.554312237198534,17.084042087562565,0.0,1.4580713854728238,1.225856636117074,12.388974464520086,88.6239130906939,13.654445,10.538656,43.436855,38.86928,PANA06,80
2020-05-01 04:00:00,37.974033,23.718441,CleanAir in Greece - Thiseio,1.7618510414635054,-1.2213572563077988,10.59938971793856,17.286288806769484,0.0,0.9928538691495674,0.9902788113824172,12.359116617040955,89.0514311826409,106.0,59.0,,,CAGT01,92
2020-05-01 04:00:00,37.961323,23.761395,PANACEA_047,1.715946862260292,-1.1365025735374024,10.440639751411378,16.960591409410206,0.0,1.5190907192962566,1.143782974913966,12.505763236517534,87.29325576387812,16.040163,12.205142,47.156105,33.263504,PAN047,75
2020-05-01 04:00:00,37.978336,23.727934,PPCITY21,1.744843979065149,-1.1986532357397297,10.5519178576675,17.216319024423218,0.0,1.0670683057113146,1.022225648952894,12.346064665532156,88.8503122702688,106.0,59.0,40.0,2.0,PPCI21,83
2020-05-01 04:00:00,37.871895,23.755962,PANACEA_022,1.838450925337088,-1.204340971008746,10.559552030478937,17.036050234047476,0.0,1.7761888950000602,1.3252874101164185,12.753868897994916,86.5929184221421,13.730758,8.370471,19.853508,61.581253,PAN022,67
2020-05-01 04:00:00,37.97081,23.748861,PANACEA_039,1.706552975565449,-1.1327945459077513,10.432936984653969,16.992931377820526,0.0,1.393490141632762,1.1331484918422434,12.39856663843084,87.85951704983535,16.040163,12.205142,40.0,2.0,PAN039,72
2020-05-01 04:00:00,37.933243,23.757456,PANACEA_046,1.8091914369515376,-1.206014217195363,10.55532814958004,17.05155710945833,0.0,1.667597673751127,1.216254045874894,12.714783878831415,86.78312901845642,16.040163,12.205142,47.156105,33.263504,PAN046,74
2020-05-01 04:00:00,38.132057,23.789848,PANACEA_032,1.3789009520839588,-0.7071519593559417,9.155959523589235,15.871980630442517,0.0,1.6033413092190727,1.7997549885243669,10.807850729114648,89.56288043648124,9.0,8.0,7.0,75.0,PAN032,69
2020-05-01 04:00:00,37.97312,23.718056,PANACEA_000,1.7611666272859845,-1.218627086819231,10.595234378691988,17.277932169959566,0.0,1.0070377731344695,0.9984909594821384,12.359330891286398,89.0263171013884,106.0,59.0,40.0,2.0,PAN000,94
2020-05-01 04:00:00,38.013317,23.647491,PANACEA_014,1.7809786132574268,-1.208925118459667,10.711204022786443,17.12189753121188,0.0,1.5813408780003926,1.142138293606121,12.436616313650706,89.2559743883364,93.0,9.136471,46.0,50.812183,PAN014,99
2020-05-01 04:00:00,37.988132,23.72989,PPCITY12,1.7430783329585289,-1.208277903488069,10.56213733186452,17.249972118128284,0.0,0.9881114290173936,0.9814871444213924,12.326128523989071,89.02208350610161,106.0,59.0,50.0,2.0,PPCI12,82
2020-05-01 04:00:00,38.04972,23.757725,ATH-ENVICARE-2,1.528536292498493,-0.9351712267399014,9.87821089815325,16.482674969569736,0.0,1.4870110990290049,1.4347387232101774,11.66819321048469,88.82498654788226,14.220264,10.025481,26.667635,45.650288,ATHEN02,85
2020-05-01 04:00:00,38.037506,23.686476,PANACEA_049,1.6674756435826037,-1.110144882214792,10.313691569735434,16.943992576744016,0.0,1.2000085973733396,1.2720990769558722,11.97530614122838,89.5990180741951,93.0,9.136471,46.0,50.812183,PAN049,77
2020-05-01 04:00:00,38.04067,23.684368,PANACEA_048,1.6482431290597113,-1.083430524159819,10.251012591533836,16.861191699902157,0.0,1.2722221933100348,1.3405724190081751,11.912039908764973,89.59949466042437,93.0,9.136471,46.0,50.812183,PAN048,76
2020-05-01 04:00:00,37.97381,23.719069,CleanAir in Greece - Thiseio II,1.7602964674493409,-1.2182320857928184,10.59364248265782,17.27661693067504,0.0,1.006176403860651,0.99727361829941,12.358420746227846,89.022184812572,106.0,59.0,,,CAGT02,93
2020-05-01 04:00:00,38.00266,23.763859,PANACEA_AirPaP_002,1.6123990865988187,-1.0614130406638094,10.297957906663289,16.814771174870984,0.0,1.414659092123937,1.0333682362995733,12.314012075881427,87.54165307920397,106.0,59.0,50.0,1.0,PANA02,79
2020-05-01 04:00:00,37.978,23.727,ATHINAS,1.7470128812401295,-1.20178593449535,10.55814200673494,17.225946163620854,0.0,1.0560269974877392,1.0173822576819038,12.347456226102402,88.87849704058647,106.0,59.0,40.0,2.0,GR0027A,9
2020-05-01 05:00:00,38.05,23.55,Athens CAMS station 15,1.4344488152073682,-0.9671781245835078,11.486914719924933,16.80394682099149,0.0,1.9174655565848564,1.51784174940185,14.125432925257211,84.16212871542936,10.613774,8.180772,15.216818,61.72494,ACAMS15,60
2020-05-01 05:00:00,37.85,23.55,Athens CAMS station 7,1.5335476693129473,-1.075950893517956,11.26872124121678,17.06363422134892,0.0,1.844812100628988,1.3615905081541333,14.242786041578476,82.35192494501588,9.721361,6.782829,9.152201,71.279915,ACAMS07,52
2020-05-01 05:00:00,37.85,23.65,Athens CAMS station 8,1.3394829846558187,-0.9047750316002616,11.06670890385309,16.675456068932274,0.0,1.720713782582773,1.5040863912845843,13.94129798647482,82.85167752013189,12.008258,7.5232286,15.4586935,64.43974,ACAMS08,53
2020-05-01 05:00:00,38.15,23.65,Athens CAMS station 1,1.045463511826208,-0.5698318830597136,10.386025937369958,15.753173207192695,0.0,1.641678904014771,2.17278116974574,13.006358269235294,84.12837709988423,7.8056245,5.8653975,3.2814054,69.546036,ACAMS01,46
2020-05-01 05:00:00,37.988,23.728,ARISTOTELOUS,1.3442963503377034,-1.0527190592647102,11.516723551734149,17.099011223768613,0.0,0.9463073328551248,0.9607956524395318,13.980084878637957,85.13342972470386,85.0,31.0,47.0,2.0,GR0003A,10
2020-05-01 05:00:00,38.15,23.95,Athens CAMS station 14,0.995345331451487,-0.4723880841223745,10.483462575384351,16.100758550072204,0.0,1.5880967633319794,1.1089891789229993,13.583870822801128,81.54506928208922,8.726317,5.7287745,4.750147,65.009056,ACAMS14,59
2020-05-01 05:00:00,38.05,23.85,Athens CAMS station 18,1.0389965185315924,-0.6683223993101312,10.744116123122147,16.316122905210847,0.0,1.632280150057613,1.3417529799496402,13.656721382612057,82.58703136541757,14.850741,11.099468,19.606672,55.420174,ACAMS18,63
2020-05-01 05:00:00,37.85,23.85,Athens CAMS station 10,1.3830439725194146,-1.0162900808876616,11.118227282662057,16.86456836917688,0.0,1.752359885063307,1.5825865353705306,14.226588700747731,81.61920516810046,14.567405,8.795469,22.361965,56.447987,ACAMS10,55
2020-05-01 05:00:00,37.95,23.55,Athens CAMS station 2,1.6427725621256228,-1.200629382854977,11.694193964549498,17.376924282623232,0.0,1.9968304557850507,1.1420060947518385,14.566579021232371,82.94294397294664,11.377125,7.7755213,18.461702,61.413105,ACAMS02,47
2020-05-01 05:00:00,38.15,23.85,Athens CAMS station 13,1.0063106401180462,-0.4944138396140906,10.22527395307161,15.904218341507272,0.0,1.5789079995140731,1.5264384722207036,13.285842010362211,81.72248035720911,8.904238,6.503728,7.9489536,65.05337,ACAMS13,58
2020-05-01 05:00:00,37.95,23.65,Athens CAMS station 3,1.3848130964519496,-1.000958320063413,11.391343752154524,16.877491055355932,0.0,1.6227480476558742,1.2714026933618012,14.080362417305787,83.89088614389199,14.177032,11.088754,40.365433,42.695568,ACAMS03,48
2020-05-01 05:00:00,38.05,23.95,Athens CAMS station 19,1.0161451846157732,-0.6222226142039615,10.830362712565206,16.42383265195892,0.0,1.696475456076252,1.3528604971282276,13.821401228228666,82.18082656068474,12.952569,8.964224,12.559886,61.04088,ACAMS19,64
2020-05-01 05:00:00,37.995,23.819,PARASKEVI,1.1351784399060745,-0.867900344395749,11.180989602859642,16.579478394414824,0.0,1.484276500239908,0.8192746088945874,13.912084052080864,83.60527563734782,12.0,10.0,15.0,65.0,GR0039A,20
2020-05-01 05:00:00,38.05,23.75,Athens CAMS station 17,1.132214531778568,-0.7827314645247292,10.826076591191736,16.333940301402276,0.0,1.4666536198797293,1.4584864494853569,13.50439343525052,83.87126640898099,15.180887,12.559371,26.349503,48.35435,ACAMS17,62
2020-05-01 05:00:00,37.85,23.95,Athens CAMS station 11,1.3155767790503785,-0.9462411969248742,11.06051003372204,16.824591072728982,0.0,1.7054827108664927,1.8063689808379964,14.15045551719828,81.70355919632355,14.233479,10.320045,20.801498,54.81067,ACAMS11,56
2020-05-01 05:00:00,37.95,23.85,Athens CAMS station 5,1.2847977781041884,-0.9646272815712702,11.179878874279908,16.847930131089125,0.0,1.7195266780494265,1.4504007912504344,14.205779495548418,82.05808400890119,16.416151,13.570629,34.143055,45.548,ACAMS05,50
2020-05-01 05:00:00,38.15,23.55,Athens CAMS station 0,1.1669352815672007,-0.5931099727639367,10.63471276802374,15.888509468010458,0.0,1.698095206594515,2.244492581901622,13.239470866754472,84.23669970369279,7.7949095,5.9970894,5.0361047,70.912704,ACAMS00,45
2020-05-01 05:00:00,38.05,23.65,Athens CAMS station 16,1.2553109120869437,-0.8833210435291536,11.199658141163871,16.5154628486305,0.0,1.6281121144126298,1.4789325668404052,13.714001777336536,84.81061755972131,13.050112,9.773454,27.079975,46.785053,ACAMS16,61
2020-05-01 05:00:00,38.15,23.75,Athens CAMS station 12,1.0216591500616286,-0.5526683524876167,10.12402209688429,15.728909024524144,0.0,1.584956209542517,2.1004858209124166,12.964728005430278,82.89852390422638,8.96921,6.1080832,5.3207626,66.30186,ACAMS12,57
2020-05-01 05:00:00,38.144,23.758,THRAKOMAKEDONES,1.0189969978752944,-0.5600861075467082,10.138498030826645,15.753632971486857,0.0,1.589227506066381,2.024258730333733,12.993661109633786,82.8214161400484,10.0,9.0,10.0,62.0,GR0037A,18
2020-05-01 05:00:00,37.85,23.75,Athens CAMS station 9,1.373532845192299,-0.9755730151256576,11.09683109797137,16.752734079006327,0.0,1.7421940593033545,1.430983914693055,14.08556990936556,82.25321066082086,13.710263,8.360433,21.57894,58.26928,ACAMS09,54
2020-05-01 05:00:00,37.95,23.75,Athens CAMS station 4,1.340659815376293,-0.9987523117379576,11.22479695518517,16.82740676467075,0.0,1.5359975948527655,1.2062477123451345,14.069210409843397,83.0424818084645,16.795809,14.309232,45.289642,32.868732,ACAMS04,49
2020-05-01 05:00:00,37.95,23.95,Athens CAMS station 6,1.206678429391515,-0.8686352212071591,11.124144038665053,16.820668820277625,0.0,1.7395806292802207,1.7717313728384856,14.151484192673458,82.03716651374599,15.157525,11.269047,26.357353,53.33312,ACAMS06,51
2020-05-01 05:00:00,38.051,23.538,ELEFSINA,1.463872512321904,-0.9724452291403104,11.49920281318384,16.860170006244406,0.0,1.917791797072457,1.5747855710592482,14.179144548113577,83.93685078135516,10.613774,23.0,39.0,61.72494,GR0038A,19
2020-05-01 05:00:00,37.901,23.879,KOROPI,1.4116054247339522,-1.1322074856710211,11.208162850947131,17.267943346355867,0.0,1.6912536882719706,2.297779549450784,14.626361623255374,79.98090294298541,31.0,13.570629,25.0,41.0,GR0120A,21
2020-05-01 05:00:00,37.932,23.713,SMYRNI,1.325604382582617,-0.928437060472432,11.13045786365576,16.720701660468404,0.0,1.58437155911548,1.3969676547400371,13.946682559810856,83.17709414305733,32.0,14.309232,52.0,32.868732,GR0031A,15
2020-05-01 05:00:00,38.021,23.688,PERISTERI,1.360884838101879,-1.0821887637157004,11.625860511411828,17.186233448032773,0.0,0.7944412880463507,0.9252912537920416,13.958063153843,85.85797176497084,66.0,9.773454,45.0,46.785053,GR0028A,12
2020-05-01 05:00:00,38.031,23.787,MAROUSI,1.1272541222538983,-0.8170704580659547,10.984956148490852,16.452641112586598,0.0,1.4929270144775,1.085429270759212,13.732216608896191,83.50255135561481,61.0,12.559371,45.0,1.0,GR0022A,11
2020-05-01 05:00:00,37.989967,23.708792,ATH-ENVICARE-3,1.413146406623751,-1.1728172333805538,11.847456283769867,17.47731488375049,0.0,0.4504962808933257,0.6839793909126863,14.069225358737087,86.486982017575,85.0,31.0,,,ATHEN023,86
2020-05-01 05:00:00,38.037838,23.826132,PANACEA_AirPaP_001,1.0889725457115342,-0.7506679170634334,10.856643276368498,16.377978373872022,0.0,1.574641083643673,1.2373123475005672,13.6871220145792,83.03982831330673,14.850741,11.099468,19.606672,55.420174,PANA01,78
2020-05-01 05:00:00,38.013317,23.647491,PANACEA_014,1.391700561062149,-1.0480427840978113,11.620630605668724,16.94121291821922,0.0,1.5813408780003926,1.142138293606121,14.11828524295498,84.94862746948165,66.0,9.773454,45.0,46.785053,PAN014,99
2020-05-01 05:00:00,37.97673,23.7298,ATH-ENVICARE-0,1.3345059906184815,-1.02425589515106,11.422310878525666,16.999094620300863,0.0,1.1194538730438022,1.0473287132250058,13.98123997508898,84.60441454313553,85.0,31.0,42.0,2.0,ATHEN01,84
2020-05-01 05:00:00,37.974033,23.718441,CleanAir in Greece - Thiseio,1.3576065425514177,-1.0564112720509589,11.514782817720498,17.10182015156012,0.0,0.9928538691495674,0.9902788113824172,14.002821234179288,85.00104191256108,85.0,31.0,,,CAGT01,92
2020-05-01 05:00:00,37.97081,23.748861,PANACEA_039,1.299096702201871,-0.9737374369155872,11.256325411018238,16.81818519875628,0.0,1.393490141632762,1.1331484918422434,13.9824157360429,83.67709940066146,16.795809,14.309232,42.0,2.0,PAN039,72
2020-05-01 05:00:00,38.056435,23.840101,PANACEA_004,1.0336056580721849,-0.659804805853547,10.64575292412355,16.229192763111545,0.0,1.6135013380120302,1.363045297770128,13.555820312677774,82.58689339867968,14.850741,11.099468,19.606672,55.420174,PAN004,96
2020-05-01 05:00:00,38.00266,23.763859,PANACEA_AirPaP_002,1.19990115352884,-0.8964028318776217,11.160875717820115,16.641105806629042,0.0,1.414659092123937,1.0333682362995733,13.863316423943845,83.7751201151461,85.0,31.0,47.0,1.0,PANA02,79
2020-05-01 05:00:00,38.037506,23.686476,PANACEA_049,1.269955575105076,-0.9472854546558234,11.28912204678728,16.763625103827383,0.0,1.2000085973733396,1.2720990769558722,13.744718923744436,85.14485774052224,66.0,9.773454,45.0,46.785053,PAN049,77
2020-05-01 05:00:00,38.040443,23.833649,ATHENS_01,1.0770486011667568,-0.7285529440490528,10.823131629098746,16.361473060237927,0.0,1.5964203882014498,1.2874652303676275,13.676610285324562,82.91304428262929,14.850741,11.099468,,,ATHN001,87
2020-05-01 05:00:00,37.978,23.727,ATHINAS,1.3420854704934029,-1.0375313583937582,11.46264717102478,17.043103103603706,0.0,1.0560269974877392,1.0173822576819038,13.986405478841546,84.80017609993142,85.0,31.0,42.0,2.0,GR0027A,9
2020-05-01 05:00:00,38.034657,23.702152,PANACEA_019,1.2806772947966427,-0.9723263370439564,11.34014105759019,16.85547643443959,0.0,1.0719712955348968,1.1825646332995638,13.775784793617738,85.26009476652524,66.0,12.559371,45.0,48.35435,PAN019,100
2020-05-01 05:00:00,38.08363,23.700375,Ano Liosia (Perneri),0.8957214001499558,-0.590012635221826,10.356521383300938,15.60111690446821,0.0,1.6801980845028592,2.2883887905878124,12.72566243870931,85.50833869746143,13.050112,9.773454,27.079975,46.785053,,89
2020-05-01 05:00:00,37.988132,23.72989,PPCITY12,1.3373393436807732,-1.0420639792485424,11.487543718544256,17.065748744177725,0.0,0.9881114290173936,0.9814871444213924,13.972433276821652,85.01273815918667,85.0,31.0,47.0,2.0,PPCI12,82
2020-05-01 05:00:00,37.978336,23.727934,PPCITY21,1.3398486610589175,-1.0345443706754478,11.454403165260752,17.0337462020398,0.0,1.0670683057113146,1.022225648952894,13.984179236580832,84.76641345295099,85.0,31.0,42.0,2.0,PPCI21,83
2020-05-01 05:00:00,37.813873,23.782408,PANACEA_006,1.3025139495579348,-0.8656549835533921,10.968352633724948,16.58074775046556,0.0,1.7183441640061377,1.5729963230915658,13.8820908818509,82.62895976839356,13.710263,8.360433,21.57894,58.26928,PAN006,98
2020-05-01 05:00:00,38.01869,23.810574,PANACEA_005,1.12166286877242,-0.8456030453287188,11.122951253310983,16.5287058562231,0.0,1.4800516585540082,0.8602366852924154,13.851664098990776,83.61069983915468,61.0,10.0,45.0,1.0,PAN005,97
2020-05-01 05:00:00,37.97312,23.718056,PANACEA_000,1.3570780723578997,-1.054024720454494,11.507293964982765,17.093762716474505,0.0,1.0070377731344695,0.9984909594821384,14.002533455847068,84.96113309497508,85.0,31.0,42.0,2.0,PAN000,94
2020-05-01 05:00:00,38.022263,23.737436,PANACEA_021,1.2511841325285116,-0.9345064723063105,11.229227760744545,16.762003717021734,0.0,1.202848835821613,1.1693592559307358,13.791223461256838,84.5571441604468,15.180887,12.559371,26.349503,48.35435,PAN021,65
2020-05-01 05:00:00,38.04067,23.684368,PANACEA_048,1.2519707768294766,-0.9217954838044372,11.227400655068871,16.68241243454604,0.0,1.2722221933100348,1.3405724190081751,13.698993810903843,85.05016176061157,66.0,9.773454,45.0,46.785053,PAN048,76
2020-05-01 05:00:00,38.04972,23.757725,ATH-ENVICARE-2,1.122204987378251,-0.7717977124899278,10.79557010953513,16.312605810732006,0.0,1.4870110990290049,1.4347387232101774,13.505811014866728,83.69204308646246,15.180887,12.559371,26.349503,48.35435,ATHEN02,85
2020-05-01 05:00:00,37.95576,23.667692,PANACEA_AirPaP_006,1.3684244876816434,-1.00272961223262,11.388063507124684,16.9068603974271,0.0,1.4580713854728238,1.225856636117074,14.03349420874938,84.12880554043576,14.177032,11.088754,40.365433,42.695568,PANA06,80
2020-05-01 05:00:00,37.871895,23.755962,PANACEA_022,1.4324365949411362,-1.0615206888350197,11.174155924132004,16.87053836636507,0.0,1.7761888950000602,1.3252874101164185,14.245920445296742,81.82679461679034,13.710263,8.360433,21.57894,58.26928,PAN022,67
2020-05-01 05:00:00,38.132057,23.789848,PANACEA_032,0.967105415919344,-0.5398878639292992,10.03449382748556,15.710575107533131,0.0,1.6033413092190727,1.7997549885243669,12.965752756261804,82.386885237689,10.0,9.0,10.0,62.0,PAN032,69
2020-05-01 05:00:00,37.933243,23.757456,PANACEA_046,1.399932429068257,-1.05692070403173,11.225865652544243,16.883401311757527,0.0,1.667597673751127,1.216254045874894,14.210775126756433,82.29633324456564,16.795809,14.309232,45.289642,32.868732,PAN046,74
2020-05-01 05:00:00,37.98204,23.79478,ATHENS_02,1.1528947077037586,-0.8887208818147678,11.204136294262666,16.60286133174796,0.0,1.4693813629153871,0.7854588208884012,13.931148135337825,83.63172700096143,12.0,10.0,,,ATHN002,88
2020-05-01 05:00:00,38.090866,23.72522,PANACEA_020,0.952975853561574,-0.6178045704279719,10.409824994209275,15.744611435858989,0.0,1.6413545696816814,2.1134969053445705,12.89596799741578,84.87387562244234,15.180887,12.559371,26.349503,48.35435,PAN020,66
2020-05-01 05:00:00,37.9357,23.644547,PANACEA_038,1.3749674412956316,-0.9721069020318172,11.294831296761084,16.814948047568073,0.0,1.677918111037875,1.3477376871459477,14.046376043423413,83.54164109287953,14.177032,11.088754,40.365433,42.695568,PAN038,71
2020-05-01 05:00:00,37.97721,23.783016,National Technical University of Athens,1.1999684590768895,-0.9124098266709876,11.18943365159555,16.652177511655903,0.0,1.4957025027728883,0.9310794085124304,13.957798617830054,83.41920447953297,12.0,10.0,15.0,65.0,NTUA01,101
2020-05-01 05:00:00,37.948063,23.72836,PANACEA_045,1.3381176809848423,-0.9815282684522167,11.243839422915062,16.834505792361263,0.0,1.460177648740423,1.2466263874506385,14.006743617408546,83.48217518565133,16.795809,14.309232,45.289642,32.868732,PAN045,73
2020-05-01 05:00:00,38.00546,23.73234,PANACEA_029,1.3144061936745397,-1.0190369819769711,11.441836863448543,17.007008006110645,0.0,0.997853295230707,1.0073534731768536,13.919408743811235,85.04467709541063,85.0,31.0,47.0,2.0,PAN029,68
2020-05-01 05:00:00,37.92956,23.69305,PANACEA_AirPaP_008,1.3195506330396616,-0.908891274030722,11.108421234441725,16.688263163303134,0.0,1.6083506337014697,1.4391967521207214,13.9171940810019,83.21201476056333,32.0,11.088754,52.0,42.695568,PANA08,81
2020-05-01 05:00:00,38.053745,23.741959,PANACEA_037,1.1279713876971331,-0.7778758199047069,10.81478665358437,16.307524234741063,0.0,1.4640551981183862,1.521084133566801,13.46042979372914,84.0492583062604,15.180887,12.559371,26.349503,48.35435,PAN037,70
2020-05-01 05:00:00,37.97381,23.719069,CleanAir in Greece - Thiseio II,1.3560785868001346,-1.053545388363582,11.506142339349651,17.092456587172578,0.0,1.006176403860651,0.99727361829941,14.001409277608278,84.96077889752084,85.0,31.0,,,CAGT02,93
2020-05-01 05:00:00,37.99345,23.744556,PANACEA_001,1.2805128144261142,-0.9691537749527706,11.301372830996234,16.84567729487801,0.0,1.2358312798060105,1.0784947814604655,13.914740925980205,84.28839510675444,85.0,31.0,47.0,2.0,PAN001,95
2020-05-01 05:00:00,37.961323,23.761395,PANACEA_047,1.3059704888652317,-0.9797125569681904,11.214879615596606,16.78895627590563,0.0,1.5190907192962566,1.143782974913966,14.04181492705446,83.12956485228487,16.795809,14.309232,45.289642,32.868732,PAN047,75
2020-05-01 06:00:00,37.85,23.55,Athens CAMS station 7,1.708813995891048,-1.0656540986251308,11.079841781905216,17.029823854863082,0.0,1.844812100628988,1.3615905081541333,16.717483837004977,69.39117278264952,9.545065,6.904233,8.543521,74.28455,ACAMS07,52
2020-05-01 06:00:00,38.05,23.55,Athens CAMS station 15,1.679946193308933,-0.9728046435876316,11.338781047323868,16.773079217072564,0.0,1.9174655565848564,1.51784174940185,16.65960717439891,70.82746570943078,10.263168,8.180616,12.655446,66.611145,ACAMS15,60
2020-05-01 06:00:00,37.95,23.65,Athens CAMS station 3,1.5504213194329337,-0.9837908284488848,11.170229233446564,16.847046232594096,0.0,1.6227480476558742,1.2714026933618012,16.806277131378913,69.40769935732439,14.799785,10.502144,29.270771,55.169758,ACAMS03,48
2020-05-01 06:00:00,37.95,23.55,Athens CAMS station 2,1.839803782455924,-1.1909426452676204,11.510227441943233,17.337524922135724,0.0,1.9968304557850507,1.1420060947518385,16.99289502735922,70.14298852554498,10.52388,7.5603337,15.910272,65.716385,ACAMS02,47
2020-05-01 06:00:00,37.85,23.95,Athens CAMS station 11,1.4069381279641862,-0.9053245471368728,10.77497605659649,16.798960000964307,0.0,1.7054827108664927,1.8063689808379964,16.876711319325334,67.32871606291965,14.304991,10.9689,17.79598,58.629913,ACAMS11,56
2020-05-01 06:00:00,38.15,23.75,Athens CAMS station 12,1.1691226104891288,-0.5615769310093698,10.018008078113754,15.716539405471382,0.0,1.584956209542517,2.1004858209124166,15.788441729145925,68.58030416985892,7.8935366,6.5523505,5.5330863,67.43555,ACAMS12,57
2020-05-01 06:00:00,38.15,23.55,Athens CAMS station 0,1.47243179197963,-0.6132370931311489,10.578592179047645,15.869841911390887,0.0,1.698095206594515,2.244492581901622,15.743107986718528,71.39941532259023,7.692794,6.0654798,4.4618297,71.46952,ACAMS00,45
2020-05-01 06:00:00,37.95,23.85,Athens CAMS station 5,1.3583211002096882,-0.9230302457608032,10.81290551058411,16.825004227065588,0.0,1.7195266780494265,1.4504007912504344,17.030771885969376,66.82644572626171,17.406595,12.992916,25.69733,54.6487,ACAMS05,50
2020-05-01 06:00:00,37.85,23.85,Athens CAMS station 10,1.48212980951826,-0.9683317831424156,10.852595630216976,16.836197153335576,0.0,1.752359885063307,1.5825865353705306,16.848604365119932,67.79079127004954,14.611405,8.737426,19.054863,63.036858,ACAMS10,55
2020-05-01 06:00:00,38.05,23.85,Athens CAMS station 18,1.127603384209822,-0.6808401862270639,10.449806821750537,16.305025697154804,0.0,1.632280150057613,1.3417529799496402,16.716260330349296,66.54493787848004,16.121622,10.946646,18.366661,60.27377,ACAMS18,63
2020-05-01 06:00:00,38.15,23.95,Athens CAMS station 14,1.0498032669792676,-0.5023485281135931,10.311592096818844,16.098492082995026,0.0,1.5880967633319794,1.1089891789229993,16.713629716929333,65.94325158149773,8.819175,6.0430264,5.0881376,66.91327,ACAMS14,59
2020-05-01 06:00:00,37.95,23.95,Athens CAMS station 6,1.2676184173194889,-0.8391320322205785,10.728922881541786,16.801153790701036,0.0,1.7395806292802207,1.7717313728384856,17.11360990068059,66.11355962155483,15.287473,11.983505,20.241562,56.87456,ACAMS06,51
2020-05-01 06:00:00,37.85,23.75,Athens CAMS station 9,1.5053433762558528,-0.9436137029007924,10.87036333731314,16.725013337201094,0.0,1.7421940593033545,1.430983914693055,16.698319089652436,68.51935356647444,13.420337,8.612754,17.711626,63.02046,ACAMS09,54
2020-05-01 06:00:00,38.144,23.758,THRAKOMAKEDONES,1.1581157193322316,-0.5712724806019286,10.021206763377794,15.740923767807592,0.0,1.589227506066381,2.024258730333733,15.84356328564019,68.35297476661152,12.0,11.0,4.0,77.0,GR0037A,18
2020-05-01 06:00:00,37.85,23.65,Athens CAMS station 8,1.500077011795614,-0.8933424356156726,10.86688115285411,16.649334818073623,0.0,1.720713782582773,1.5040863912845843,16.598527956670974,68.94366176711766,10.620458,8.290644,13.434457,69.389336,ACAMS08,53
2020-05-01 06:00:00,38.15,23.65,Athens CAMS station 1,1.27831701682811,-0.581152362094738,10.299947713143904,15.74085732306095,0.0,1.641678904014771,2.17278116974574,15.713027353144447,70.21990504936832,7.3653193,6.0617065,2.894628,69.880135,ACAMS01,46
2020-05-01 06:00:00,38.05,23.95,Athens CAMS station 19,1.0847360936527957,-0.6423868084960268,10.517272059450807,16.415778942416125,0.0,1.696475456076252,1.3528604971282276,16.969507707644503,65.78455485326141,13.823698,9.674802,12.158115,62.498722,ACAMS19,64
2020-05-01 06:00:00,38.15,23.85,Athens CAMS station 13,1.0816661595610535,-0.5161692092373,10.09178388426813,15.896711409461378,0.0,1.5789079995140731,1.5264384722207036,16.29446221831833,66.73614534379101,9.186894,6.5129724,7.0346622,66.58721,ACAMS13,58
2020-05-01 06:00:00,38.05,23.75,Athens CAMS station 17,1.2732946013135138,-0.7788516197655675,10.573765946698666,16.31392399844148,0.0,1.4666536198797293,1.4584864494853569,16.421700838359197,68.35344450240372,18.581635,12.069253,22.689503,56.226475,ACAMS17,62
2020-05-01 06:00:00,37.995,23.819,PARASKEVI,1.229789297275618,-0.8450045391319451,10.744078644375978,16.56696430925965,0.0,1.484276500239908,0.8192746088945874,16.921387382561417,66.95233494655581,11.0,10.0,13.0,68.0,GR0039A,20
2020-05-01 06:00:00,37.988,23.728,ARISTOTELOUS,1.4838727360727069,-1.0152842428288174,11.18668248461304,17.059156086975918,0.0,0.9463073328551248,0.9607956524395318,16.91956585353767,68.96689409037859,58.0,43.0,45.0,2.0,GR0003A,10
2020-05-01 06:00:00,38.05,23.65,Athens CAMS station 16,1.4507039711671634,-0.8789352342761854,10.999846442003877,16.491014461548954,0.0,1.6281121144126298,1.4789325668404052,16.51806157353395,69.88179005198447,13.958189,10.666165,21.59251,58.007637,ACAMS16,61
2020-05-01 06:00:00,37.95,23.75,Athens CAMS station 4,1.4629501794656383,-0.9629868746587588,10.938769571742672,16.79866746089861,0.0,1.5359975948527655,1.2062477123451345,16.80946032677175,68.33430894308495,18.411587,11.982219,29.287027,54.769352,ACAMS04,49
2020-05-01 06:00:00,38.051,23.538,ELEFSINA,1.7190301711189275,-0.9803263914922244,11.356057152632223,16.827170843545417,0.0,1.917791797072457,1.5747855710592482,16.65348479158579,70.93621401310756,10.263168,30.0,37.0,66.611145,GR0038A,19
2020-05-01 06:00:00,37.932,23.713,SMYRNI,1.474148239351547,-0.9082316496947428,10.899083554709746,16.69299733089906,0.0,1.58437155911548,1.3969676547400371,16.665437864089252,68.79141545227847,27.0,11.982219,48.0,54.769352,GR0031A,15
2020-05-01 06:00:00,38.031,23.787,MAROUSI,1.2368931061741335,-0.8046666372962157,10.634972914042468,16.437336082104828,0.0,1.4929270144775,1.085429270759212,16.701801692528544,67.41326984740837,47.0,12.069253,41.0,1.0,GR0022A,11
2020-05-01 06:00:00,38.021,23.688,PERISTERI,1.5128698772991438,-1.0437911321894664,11.297507444994991,17.142136972420158,0.0,0.7944412880463507,0.9252912537920416,16.934584367219518,69.4004563875485,41.0,10.666165,46.0,58.007637,GR0028A,12
2020-05-01 06:00:00,37.901,23.879,KOROPI,1.4231804897778004,-1.0383621239041694,10.83538940482254,17.235717457749594,0.0,1.6912536882719706,2.297779549450784,17.299439720315203,65.77419547828534,34.0,12.992916,18.0,57.0,GR0120A,21
2020-05-01 06:00:00,37.97312,23.718056,PANACEA_000,1.499024276404706,-1.01724992159561,11.190094496727044,17.054139912155442,0.0,1.0070377731344695,0.9984909594821384,16.910191062449094,69.02606913791888,58.0,43.0,44.0,2.0,PAN000,94
2020-05-01 06:00:00,37.97381,23.719069,CleanAir in Greece - Thiseio II,1.497736870173643,-1.0167372623990958,11.188249536719976,17.052887262292657,0.0,1.006176403860651,0.99727361829941,16.910230553313802,69.01740416688324,58.0,43.0,,,CAGT02,93
2020-05-01 06:00:00,37.95576,23.667692,PANACEA_AirPaP_006,1.5278579406180466,-0.9808747869027548,11.143569653295309,16.87438845758801,0.0,1.4580713854728238,1.225856636117074,16.806940887017472,69.27902521203966,14.799785,10.502144,29.270771,55.169758,PANA06,80
2020-05-01 06:00:00,37.97081,23.748861,PANACEA_039,1.4250870958676674,-0.9428722672338116,10.947206944955036,16.789681779310868,0.0,1.393490141632762,1.1331484918422434,16.816692527749325,68.33700334268977,18.411587,11.982219,44.0,2.0,PAN039,72
2020-05-01 06:00:00,37.871895,23.755962,PANACEA_022,1.547293225922512,-1.013426423696777,10.932544476293073,16.84009967750067,0.0,1.7761888950000602,1.3252874101164185,16.794251715859396,68.37780136376121,13.420337,8.612754,17.711626,63.02046,PAN022,67
2020-05-01 06:00:00,37.961323,23.761395,PANACEA_047,1.4218033695133618,-0.9451697286378812,10.902904124833054,16.762645221456232,0.0,1.5190907192962566,1.143782974913966,16.829711981270634,68.08074891304838,18.411587,11.982219,29.287027,54.769352,PAN047,75
2020-05-01 06:00:00,37.988132,23.72989,PPCITY12,1.47622264457079,-1.005809111745663,11.160348477583986,17.027085595569062,0.0,0.9881114290173936,0.9814871444213924,16.90427050690888,68.91478068658621,58.0,43.0,45.0,2.0,PPCI12,82
2020-05-01 06:00:00,38.056435,23.840101,PANACEA_004,1.128519499878699,-0.6735617731092207,10.379451839842114,16.21750524153981,0.0,1.6135013380120302,1.363045297770128,16.58429867805004,66.78725489982551,16.121622,10.946646,18.366661,60.27377,PAN004,96
2020-05-01 06:00:00,37.99345,23.744556,PANACEA_001,1.411862467714463,-0.9403782634295076,10.980434351751349,16.81531901447602,0.0,1.2358312798060105,1.0784947814604655,16.818173944666974,68.47669769991161,58.0,43.0,45.0,2.0,PAN001,95
2020-05-01 06:00:00,38.053745,23.741959,PANACEA_037,1.276590515868757,-0.7749501214280641,10.571674082207682,16.2873745938483,0.0,1.4640551981183862,1.521084133566801,16.375033180788435,68.54634309135218,18.581635,12.069253,22.689503,56.226475,PAN037,70
2020-05-01 06:00:00,38.090866,23.72522,PANACEA_020,1.1404645931231585,-0.6348458891579836,10.21367122741528,15.735262106584363,0.0,1.6413545696816814,2.1134969053445705,15.8567015492188,69.1645454232027,18.581635,12.069253,22.689503,56.226475,PAN020,66
2020-05-01 06:00:00,38.013317,23.647491,PANACEA_014,1.5688335407835603,-1.0301603209148684,11.395447345359226,16.909462308350708,0.0,1.5813408780003926,1.142138293606121,16.917960687419495,69.93742917575322,41.0,10.666165,46.0,58.007637,PAN014,99
2020-05-01 06:00:00,38.04067,23.684368,PANACEA_048,1.4212689021896647,-0.9053469972052904,10.969901766012104,16.652187943346167,0.0,1.2722221933100348,1.3405724190081751,16.595966478303794,69.39490486127139,41.0,10.666165,46.0,58.007637,PAN048,76
2020-05-01 06:00:00,37.974033,23.718441,CleanAir in Greece - Thiseio,1.4994424898130805,-1.019290374012502,11.195747919568536,17.061917514843387,0.0,0.9928538691495674,0.9902788113824172,16.91481361720255,69.03117909540464,58.0,43.0,,,CAGT01,92
2020-05-01 06:00:00,38.00546,23.73234,PANACEA_029,1.4541460860182402,-0.9856654713623564,11.116309860926895,16.969751454255125,0.0,0.997853295230707,1.0073534731768536,16.865822049001643,68.88120918547375,58.0,43.0,45.0,2.0,PAN029,68
2020-05-01 06:00:00,37.813873,23.782408,PANACEA_006,1.4544643446919792,-0.8520953275058247,10.76802187199549,16.55660122879524,0.0,1.7183441640061377,1.5729963230915658,16.552528662642626,68.69701270414437,13.420337,8.612754,17.711626,63.02046,PAN006,98
2020-05-01 06:00:00,37.92956,23.69305,PANACEA_AirPaP_008,1.4747901387882878,-0.8932663449442927,10.889643600088627,16.66125654517783,0.0,1.6083506337014697,1.4391967521207214,16.632403668185106,68.89499832473344,27.0,10.502144,48.0,55.169758,PANA08,81
2020-05-01 06:00:00,37.948063,23.72836,PANACEA_045,1.4755123774857386,-0.9522407510662128,10.975340777347732,16.80411970766308,0.0,1.460177648740423,1.2466263874506385,16.77032880556983,68.67272464571406,18.411587,11.982219,29.287027,54.769352,PAN045,73
2020-05-01 06:00:00,37.97721,23.783016,National Technical University of Athens,1.3026874156483732,-0.8844275311810079,10.80034321971617,16.634542605627104,0.0,1.4957025027728883,0.9310794085124304,16.878593476577386,67.39522498392219,11.0,10.0,13.0,68.0,NTUA01,101
2020-05-01 06:00:00,37.98204,23.79478,ATHENS_02,1.250023628157363,-0.8628302663702114,10.771112787146098,16.589330675871818,0.0,1.4693813629153871,0.7854588208884012,16.91729538326717,67.0889151319834,11.0,10.0,,,ATHN002,88
2020-05-01 06:00:00,37.97673,23.7298,ATH-ENVICARE-0,1.4724118481013184,-0.9900933451118898,11.10877298173368,16.96297605740807,0.0,1.1194538730438022,1.0473287132250058,16.871586051530315,68.82673684948651,58.0,43.0,44.0,2.0,ATHEN01,84
2020-05-01 06:00:00,38.040443,23.833649,ATHENS_01,1.1735457572050596,-0.730460795612266,10.505896986449468,16.34841160891885,0.0,1.5964203882014498,1.2874652303676275,16.692702904237574,66.88820356433891,16.121622,10.946646,,,ATHN001,87
2020-05-01 06:00:00,37.978336,23.727934,PPCITY21,1.4786831540442615,-0.9993154424276304,11.136892239764798,16.99633819323361,0.0,1.0670683057113146,1.022225648952894,16.887276804852334,68.88485793899925,58.0,43.0,44.0,2.0,PPCI21,83
2020-05-01 06:00:00,37.978,23.727,ATHINAS,1.4812655652576117,-1.0020181482914046,11.144724131369498,17.00534979842503,0.0,1.0560269974877392,1.0173822576819038,16.89114448021977,68.90339333827386,58.0,43.0,44.0,2.0,GR0027A,9
2020-05-01 06:00:00,38.022263,23.737436,PANACEA_021,1.3916793958464333,-0.911582167710254,10.928137572411057,16.731789888748384,0.0,1.202848835821613,1.1693592559307358,16.717707685098468,68.6741891359367,18.581635,12.069253,22.689503,56.226475,PAN021,65
2020-05-01 06:00:00,37.933243,23.757456,PANACEA_046,1.5106252705045495,-1.0094775249015964,10.95075785817574,16.853382388487198,0.0,1.667597673751127,1.216254045874894,16.843321541742114,68.2415711651358,18.411587,11.982219,29.287027,54.769352,PAN046,74
2020-05-01 06:00:00,38.00266,23.763859,PANACEA_AirPaP_002,1.3163109036461167,-0.8738320019358108,10.806713328729264,16.620479640557644,0.0,1.414659092123937,1.0333682362995733,16.794927380677727,67.78849629102366,58.0,43.0,45.0,1.0,PANA02,79
2020-05-01 06:00:00,38.037506,23.686476,PANACEA_049,1.4356560192710233,-0.927284030637689,11.020163052264966,16.7312560037042,0.0,1.2000085973733396,1.2720990769558722,16.652908796546438,69.37419409054623,41.0,10.666165,46.0,58.007637,PAN049,77
2020-05-01 06:00:00,38.08363,23.700375,Ano Liosia (Perneri),1.0999276864795955,-0.6119279455601152,10.154421175031262,15.595022900644835,0.0,1.6801980845028592,2.2883887905878124,15.726451682970929,69.45635651113065,13.958189,10.666165,21.59251,58.007637,,89
2020-05-01 06:00:00,38.132057,23.789848,PANACEA_032,1.0803137682501338,-0.5648303750178105,9.89974169166839,15.69807881372896,0.0,1.6033413092190727,1.7997549885243669,15.899217505142898,67.54835935841157,12.0,11.0,4.0,77.0,PAN032,69
2020-05-01 06:00:00,38.01869,23.810574,PANACEA_005,1.2194725317037962,-0.8267370287261115,10.703982159784386,16.516321324312,0.0,1.4800516585540082,0.8602366852924154,16.863929923941246,67.01943522140812,47.0,10.0,41.0,1.0,PAN005,97
2020-05-01 06:00:00,38.037838,23.826132,PANACEA_AirPaP_001,1.188260822396691,-0.748774654822268,10.530574029623786,16.364462161439032,0.0,1.574641083643673,1.2373123475005672,16.689321162756674,67.00876642811492,16.121622,10.946646,18.366661,60.27377,PANA01,78
2020-05-01 06:00:00,38.034657,23.702152,PANACEA_019,1.4379258678278646,-0.9472639759509184,11.049418437558842,16.82043467631037,0.0,1.0719712955348968,1.1825646332995638,16.713903574644892,69.23841629029073,41.0,12.069253,46.0,56.226475,PAN019,100
2020-05-01 06:00:00,37.9357,23.644547,PANACEA_038,1.5406912539457,-0.9576739588133184,11.084018334407247,16.78602945727674,0.0,1.677918111037875,1.3477376871459477,16.742376658705197,69.29783027440276,14.799785,10.502144,29.270771,55.169758,PAN038,71
2020-05-01 06:00:00,37.989967,23.708792,ATH-ENVICARE-3,1.5548150599766872,-1.1205931694968148,11.470049639167213,17.424491513377326,0.0,0.4504962808933257,0.6839793909126863,17.11352969001323,69.3976301137584,58.0,43.0,,,ATHEN023,86
2020-05-01 06:00:00,38.04972,23.757725,ATH-ENVICARE-2,1.2573722624585577,-0.7690843329007918,10.539719490513452,16.293612294584783,0.0,1.4870110990290049,1.4347387232101774,16.42826845055375,68.17024383763528,18.581635,12.069253,22.689503,56.226475,ATHEN02,85
2020-05-01 07:00:00,38.05,23.85,Athens CAMS station 18,1.6157001959282469,-0.3136891711547755,9.93405157760687,16.416140633734756,0.0,1.632280150057613,1.3417529799496402,19.071780230972244,55.466119463670125,14.4657755,9.630145,13.372361,75.41592,ACAMS18,63
2020-05-01 07:00:00,38.15,23.85,Athens CAMS station 13,1.450599052217814,-0.2678921981345246,9.626587286283089,16.012402813878005,0.0,1.5789079995140731,1.5264384722207036,18.71059051348026,55.56712046945763,8.556021,6.171265,5.08442,76.48304,ACAMS13,58
2020-05-01 07:00:00,37.95,23.95,Athens CAMS station 6,1.815781701653944,-0.3329819110448881,10.20693815890426,16.902032543497054,0.0,1.7395806292802207,1.7717313728384856,19.36970141621507,55.45717831029079,14.154785,11.469771,16.00814,68.01768,ACAMS06,51
2020-05-01 07:00:00,38.15,23.55,Athens CAMS station 0,2.051156137988923,-0.4801767236195164,10.30790276010546,15.971063268594746,0.0,1.698095206594515,2.244492581901622,17.904350316510985,61.15533821749306,7.232365,5.879065,3.051806,80.43176,ACAMS00,45
2020-05-01 07:00:00,37.85,23.95,Athens CAMS station 11,1.968037704696904,-0.4356193548071121,10.327497859021202,16.894937673774713,0.0,1.7054827108664927,1.8063689808379964,19.06241943339081,56.98522973310946,12.789832,10.320707,13.690258,70.45936,ACAMS11,56
2020-05-01 07:00:00,38.05,23.55,Athens CAMS station 15,2.2335075883446094,-0.7649887335564262,10.986172521773266,16.86806937469009,0.0,1.9174655565848564,1.51784174940185,18.7635793941357,60.614693831599965,8.899867,7.569585,8.509463,74.34207,ACAMS15,60
2020-05-01 07:00:00,38.05,23.75,Athens CAMS station 17,1.8276284442769457,-0.4468251377418837,10.138630032097447,16.418650692190454,0.0,1.4666536198797293,1.4584864494853569,18.68080716728327,57.598425369505925,14.295387,10.545516,22.042425,64.16828,ACAMS17,62
2020-05-01 07:00:00,37.85,23.75,Athens CAMS station 9,2.055083704471972,-0.5657953618209145,10.462271216954708,16.821723631643476,0.0,1.7421940593033545,1.430983914693055,18.873209434701643,58.17843019839076,11.213678,8.422684,12.924573,70.884926,ACAMS09,54
2020-05-01 07:00:00,38.15,23.75,Athens CAMS station 12,1.642613664565098,-0.3354586218768382,9.642779802338971,15.82624662499661,0.0,1.584956209542517,2.1004858209124166,18.12179851729747,57.703734556414695,7.678728,6.2234406,3.6435957,75.32798,ACAMS12,57
2020-05-01 07:00:00,37.85,23.85,Athens CAMS station 10,2.0526904526215635,-0.5066408563155812,10.423833490511573,16.930832703590795,0.0,1.752359885063307,1.5825865353705306,19.0102726805418,57.532081511608254,12.3808155,8.12492,15.185396,71.07982,ACAMS10,55
2020-05-01 07:00:00,38.05,23.95,Athens CAMS station 19,1.5365960828049297,-0.2674389330705011,9.969855884721309,16.529283643676287,0.0,1.696475456076252,1.3528604971282276,19.362792921719773,54.61116120572616,12.970452,9.649858,10.094212,69.355385,ACAMS19,64
2020-05-01 07:00:00,37.95,23.85,Athens CAMS station 5,1.9344008784473947,-0.4184485390198919,10.319589125630973,16.924394798731196,0.0,1.7195266780494265,1.4504007912504344,19.243714917484247,56.30530963955917,13.955492,11.070962,19.10341,66.26252,ACAMS05,50
2020-05-01 07:00:00,37.95,23.55,Athens CAMS station 2,2.335244681182915,-0.9467432466426644,11.131414283191464,17.42542260445888,0.0,1.9968304557850507,1.1420060947518385,19.089797337308493,59.9811022816417,9.217622,6.81145,11.781666,73.55936,ACAMS02,47
2020-05-01 07:00:00,37.995,23.819,PARASKEVI,1.8330818612792688,-0.3710545488594526,10.209417800448348,16.67731424321671,0.0,1.484276500239908,0.8192746088945874,19.17689511369573,56.0745644541189,13.0,8.0,11.0,71.0,GR0039A,20
2020-05-01 07:00:00,37.988,23.728,ARISTOTELOUS,2.0981604368335245,-0.6213353948309457,10.746824252132082,17.154367017116524,0.0,0.9463073328551248,0.9607956524395318,19.07787918115362,58.4939555570133,64.0,27.0,51.0,2.0,GR0003A,10
2020-05-01 07:00:00,37.85,23.55,Athens CAMS station 7,2.1935842559643066,-0.8008173529543778,10.692210551905491,17.11879759533896,0.0,1.844812100628988,1.3615905081541333,18.866801485951942,59.10215528724179,8.985956,6.381444,7.48382,76.59101,ACAMS07,52
2020-05-01 07:00:00,38.144,23.758,THRAKOMAKEDONES,1.6274281422151924,-0.3352344691214613,9.630501526775316,15.850285942290553,0.0,1.589227506066381,2.024258730333733,18.18316473585886,57.43437301955386,9.0,9.0,9.0,63.0,GR0037A,18
2020-05-01 07:00:00,38.15,23.95,Athens CAMS station 14,1.3876022455247647,-0.2380920848936623,9.804261385806388,16.219562706917312,0.0,1.5880967633319794,1.1089891789229993,19.157722767411386,54.69126836378397,8.4313345,5.931713,4.2661304,73.97589,ACAMS14,59
2020-05-01 07:00:00,37.85,23.65,Athens CAMS station 8,2.01979645249654,-0.5924874909326345,10.468452761509608,16.747577774659455,0.0,1.720713782582773,1.5040863912845843,18.79306536897808,58.50491215305416,9.693089,7.6845365,11.729366,74.2501,ACAMS08,53
2020-05-01 07:00:00,37.95,23.65,Athens CAMS station 3,2.097871324428485,-0.6739062545900228,10.772270641660276,16.94623381275732,0.0,1.6227480476558742,1.2714026933618012,18.968600618739742,59.02493173385459,11.742635,9.443599,23.860668,65.68761,ACAMS03,48
2020-05-01 07:00:00,38.15,23.65,Athens CAMS station 1,1.83253690761158,-0.3972103693788567,9.990564728854356,15.850330920599506,0.0,1.641678904014771,2.17278116974574,17.971083443717415,59.61905492428598,7.0792003,5.705231,2.3350174,79.96376,ACAMS01,46
2020-05-01 07:00:00,38.05,23.65,Athens CAMS station 16,2.0257972301043123,-0.6070395439821937,10.620918056294922,16.59421638027448,0.0,1.6281121144126298,1.4789325668404052,18.70011596143196,59.39790800930147,11.672205,9.490367,18.342962,63.48485,ACAMS16,61
2020-05-01 07:00:00,37.95,23.75,Athens CAMS station 4,2.042139000449384,-0.5523888463593598,10.502961792129549,16.89680631549892,0.0,1.5359975948527655,1.2062477123451345,18.987957091357146,57.90188509503525,14.345665,10.680853,29.641243,69.3224,ACAMS04,49
2020-05-01 07:00:00,38.051,23.538,ELEFSINA,2.2694669955412,-0.7826002116085629,11.006596052229693,16.918781573859793,0.0,1.917791797072457,1.5747855710592482,18.741503524061887,60.78119797568365,8.899867,33.0,31.0,74.34207,GR0038A,19
2020-05-01 07:00:00,37.901,23.879,KOROPI,2.059200026089108,-0.3313463954579471,10.355357031887936,17.321959272528087,0.0,1.6912536882719706,2.297779549450784,19.40186302946974,55.83859176858452,29.0,11.070962,25.0,42.0,GR0120A,21
2020-05-01 07:00:00,38.031,23.787,MAROUSI,1.807729201892008,-0.3941027001220217,10.138572331287342,16.545655855793854,0.0,1.4929270144775,1.085429270759212,18.969767429260603,56.55505851971918,41.0,10.545516,43.0,1.0,GR0022A,11
2020-05-01 07:00:00,37.932,23.713,SMYRNI,2.020271214775351,-0.5702156911300955,10.488766347676508,16.79159749621468,0.0,1.58437155911548,1.3969676547400371,18.855577524139623,58.34412632426469,26.0,10.680853,54.0,69.3224,GR0031A,15
2020-05-01 07:00:00,38.021,23.688,PERISTERI,2.14061403425291,-0.6644645343182327,10.869129840299678,17.235891899369605,0.0,0.7944412880463507,0.9252912537920416,19.07607876939172,58.9637686037221,42.0,9.490367,45.0,63.48485,GR0028A,12
2020-05-01 07:00:00,37.989967,23.708792,ATH-ENVICARE-3,2.2100138845871733,-0.7038273834213457,11.026342996164892,17.51426914777473,0.0,0.4504962808933257,0.6839793909126863,19.22991648015948,59.00025935599634,64.0,27.0,,,ATHEN023,86
2020-05-01 07:00:00,37.813873,23.782408,PANACEA_006,1.9770771036603576,-0.5358317801151926,10.36655726161806,16.65606732533491,0.0,1.7183441640061377,1.5729963230915658,18.75923562146472,58.23660892262952,11.213678,8.422684,12.924573,70.884926,PAN006,98
2020-05-01 07:00:00,38.01869,23.810574,PANACEA_005,1.814130694399141,-0.369005161565529,10.174947186869192,16.62687798952754,0.0,1.4800516585540082,0.8602366852924154,19.127575579666097,56.12020402073004,41.0,8.0,43.0,1.0,PAN005,97
2020-05-01 07:00:00,38.053745,23.741959,PANACEA_037,1.834931905265736,-0.4536213669256591,10.147037584185368,16.39180481148574,0.0,1.4640551981183862,1.521084133566801,18.629552477134983,57.81401507933466,14.295387,10.545516,22.042425,64.16828,PAN037,70
2020-05-01 07:00:00,38.090866,23.72522,PANACEA_020,1.721285303813638,-0.3762223220479014,9.83869125034515,15.84298260542657,0.0,1.6413545696816814,2.1134969053445705,18.13576914681516,58.38924196152958,14.295387,10.545516,22.042425,64.16828,PAN020,66
2020-05-01 07:00:00,37.97721,23.783016,National Technical University of Athens,1.9011941848905043,-0.4274537511184824,10.297526304065052,16.741042686496932,0.0,1.4957025027728883,0.9310794085124304,19.1081622086765,56.66288314138763,13.0,8.0,11.0,71.0,NTUA01,101
2020-05-01 07:00:00,38.013317,23.647491,PANACEA_014,2.140718639922561,-0.7268959792292604,11.00572004665995,17.011424983867855,0.0,1.5813408780003926,1.142138293606121,19.059438215669687,59.5831211405929,42.0,9.490367,45.0,63.48485,PAN014,99
2020-05-01 07:00:00,37.95576,23.667692,PANACEA_AirPaP_006,2.090728174839435,-0.6514517737765011,10.736720049013062,16.9724868599463,0.0,1.4580713854728238,1.225856636117074,18.97077450799238,58.87189076832723,11.742635,9.443599,23.860668,65.68761,PANA06,80
2020-05-01 07:00:00,38.034657,23.702152,PANACEA_019,2.0430629832781486,-0.5961059602621483,10.630229099307044,16.918011742550195,0.0,1.0719712955348968,1.1825646332995638,18.890131666401327,58.72352896474628,42.0,10.545516,45.0,64.16828,PAN019,100
2020-05-01 07:00:00,37.9357,23.644547,PANACEA_038,2.076934528009448,-0.6548432211397561,10.687426487342472,16.884980839719294,0.0,1.677918111037875,1.3477376871459477,18.913902400063385,58.90192416929923,11.742635,9.443599,23.860668,65.68761,PAN038,71
2020-05-01 07:00:00,37.933243,23.757456,PANACEA_046,2.0948226393814524,-0.5680565038123387,10.523101107328037,16.94929579119584,0.0,1.667597673751127,1.216254045874894,19.000676261317395,57.93223845962053,14.345665,10.680853,29.641243,69.3224,PAN046,74
2020-05-01 07:00:00,38.04972,23.757725,ATH-ENVICARE-2,1.8060118934944165,-0.4319165684836641,10.096368112213025,16.39901568172514,0.0,1.4870110990290049,1.4347387232101774,18.69683747735306,57.37893777305702,14.295387,10.545516,22.042425,64.16828,ATHEN02,85
2020-05-01 07:00:00,38.022263,23.737436,PANACEA_021,1.981291973495636,-0.5418495044365317,10.488397096455914,16.831701674076307,0.0,1.202848835821613,1.1693592559307358,18.919109953007457,58.079395904083626,14.295387,10.545516,22.042425,64.16828,PAN021,65
2020-05-01 07:00:00,38.00266,23.763859,PANACEA_AirPaP_002,1.904905633660102,-0.4549611041012614,10.3240387536203,16.725590644670383,0.0,1.414659092123937,1.0333682362995733,19.02456879793863,57.068661411527714,64.0,27.0,51.0,1.0,PANA02,79
2020-05-01 07:00:00,37.974033,23.718441,CleanAir in Greece - Thiseio,2.108675661672275,-0.631353869143721,10.761541971105109,17.156817193150268,0.0,0.9928538691495674,0.9902788113824172,19.069572151416608,58.58440571996573,64.0,27.0,,,CAGT01,92
2020-05-01 07:00:00,37.98204,23.79478,ATHENS_02,1.859782650617686,-0.3870737238596024,10.242438516885915,16.699056837022138,0.0,1.4693813629153871,0.7854588208884012,19.161494768052176,56.25033407721436,13.0,8.0,,,ATHN002,88
2020-05-01 07:00:00,38.132057,23.789848,PANACEA_032,1.5300551022160465,-0.3070300077532167,9.460528622939275,15.807638429005875,0.0,1.6033413092190727,1.7997549885243669,18.28208365150465,56.41653926827389,9.0,9.0,9.0,63.0,PAN032,69
2020-05-01 07:00:00,37.97081,23.748861,PANACEA_039,2.0107633697476017,-0.5393222526705141,10.499405007231534,16.889295678335937,0.0,1.393490141632762,1.1331484918422434,19.00724908629473,57.81283790147661,14.345665,10.680853,42.0,2.0,PAN039,72
2020-05-01 07:00:00,38.037838,23.826132,PANACEA_AirPaP_001,1.721892499454229,-0.3558041302596345,10.026088567800592,16.47366551083266,0.0,1.574641083643673,1.2373123475005672,18.99610982952068,56.055435236778735,14.4657755,9.630145,13.372361,75.41592,PANA01,78
2020-05-01 07:00:00,37.97381,23.719069,CleanAir in Greece - Thiseio II,2.105921547568311,-0.6291187735228821,10.754083435975954,17.14791614957797,0.0,1.006176403860651,0.99727361829941,19.06602062113747,58.56907816814126,64.0,27.0,,,CAGT02,93
2020-05-01 07:00:00,37.97673,23.7298,ATH-ENVICARE-0,2.073035335089413,-0.6006247847446674,10.67118521590992,17.059494987990263,0.0,1.1194538730438022,1.0473287132250058,19.039461957193723,58.34947178133838,64.0,27.0,42.0,2.0,ATHEN01,84
2020-05-01 07:00:00,37.948063,23.72836,PANACEA_045,2.0465634956374883,-0.5771144532277387,10.551008033886998,16.901893319545405,0.0,1.460177648740423,1.2466263874506385,18.948797061997844,58.2324313480129,14.345665,10.680853,29.641243,69.3224,PAN045,73
2020-05-01 07:00:00,37.961323,23.761395,PANACEA_047,2.006575834343973,-0.5202964862471359,10.450196491411686,16.862658489010087,0.0,1.5190907192962566,1.143782974913966,19.02096578771925,57.57570093000445,14.345665,10.680853,29.641243,69.3224,PAN047,75
2020-05-01 07:00:00,38.08363,23.700375,Ano Liosia (Perneri),1.7078689978742845,-0.3627240600165677,9.794384126522887,15.703188057872852,0.0,1.6801980845028592,2.2883887905878124,18.000232077857195,58.69630795615939,11.672205,9.490367,18.342962,63.48485,,89
2020-05-01 07:00:00,37.978336,23.727934,PPCITY21,2.083223412863351,-0.6092548935552022,10.6993926050067,17.092362178825994,0.0,1.0670683057113146,1.022225648952894,19.051342944115927,58.41300103974585,64.0,27.0,42.0,2.0,PPCI21,83
2020-05-01 07:00:00,37.97312,23.718056,PANACEA_000,2.1069725056167954,-0.6302483675951608,10.756375255256271,17.149133815200546,0.0,1.0070377731344695,0.9984909594821384,19.06562074474881,58.57952721383846,64.0,27.0,42.0,2.0,PAN000,94
2020-05-01 07:00:00,38.056435,23.840101,PANACEA_004,1.616441350746529,-0.322180275543184,9.878340913442416,16.32821576541833,0.0,1.6135013380120302,1.363045297770128,18.93754449142999,55.71763942037859,14.4657755,9.630145,13.372361,75.41592,PAN004,96
2020-05-01 07:00:00,37.92956,23.69305,PANACEA_AirPaP_008,2.011940934089791,-0.5740409056485065,10.484537257498108,16.760288464050525,0.0,1.6083506337014697,1.4391967521207214,18.826652238579342,58.43724156065194,26.0,9.443599,54.0,65.68761,PANA08,81
2020-05-01 07:00:00,38.037506,23.686476,PANACEA_049,2.03335083757806,-0.5949771046330048,10.61134599655789,16.830104780912535,0.0,1.2000085973733396,1.2720990769558722,18.83208783533843,58.86534759048386,42.0,9.490367,45.0,63.48485,PAN049,77
2020-05-01 07:00:00,37.988132,23.72989,PPCITY12,2.087284480394596,-0.6127184846283842,10.720018572933142,17.12281216969231,0.0,0.9881114290173936,0.9814871444213924,19.066637868621623,58.43294900976499,64.0,27.0,51.0,2.0,PPCI12,82
2020-05-01 07:00:00,37.978,23.727,ATHINAS,2.086558333692882,-0.6120801842111128,10.707576154494276,17.1012205441671,0.0,1.0560269974877392,1.0173822576819038,19.05398220232936,58.43462198261633,64.0,27.0,42.0,2.0,GR0027A,9
2020-05-01 07:00:00,38.00546,23.73234,PANACEA_029,2.0634217456000914,-0.5975165958046789,10.67496776618653,17.0663633463963,0.0,0.997853295230707,1.0073534731768536,19.03685496570965,58.36614183017706,64.0,27.0,51.0,2.0,PAN029,68
2020-05-01 07:00:00,37.99345,23.744556,PANACEA_001,2.005528644630869,-0.5455309361320719,10.529779974043391,16.914947498980904,0.0,1.2358312798060105,1.0784947814604655,19.01086336629566,57.909824618675394,64.0,27.0,51.0,2.0,PAN001,95
2020-05-01 07:00:00,38.040443,23.833649,ATHENS_01,1.6941797753224996,-0.3450609364708398,9.99920237574612,16.457895051397553,0.0,1.5964203882014498,1.2874652303676275,19.012388831238344,55.90453179482972,14.4657755,9.630145,,,ATHN001,87
2020-05-01 07:00:00,37.871895,23.755962,PANACEA_022,2.1188408794111417,-0.5847427746740395,10.52244487934899,16.934550853695885,0.0,1.7761888950000602,1.3252874101164185,18.942954654104216,58.14627531076477,11.213678,8.422684,12.924573,70.884926,PAN022,67
2020-05-01 07:00:00,38.04067,23.684368,PANACEA_048,2.0144523025426646,-0.5828710330741369,10.56567741228874,16.75196718219003,0.0,1.2722221933100348,1.3405724190081751,18.78153141945665,58.87402096998984,42.0,9.490367,45.0,63.48485,PAN048,76
2020-05-01 08:00:00,38.05,23.85,Athens CAMS station 18,1.817023977239228,0.1454604037395849,9.339840481415386,16.632476147266292,5.4374843102196815e-06,1.632280150057613,1.3417529799496402,20.80133953389124,47.87734036051327,12.815328,9.293833,14.18023,83.5565,ACAMS18,63
2020-05-01 08:00:00,37.95,23.85,Athens CAMS station 5,2.197914897768478,0.0610661621618314,9.685375238529687,17.129738759764106,2.3716373118947165e-06,1.7195266780494265,1.4504007912504344,20.93948668489517,48.58716824974946,12.732933,9.788611,19.073479,75.42669,ACAMS05,50
2020-05-01 08:00:00,38.05,23.95,Athens CAMS station 19,1.735475813088348,0.2185831266457428,9.376254599523993,16.748441283093857,6.021192223523931e-06,1.696475456076252,1.3528604971282276,21.09649145546817,47.14139537424124,12.67356,9.896202,10.276942,78.006584,ACAMS19,64
2020-05-01 08:00:00,38.15,23.75,Athens CAMS station 12,1.743965536360635,0.0089752641642759,9.07442171616272,16.040132389065437,1.0773792915075178e-05,1.584956209542517,2.1004858209124166,19.847575851996844,49.86068430773077,7.800288,6.1798644,4.559187,83.29251,ACAMS12,57
2020-05-01 08:00:00,38.144,23.758,THRAKOMAKEDONES,1.7347870258745903,0.0211827062696767,9.06416976810604,16.063664562805968,1.0592730245496575e-05,1.589227506066381,2.024258730333733,19.908473705677977,49.63856209950012,15.0,10.0,6.0,65.0,GR0037A,18
2020-05-01 08:00:00,37.85,23.55,Athens CAMS station 7,2.292218720537678,-0.5466271037256938,9.997842878979789,17.315862977108935,3.871115544771161e-06,1.844812100628988,1.3615905081541333,20.562939561622883,50.77557465190288,8.45035,6.2607565,4.4339185,87.41417,ACAMS07,52
2020-05-01 08:00:00,37.85,23.85,Athens CAMS station 10,2.273783177051549,-0.0852547439053382,9.789118001926244,17.131703593840726,3.2909971669918968e-06,1.752359885063307,1.5825865353705306,20.691267066766653,49.675908379981294,11.277486,7.5616536,11.106188,78.83079,ACAMS10,55
2020-05-01 08:00:00,37.85,23.95,Athens CAMS station 11,2.202604412379088,0.0127751695702266,9.695062099997592,17.09634059083137,3.466776499407172e-06,1.7054827108664927,1.8063689808379964,20.745958042729924,49.203505006094055,11.835887,8.650386,11.335821,80.26337,ACAMS11,56
2020-05-01 08:00:00,37.95,23.55,Athens CAMS station 2,2.4219842928826214,-0.7385314702870257,10.41116229877954,17.625783938185737,2.297261822308888e-06,1.9968304557850507,1.1420060947518385,20.773695141120644,51.50171971546778,8.349424,6.3549886,7.584394,85.76811,ACAMS02,47
2020-05-01 08:00:00,38.05,23.65,Athens CAMS station 16,2.1791984699129645,-0.3168413239065717,9.983867976664744,16.808579898551038,2.488029073444286e-06,1.6281121144126298,1.4789325668404052,20.404362372271127,51.198145692418144,10.59167,8.898582,11.710587,77.76717,ACAMS16,61
2020-05-01 08:00:00,37.95,23.95,Athens CAMS station 6,2.085832559422237,0.1781700537217845,9.575862446998327,17.107973622759154,2.936893727668389e-06,1.7395806292802207,1.7717313728384856,21.07182565002384,47.850225639556655,13.806193,10.85768,14.445864,76.97949,ACAMS06,51
2020-05-01 08:00:00,38.15,23.55,Athens CAMS station 0,2.130891072646049,-0.2837486870723481,9.671406340209275,16.174437831561715,2.355102499348397e-06,1.698095206594515,2.244492581901622,19.615727417750005,52.652483354616095,7.029662,5.530894,2.7720938,85.36279,ACAMS00,45
2020-05-01 08:00:00,37.995,23.819,PARASKEVI,2.1171801594582247,0.108853742449217,9.565048460534287,16.89335198346936,1.086976451509124e-06,1.484276500239908,0.8192746088945874,20.895830482177065,48.28017958548925,11.0,11.0,22.0,54.0,GR0039A,20
2020-05-01 08:00:00,38.15,23.65,Athens CAMS station 1,1.9467212292676832,-0.1285794709452131,9.391481071121282,16.063593306122478,5.402539825998567e-06,1.641678904014771,2.17278116974574,19.70277148599824,51.389846702367,6.9933963,5.6058702,3.399862,85.25916,ACAMS01,46
2020-05-01 08:00:00,37.95,23.75,Athens CAMS station 4,2.247820946051301,-0.1670807408187987,9.861963614700665,17.105010592802998,2.8212186960069366e-06,1.5359975948527655,1.2062477123451345,20.682336290920937,49.93539155952613,12.1896515,9.362464,20.36142,77.11906,ACAMS04,49
2020-05-01 08:00:00,37.85,23.65,Athens CAMS station 8,2.1556507654539345,-0.2752039108975579,9.82071023158445,16.95388398123654,4.578847584627062e-06,1.720713782582773,1.5040863912845843,20.49229524996569,50.40548067695895,8.967568,6.733736,9.903595,78.65268,ACAMS08,53
2020-05-01 08:00:00,38.15,23.95,Athens CAMS station 14,1.4680433385761886,0.2047138258014651,9.243361201310876,16.44709900134538,1.4539370330247802e-05,1.5880967633319794,1.1089891789229993,20.88088622937807,47.33031488467682,8.982603,6.639756,4.362477,79.82558,ACAMS14,59
2020-05-01 08:00:00,37.988,23.728,ARISTOTELOUS,2.305000947441957,-0.2649425623965528,10.090081405114304,17.368893542635693,1.7482276806900694e-06,0.9463073328551248,0.9607956524395318,20.773854275827595,50.39614598746196,78.0,28.0,43.0,2.0,GR0003A,10
2020-05-01 08:00:00,37.95,23.65,Athens CAMS station 3,2.246011921805765,-0.3716763090525267,10.116508259463744,17.15882956592645,3.1426989789857963e-06,1.6227480476558742,1.2714026933618012,20.66057271664141,50.86390935245718,10.143346,8.711827,15.036061,78.92591,ACAMS03,48
2020-05-01 08:00:00,37.85,23.75,Athens CAMS station 9,2.228774942153694,-0.2042817048313262,9.823644841972632,17.02596475194471,3.980365793243775e-06,1.7421940593033545,1.430983914693055,20.563920986650125,50.1856204473627,9.494336,7.11388,10.625197,77.33833,ACAMS09,54
2020-05-01 08:00:00,38.15,23.85,Athens CAMS station 13,1.5262709312749276,0.1455082196745378,9.06938602251226,16.233602420082086,1.479068523237717e-05,1.5789079995140731,1.5264384722207036,20.431992720274835,48.086276181831415,8.682442,7.2926173,5.0913267,84.932205,ACAMS13,58
2020-05-01 08:00:00,38.05,23.75,Athens CAMS station 17,2.015456265547321,-0.0680730228273974,9.53113571305524,16.63101940086158,4.0796309947387045e-06,1.4666536198797293,1.4584864494853569,20.397587269122884,49.69851752826057,12.4312935,10.1507435,21.737211,74.32897,ACAMS17,62
2020-05-01 08:00:00,38.05,23.55,Athens CAMS station 15,2.3285246908954305,-0.5543138618381267,10.30349973008312,17.072780277172843,1.6416211309148312e-06,1.9174655565848564,1.51784174940185,20.44742697863,52.16468400040989,8.153798,6.8235345,6.2540483,80.605354,ACAMS15,60
2020-05-01 08:00:00,38.051,23.538,ELEFSINA,2.3532793306022746,-0.5833081008845685,10.3163294730045,17.119094434524662,1.534648574423515e-06,1.917791797072457,1.5747855710592482,20.420783322866743,52.29638539321915,8.153798,20.0,21.0,80.605354,GR0038A,19
2020-05-01 08:00:00,38.021,23.688,PERISTERI,2.3418946740497564,-0.3300472602024242,10.207937559708927,17.452101691445776,1.3054183479085068e-06,0.7944412880463507,0.9252912537920416,20.770423453005613,50.79336056830047,31.0,8.898582,43.0,77.76717,GR0028A,12
2020-05-01 08:00:00,38.031,23.787,MAROUSI,2.0460405839073608,0.046788431530035,9.513486201730249,16.76024316207362,2.8227472473369324e-06,1.4929270144775,1.085429270759212,20.68845314628801,48.74780385422272,33.0,10.1507435,42.0,1.0,GR0022A,11
2020-05-01 08:00:00,37.932,23.713,SMYRNI,2.181632958745505,-0.2290781720771187,9.846335811735711,16.99999933034459,3.990574932799758e-06,1.58437155911548,1.3969676547400371,20.553293975558656,50.29387639469565,27.0,9.362464,57.0,77.11906,GR0031A,15
2020-05-01 08:00:00,37.901,23.879,KOROPI,2.4256301605856194,0.2632426625458118,9.72298553129415,17.511008441175335,8.63267455791932e-07,1.6912536882719706,2.297779549450784,21.04684907420205,48.34430208776065,21.0,9.788611,41.0,27.0,GR0120A,21
2020-05-01 08:00:00,37.97381,23.719069,CleanAir in Greece - Thiseio II,2.30628841158706,-0.2784638427978829,10.0969320734376,17.361763550943436,1.921223933364793e-06,1.006176403860651,0.99727361829941,20.760735211384382,50.462750149779005,78.0,28.0,,,CAGT02,93
2020-05-01 08:00:00,38.022263,23.737436,PANACEA_021,2.1825928056727584,-0.1737811116882858,9.851132458716496,17.045424948450183,2.619548555628492e-06,1.202848835821613,1.1693592559307358,20.62431770924876,50.064938246720914,12.4312935,10.1507435,21.737211,74.32897,PAN021,65
2020-05-01 08:00:00,38.04972,23.757725,ATH-ENVICARE-2,1.9961595900606013,-0.0438602492757986,9.490694886835124,16.611515461347242,4.265227648211868e-06,1.4870110990290049,1.4347387232101774,20.41473460968508,49.511828675793424,12.4312935,10.1507435,21.737211,74.32897,ATHEN02,85
2020-05-01 08:00:00,37.978336,23.727934,PPCITY21,2.286257923537989,-0.2511605014311544,10.04552385270202,17.30589066807469,2.030647588044456e-06,1.0670683057113146,1.022225648952894,20.747585096556804,50.33312273279091,78.0,28.0,25.0,2.0,PPCI21,83
2020-05-01 08:00:00,38.013317,23.647491,PANACEA_014,2.296426814777353,-0.4426031665439029,10.349866147429791,17.230800312267935,1.988631058690052e-06,1.5813408780003926,1.142138293606121,20.74714483685065,51.36805324373087,31.0,8.898582,43.0,77.76717,PAN014,99
2020-05-01 08:00:00,38.037506,23.686476,PANACEA_049,2.216927562660437,-0.2668162187388817,9.97216028160995,17.044211602793542,2.233582118461122e-06,1.2000085973733396,1.2720990769558722,20.53509611425949,50.741288147965335,31.0,8.898582,43.0,77.76717,PAN049,77
2020-05-01 08:00:00,37.961323,23.761395,PANACEA_047,2.227340676785348,-0.1166728392438423,9.810097028070777,17.072101332391934,2.522370319123114e-06,1.5190907192962566,1.143782974913966,20.719145761745065,49.6467416550833,12.1896515,9.362464,20.36142,77.11906,PAN047,75
2020-05-01 08:00:00,37.92956,23.69305,PANACEA_AirPaP_008,2.1625928783962447,-0.2436391558369722,9.84145565751809,16.968923244595924,4.253585622783456e-06,1.6083506337014697,1.4391967521207214,20.52555992454165,50.36660849969407,27.0,8.711827,57.0,78.92591,PANA08,81
2020-05-01 08:00:00,38.08363,23.700375,Ano Liosia (Perneri),1.9115854320686527,-0.0226446634767932,9.240987601931067,15.90992058863804,1.7624148306583598e-06,1.6801980845028592,2.2883887905878124,19.738018482012617,50.73184938871019,10.59167,8.898582,11.710587,77.76717,,89
2020-05-01 08:00:00,37.97721,23.783016,National Technical University of Athens,2.1626557227213348,0.0239738916646642,9.655100863959245,16.954538691833967,1.5897481929289426e-06,1.4957025027728883,0.9310794085124304,20.818940636160164,48.81629726431771,11.0,11.0,22.0,54.0,NTUA01,101
2020-05-01 08:00:00,38.00546,23.73234,PANACEA_029,2.2703221127092568,-0.2368646810462302,10.02357091079445,17.280954557860518,1.932214014010931e-06,0.997853295230707,1.0073534731768536,20.735860253542832,50.29179902852139,78.0,28.0,43.0,2.0,PAN029,68
2020-05-01 08:00:00,37.948063,23.72836,PANACEA_045,2.2325951636462067,-0.2177953656313275,9.90638778129034,17.11134194428888,3.1049417376635904e-06,1.460177648740423,1.2466263874506385,20.644522472218423,50.202456827737,12.1896515,9.362464,20.36142,77.11906,PAN045,73
2020-05-01 08:00:00,38.040443,23.833649,ATHENS_01,1.909827495944364,0.1070785561147972,9.392919050201185,16.672747900994647,4.488941752646779e-06,1.5964203882014498,1.2874652303676275,20.737232651995942,48.229433563845134,12.815328,9.293833,,,ATHN001,87
2020-05-01 08:00:00,37.813873,23.782408,PANACEA_006,2.1216190390119127,-0.1979379428605596,9.730035343655263,16.862509021856198,4.99375777842463e-06,1.7183441640061377,1.5729963230915658,20.459026590435247,50.2074007932791,9.494336,7.11388,10.625197,77.33833,PAN006,98
2020-05-01 08:00:00,37.978,23.727,ATHINAS,2.289390436706892,-0.2549311999413228,10.053220258755312,17.314811127626022,2.008856877700463e-06,1.0560269974877392,1.0173822576819038,20.75001435987205,50.35100760128916,78.0,28.0,25.0,2.0,GR0027A,9
2020-05-01 08:00:00,37.99345,23.744556,PANACEA_001,2.217485306452794,-0.1646523010840017,9.885187191691289,17.128204815128612,2.3062909281605817e-06,1.2358312798060105,1.0784947814604655,20.713096229979865,49.9080180925712,78.0,28.0,43.0,2.0,PAN001,95
2020-05-01 08:00:00,38.056435,23.840101,PANACEA_004,1.8086323221981548,0.1249906692436609,9.290977150422323,16.54379940865149,5.83770492566188e-06,1.6135013380120302,1.363045297770128,20.66627699713785,48.112281946320095,12.815328,9.293833,14.18023,83.5565,PAN004,96
2020-05-01 08:00:00,38.037838,23.826132,PANACEA_AirPaP_001,1.944049956719041,0.0945971290646442,9.415303161181994,16.688314556684595,4.0759262922485655e-06,1.574641083643673,1.2373123475005672,20.71937580159803,48.34938075751938,12.815328,9.293833,14.18023,83.5565,PANA01,78
2020-05-01 08:00:00,38.04067,23.684368,PANACEA_048,2.1947065409043223,-0.2569860296980147,9.93067777652809,16.965702888158685,2.3659776621263087e-06,1.2722221933100348,1.3405724190081751,20.48626023273808,50.7546894785517,31.0,8.898582,43.0,77.76717,PAN048,76
2020-05-01 08:00:00,37.97312,23.718056,PANACEA_000,2.3068305145772205,-0.2802606263570449,10.099090257379697,17.36296916350467,1.9273479412421573e-06,1.0070377731344695,0.9984909594821384,20.76024056998277,50.471602066434286,78.0,28.0,25.0,2.0,PAN000,94
2020-05-01 08:00:00,37.871895,23.755962,PANACEA_022,2.3146446233760534,-0.203575058782439,9.88448034793116,17.13663672373091,3.3267148588562764e-06,1.7761888950000602,1.3252874101164185,20.62576899914832,50.18929107726683,9.494336,7.11388,10.625197,77.33833,PAN022,67
2020-05-01 08:00:00,37.97673,23.7298,ATH-ENVICARE-0,2.2755465210375583,-0.2401693933171547,10.019010159613948,17.27263253953013,2.1452628907084e-06,1.1194538730438022,1.0473287132250058,20.73616102226965,50.28164934250795,78.0,28.0,25.0,2.0,ATHEN01,84
2020-05-01 08:00:00,37.988132,23.72989,PPCITY12,2.29391299645665,-0.2540781713414649,10.064911005190346,17.337100129545213,1.8419896688252112e-06,0.9881114290173936,0.9814871444213924,20.76327072907212,50.34610960157259,78.0,28.0,43.0,2.0,PPCI12,82
2020-05-01 08:00:00,38.132057,23.789848,PANACEA_032,1.6570112480835535,0.0916382851093896,8.912219655842554,16.01986993425146,1.0061014896843266e-05,1.6033413092190727,1.7997549885243669,20.012659964799,48.80472294357335,15.0,10.0,6.0,65.0,PAN032,69
2020-05-01 08:00:00,38.034657,23.702152,PANACEA_019,2.2353934797146464,-0.2574762579264653,9.98798655995627,17.132362819635894,2.1074472514820256e-06,1.0719712955348968,1.1825646332995638,20.59225158728577,50.61422539332749,31.0,10.1507435,43.0,74.32897,PAN019,100
2020-05-01 08:00:00,38.00266,23.763859,PANACEA_AirPaP_002,2.142192258651152,-0.031945748334529,9.685757567708611,16.939517267258992,2.184358084772795e-06,1.414659092123937,1.0333682362995733,20.73550753127608,49.175542864721336,78.0,28.0,43.0,1.0,PANA02,79
2020-05-01 08:00:00,37.9357,23.644547,PANACEA_038,2.2184851715633656,-0.3514626380066149,10.03317337025316,17.09555702288685,3.602607465540912e-06,1.677918111037875,1.3477376871459477,20.60793868425704,50.752082793597474,10.143346,8.711827,15.036061,78.92591,PAN038,71
2020-05-01 08:00:00,37.933243,23.757456,PANACEA_046,2.306993693891593,-0.1733020295195399,9.884311084199556,17.153964463553923,2.7751535530753475e-06,1.667597673751127,1.216254045874894,20.68726964753189,49.99385010492364,12.1896515,9.362464,20.36142,77.11906,PAN046,74
2020-05-01 08:00:00,37.97081,23.748861,PANACEA_039,2.222077530625186,-0.1523822437330446,9.856456932039457,17.10043172521522,2.5282971572990443e-06,1.393490141632762,1.1331484918422434,20.7069287961694,49.83695593034965,12.1896515,9.362464,25.0,2.0,PAN039,72
2020-05-01 08:00:00,37.974033,23.718441,CleanAir in Greece - Thiseio,2.309255916983065,-0.2812188744137969,10.103926239067905,17.370762445654798,1.8895007309904733e-06,0.9928538691495674,0.9902788113824172,20.76415157952305,50.4751007112729,78.0,28.0,,,CAGT01,92
2020-05-01 08:00:00,38.090866,23.72522,PANACEA_020,1.908799835912804,-0.0301535063182698,9.274040677603388,16.051472926755324,3.173805973521726e-06,1.6413545696816814,2.1134969053445705,19.86863716870927,50.44934108072714,12.4312935,10.1507435,21.737211,74.32897,PAN020,66
2020-05-01 08:00:00,38.01869,23.810574,PANACEA_005,2.0884081145650364,0.1039104916535065,9.535794652065166,16.843106335666448,1.5145935678592568e-06,1.4800516585540082,0.8602366852924154,20.847872903546488,48.32964636821816,33.0,11.0,42.0,1.0,PAN005,97
2020-05-01 08:00:00,37.95576,23.667692,PANACEA_AirPaP_006,2.2522176863261967,-0.334861936425422,10.082394461298293,17.18502410535512,2.9345882426299004e-06,1.4580713854728238,1.225856636117074,20.66431578492037,50.73167048950348,10.143346,8.711827,15.036061,78.92591,PANA06,80
2020-05-01 08:00:00,38.053745,23.741959,PANACEA_037,2.0191520548492274,-0.0848592959335639,9.541336480555248,16.603872609702815,3.975393057853989e-06,1.4640551981183862,1.521084133566801,20.34657741044317,49.88778037790683,12.4312935,10.1507435,21.737211,74.32897,PAN037,70
2020-05-01 08:00:00,37.98204,23.79478,ATHENS_02,2.1438970790482923,0.0874229056886475,9.596048281306148,16.914782092263952,9.304257840267652e-07,1.4693813629153871,0.7854588208884012,20.878161335512168,48.43159742616873,11.0,11.0,,,ATHN002,88
2020-05-01 08:00:00,37.989967,23.708792,ATH-ENVICARE-3,2.4285106097977933,-0.3611075140059239,10.351307101810152,17.731727983738644,5.386858250861813e-07,0.4504962808933257,0.6839793909126863,20.919471763574776,50.80219494348453,78.0,28.0,,,ATHEN023,86
2020-05-01 09:00:00,37.85,23.75,Athens CAMS station 9,2.2835118602825544,0.3343413287035511,9.143160445367288,17.31536261786671,9.00893848395173e-06,1.7421940593033545,1.430983914693055,21.92637994499104,44.09759154282924,8.552368,6.8477774,7.949052,88.6784,ACAMS09,54
2020-05-01 09:00:00,38.05,23.55,Athens CAMS station 15,2.335897023971372,-0.1456429128576069,9.648797516606008,17.366305439487842,4.233106372089881e-06,1.9174655565848564,1.51784174940185,21.86262725654096,45.77095530576849,7.3824453,5.7300615,4.81704,85.377426,ACAMS15,60
2020-05-01 09:00:00,38.05,23.95,Athens CAMS station 19,1.9329574335229407,0.7759235647987676,8.634485010208037,17.048509283151212,1.2918842729919604e-05,1.696475456076252,1.3528604971282276,22.46717102018001,41.24610357587717,12.5419235,9.201283,10.594278,86.149704,ACAMS19,64
2020-05-01 09:00:00,38.15,23.95,Athens CAMS station 14,1.630350498391503,0.7000939549680794,8.545367146967218,16.75664411646158,3.055757286990051e-05,1.5880967633319794,1.1089891789229993,22.22630758611291,41.5829936658192,10.382641,7.3954034,6.372773,92.15563,ACAMS14,59
2020-05-01 09:00:00,38.15,23.65,Athens CAMS station 1,2.022960966528833,0.2900399823817705,8.774277938647847,16.359562392766886,1.1952407875301147e-05,1.641678904014771,2.17278116974574,21.126245581107,45.14418102668059,7.317871,5.7820272,3.310476,90.017624,ACAMS01,46
2020-05-01 09:00:00,37.85,23.65,Athens CAMS station 8,2.207154174560862,0.2090943530256856,9.144368776596425,17.246045264727424,1.0236764719401425e-05,1.720713782582773,1.5040863912845843,21.87522221313578,44.24480742914824,8.268265,6.541171,9.736081,88.55747,ACAMS08,53
2020-05-01 09:00:00,37.95,23.95,Athens CAMS station 6,2.2329499488938365,0.8117096734245761,8.813749937610305,17.393921033363778,6.697736586046441e-06,1.7395806292802207,1.7717313728384856,22.41059691073428,41.89414895249496,13.775482,10.200203,12.919436,82.62456,ACAMS06,51
2020-05-01 09:00:00,38.05,23.65,Athens CAMS station 16,2.249229642598017,0.1537452425356445,9.34705214140472,17.11128045355853,5.943102618465298e-06,1.6281121144126298,1.4789325668404052,21.81065244995152,44.99563385760542,8.827632,7.45807,8.9853325,84.64437,ACAMS16,61
2020-05-01 09:00:00,38.05,23.85,Athens CAMS station 18,1.9971340266883577,0.6978469793496043,8.625890102942435,16.93067473417485,1.1791149268883354e-05,1.632280150057613,1.3417529799496402,22.17720155094468,41.945164060913605,12.6192875,10.0259495,13.533711,93.185326,ACAMS18,63
2020-05-01 09:00:00,37.988,23.728,ARISTOTELOUS,2.3803530875847763,0.2937062994137587,9.42370379905643,17.67663816925447,4.449499111071272e-06,0.9463073328551248,0.9607956524395318,22.152516949287268,44.290768089782055,59.0,36.0,46.0,3.0,GR0003A,10
2020-05-01 09:00:00,38.15,23.85,Athens CAMS station 13,1.6672369792188544,0.6317002832484022,8.402970252046872,16.536224618460906,3.11727156408877e-05,1.5789079995140731,1.5264384722207036,21.78266339234218,42.30995694591668,9.852377,8.091302,6.6906524,94.010704,ACAMS13,58
2020-05-01 09:00:00,38.15,23.55,Athens CAMS station 0,2.155452790465564,0.0822582440721316,9.032951286993075,16.46066390166327,5.708186388413367e-06,1.698095206594515,2.244492581901622,21.053157606625746,46.14811485322328,6.766973,5.027381,3.4292717,88.87108,ACAMS00,45
2020-05-01 09:00:00,37.95,23.75,Athens CAMS station 4,2.324411372266351,0.398491833079215,9.178239873871515,17.400242201721618,6.630101992385321e-06,1.5359975948527655,1.2062477123451345,22.04669728649234,43.86854360988478,10.733848,8.29063,13.970941,86.88588,ACAMS04,49
2020-05-01 09:00:00,38.05,23.75,Athens CAMS station 17,2.1401788395037435,0.4559876141099748,8.87122155514094,16.928468827082142,9.15075624518635e-06,1.4666536198797293,1.4584864494853569,21.78610914857437,43.65231162763924,10.136765,8.937142,14.831745,85.84015,ACAMS17,62
2020-05-01 09:00:00,38.144,23.758,THRAKOMAKEDONES,1.850973301296253,0.4918935412183325,8.43636921925058,16.358453402423223,2.259720004551548e-05,1.589227506066381,2.024258730333733,21.28967809459135,43.69119225142757,10.0,9.0,7.0,61.0,GR0037A,18
2020-05-01 09:00:00,37.85,23.55,Athens CAMS station 7,2.292248349470197,-0.1051833028670631,9.31055595960103,17.599928085174934,8.795939623434093e-06,1.844812100628988,1.3615905081541333,21.959443294337586,44.50331618245892,8.073377,5.909751,4.6836495,92.48334,ACAMS07,52
2020-05-01 09:00:00,37.95,23.65,Athens CAMS station 3,2.2922801007983504,0.1177582013706794,9.455497695480698,17.461449837465466,7.302394809709166e-06,1.6227480476558742,1.2714026933618012,22.04656741152652,44.69533159207298,9.069643,7.410765,11.054724,86.980606,ACAMS03,48
2020-05-01 09:00:00,37.95,23.55,Athens CAMS station 2,2.3950541506192686,-0.3196886809748038,9.731227431346165,17.91748108166143,5.583193630380317e-06,1.9968304557850507,1.1420060947518385,22.178102908960625,45.1542665112206,7.567016,5.5312448,6.892144,88.24576,ACAMS02,47
2020-05-01 09:00:00,37.95,23.85,Athens CAMS station 5,2.3167304104149,0.6920015684776963,8.951098212064892,17.41744354780264,5.61643832879755e-06,1.7195266780494265,1.4504007912504344,22.28083664445794,42.60948504642857,11.728722,8.2807255,12.749639,85.55104,ACAMS05,50
2020-05-01 09:00:00,37.85,23.85,Athens CAMS station 10,2.342040926936129,0.5105030176695033,9.086592324786592,17.41563255421651,7.5899886531006525e-06,1.752359885063307,1.5825865353705306,22.028923640076467,43.654750154653314,8.829764,7.0438943,6.5407634,88.96437,ACAMS10,55
2020-05-01 09:00:00,37.85,23.95,Athens CAMS station 11,2.2937730422471825,0.6157836457722493,8.974307438099368,17.379162934462318,7.933087597044859e-06,1.7054827108664927,1.8063689808379964,22.07957109986796,43.19727905881045,10.760053,7.2774,8.614947,86.83137,ACAMS11,56
2020-05-01 09:00:00,38.15,23.75,Athens CAMS station 12,1.8503163031710408,0.4721906890962135,8.451227522567182,16.335582790462468,2.2999916802055257e-05,1.584956209542517,2.1004858209124166,21.230654317548986,43.89341920344977,7.9897604,6.247383,5.002456,88.9873,ACAMS12,57
2020-05-01 09:00:00,37.995,23.819,PARASKEVI,2.279712805627037,0.7275799681302464,8.829156937564365,17.194426779139306,3.0799550526120285e-06,1.484276500239908,0.8192746088945874,22.26785923215373,42.24580759415067,10.0,9.0,14.0,65.0,GR0039A,20
2020-05-01 09:00:00,38.051,23.538,ELEFSINA,2.350048819102469,-0.1842581713027808,9.65574056076792,17.40778733858763,4.01924819429459e-06,1.917791797072457,1.5747855710592482,21.83640461965292,45.86661965342247,7.3824453,11.0,23.0,85.377426,GR0038A,19
2020-05-01 09:00:00,37.901,23.879,KOROPI,2.530083377309436,1.0224919498659333,8.948878755754485,17.776498469767144,2.638363147515964e-06,1.6912536882719706,2.297779549450784,22.30705988309346,42.48644406911112,32.0,8.2807255,34.0,37.0,GR0120A,21
2020-05-01 09:00:00,37.932,23.713,SMYRNI,2.24464751207502,0.2847851173528297,9.17177753364075,17.295240803427177,9.031007659902904e-06,1.58437155911548,1.3969676547400371,21.930116224002656,44.17144178621894,28.0,8.29063,49.0,86.88588,GR0031A,15
2020-05-01 09:00:00,38.031,23.787,MAROUSI,2.1955654549709247,0.623944496148079,8.808143954132342,17.059574080576215,6.595637904686709e-06,1.4929270144775,1.085429270759212,22.065704148204983,42.72403002215486,34.0,8.937142,15.0,43.0,GR0022A,11
2020-05-01 09:00:00,38.021,23.688,PERISTERI,2.409026449720728,0.218778846223186,9.555129442906482,17.763699323630824,3.550427149267825e-06,0.7944412880463507,0.9252912537920416,22.1553214000069,44.66393619878789,34.0,7.45807,46.0,84.64437,GR0028A,12
2020-05-01 09:00:00,37.97721,23.783016,National Technical University of Athens,2.29829413776776,0.6282689289071836,8.936971898859172,17.253703442632037,4.114106346693341e-06,1.4957025027728883,0.9310794085124304,22.18785532153517,42.77495528498725,10.0,9.0,14.0,65.0,NTUA01,101
2020-05-01 09:00:00,38.132057,23.789848,PANACEA_032,1.817469668830747,0.5813982925720232,8.273478685811973,16.312424651409422,2.133398289611573e-05,1.6033413092190727,1.7997549885243669,21.39291607702084,42.929172344595685,10.0,9.0,7.0,61.0,PAN032,69
2020-05-01 09:00:00,37.98204,23.79478,ATHENS_02,2.300070928411623,0.7066548524990109,8.863988081190127,17.215978332919985,2.777875971437656e-06,1.4693813629153871,0.7854588208884012,22.24959984505097,42.39044388722508,10.0,9.0,,,ATHN002,88
2020-05-01 09:00:00,37.988132,23.72989,PPCITY12,2.3710846174181075,0.3039616589318279,9.39726905856029,17.644107777079036,4.639404740650053e-06,0.9881114290173936,0.9814871444213924,22.14172279002088,44.24309888107996,59.0,36.0,46.0,3.0,PPCI12,82
2020-05-01 09:00:00,37.92956,23.69305,PANACEA_AirPaP_008,2.223209639123239,0.2567511214584146,9.168470237150808,17.264310084574582,9.570909818832743e-06,1.6083506337014697,1.4391967521207214,21.905980941245417,44.22913931792583,28.0,7.410765,49.0,86.980606,PANA08,81
2020-05-01 09:00:00,37.95576,23.667692,PANACEA_AirPaP_006,2.3061137762947057,0.1712348036852743,9.41994035309889,17.487995455442814,6.876282837021827e-06,1.4580713854728238,1.225856636117074,22.048246163118947,44.579765271578914,9.069643,7.410765,11.054724,86.980606,PANA06,80
2020-05-01 09:00:00,37.948063,23.72836,PANACEA_045,2.3021187631062854,0.3231316724499311,9.23062985104042,17.408907476508947,7.216047263155464e-06,1.460177648740423,1.2466263874506385,22.0170601683058,44.10336334172639,10.733848,8.29063,13.970941,86.88588,PAN045,73
2020-05-01 09:00:00,38.040443,23.833649,ATHENS_01,2.076307830750556,0.6698336502516735,8.682200800083917,16.970335250222043,9.904810421964351e-06,1.5964203882014498,1.2874652303676275,22.11288791333484,42.26116858389195,12.6192875,10.0259495,,,ATHN001,87
2020-05-01 09:00:00,38.022263,23.737436,PANACEA_021,2.2800010263260826,0.3710829120217876,9.184367162716212,17.348636459632058,6.208064240102672e-06,1.202848835821613,1.1693592559307358,22.00738195709334,43.97966537207891,10.136765,8.937142,14.831745,85.84015,PAN021,65
2020-05-01 09:00:00,37.97381,23.719069,CleanAir in Greece - Thiseio II,2.376184350948212,0.2744261667764517,9.430972863985756,17.668517161451973,4.804866126498284e-06,1.006176403860651,0.99727361829941,22.138985263558,44.351222893626826,59.0,36.0,,,CAGT02,93
2020-05-01 09:00:00,38.090866,23.72522,PANACEA_020,2.061889831574183,0.4503141853681979,8.670533928428908,16.3406068658922,7.279779393311912e-06,1.6413545696816814,2.1134969053445705,21.28772092517216,44.3762605934351,10.136765,8.937142,14.831745,85.84015,PAN020,66
2020-05-01 09:00:00,37.978336,23.727934,PPCITY21,2.361542714608712,0.3038315646192029,9.37654187488582,17.611443324833402,5.024512877308512e-06,1.0670683057113146,1.022225648952894,22.125065967802083,44.22967305360659,59.0,36.0,28.0,3.0,PPCI21,83
2020-05-01 09:00:00,37.9357,23.644547,PANACEA_038,2.264613274273984,0.1327766984699221,9.36756363610782,17.39484995233281,8.24236701715026e-06,1.677918111037875,1.3477376871459477,21.9937862062016,44.580663141306296,9.069643,7.410765,11.054724,86.980606,PAN038,71
2020-05-01 09:00:00,38.04067,23.684368,PANACEA_048,2.278198840009864,0.2534950914655783,9.287507008718368,17.269239338695257,5.695267190500335e-06,1.2722221933100348,1.3405724190081751,21.88208182685458,44.617139213331285,34.0,7.45807,46.0,84.64437,PAN048,76
2020-05-01 09:00:00,37.97081,23.748861,PANACEA_039,2.3119822067338527,0.4113320765540748,9.172228176415466,17.399647748666307,6.030040783583213e-06,1.393490141632762,1.1331484918422434,22.078238151186795,43.76271799964672,10.733848,8.29063,28.0,3.0,PAN039,72
2020-05-01 09:00:00,38.01869,23.810574,PANACEA_005,2.2517151887212727,0.7126346746643687,8.806173467056112,17.1442664124829,3.947083791029042e-06,1.4800516585540082,0.8602366852924154,22.222112324789805,42.29946923018336,34.0,9.0,15.0,43.0,PAN005,97
2020-05-01 09:00:00,38.053745,23.741959,PANACEA_037,2.141104567376592,0.4318542999707526,8.889090255000639,16.901041430813695,8.942059161574316e-06,1.4640551981183862,1.521084133566801,21.73850498649778,43.83040862833668,10.136765,8.937142,14.831745,85.84015,PAN037,70
2020-05-01 09:00:00,37.974033,23.718441,CleanAir in Greece - Thiseio,2.378814156661744,0.2719331687912606,9.43831110161442,17.677765156931805,4.740475581898031e-06,0.9928538691495674,0.9902788113824172,22.142507837675687,44.36297280933636,59.0,36.0,,,CAGT01,92
2020-05-01 09:00:00,37.989967,23.708792,ATH-ENVICARE-3,2.489702293532788,0.2144276598660168,9.69456338625045,18.047926552320707,1.99546620616219e-06,0.4504962808933257,0.6839793909126863,22.298774887148102,44.68109504346554,59.0,36.0,,,ATHEN023,86
2020-05-01 09:00:00,37.978,23.727,ATHINAS,2.3639892667468074,0.2999504312343719,9.384685310432388,17.620569014822696,4.980530549436621e-06,1.0560269974877392,1.0173822576819038,22.12760139977632,44.24655729789463,59.0,36.0,28.0,3.0,GR0027A,9
2020-05-01 09:00:00,37.99345,23.744556,PANACEA_001,2.3122712721575645,0.3953776238370831,9.206237828941902,17.43095794107022,5.576517654691256e-06,1.2358312798060105,1.0784947814604655,22.0900297740086,43.82591035264527,59.0,36.0,46.0,3.0,PAN001,95
2020-05-01 09:00:00,38.056435,23.840101,PANACEA_004,1.9846373830256072,0.6680207458126631,8.591611988984196,16.841289549018395,1.262543777471467e-05,1.6135013380120302,1.363045297770128,22.04356411099532,42.18286372166578,12.6192875,10.0259495,13.533711,93.185326,PAN004,96
2020-05-01 09:00:00,37.933243,23.757456,PANACEA_046,2.369930438139652,0.4105333068271323,9.200157190822123,17.44474957793641,6.538443441035996e-06,1.667597673751127,1.216254045874894,22.039664462904256,43.95122672196863,10.733848,8.29063,13.970941,86.88588,PAN046,74
2020-05-01 09:00:00,37.97312,23.718056,PANACEA_000,2.3762714073688844,0.2721223781449486,9.43330079735642,17.669728284906167,4.81761833057353e-06,1.0070377731344695,0.9984909594821384,22.13855426447975,44.35932701673337,59.0,36.0,28.0,3.0,PAN000,94
2020-05-01 09:00:00,38.037506,23.686476,PANACEA_049,2.297896732261773,0.2502652206785846,9.32671121460743,17.34896981060683,5.428241546697623e-06,1.2000085973733396,1.2720990769558722,21.928709854360875,44.60657485428026,34.0,7.45807,46.0,84.64437,PAN049,77
2020-05-01 09:00:00,37.961323,23.761395,PANACEA_047,2.3192410222198205,0.4607257416968977,9.118512763721917,17.368231736660373,6.0151403446835565e-06,1.5190907192962566,1.143782974913966,22.0837827708326,43.59210512217412,10.733848,8.29063,13.970941,86.88588,PAN047,75
2020-05-01 09:00:00,37.871895,23.755962,PANACEA_022,2.3619663681605907,0.3686363264854767,9.203668109203806,17.424012829024676,7.673545075069029e-06,1.7761888950000602,1.3252874101164185,21.97546519350816,44.137273590471416,8.552368,6.8477774,7.949052,88.6784,PAN022,67
2020-05-01 09:00:00,38.08363,23.700375,Ano Liosia (Perneri),2.079329129053905,0.4528136772663675,8.65567784195401,16.19607997331055,4.3768800793804514e-06,1.6801980845028592,2.2883887905878124,21.169593492295725,44.6403979360182,8.827632,7.45807,8.9853325,84.64437,,89
2020-05-01 09:00:00,38.00546,23.73234,PANACEA_029,2.353384965185207,0.3190092001566816,9.357139339287333,17.587859770810475,4.819227795931364e-06,0.997853295230707,1.0073534731768536,22.11620477906279,44.192555315056055,59.0,36.0,46.0,3.0,PAN029,68
2020-05-01 09:00:00,37.97673,23.7298,ATH-ENVICARE-0,2.352126840020777,0.3142133775696885,9.348471222120452,17.577206823707108,5.257136009720377e-06,1.1194538730438022,1.0473287132250058,22.11308157982381,44.18078044323988,59.0,36.0,28.0,3.0,ATHEN01,84
2020-05-01 09:00:00,38.034657,23.702152,PANACEA_019,2.3181375591651587,0.2736905374530974,9.338352260761962,17.438255200224255,5.172141183430416e-06,1.0719712955348968,1.1825646332995638,21.98204099735554,44.49475072428172,34.0,8.937142,46.0,85.84015,PAN019,100
2020-05-01 09:00:00,37.813873,23.782408,PANACEA_006,2.183153414868275,0.3004291792489003,9.05175396275836,17.1536556650587,1.1084536421421457e-05,1.7183441640061377,1.5729963230915658,21.83534016406599,44.08077581736525,8.552368,6.8477774,7.949052,88.6784,PAN006,98
2020-05-01 09:00:00,38.013317,23.647491,PANACEA_014,2.342745923864354,0.0428440048138311,9.709427317692963,17.543334306438414,4.941874315361231e-06,1.5813408780003926,1.142138293606121,22.13961529704732,45.18894631647501,34.0,7.45807,46.0,84.64437,PAN014,99
2020-05-01 09:00:00,38.04972,23.757725,ATH-ENVICARE-2,2.1265513194127013,0.4844142837235943,8.82583817696014,16.908685827258854,9.52088902524294e-06,1.4870110990290049,1.4347387232101774,21.80135771500855,43.47898731988474,10.136765,8.937142,14.831745,85.84015,ATHEN02,85
2020-05-01 09:00:00,38.00266,23.763859,PANACEA_AirPaP_002,2.268779689317015,0.5470571127508559,8.984739444948968,17.240054746175453,5.321333553756321e-06,1.414659092123937,1.0333682362995733,22.110861393282427,43.12079665587197,59.0,36.0,46.0,43.0,PANA02,79
2020-05-01 09:00:00,38.037838,23.826132,PANACEA_AirPaP_001,2.106620540270367,0.6618971145399275,8.705717804941004,16.98612165268034,9.085186645434738e-06,1.574641083643673,1.2373123475005672,22.09509820581465,42.36828686033477,12.6192875,10.0259495,13.533711,93.185326,PANA01,78
2020-05-01 10:00:00,38.05,23.85,Athens CAMS station 18,2.1976648515955817,1.1148275655122917,7.916413926301523,17.27589629526245,1.2685171532195062e-05,1.632280150057613,1.3417529799496402,23.17003932323278,37.63469714971379,9.6210785,7.944563,7.632556,101.59225,ACAMS18,63
2020-05-01 10:00:00,38.15,23.65,Athens CAMS station 1,2.2076429149657697,0.6792745587569698,8.097922525165435,16.70960010967329,1.2861741750707022e-05,1.641678904014771,2.17278116974574,22.200109999380647,40.37445066184292,6.7503433,5.621614,2.7759502,95.52844,ACAMS01,46
2020-05-01 10:00:00,37.85,23.85,Athens CAMS station 10,2.497797830666824,1.0578730918747772,8.371935105553966,17.752029128760185,8.146403391580432e-06,1.752359885063307,1.5825865353705306,23.005039840342192,39.19671397597956,7.9508195,6.581507,3.6483154,99.282814,ACAMS10,55
2020-05-01 10:00:00,37.988,23.728,ARISTOTELOUS,2.5587839828652377,0.8294665905848462,8.731026411851943,18.044265078073053,4.7405995380994745e-06,0.9463073328551248,0.9607956524395318,23.17247808865899,39.72999079760005,56.0,27.0,37.0,6.0,GR0003A,10
2020-05-01 10:00:00,38.15,23.95,Athens CAMS station 14,1.7848061691693051,0.9844946863645258,7.873608854941164,17.111460890959997,3.305275436626088e-05,1.5880967633319794,1.1089891789229993,23.213915315570222,37.4129835536571,11.871168,7.0675397,5.0476265,94.599556,ACAMS14,59
2020-05-01 10:00:00,37.995,23.819,PARASKEVI,2.501891538719112,1.269180705715537,8.070390678530842,17.54455832449622,3.2587166881384422e-06,1.484276500239908,0.8192746088945874,23.253873655970875,37.79826169921469,12.0,10.0,8.0,66.0,GR0039A,20
2020-05-01 10:00:00,38.05,23.75,Athens CAMS station 17,2.335097926141347,0.9083760835263353,8.183599878407021,17.27811900049822,9.817976220659051e-06,1.4666536198797293,1.4584864494853569,22.805367662527075,39.15686645506089,9.35704,7.682284,7.8446317,99.303955,ACAMS17,62
2020-05-01 10:00:00,38.15,23.85,Athens CAMS station 13,1.8242275562032304,0.9306083904519602,7.739358825830984,16.8848992502212,3.3722369743931395e-05,1.5789079995140731,1.5264384722207036,22.78127496056649,38.0534918059707,9.334189,7.979099,6.212007,97.75201,ACAMS13,58
2020-05-01 10:00:00,37.95,23.75,Athens CAMS station 4,2.490869348909895,0.9218063762002032,8.477421769283223,17.750396616993683,7.103892338993863e-06,1.5359975948527655,1.2062477123451345,23.04905412220429,39.3662045032491,9.294712,7.2616887,7.589671,98.171776,ACAMS04,49
2020-05-01 10:00:00,37.95,23.65,Athens CAMS station 3,2.433481704040708,0.5778136700654062,8.783479849560564,17.822677772541304,7.832459186750996e-06,1.6227480476558742,1.2714026933618012,23.080663575258782,40.11247220474058,8.388798,6.080191,8.950616,96.330376,ACAMS03,48
2020-05-01 10:00:00,38.15,23.55,Athens CAMS station 0,2.310170288196898,0.470129379471806,8.326643930923966,16.804148413811124,6.095216084172195e-06,1.698095206594515,2.244492581901622,22.149729576156982,41.13282300879558,5.808874,4.533272,2.621265,92.08317,ACAMS00,45
2020-05-01 10:00:00,37.85,23.75,Athens CAMS station 9,2.429050468171099,0.8299208847691238,8.450352075253905,17.659374416455574,9.684072396746556e-06,1.7421940593033545,1.430983914693055,22.93323613934616,39.57731062717988,7.748912,6.4344106,6.146463,99.381134,ACAMS09,54
2020-05-01 10:00:00,37.85,23.65,Athens CAMS station 8,2.3442817303348176,0.6464904049544022,8.458351482564057,17.593856766882126,1.1014568861643114e-05,1.720713782582773,1.5040863912845843,22.906141071892087,39.667519660454325,7.6550064,6.280674,9.390798,99.381744,ACAMS08,53
2020-05-01 10:00:00,37.95,23.95,Athens CAMS station 6,2.4239175744543373,1.3448619164720437,8.05646067593133,17.727415724382464,7.170605807177006e-06,1.7395806292802207,1.7717313728384856,23.367158992161457,37.55867770982858,12.038913,7.741916,7.67224,95.08942,ACAMS06,51
2020-05-01 10:00:00,38.05,23.65,Athens CAMS station 16,2.419049862484363,0.6014395948528474,8.675820912515789,17.471823723209777,6.339241005861667e-06,1.6281121144126298,1.4789325668404052,22.859797888798976,40.34120028523324,8.3614,6.6073995,7.056924,95.85132,ACAMS16,61
2020-05-01 10:00:00,38.05,23.95,Athens CAMS station 19,2.1293094443236025,1.1719011819180811,7.916923473215752,17.394411398941884,1.3904900560409776e-05,1.696475456076252,1.3528604971282276,23.451069608279347,37.01263904269307,13.205936,8.577937,8.24736,94.58457,ACAMS19,64
2020-05-01 10:00:00,38.15,23.75,Athens CAMS station 12,2.0265341582263674,0.8288010983839316,7.790179703777921,16.680701518675978,2.4854370093873275e-05,1.584956209542517,2.1004858209124166,22.26373761241373,39.39249443904891,7.76227,6.464101,3.8172753,96.363846,ACAMS12,57
2020-05-01 10:00:00,38.144,23.758,THRAKOMAKEDONES,2.029212757326812,0.8481684887298476,7.774875031752974,16.70230265148088,2.4413321677249723e-05,1.589227506066381,2.024258730333733,22.3173998978136,39.22365864676661,10.0,7.0,5.0,64.0,GR0037A,18
2020-05-01 10:00:00,37.95,23.85,Athens CAMS station 5,2.5007875414683016,1.249786884881973,8.211871075819717,17.755005359775883,6.002111239418606e-06,1.7195266780494265,1.4504007912504344,23.245738842761668,38.22799290005759,10.042316,7.6963205,6.2584944,100.37672,ACAMS05,50
2020-05-01 10:00:00,37.85,23.95,Athens CAMS station 11,2.459857398442601,1.1536547673496211,8.242204881136114,17.71260683168065,8.517569191575442e-06,1.7054827108664927,1.8063689808379964,23.04725507097288,38.75831910758285,8.371972,6.9890604,3.0654147,97.708405,ACAMS11,56
2020-05-01 10:00:00,37.95,23.55,Athens CAMS station 2,2.467422792597014,0.09510348948809,9.071980389084784,18.2725025352086,5.971133902379914e-06,1.9968304557850507,1.1420060947518385,23.24126064375924,40.494567388260194,6.2894287,4.8080425,6.405299,97.997925,ACAMS02,47
2020-05-01 10:00:00,37.85,23.55,Athens CAMS station 7,2.3813774650676724,0.3077844356209232,8.639997957304061,17.942905866382034,9.453741273046542e-06,1.844812100628988,1.3615905081541333,23.011334433046592,39.89469879857471,7.699515,5.9067016,4.814014,102.92356,ACAMS07,52
2020-05-01 10:00:00,38.05,23.55,Athens CAMS station 15,2.4546054353484714,0.2696864717086205,8.965058700089948,17.721535897592766,4.500771438262112e-06,1.9174655565848564,1.51784174940185,22.93213757232642,40.95550795823059,6.327457,5.201445,4.7571244,94.015274,ACAMS15,60
2020-05-01 10:00:00,38.051,23.538,ELEFSINA,2.4596954088885505,0.2257996017770525,8.965216608058618,17.758625870897305,4.271034232904132e-06,1.917791797072457,1.5747855710592482,22.908070149196124,41.0159197221569,6.327457,17.0,18.0,94.015274,GR0038A,19
2020-05-01 10:00:00,38.031,23.787,MAROUSI,2.404135137183051,1.1185446370170644,8.081135588887435,17.408792945941173,7.0629362030197e-06,1.4929270144775,1.085429270759212,23.06389644708037,38.27626722292867,18.0,7.682284,9.0,56.0,GR0022A,11
2020-05-01 10:00:00,38.021,23.688,PERISTERI,2.5878718873793463,0.7573536710124041,8.871726249055873,18.137394147951884,3.763323013365228e-06,0.7944412880463507,0.9252912537920416,23.18431970699519,40.069769507342514,42.0,6.6073995,43.0,95.85132,GR0028A,12
2020-05-01 10:00:00,37.932,23.713,SMYRNI,2.396399591237206,0.7542261798988557,8.481751713295914,17.646205240881265,9.707044771627292e-06,1.58437155911548,1.3969676547400371,22.951725602242966,39.61586773370728,26.0,7.2616887,57.0,98.171776,GR0031A,15
2020-05-01 10:00:00,37.901,23.879,KOROPI,2.714820170586324,1.722741404163947,8.158447797887193,18.088413298836585,2.781810940448476e-06,1.6912536882719706,2.297779549450784,23.190064441418897,38.17050336606436,49.0,7.6963205,34.0,40.0,GR0120A,21
2020-05-01 10:00:00,37.978,23.727,ATHINAS,2.539147323469636,0.8284393298445072,8.691680810953631,17.98543747426011,5.316104234552763e-06,1.0560269974877392,1.0173822576819038,23.146410143575004,39.69106836337946,56.0,27.0,31.0,6.0,GR0027A,9
2020-05-01 10:00:00,37.974033,23.718441,CleanAir in Greece - Thiseio,2.552221394471423,0.8033336657705519,8.747821622843968,18.04477947991509,5.0565910884105e-06,0.9928538691495674,0.9902788113824172,23.16360004218567,39.79768389037231,56.0,27.0,,,CAGT01,92
2020-05-01 10:00:00,38.00266,23.763859,PANACEA_AirPaP_002,2.4685108675305547,1.063485951509069,8.260431380014314,17.592896266356714,5.683956424810165e-06,1.414659092123937,1.0333682362995733,23.112182667916763,38.63525481508168,56.0,27.0,37.0,56.0,PANA02,79
2020-05-01 10:00:00,38.040443,23.833649,ATHENS_01,2.279118967973768,1.1183826334884444,7.965456824792799,17.31596457300107,1.064448638268726e-05,1.5964203882014498,1.2874652303676275,23.10734997818885,37.89568066536175,9.6210785,7.944563,,,ATHN001,87
2020-05-01 10:00:00,37.989967,23.708792,ATH-ENVICARE-3,2.671426521518641,0.7913155196112883,9.006403166363505,18.42871754035604,2.0850749345381044e-06,0.4504962808933257,0.6839793909126863,23.32371292827542,40.0870898682952,56.0,27.0,,,ATHEN023,86
2020-05-01 10:00:00,38.00546,23.73234,PANACEA_029,2.535525754817547,0.8462716096209064,8.66363670202415,17.953705191200356,5.139042831005091e-06,0.997853295230707,1.0073534731768536,23.13608164925761,39.638280351038816,56.0,27.0,37.0,6.0,PAN029,68
2020-05-01 10:00:00,37.933243,23.757456,PANACEA_046,2.527873143528691,0.9578456678198732,8.501475293256517,17.790158482526437,7.0055072357722046e-06,1.667597673751127,1.216254045874894,23.03132944780824,39.4721443105365,9.294712,7.2616887,7.589671,98.171776,PAN046,74
2020-05-01 10:00:00,38.090866,23.72522,PANACEA_020,2.291706556689432,0.8700822601881331,8.011042071287388,16.679814849608398,7.73030208962085e-06,1.6413545696816814,2.1134969053445705,22.329419630576183,39.81555892008572,9.35704,7.682284,7.8446317,99.303955,PAN020,66
2020-05-01 10:00:00,37.9357,23.644547,PANACEA_038,2.4026164158727044,0.5824836612634499,8.692182584962296,17.75189801498377,8.851780550868568e-06,1.677918111037875,1.3477376871459477,23.02804096984789,39.996982545532,8.388798,6.080191,8.950616,96.330376,PAN038,71
2020-05-01 10:00:00,38.053745,23.741959,PANACEA_037,2.336783177485212,0.8817622615771012,8.206017224691093,17.250804524588965,9.586882612782473e-06,1.4640551981183862,1.521084133566801,22.76198346983061,39.317884731129205,9.35704,7.682284,7.8446317,99.303955,PAN037,70
2020-05-01 10:00:00,38.04972,23.757725,ATH-ENVICARE-2,2.3224885011751133,0.9344770232871792,8.135426957288542,17.257347029056927,1.0221456894223263e-05,1.4870110990290049,1.4347387232101774,22.81729578101928,39.00160500233264,9.35704,7.682284,7.8446317,99.303955,ATHEN02,85
2020-05-01 10:00:00,37.99345,23.744556,PANACEA_001,2.4958601478016704,0.9129294867821612,8.503524728916148,17.789873688401787,5.960013060498939e-06,1.2358312798060105,1.0784947814604655,23.102470555375817,39.30029858642717,56.0,27.0,37.0,6.0,PAN001,95
2020-05-01 10:00:00,38.04067,23.684368,PANACEA_048,2.460323182082618,0.7358303416088627,8.610430095211235,17.630697657339745,6.071699218999638e-06,1.2722221933100348,1.3405724190081751,22.91793145079476,40.01870779113513,42.0,6.6073995,43.0,95.85132,PAN048,76
2020-05-01 10:00:00,37.97312,23.718056,PANACEA_000,2.5492305020343577,0.8022956870856076,8.74285836543503,18.036404423742788,5.140165112851943e-06,1.0070377731344695,0.9984909594821384,23.15961668693857,39.79444050449342,56.0,27.0,31.0,6.0,PAN000,94
2020-05-01 10:00:00,37.871895,23.755962,PANACEA_022,2.507081300932444,0.9068099517312844,8.510788338052125,17.766116115864648,8.236986513510268e-06,1.7761888950000602,1.3252874101164185,22.96853884461463,39.64884002817492,7.748912,6.4344106,6.146463,99.381134,PAN022,67
2020-05-01 10:00:00,38.022263,23.737436,PANACEA_021,2.4661455027155217,0.8724024809473993,8.490582879673859,17.70820683555362,6.639046106983045e-06,1.202848835821613,1.1693592559307358,23.02662907461877,39.44337982076188,9.35704,7.682284,7.8446317,99.303955,PAN021,65
2020-05-01 10:00:00,37.813873,23.782408,PANACEA_006,2.328239111313572,0.7449327967609839,8.359844862741166,17.49910043974228,1.1934168897384385e-05,1.7183441640061377,1.5729963230915658,22.85815629676048,39.52141432293618,7.748912,6.4344106,6.146463,99.381134,PAN006,98
2020-05-01 10:00:00,37.95576,23.667692,PANACEA_AirPaP_006,2.456817484247181,0.6485944603305029,8.741867162876014,17.849662355419937,7.370478120319974e-06,1.4580713854728238,1.225856636117074,23.078721889073805,40.00047946103229,8.388798,6.080191,8.950616,96.330376,PANA06,80
2020-05-01 10:00:00,37.98204,23.79478,ATHENS_02,2.5206016826202897,1.2548522696836124,8.106907800097455,17.566747358511225,2.9322865861527168e-06,1.4693813629153871,0.7854588208884012,23.23642725862056,37.93048616471805,12.0,10.0,,,ATHN002,88
2020-05-01 10:00:00,37.97721,23.783016,National Technical University of Athens,2.5039742376071903,1.1672554533558892,8.19665112082997,17.603733210619815,4.378664104446071e-06,1.4957025027728883,0.9310794085124304,23.178194274205783,38.31052942530507,12.0,10.0,8.0,66.0,NTUA01,101
2020-05-01 10:00:00,37.948063,23.72836,PANACEA_045,2.4636836778715523,0.8250157069173538,8.537068663778848,17.762727227168813,7.739044857109357e-06,1.460177648740423,1.2466263874506385,23.031260668379385,39.56707399537929,9.294712,7.2616887,7.589671,98.171776,PAN045,73
2020-05-01 10:00:00,38.132057,23.789848,PANACEA_032,2.008669554428129,0.9245482438967506,7.615186506212893,16.65114044809959,2.3034551160652582e-05,1.6033413092190727,1.7997549885243669,22.405098520581944,38.58515646447181,10.0,7.0,5.0,64.0,PAN032,69
2020-05-01 10:00:00,38.08363,23.700375,Ano Liosia (Perneri),2.327943391312445,0.8783653016053166,8.002904655008725,16.531856434913532,4.554400093754293e-06,1.6801980845028592,2.2883887905878124,22.217532898192275,40.05385036450987,8.3614,6.6073995,7.056924,95.85132,,89
2020-05-01 10:00:00,37.978336,23.727934,PPCITY21,2.5368731596482457,0.831714043681804,8.68318601559514,17.975966940029558,5.363682905936967e-06,1.0670683057113146,1.022225648952894,23.14355842112203,39.67559050082228,56.0,27.0,31.0,6.0,PPCI21,83
2020-05-01 10:00:00,37.97381,23.719069,CleanAir in Greece - Thiseio II,2.549474888785788,0.8049232493622392,8.740299866745232,18.03515343057613,5.1263053387492185e-06,1.006176403860651,0.99727361829941,23.15985490577376,39.78700991176641,56.0,27.0,,,CAGT02,93
2020-05-01 10:00:00,37.961323,23.761395,PANACEA_047,2.495991565837586,0.9897908312777108,8.408654333842701,17.71826749149667,6.437200027253206e-06,1.5190907192962566,1.143782974913966,23.082102447623384,39.10438285793312,9.294712,7.2616887,7.589671,98.171776,PAN047,75
2020-05-01 10:00:00,37.92956,23.69305,PANACEA_AirPaP_008,2.371573672785444,0.7115805427352632,8.480717804138681,17.615527666892966,1.0292415398059082e-05,1.6083506337014697,1.4391967521207214,22.93253868893331,39.66086089069402,26.0,6.080191,57.0,96.330376,PANA08,81
2020-05-01 10:00:00,37.97673,23.7298,ATH-ENVICARE-0,2.5269924082843027,0.8390209820538175,8.654239083387166,17.94024500106554,5.615602859095218e-06,1.1194538730438022,1.0473287132250058,23.13053123419202,39.6312579880145,56.0,27.0,31.0,6.0,ATHEN01,84
2020-05-01 10:00:00,37.988132,23.72989,PPCITY12,2.549633210309992,0.8367492973256287,8.70374979758148,18.01054121149355,4.946109649103203e-06,0.9881114290173936,0.9814871444213924,23.160916925443395,39.68624926579607,56.0,27.0,37.0,6.0,PPCI12,82
2020-05-01 10:00:00,38.013317,23.647491,PANACEA_014,2.492170621234773,0.5136082356524831,9.052650217069758,17.916671618156215,5.269027957420603e-06,1.5813408780003926,1.142138293606121,23.179871909600514,40.58946645959018,42.0,6.6073995,43.0,95.85132,PAN014,99
2020-05-01 10:00:00,38.034657,23.702152,PANACEA_019,2.5018207921662308,0.7789281321040269,8.656376376028986,17.803076245352443,5.511098908704805e-06,1.0719712955348968,1.1825646332995638,23.01216864948181,39.91233222531787,42.0,7.682284,43.0,99.303955,PAN019,100
2020-05-01 10:00:00,38.037506,23.686476,PANACEA_049,2.47914734925377,0.7413767783309375,8.648331239461093,17.71224980077844,5.785387228087579e-06,1.2000085973733396,1.2720990769558722,22.96298895681849,40.01105232618197,42.0,6.6073995,43.0,95.85132,PAN049,77
2020-05-01 10:00:00,37.97081,23.748861,PANACEA_039,2.489191549269875,0.9302887479010736,8.467652240021819,17.75406443152655,6.452743689388737e-06,1.393490141632762,1.1331484918422434,23.0852008774604,39.251041532324486,9.294712,7.2616887,31.0,6.0,PAN039,72
2020-05-01 10:00:00,38.037838,23.826132,PANACEA_AirPaP_001,2.311188615224426,1.1227416942373891,7.985913024301144,17.33233182769028,9.75773427678382e-06,1.574641083643673,1.2373123475005672,23.09001713220539,37.98276339349584,9.6210785,7.944563,7.632556,101.59225,PANA01,78
2020-05-01 10:00:00,38.01869,23.810574,PANACEA_005,2.47278208270445,1.2406502720421424,8.0537337705157,17.494443612494102,4.197305450995525e-06,1.4800516585540082,0.8602366852924154,23.21118083776776,37.85417723763343,18.0,10.0,9.0,56.0,PAN005,97
2020-05-01 10:00:00,38.056435,23.840101,PANACEA_004,2.1846029707471404,1.0777612405374428,7.891400493979274,17.185895231501796,1.3589822502036304e-05,1.6135013380120302,1.363045297770128,23.03988954163164,37.860357188036765,9.6210785,7.944563,7.632556,101.59225,PAN004,96
2020-05-01 11:00:00,37.85,23.55,Athens CAMS station 7,2.556561785215717,0.6604105162506125,7.79862606228585,18.315770076816808,9.453741273046542e-06,1.844812100628988,1.3615905081541333,23.753309082717948,36.02395281648646,7.684216,6.094616,4.8305035,106.031364,ACAMS07,52
2020-05-01 11:00:00,38.15,23.75,Athens CAMS station 12,2.367469751692407,1.130176185206226,6.947813585951343,17.048834913159606,2.4854370093873275e-05,1.584956209542517,2.1004858209124166,22.99361181469904,35.571576028615354,7.0104795,5.957165,3.5793765,99.979996,ACAMS12,57
2020-05-01 11:00:00,38.144,23.758,THRAKOMAKEDONES,2.370291332490635,1.1483228796376654,6.9367830396462296,17.069072644464875,2.4413321677249723e-05,1.589227506066381,2.024258730333733,23.040907363194705,35.443766435003674,10.0,6.0,5.0,59.0,GR0037A,18
2020-05-01 11:00:00,38.15,23.85,Athens CAMS station 13,2.150938952390693,1.1843103654759397,6.900284134933061,17.25513888427234,3.3722369743931395e-05,1.5789079995140731,1.5264384722207036,23.50014347340789,34.39989094074332,8.387795,6.9347506,5.433104,108.24951,ACAMS13,58
2020-05-01 11:00:00,37.95,23.95,Athens CAMS station 6,2.724844279038488,1.7515966395988192,7.220037285382948,18.08106083566677,7.170605807177006e-06,1.7395806292802207,1.7717313728384856,23.987342544287657,34.1777139717652,10.390631,7.25943,4.1538677,105.27091,ACAMS06,51
2020-05-01 11:00:00,37.95,23.55,Athens CAMS station 2,2.6097325799406166,0.4556073212245515,8.240232798064131,18.65958205684296,5.971133902379914e-06,1.9968304557850507,1.1420060947518385,23.99525007866537,36.576753864657455,6.1079764,4.622943,5.293074,104.61348,ACAMS02,47
2020-05-01 11:00:00,38.15,23.65,Athens CAMS station 1,2.537535530829707,1.009646874802931,7.22486611288369,17.084391981849155,1.2861741750707022e-05,1.641678904014771,2.17278116974574,22.953496287185875,36.33338990812544,5.638009,4.450061,2.5960386,100.55021,ACAMS01,46
2020-05-01 11:00:00,37.95,23.75,Athens CAMS station 4,2.759630894278662,1.341110591104954,7.680042259277114,18.124330816229573,7.103892338993863e-06,1.5359975948527655,1.2062477123451345,23.71810550208593,35.813575561657,7.8585405,6.2413144,6.7622666,105.11168,ACAMS04,49
2020-05-01 11:00:00,38.15,23.95,Athens CAMS station 14,2.1033474641239285,1.2240964275005148,7.027903326832101,17.48668849601658,3.305275436626088e-05,1.5880967633319794,1.1089891789229993,23.92740854535217,33.82408955138259,11.812043,7.1718554,4.6607547,103.706184,ACAMS14,59
2020-05-01 11:00:00,37.85,23.95,Athens CAMS station 11,2.730857986318006,1.5715929264093491,7.421321268590689,18.06779458295642,8.517569191575442e-06,1.7054827108664927,1.8063689808379964,23.6827585685824,35.266592631208304,7.4963484,6.6713986,1.9413018,102.09294,ACAMS11,56
2020-05-01 11:00:00,37.85,23.75,Athens CAMS station 9,2.67623082360826,1.2306842098360486,7.64213699518823,18.02788200803824,9.684072396746556e-06,1.7421940593033545,1.430983914693055,23.61444691202361,35.94934653861555,7.3275375,6.3237553,5.0725036,104.48942,ACAMS09,54
2020-05-01 11:00:00,38.15,23.55,Athens CAMS station 0,2.575437906863249,0.8056921055027804,7.41315192193041,17.175307593702584,6.095216084172195e-06,1.698095206594515,2.244492581901622,22.92421290427457,36.869356640352485,5.089868,3.4123027,2.2981079,99.58097,ACAMS00,45
2020-05-01 11:00:00,37.85,23.65,Athens CAMS station 8,2.587923054957126,1.0094804382281737,7.623967573788781,17.967807711513082,1.1014568861643114e-05,1.720713782582773,1.5040863912845843,23.620635980553747,35.89136026462468,7.4462695,6.411802,7.537963,106.83017,ACAMS08,53
2020-05-01 11:00:00,38.05,23.85,Athens CAMS station 18,2.530964037393726,1.446607968825296,7.078261972559772,17.641850124150867,1.2685171532195062e-05,1.632280150057613,1.3417529799496402,23.84106304345411,34.130678796507226,9.3063135,7.5922904,5.418009,107.22206,ACAMS18,63
2020-05-01 11:00:00,37.995,23.819,PARASKEVI,2.8396675538330625,1.6882449246722104,7.23134998964448,17.9134200907395,3.2587166881384422e-06,1.484276500239908,0.8192746088945874,23.88942866838069,34.35384233214636,11.0,11.0,9.0,65.0,GR0039A,20
2020-05-01 11:00:00,37.95,23.65,Athens CAMS station 3,2.6746117409828485,0.960976050639927,7.975370809426239,18.21099716801332,7.832459186750996e-06,1.6227480476558742,1.2714026933618012,23.79534263811509,36.36874403848834,7.259695,5.6753173,8.222247,103.37577,ACAMS03,48
2020-05-01 11:00:00,38.05,23.55,Athens CAMS station 15,2.6551284980548817,0.6291880447997066,8.111056907343977,18.106308086271863,4.500771438262112e-06,1.9174655565848564,1.51784174940185,23.68108204892086,36.942175327363074,6.2718134,4.8136244,4.674024,98.8813,ACAMS15,60
2020-05-01 11:00:00,38.05,23.95,Athens CAMS station 19,2.458160891593178,1.484755590379365,7.068031509279194,17.76061708935558,1.3904900560409776e-05,1.696475456076252,1.3528604971282276,24.12042327773796,33.548315696494434,12.028175,8.189804,6.371998,105.56249,ACAMS19,64
2020-05-01 11:00:00,37.988,23.728,ARISTOTELOUS,2.83839774394883,1.2644199334436044,7.952943556054006,18.438030436806383,4.7405995380994745e-06,0.9463073328551248,0.9607956524395318,23.85910285126424,36.158016167102886,25.0,18.0,43.0,8.0,GR0003A,10
2020-05-01 11:00:00,37.95,23.85,Athens CAMS station 5,2.787975384548825,1.680275842424996,7.400965414136184,18.113258485207087,6.002111239418606e-06,1.7195266780494265,1.4504007912504344,23.86959490657842,34.84342108387923,8.739144,7.0230393,4.0422845,104.33808,ACAMS05,50
2020-05-01 11:00:00,38.05,23.65,Athens CAMS station 16,2.700687752091317,0.9764136454731251,7.856665687336664,17.85865994694584,6.339241005861667e-06,1.6281121144126298,1.4789325668404052,23.58100749841043,36.52989422744002,7.281679,5.9972963,6.40956,100.872444,ACAMS16,61
2020-05-01 11:00:00,37.85,23.85,Athens CAMS station 10,2.752053850509501,1.4878415054941003,7.571054085352374,18.11101305512296,8.146403391580432e-06,1.752359885063307,1.5825865353705306,23.64774627308552,35.70362689741731,7.0183096,6.1397815,2.7994385,101.54348,ACAMS10,55
2020-05-01 11:00:00,38.05,23.75,Athens CAMS station 17,2.657552563349557,1.27637025745464,7.36555445938057,17.650949149232513,9.817976220659051e-06,1.4666536198797293,1.4584864494853569,23.49450117830156,35.5199364967805,8.994627,6.6596785,7.638913,104.03635,ACAMS17,62
2020-05-01 11:00:00,38.051,23.538,ELEFSINA,2.644790579591815,0.5825305339466441,8.101835784621787,18.139551450707422,4.271034232904132e-06,1.917791797072457,1.5747855710592482,23.659667661464923,36.96632883229021,6.2718134,16.0,15.0,98.8813,GR0038A,19
2020-05-01 11:00:00,38.031,23.787,MAROUSI,2.7346825326784168,1.5088903723854583,7.250476053446436,17.778561841768717,7.0629362030197e-06,1.4929270144775,1.085429270759212,23.72279781892601,34.756200624104935,11.0,6.6596785,22.0,44.0,GR0022A,11
2020-05-01 11:00:00,37.932,23.713,SMYRNI,2.654984914212511,1.138737824508605,7.663652756884637,18.022505047664165,9.707044771627292e-06,1.58437155911548,1.3969676547400371,23.65099089124027,35.920001855753064,32.0,6.2413144,39.0,105.11168,GR0031A,15
2020-05-01 11:00:00,38.021,23.688,PERISTERI,2.866234300940633,1.198069320332659,8.103527297757502,18.53841498840857,3.763323013365228e-06,0.7944412880463507,0.9252912537920416,23.88020357257519,36.47312034686858,31.0,5.9972963,21.0,100.872444,GR0028A,12
2020-05-01 11:00:00,37.901,23.879,KOROPI,2.988717275775921,2.2371788962772925,7.363263916941422,18.41766378926066,2.781810940448476e-06,1.6912536882719706,2.297779549450784,23.718126236088228,35.02235843886865,25.0,7.0230393,29.0,48.0,GR0120A,21
2020-05-01 11:00:00,37.813873,23.782408,PANACEA_006,2.584353952488103,1.1103413563198998,7.52527928918332,17.869627404647424,1.1934168897384385e-05,1.7183441640061377,1.5729963230915658,23.56334817111721,35.77645483547402,7.3275375,6.3237553,5.0725036,104.48942,PAN006,98
2020-05-01 11:00:00,38.022263,23.737436,PANACEA_021,2.7644937465805803,1.2790201033871162,7.69184404418699,18.092416428985384,6.639046106983045e-06,1.202848835821613,1.1693592559307358,23.71311153997705,35.84114296632187,8.994627,6.6596785,7.638913,104.03635,PAN021,65
2020-05-01 11:00:00,38.04972,23.757725,ATH-ENVICARE-2,2.6468814056184007,1.2995543753897791,7.315384121917557,17.628822434186965,1.0221456894223263e-05,1.4870110990290049,1.4347387232101774,23.503506697300583,35.37986090322704,8.994627,6.6596785,7.638913,104.03635,ATHEN02,85
2020-05-01 11:00:00,38.04067,23.684368,PANACEA_048,2.7553122834288755,1.1334730732381797,7.810918909423345,18.01804863719165,6.071699218999638e-06,1.2722221933100348,1.3405724190081751,23.62209288993592,36.32324377040554,31.0,5.9972963,21.0,100.872444,PAN048,76
2020-05-01 11:00:00,37.97312,23.718056,PANACEA_000,2.8224550659933247,1.2336896485862068,7.962892751487482,18.42941971174055,5.140165112851943e-06,1.0070377731344695,0.9984909594821384,23.848993482808098,36.20584090076821,25.0,18.0,35.0,8.0,PAN000,94
2020-05-01 11:00:00,37.978336,23.727934,PPCITY21,2.8141688008038432,1.2600280133657673,7.899114268269106,18.366292754665857,5.363682905936967e-06,1.0670683057113146,1.022225648952894,23.82961224002364,36.09390366020027,25.0,18.0,35.0,8.0,PPCI21,83
2020-05-01 11:00:00,38.132057,23.789848,PANACEA_032,2.3605699877911515,1.21124867274716,6.789487976556873,17.012091551278647,2.3034551160652582e-05,1.6033413092190727,1.7997549885243669,23.110028717972472,34.93527840255981,10.0,6.0,5.0,59.0,PAN032,69
2020-05-01 11:00:00,37.97381,23.719069,CleanAir in Greece - Thiseio II,2.82310845340182,1.236471873635089,7.960335699434817,18.428098992940413,5.1263053387492185e-06,1.006176403860651,0.99727361829941,23.848919928708035,36.1997484239192,25.0,18.0,,,CAGT02,93
2020-05-01 11:00:00,38.037506,23.686476,PANACEA_049,2.7711163289440583,1.1456196476522469,7.853608629386568,18.101621573756063,5.785387228087579e-06,1.2000085973733396,1.2720990769558722,23.665533897149366,36.33292125119179,31.0,5.9972963,21.0,100.872444,PAN049,77
2020-05-01 11:00:00,38.056435,23.840101,PANACEA_004,2.5202385674971755,1.4060192717287867,7.057800396675782,17.551458232734753,1.3589822502036304e-05,1.6135013380120302,1.363045297770128,23.715238499542505,34.334837316501506,9.3063135,7.5922904,5.418009,107.22206,PAN004,96
2020-05-01 11:00:00,37.99345,23.744556,PANACEA_001,2.7871745092641653,1.3296296103214198,7.704766902556967,18.17300173176432,5.960013060498939e-06,1.2358312798060105,1.0784947814604655,23.78042955807229,35.73096495451769,25.0,18.0,43.0,8.0,PAN001,95
2020-05-01 11:00:00,37.974033,23.718441,CleanAir in Greece - Thiseio,2.8257832059433623,1.2356858984720391,7.968616224972013,18.4381590984392,5.0565910884105e-06,0.9928538691495674,0.9902788113824172,23.852840709114894,36.21110318330936,25.0,18.0,,,CAGT01,92
2020-05-01 11:00:00,38.034657,23.702152,PANACEA_019,2.794842244966073,1.1929092481078063,7.868476538158226,18.193987854553303,5.511098908704805e-06,1.0719712955348968,1.1825646332995638,23.70959128596525,36.27227690024357,31.0,6.6596785,21.0,104.03635,PAN019,100
2020-05-01 11:00:00,38.040443,23.833649,ATHENS_01,2.610519268366845,1.47381506374034,7.13005334759289,17.682323408824736,1.064448638268726e-05,1.5964203882014498,1.2874652303676275,23.772984501301792,34.38502953598638,9.3063135,7.5922904,,,ATHN001,87
2020-05-01 11:00:00,38.037838,23.826132,PANACEA_AirPaP_001,2.6428083805429226,1.487306212993826,7.151577107399266,17.699164803128344,9.75773427678382e-06,1.574641083643673,1.2373123475005672,23.753225643863,34.47157134943063,9.3063135,7.5922904,5.418009,107.22206,PANA01,78
2020-05-01 11:00:00,38.00546,23.73234,PANACEA_029,2.8222094208618227,1.2740875802137044,7.880132773991775,18.34524453504785,5.139042831005091e-06,0.997853295230707,1.0073534731768536,23.822383281507072,36.060438402183465,25.0,18.0,43.0,8.0,PAN029,68
2020-05-01 11:00:00,38.00266,23.763859,PANACEA_AirPaP_002,2.7821901100364688,1.4725179231389016,7.440488565893245,17.967357263996398,5.683956424810165e-06,1.414659092123937,1.0333682362995733,23.77338188201865,35.10702173446932,25.0,18.0,43.0,44.0,PANA02,79
2020-05-01 11:00:00,37.961323,23.761395,PANACEA_047,2.7773640503351134,1.4108433498340052,7.606824139407795,18.09118482003239,6.437200027253206e-06,1.5190907192962566,1.143782974913966,23.74381657433967,35.58001171368894,7.8585405,6.2413144,6.7622666,105.11168,PAN047,75
2020-05-01 11:00:00,37.933243,23.757456,PANACEA_046,2.7820325886968864,1.3935642789922518,7.717321012268244,18.15899694324026,7.0055072357722046e-06,1.667597673751127,1.216254045874894,23.68734262711015,35.97258149905629,7.8585405,6.2413144,6.7622666,105.11168,PAN046,74
2020-05-01 11:00:00,37.97721,23.783016,National Technical University of Athens,2.821164856425121,1.5885846127262078,7.372401759274583,17.973973091460998,4.378664104446071e-06,1.4957025027728883,0.9310794085124304,23.82273263405482,34.837689318080315,11.0,11.0,9.0,65.0,NTUA01,101
2020-05-01 11:00:00,37.95576,23.667692,PANACEA_AirPaP_006,2.7086378965435087,1.043281818025933,7.939402634385243,18.238096057320973,7.370478120319974e-06,1.4580713854728238,1.225856636117074,23.786462168479986,36.29554532798269,7.259695,5.6753173,8.222247,103.37577,PANA06,80
2020-05-01 11:00:00,38.01869,23.810574,PANACEA_005,2.8120618190513733,1.6508237479677128,7.21473372316028,17.863610488189575,4.197305450995525e-06,1.4800516585540082,0.8602366852924154,23.8523176796969,34.39180249268622,11.0,11.0,22.0,44.0,PAN005,97
2020-05-01 11:00:00,38.090866,23.72522,PANACEA_020,2.6693294192586445,1.2164767433526409,7.185869347250034,17.04153277167059,7.73030208962085e-06,1.6413545696816814,2.1134969053445705,23.02781215586157,36.07167079118384,8.994627,6.6596785,7.638913,104.03635,PAN020,66
2020-05-01 11:00:00,37.97673,23.7298,ATH-ENVICARE-0,2.8044622187469423,1.2644880853238627,7.867298354127195,18.32885617437514,5.615602859095218e-06,1.1194538730438022,1.0473287132250058,23.81566383565906,36.04793749998259,25.0,18.0,35.0,8.0,ATHEN01,84
2020-05-01 11:00:00,37.98204,23.79478,ATHENS_02,2.8550897202845595,1.6795576439043438,7.271570723046333,17.936384503666847,2.9322865861527168e-06,1.4693813629153871,0.7854588208884012,23.871970058621024,34.48325860175312,11.0,11.0,,,ATHN002,88
2020-05-01 11:00:00,38.08363,23.700375,Ano Liosia (Perneri),2.727641433778256,1.2292013616582491,7.179804668765942,16.889775322546082,4.554400093754293e-06,1.6801980845028592,2.2883887905878124,22.911741740113992,36.30103376699073,7.281679,5.9972963,6.40956,100.872444,,89
2020-05-01 11:00:00,37.97081,23.748861,PANACEA_039,2.7722795086802527,1.3465555793007549,7.666248725022397,18.13224504793384,6.452743689388737e-06,1.393490141632762,1.1331484918422434,23.75786320441971,35.69078177967895,7.8585405,6.2413144,35.0,8.0,PAN039,72
2020-05-01 11:00:00,37.9357,23.644547,PANACEA_038,2.6421564852941195,0.9572992019529885,7.874654966461745,18.1358559204132,8.851780550868568e-06,1.677918111037875,1.3477376871459477,23.744393232046395,36.23433321825281,7.259695,5.6753173,8.222247,103.37577,PAN038,71
2020-05-01 11:00:00,37.989967,23.708792,ATH-ENVICARE-3,2.9458657592993505,1.260998669635154,8.258590274118731,18.837591420924824,2.0850749345381044e-06,0.4504962808933257,0.6839793909126863,24.012915410592,36.558052133138034,25.0,18.0,,,ATHEN023,86
2020-05-01 11:00:00,37.948063,23.72836,PANACEA_045,2.728956219154262,1.2320389295944505,7.734899049989761,18.14149575439053,7.739044857109357e-06,1.460177648740423,1.2466263874506385,23.71697513178993,35.94755600702529,7.8585405,6.2413144,6.7622666,105.11168,PAN045,73
2020-05-01 11:00:00,37.988132,23.72989,PPCITY12,2.830147880442955,1.2689923931817684,7.923005331779043,18.40290001883512,4.946109649103203e-06,0.9881114290173936,0.9814871444213924,23.8468159054241,36.11270375640425,25.0,18.0,43.0,8.0,PPCI12,82
2020-05-01 11:00:00,37.978,23.727,ATHINAS,2.816037016431385,1.257383799348723,7.908320568432313,18.376180416746635,5.316104234552763e-06,1.0560269974877392,1.0173822576819038,23.832828427849734,36.10909294261843,25.0,18.0,35.0,8.0,GR0027A,9
2020-05-01 11:00:00,38.013317,23.647491,PANACEA_014,2.739656211861388,0.908017200872383,8.264286624751467,18.31771103211218,5.269027957420603e-06,1.5813408780003926,1.142138293606121,23.898029764761315,36.849759878054336,31.0,5.9972963,21.0,100.872444,PAN014,99
2020-05-01 11:00:00,37.871895,23.755962,PANACEA_022,2.74655120295712,1.3370628637200086,7.725061854920887,18.132125364850083,8.236986513510268e-06,1.7761888950000602,1.3252874101164185,23.62961413198898,36.11734307464562,7.3275375,6.3237553,5.0725036,104.48942,PAN022,67
2020-05-01 11:00:00,38.053745,23.741959,PANACEA_037,2.660838601987068,1.2491343443325509,7.388831367531771,17.624026992772293,9.586882612782473e-06,1.4640551981183862,1.521084133566801,23.454806748046696,35.65997227877584,8.994627,6.6596785,7.638913,104.03635,PAN037,70
2020-05-01 11:00:00,37.92956,23.69305,PANACEA_AirPaP_008,2.6280067849719155,1.0864457846670148,7.6563199642137265,17.992417223286964,1.0292415398059082e-05,1.6083506337014697,1.4391967521207214,23.63941847808555,35.92788470102547,32.0,5.6753173,39.0,103.37577,PANA08,81
2020-05-01 12:00:00,37.995,23.819,PARASKEVI,3.149723103815271,1.881500823605846,6.246322127862819,18.279082840925835,3.2587166881384422e-06,1.484276500239908,0.8192746088945874,24.28371057526953,31.352988741578034,12.0,12.0,9.0,64.0,GR0039A,20
2020-05-01 12:00:00,37.95,23.55,Athens CAMS station 2,2.7936384902841978,0.5683626445964166,7.179237177078674,19.051856518468785,5.971133902379914e-06,1.9968304557850507,1.1420060947518385,24.541131353349467,32.926200675107225,6.8208637,5.189495,5.684784,105.3684,ACAMS02,47
2020-05-01 12:00:00,38.15,23.85,Athens CAMS station 13,2.44539113733444,1.2133666312791285,5.928679719406258,17.6260606680332,3.3722369743931395e-05,1.5789079995140731,1.5264384722207036,23.98112979075481,31.247151658760536,8.006461,6.456222,4.0555663,107.915115,ACAMS13,58
2020-05-01 12:00:00,38.05,23.85,Athens CAMS station 18,2.836287492319648,1.5680812625593503,6.122492408675688,18.00693335792247,1.2685171532195062e-05,1.632280150057613,1.3417529799496402,24.271993090902185,31.13506693645485,7.9661593,6.2733927,4.9681945,108.53863,ACAMS18,63
2020-05-01 12:00:00,37.95,23.85,Athens CAMS station 5,3.037420400593148,1.878304355750995,6.4793691293555735,18.4704805512702,6.002111239418606e-06,1.7195266780494265,1.4504007912504344,24.252402729602004,31.96666264593322,7.446454,5.601688,2.9740992,106.8433,ACAMS05,50
2020-05-01 12:00:00,37.85,23.85,Athens CAMS station 10,2.9845377970029245,1.6708258291671063,6.635454333347704,18.47047985573328,8.146403391580432e-06,1.752359885063307,1.5825865353705306,24.05053944352498,32.68490813148511,6.6162133,5.844502,1.9713385,103.395035,ACAMS10,55
2020-05-01 12:00:00,38.15,23.55,Athens CAMS station 0,2.9440162649071824,0.8596409286610072,6.308269482445853,17.54749929606658,6.095216084172195e-06,1.698095206594515,2.244492581901622,23.42768371688094,33.14997578275651,4.946864,2.8226807,2.0807693,99.11462,ACAMS00,45
2020-05-01 12:00:00,38.15,23.75,Athens CAMS station 12,2.7132123644468185,1.1885228883185524,5.906043390670802,17.416959539311854,2.4854370093873275e-05,1.584956209542517,2.1004858209124166,23.47610678873968,32.151235761717814,5.4497724,3.5188031,2.5234408,103.72659,ACAMS12,57
2020-05-01 12:00:00,38.15,23.65,Athens CAMS station 1,2.920299506101856,1.08441235577046,6.131090024807048,17.458684613035334,1.2861741750707022e-05,1.641678904014771,2.17278116974574,23.44794867814022,32.70528612849405,4.9153304,2.9634926,2.1301236,101.42298,ACAMS01,46
2020-05-01 12:00:00,37.85,23.95,Athens CAMS station 11,2.9766569960638,1.7472528296699463,6.487800138601324,18.4228755315797,8.517569191575442e-06,1.7054827108664927,1.8063689808379964,24.077803049026173,32.29808407855312,7.0461345,5.884949,1.1356088,102.39833,ACAMS11,56
2020-05-01 12:00:00,38.05,23.75,Athens CAMS station 17,2.979408643696495,1.41175728132077,6.350015887749228,18.02309515198664,9.817976220659051e-06,1.4666536198797293,1.4584864494853569,23.94255702008385,32.24097303588336,7.5136003,5.923319,6.6755185,104.890175,ACAMS17,62
2020-05-01 12:00:00,37.85,23.75,Athens CAMS station 9,2.9209527874396968,1.3832820470850908,6.66658293263921,18.397593732753275,9.684072396746556e-06,1.7421940593033545,1.430983914693055,24.057405658365845,32.7418219909118,7.4280367,6.438938,4.7382383,108.4441,ACAMS09,54
2020-05-01 12:00:00,38.144,23.758,THRAKOMAKEDONES,2.7117363385912894,1.2092799142762964,5.90437180449003,17.435828753147533,2.4413321677249723e-05,1.589227506066381,2.024258730333733,23.51854350086416,32.06590549159032,10.0,10.0,6.0,57.0,GR0037A,18
2020-05-01 12:00:00,37.95,23.65,Athens CAMS station 3,2.9323877331790604,1.0992171685636416,6.951242808031481,18.60032107919423,7.832459186750996e-06,1.6227480476558742,1.2714026933618012,24.2825915083312,32.92819103465855,7.2102127,5.915947,7.7667027,103.972824,ACAMS03,48
2020-05-01 12:00:00,37.95,23.95,Athens CAMS station 6,2.982625364197396,1.9345392677641748,6.309882085806787,18.433329579117235,7.170605807177006e-06,1.7395806292802207,1.7717313728384856,24.365721478572464,31.38370036376729,9.195882,6.962292,2.7673063,106.39367,ACAMS06,51
2020-05-01 12:00:00,37.988,23.728,ARISTOTELOUS,3.1137284708784705,1.4543815327674432,6.94115528583846,18.831594450459587,4.7405995380994745e-06,0.9463073328551248,0.9607956524395318,24.31191402675216,32.83493856470507,28.0,13.0,40.0,8.0,GR0003A,10
2020-05-01 12:00:00,38.05,23.65,Athens CAMS station 16,3.014533011311645,1.1047750313717095,6.79759471434015,18.24531741797454,6.339241005861667e-06,1.6281121144126298,1.4789325668404052,24.06557485957811,32.997804290669094,6.737887,5.3113422,6.0355434,101.90867,ACAMS16,61
2020-05-01 12:00:00,37.85,23.55,Athens CAMS station 7,2.759370392512276,0.7683772161245482,6.758508989368731,18.69327406546208,9.453741273046542e-06,1.844812100628988,1.3615905081541333,24.275942056879167,32.507304880923314,7.9099836,6.334588,4.970898,106.01072,ACAMS07,52
2020-05-01 12:00:00,38.05,23.55,Athens CAMS station 15,2.9267017579863976,0.7218410043878661,7.029671337250837,18.493828749710687,4.500771438262112e-06,1.9174655565848564,1.51784174940185,24.19543414857064,33.26829710973627,6.162219,4.38672,4.4417324,99.804695,ACAMS15,60
2020-05-01 12:00:00,38.05,23.95,Athens CAMS station 19,2.7490873794119786,1.597291981346938,6.142156841215017,18.12626075903566,1.3904900560409776e-05,1.696475456076252,1.3528604971282276,24.55065294673227,30.669345841207853,10.205492,7.4592457,3.140572,108.30847,ACAMS19,64
2020-05-01 12:00:00,37.85,23.65,Athens CAMS station 8,2.8476829737991527,1.1260155170608472,6.608111511991092,18.34351385758244,1.1014568861643114e-05,1.720713782582773,1.5040863912845843,24.100238865234985,32.521043795282544,7.775066,6.7617626,6.8317633,108.42045,ACAMS08,53
2020-05-01 12:00:00,38.15,23.95,Athens CAMS station 14,2.3787976937591195,1.2525588252359936,6.091178051470098,17.86280626099309,3.305275436626088e-05,1.5880967633319794,1.1089891789229993,24.40601851142042,30.80826557483753,10.880934,6.8448396,3.3306708,114.06222,ACAMS14,59
2020-05-01 12:00:00,37.95,23.75,Athens CAMS station 4,3.017801911322922,1.516854224690078,6.702613749819285,18.498371456964826,7.103892338993863e-06,1.5359975948527655,1.2062477123451345,24.14964304472121,32.63747086406903,7.52639,5.6067295,5.906196,107.14119,ACAMS04,49
2020-05-01 12:00:00,38.051,23.538,ELEFSINA,2.909042751442525,0.6667460906340703,7.018668844994279,18.524141695432743,4.271034232904132e-06,1.917791797072457,1.5747855710592482,24.17484939924393,33.284580241295224,6.162219,19.0,18.0,99.804695,GR0038A,19
2020-05-01 12:00:00,38.031,23.787,MAROUSI,3.0468043841531056,1.6721939495470006,6.258038479991883,18.14633284247917,7.0629362030197e-06,1.4929270144775,1.085429270759212,24.140915164148623,31.65541500586417,16.0,5.923319,16.0,55.0,GR0022A,11
2020-05-01 12:00:00,37.901,23.879,KOROPI,3.19043266030775,2.5052977555310023,6.5319086162854765,18.74519850838137,2.781810940448476e-06,1.6912536882719706,2.297779549450784,24.00387750659588,32.517103573974424,52.0,5.601688,10.0,61.0,GR0120A,21
2020-05-01 12:00:00,37.932,23.713,SMYRNI,2.920467329425044,1.277215630451437,6.659475595034962,18.399752734549743,9.707044771627292e-06,1.58437155911548,1.3969676547400371,24.11352008724599,32.60920159492162,25.0,5.6067295,34.0,107.14119,GR0031A,15
2020-05-01 12:00:00,38.021,23.688,PERISTERI,3.146244224050025,1.3915678483440157,7.077020922128389,18.93929124810812,3.763323013365228e-06,0.7944412880463507,0.9252912537920416,24.34385481347727,33.06967991861123,31.0,5.3113422,12.0,101.90867,GR0028A,12
2020-05-01 12:00:00,37.9357,23.644547,PANACEA_038,2.89940779685915,1.086733828857324,6.851572092831837,18.5211293757536,8.851780550868568e-06,1.677918111037875,1.3477376871459477,24.23156496426393,32.80641722907116,7.2102127,5.915947,7.7667027,103.972824,PAN038,71
2020-05-01 12:00:00,37.99345,23.744556,PANACEA_001,3.0712269995491708,1.5061850220944866,6.701786289385854,18.55552404782921,5.960013060498939e-06,1.2358312798060105,1.0784947814604655,24.221791885071827,32.48328796144317,28.0,13.0,40.0,8.0,PAN001,95
2020-05-01 12:00:00,38.04972,23.757725,ATH-ENVICARE-2,2.967574592126124,1.4338088315956437,6.305202183795044,17.99953417864964,1.0221456894223263e-05,1.4870110990290049,1.4347387232101774,23.948660294602224,32.13037551277757,7.5136003,5.923319,6.6755185,104.890175,ATHEN02,85
2020-05-01 12:00:00,38.053745,23.741959,PANACEA_037,2.988298139712112,1.3827663632732148,6.366033537446997,17.996622899334493,9.586882612782473e-06,1.4640551981183862,1.521084133566801,23.90603511887921,32.346032449611755,7.5136003,5.923319,6.6755185,104.890175,PAN037,70
2020-05-01 12:00:00,38.040443,23.833649,ATHENS_01,2.91759479973836,1.6116401790563617,6.160378475249082,18.0473758513086,1.064448638268726e-05,1.5964203882014498,1.2874652303676275,24.197949135477305,31.35002864499393,7.9661593,6.2733927,,,ATHN001,87
2020-05-01 12:00:00,37.97081,23.748861,PANACEA_039,3.046058599086832,1.5219619418355064,6.675164558774523,18.51003192524222,6.452743689388737e-06,1.393490141632762,1.1331484918422434,24.19336862521233,32.48519504240009,7.52639,5.6067295,41.0,8.0,PAN039,72
2020-05-01 12:00:00,38.090866,23.72522,PANACEA_020,3.069839367247463,1.3336099987889654,6.119758281221087,17.402004754336687,7.73030208962085e-06,1.6413545696816814,2.1134969053445705,23.47635036041341,32.62234924459474,7.5136003,5.923319,6.6755185,104.890175,PAN020,66
2020-05-01 12:00:00,38.037506,23.686476,PANACEA_049,3.0748977166623783,1.3059442840357005,6.816907012988276,18.490766134921778,5.785387228087579e-06,1.2000085973733396,1.2720990769558722,24.131875447610465,32.90705136726194,31.0,5.3113422,12.0,101.90867,PAN049,77
2020-05-01 12:00:00,38.01869,23.810574,PANACEA_005,3.1256008139323965,1.8358097111793497,6.226461504361237,18.229756159433027,4.197305450995525e-06,1.4800516585540082,0.8602366852924154,24.25225002504592,31.36852204676113,16.0,12.0,16.0,55.0,PAN005,97
2020-05-01 12:00:00,37.933243,23.757456,PANACEA_046,3.019000005303845,1.5825299287404322,6.763504785677664,18.52830991200352,7.0055072357722046e-06,1.667597673751127,1.216254045874894,24.105114989319567,32.866680437329684,7.52639,5.6067295,5.906196,107.14119,PAN046,74
2020-05-01 12:00:00,38.00266,23.763859,PANACEA_AirPaP_002,3.0807887208724742,1.64832806901341,6.445254527906807,18.34016117151936,5.683956424810165e-06,1.414659092123937,1.0333682362995733,24.19525729808256,31.96564918323703,28.0,13.0,40.0,55.0,PANA02,79
2020-05-01 12:00:00,38.013317,23.647491,PANACEA_014,3.008239535180206,1.0588382231784048,7.226197798672869,18.71874941311049,5.269027957420603e-06,1.5813408780003926,1.142138293606121,24.3936758744544,33.322231040986686,31.0,5.3113422,12.0,101.90867,PAN014,99
2020-05-01 12:00:00,38.022263,23.737436,PANACEA_021,3.0604957575956284,1.445964266162297,6.677907602893864,18.47610018880193,6.639046106983045e-06,1.202848835821613,1.1693592559307358,24.162436099299065,32.54211276181243,7.5136003,5.923319,6.6755185,104.890175,PAN021,65
2020-05-01 12:00:00,37.813873,23.782408,PANACEA_006,2.851254411970565,1.2286852955198833,6.521893246831876,18.241482840921968,1.1934168897384385e-05,1.7183441640061377,1.5729963230915658,24.02927127715952,32.469844849014414,7.4280367,6.438938,4.7382383,108.4441,PAN006,98
2020-05-01 12:00:00,37.978,23.727,ATHINAS,3.0892615161822787,1.4415432206607075,6.899607051438022,18.76682978622429,5.316104234552763e-06,1.0560269974877392,1.0173822576819038,24.285058619666817,32.79756338934526,28.0,13.0,41.0,8.0,GR0027A,9
2020-05-01 12:00:00,37.97381,23.719069,CleanAir in Greece - Thiseio II,3.0942730354646293,1.422182106136913,6.949137329695004,18.82106194166501,5.1263053387492185e-06,1.006176403860651,0.99727361829941,24.304508715833848,32.86887934834378,28.0,13.0,,,CAGT02,93
2020-05-01 12:00:00,38.04067,23.684368,PANACEA_048,3.064538882470248,1.287688302849477,6.771186203413498,18.405146422765764,6.071699218999638e-06,1.2722221933100348,1.3405724190081751,24.089219368103137,32.88865681250695,31.0,5.3113422,12.0,101.90867,PAN048,76
2020-05-01 12:00:00,37.97312,23.718056,PANACEA_000,3.093399697021376,1.419165946067478,6.951509145779231,18.822467828127984,5.140165112851943e-06,1.0070377731344695,0.9984909594821384,24.30494736978843,32.87332345274479,28.0,13.0,41.0,8.0,PAN000,94
2020-05-01 12:00:00,37.97721,23.783016,National Technical University of Athens,3.115477715177817,1.778215130350948,6.39011450686036,18.34200142705054,4.378664104446071e-06,1.4957025027728883,0.9310794085124304,24.22702689698641,31.78405258078202,12.0,12.0,9.0,64.0,NTUA01,101
2020-05-01 12:00:00,37.978336,23.727934,PPCITY21,3.087664115974027,1.443725773920387,6.890816153902224,18.756511643505164,5.363682905936967e-06,1.0670683057113146,1.022225648952894,24.2813649169844,32.78542667101922,28.0,13.0,41.0,8.0,PPCI21,83
2020-05-01 12:00:00,38.08363,23.700375,Ano Liosia (Perneri),3.157913749080607,1.353310723437661,6.095914247563057,17.246015059928876,4.554400093754293e-06,1.6801980845028592,2.2883887905878124,23.35343782839582,32.80379029607174,6.737887,5.3113422,6.0355434,101.90867,,89
2020-05-01 12:00:00,38.056435,23.840101,PANACEA_004,2.83128936540086,1.5217662004055437,6.093421830290623,17.91627435579826,1.3589822502036304e-05,1.6135013380120302,1.363045297770128,24.150423732184528,31.29416220532329,7.9661593,6.2733927,4.9681945,108.53863,PAN004,96
2020-05-01 12:00:00,38.132057,23.789848,PANACEA_032,2.698598811895218,1.2757905829917355,5.7887152062247,17.3729695753863,2.3034551160652582e-05,1.6033413092190727,1.7997549885243669,23.572678713474748,31.702674234359808,10.0,10.0,6.0,57.0,PAN032,69
2020-05-01 12:00:00,37.95576,23.667692,PANACEA_AirPaP_006,2.9721998146767405,1.192459283582254,6.918914578642967,18.62728010280311,7.370478120319974e-06,1.4580713854728238,1.225856636117074,24.26404993236793,32.88900035477185,7.2102127,5.915947,7.7667027,103.972824,PANA06,80
2020-05-01 12:00:00,37.948063,23.72836,PANACEA_045,2.992721787611493,1.3941940048825023,6.739374339478642,18.52070041772457,7.739044857109357e-06,1.460177648740423,1.2466263874506385,24.16653846838497,32.68230190922158,7.52639,5.6067295,5.906196,107.14119,PAN045,73
2020-05-01 12:00:00,37.92956,23.69305,PANACEA_AirPaP_008,2.8958596752700743,1.2150997970826038,6.644747102611679,18.37042352893786,1.0292415398059082e-05,1.6083506337014697,1.4391967521207214,24.109995456344976,32.58269802369911,25.0,5.915947,34.0,103.972824,PANA08,81
2020-05-01 12:00:00,37.988132,23.72989,PPCITY12,3.10625304526251,1.4567438014902767,6.912303733783415,18.795033925667354,4.946109649103203e-06,0.9881114290173936,0.9814871444213924,24.298568449808577,32.79757595617847,28.0,13.0,40.0,8.0,PPCI12,82
2020-05-01 12:00:00,38.037838,23.826132,PANACEA_AirPaP_001,2.951301026905572,1.6318311680133726,6.176395468747101,18.064489375256347,9.75773427678382e-06,1.574641083643673,1.2373123475005672,24.17565477074868,31.42268199342301,7.9661593,6.2733927,4.9681945,108.53863,PANA01,78
2020-05-01 12:00:00,37.961323,23.761395,PANACEA_047,3.044002107136411,1.5915009410314993,6.63039266698643,18.463629840856232,6.437200027253206e-06,1.5190907192962566,1.143782974913966,24.167265312333768,32.44129233505266,7.52639,5.6067295,5.906196,107.14119,PAN047,75
2020-05-01 12:00:00,37.98204,23.79478,ATHENS_02,3.163060711672789,1.876290332505018,6.28430585907381,18.302876913375545,2.9322865861527168e-06,1.4693813629153871,0.7854588208884012,24.26648365722252,31.467013300845483,12.0,12.0,,,ATHN002,88
2020-05-01 12:00:00,38.00546,23.73234,PANACEA_029,3.1049137325086686,1.458625933503264,6.866845254650194,18.73642262570408,5.139042831005091e-06,0.997853295230707,1.0073534731768536,24.273882782813622,32.74347921030379,28.0,13.0,40.0,8.0,PAN029,68
2020-05-01 12:00:00,38.034657,23.702152,PANACEA_019,3.094004502715248,1.3631665195203182,6.8381747611585,18.58463029297697,5.511098908704805e-06,1.0719712955348968,1.1825646332995638,24.171045909385825,32.87692800647045,31.0,5.923319,12.0,104.890175,PAN019,100
2020-05-01 12:00:00,37.97673,23.7298,ATH-ENVICARE-0,3.077951853177494,1.4457525483676157,6.860800856526179,18.717359540528506,5.615602859095218e-06,1.1194538730438022,1.0473287132250058,24.266139656114525,32.749523033588034,28.0,13.0,41.0,8.0,ATHEN01,84
2020-05-01 12:00:00,37.974033,23.718441,CleanAir in Greece - Thiseio,3.096886749431768,1.422093528728733,6.957026624031579,18.831555466249235,5.0565910884105e-06,0.9928538691495674,0.9902788113824172,24.30869968033123,32.87797355104533,28.0,13.0,,,CAGT01,92
2020-05-01 12:00:00,37.871895,23.755962,PANACEA_022,2.9724670685837147,1.5171120727061187,6.774987577029985,18.49928089791845,8.236986513510268e-06,1.7761888950000602,1.3252874101164185,24.052169258958635,32.998193327913775,7.4280367,6.438938,4.7382383,108.4441,PAN022,67
2020-05-01 12:00:00,37.989967,23.708792,ATH-ENVICARE-3,3.213806699164909,1.481177421747732,7.238466663808946,19.24629028159873,2.0850749345381044e-06,0.4504962808933257,0.6839793909126863,24.47150380208914,33.175947216052485,28.0,13.0,,,ATHEN023,86
2020-05-01 13:00:00,38.05,23.95,Athens CAMS station 19,2.951750949626012,1.5393335124285734,5.226006046204429,18.469560894075187,1.3904900560409776e-05,1.696475456076252,1.3528604971282276,24.72572436624241,28.481800275976028,8.3892145,6.4024863,3.192027,104.14553,ACAMS19,64
2020-05-01 13:00:00,38.05,23.55,Athens CAMS station 15,3.040837883106755,0.6567701029024717,5.987526579335332,18.85627866253052,4.500771438262112e-06,1.9174655565848564,1.51784174940185,24.479547587357512,30.444869532474083,6.676153,5.0016937,4.452871,96.34437,ACAMS15,60
2020-05-01 13:00:00,37.95,23.85,Athens CAMS station 5,3.1568916875477755,1.932828246475592,5.630447639090176,18.804231702881324,6.002111239418606e-06,1.7195266780494265,1.4504007912504344,24.414004887170844,29.867750858158026,7.2656193,5.394276,3.4358532,102.65184,ACAMS05,50
2020-05-01 13:00:00,38.05,23.65,Athens CAMS station 16,3.1642659547653205,1.076532653385757,5.7375578134272,18.605479119355937,6.339241005861667e-06,1.6281121144126298,1.4789325668404052,24.31897672219186,30.207610091123453,7.1596065,5.489183,6.4559193,97.992966,ACAMS16,61
2020-05-01 13:00:00,38.15,23.95,Athens CAMS station 14,2.570557928985834,1.089696787942579,5.156323406940127,18.2172712320912,3.305275436626088e-05,1.5880967633319794,1.1089891789229993,24.599024621358883,28.540629573017064,9.619391,7.175887,2.5296483,110.56596,ACAMS14,59
2020-05-01 13:00:00,37.95,23.55,Athens CAMS station 2,2.8336982949843104,0.5492465734934506,6.159080356148463,19.421256791927515,5.971133902379914e-06,1.9968304557850507,1.1420060947518385,24.85107039200668,30.133342179711583,7.4882464,5.9328175,6.0900326,103.565285,ACAMS02,47
2020-05-01 13:00:00,37.85,23.75,Athens CAMS station 9,3.019363779498928,1.390087399207161,5.760839057385125,18.74325020985976,9.684072396746556e-06,1.7421940593033545,1.430983914693055,24.2663471361784,30.38655630625854,7.4867115,6.5289025,4.371201,104.558,ACAMS09,54
2020-05-01 13:00:00,37.85,23.95,Athens CAMS station 11,3.0865652579613023,1.7765062837848045,5.641906714699856,18.755494519047986,8.517569191575442e-06,1.7054827108664927,1.8063689808379964,24.24575968338721,30.16763735431657,6.5281043,5.7358055,1.6910232,101.60967,ACAMS11,56
2020-05-01 13:00:00,37.85,23.65,Athens CAMS station 8,2.962873158682844,1.0893605904702397,5.643153581969294,18.695835485466443,1.1014568861643114e-05,1.720713782582773,1.5040863912845843,24.335919199671206,30.00065467229234,7.871627,6.727286,7.7827973,105.7794,ACAMS08,53
2020-05-01 13:00:00,38.15,23.65,Athens CAMS station 1,3.12393777875758,0.9836356374669128,5.0738861778177125,17.80819537218136,1.2861741750707022e-05,1.641678904014771,2.17278116974574,23.67499578177008,29.98093835454149,5.3045783,3.3293676,2.4522455,97.38969,ACAMS01,46
2020-05-01 13:00:00,37.95,23.95,Athens CAMS station 6,3.124625137144857,1.967510202432448,5.472097249337008,18.76374682053798,7.170605807177006e-06,1.7395806292802207,1.7717313728384856,24.51587159321279,29.36067119465376,7.4456425,5.4454775,3.038326,101.82407,ACAMS06,51
2020-05-01 13:00:00,38.15,23.75,Athens CAMS station 12,2.907026075992747,1.0619213844370077,4.862654076102428,17.762287509681947,2.4854370093873275e-05,1.584956209542517,2.1004858209124166,23.68773071279246,29.522789899891368,5.446857,3.3257403,3.1514373,99.10605,ACAMS12,57
2020-05-01 13:00:00,37.85,23.55,Athens CAMS station 7,2.82245164230912,0.7374006153622507,5.775939992599457,19.049941401790463,9.453741273046542e-06,1.844812100628988,1.3615905081541333,24.55103553076779,29.88343444682786,8.189297,6.197488,4.984332,105.713326,ACAMS07,52
2020-05-01 13:00:00,38.05,23.85,Athens CAMS station 18,3.034788977944652,1.519794257105448,5.165415939343405,18.34897854120196,1.2685171532195062e-05,1.632280150057613,1.3417529799496402,24.45602530795098,28.81484361277827,7.3651237,5.258637,4.9964504,103.746574,ACAMS18,63
2020-05-01 13:00:00,37.995,23.819,PARASKEVI,3.3241825516699555,1.9192583728388124,5.283744566085669,18.61949630162066,3.2587166881384422e-06,1.484276500239908,0.8192746088945874,24.461601521867603,29.021959615334683,9.0,11.0,8.0,67.0,GR0039A,20
2020-05-01 13:00:00,38.144,23.758,THRAKOMAKEDONES,2.907579246521678,1.0850732451947316,4.862151336602898,17.77994094046945,2.4413321677249723e-05,1.589227506066381,2.024258730333733,23.72836979078009,29.45009434887636,11.0,10.0,6.0,56.0,GR0037A,18
2020-05-01 13:00:00,38.05,23.75,Athens CAMS station 17,3.1554408658610207,1.3835699749127288,5.328184012477783,18.37063299048755,9.817976220659051e-06,1.4666536198797293,1.4584864494853569,24.15539619811737,29.657106192613742,7.397553,5.7501335,7.2820816,99.98907,ACAMS17,62
2020-05-01 13:00:00,38.15,23.85,Athens CAMS station 13,2.634349750513058,1.0491124923052515,4.948770653810031,17.975469039761855,3.3722369743931395e-05,1.5789079995140731,1.5264384722207036,24.181218992167214,28.839533862636056,6.6876636,5.0680447,3.8960469,103.501915,ACAMS13,58
2020-05-01 13:00:00,37.988,23.728,ARISTOTELOUS,3.2270892784986147,1.50232168072599,5.944541814824905,19.19810529616537,4.7405995380994745e-06,0.9463073328551248,0.9607956524395318,24.553989819517977,30.21600160775089,30.0,20.0,37.0,15.0,GR0003A,10
2020-05-01 13:00:00,37.85,23.85,Athens CAMS station 10,3.074356744770479,1.7130142145815546,5.790429060888535,18.80644963408989,8.146403391580432e-06,1.752359885063307,1.5825865353705306,24.22826115066916,30.519124821718528,6.500592,5.7282453,2.361033,102.97127,ACAMS10,55
2020-05-01 13:00:00,38.15,23.55,Athens CAMS station 0,3.1337913656856604,0.7362377950334622,5.308891459977471,17.89519116716125,6.095216084172195e-06,1.698095206594515,2.244492581901622,23.66875035923514,30.491258667187594,4.871886,3.2041914,2.4005072,95.07143,ACAMS00,45
2020-05-01 13:00:00,37.95,23.65,Athens CAMS station 3,3.037338949260456,1.0915604319290877,5.952403048558404,18.96372245022668,7.832459186750996e-06,1.6227480476558742,1.2714026933618012,24.539291567777337,30.26979197630072,8.311368,6.5599427,8.252977,101.4853,ACAMS03,48
2020-05-01 13:00:00,37.95,23.75,Athens CAMS station 4,3.127149018442537,1.54832682412674,5.775033167024624,18.847210280156737,7.103892338993863e-06,1.5359975948527655,1.2062477123451345,24.35790514012759,30.24376374864554,7.5859036,6.0645413,7.364188,103.31065,ACAMS04,49
2020-05-01 13:00:00,38.051,23.538,ELEFSINA,3.0185920182961543,0.5911387901830644,5.987028129371819,18.88452811346964,4.271034232904132e-06,1.917791797072457,1.5747855710592482,24.46022094699897,30.48047829894164,6.676153,17.0,20.0,96.34437,GR0038A,19
2020-05-01 13:00:00,37.901,23.879,KOROPI,3.2573611770624096,2.645993195873161,5.854274697326293,19.05172963968828,2.781810940448476e-06,1.6912536882719706,2.297779549450784,24.09331763022008,30.871716923129327,23.0,5.394276,8.0,67.0,GR0120A,21
2020-05-01 13:00:00,38.031,23.787,MAROUSI,3.223073610685633,1.675215582769046,5.274954841026861,18.48935178193592,7.0629362030197e-06,1.4929270144775,1.085429270759212,24.3325177333074,29.234233623793774,15.0,5.7501335,9.0,62.0,GR0022A,11
2020-05-01 13:00:00,37.932,23.713,SMYRNI,3.037735965849061,1.264676715276424,5.701817670895364,18.752560263383263,9.707044771627292e-06,1.58437155911548,1.3969676547400371,24.340487949686533,30.115236906539938,25.0,6.0645413,23.0,103.31065,GR0031A,15
2020-05-01 13:00:00,38.021,23.688,PERISTERI,3.2570169876395387,1.4448219650302505,6.054051008863897,19.312294258077834,3.763323013365228e-06,0.7944412880463507,0.9252912537920416,24.600853271906512,30.3508062891488,24.0,5.489183,10.0,97.992966,GR0028A,12
2020-05-01 13:00:00,37.948063,23.72836,PANACEA_045,3.105394899768438,1.4098488250813472,5.785375921141383,18.87465782766992,7.739044857109357e-06,1.460177648740423,1.2466263874506385,24.389905972424483,30.199498364918544,7.5859036,6.0645413,7.364188,103.31065,PAN045,73
2020-05-01 13:00:00,38.090866,23.72522,PANACEA_020,3.30626084662031,1.2753498859934045,5.000726185661642,17.738391737192877,7.73030208962085e-06,1.6413545696816814,2.1134969053445705,23.681860234407107,29.81270724940128,7.397553,5.7501335,7.2820816,99.98907,PAN020,66
2020-05-01 13:00:00,37.933243,23.757456,PANACEA_046,3.106871290073844,1.633107113727058,5.879912955261464,18.87249455241106,7.0055072357722046e-06,1.667597673751127,1.216254045874894,24.301636835762856,30.576967390640924,7.5859036,6.0645413,7.364188,103.31065,PAN046,74
2020-05-01 13:00:00,37.97721,23.783016,National Technical University of Athens,3.2692128844616257,1.816079608120353,5.4385807231908885,18.68471786641827,4.378664104446071e-06,1.4957025027728883,0.9310794085124304,24.413525190891647,29.433613911129623,9.0,11.0,8.0,67.0,NTUA01,101
2020-05-01 13:00:00,38.040443,23.833649,ATHENS_01,3.105980984521456,1.583482409078179,5.19502568176991,18.388886302890764,1.064448638268726e-05,1.5964203882014498,1.2874652303676275,24.383964209855293,28.99525748191244,7.3651237,5.258637,,,ATHN001,87
2020-05-01 13:00:00,37.98204,23.79478,ATHENS_02,3.3323684117599544,1.918970480252317,5.321295583196764,18.64388325590934,2.9322865861527168e-06,1.4693813629153871,0.7854588208884012,24.446340322862827,29.124704968479023,9.0,11.0,,,ATHN002,88
2020-05-01 13:00:00,37.978336,23.727934,PPCITY21,3.2018819715232034,1.4842146789399235,5.902884729458117,19.120075034770327,5.363682905936967e-06,1.0670683057113146,1.022225648952894,24.51893850051673,30.196655350017537,30.0,20.0,29.0,15.0,PPCI21,83
2020-05-01 13:00:00,38.00546,23.73234,PANACEA_029,3.227336828969844,1.4984289855792752,5.865187100515776,19.100778428492767,5.139042831005091e-06,0.997853295230707,1.0073534731768536,24.51223841153218,30.126032846236555,30.0,20.0,37.0,15.0,PAN029,68
2020-05-01 13:00:00,38.037506,23.686476,PANACEA_049,3.214399536102767,1.3156078684503312,5.779222240888389,18.85328952475168,5.785387228087579e-06,1.2000085973733396,1.2720990769558722,24.376923888415995,30.18706970501352,24.0,5.489183,10.0,97.992966,PAN049,77
2020-05-01 13:00:00,38.034657,23.702152,PANACEA_019,3.22891772314785,1.384773655960485,5.808056544774125,18.94851755392144,5.511098908704805e-06,1.0719712955348968,1.1825646332995638,24.4148059822192,30.178128184073948,24.0,5.7501335,10.0,99.98907,PAN019,100
2020-05-01 13:00:00,37.961323,23.761395,PANACEA_047,3.163908469349207,1.6263223249854586,5.698688603159026,18.810822775447644,6.437200027253206e-06,1.5190907192962566,1.143782974913966,24.369215586745337,30.06294797412097,7.5859036,6.0645413,7.364188,103.31065,PAN047,75
2020-05-01 13:00:00,37.92956,23.69305,PANACEA_AirPaP_008,3.0160402183803674,1.190870931205183,5.677959220633436,18.724176562820777,1.0292415398059082e-05,1.6083506337014697,1.4391967521207214,24.34184170642278,30.0610603350578,25.0,6.5599427,23.0,101.4853,PANA08,81
2020-05-01 13:00:00,38.022263,23.737436,PANACEA_021,3.201662079807848,1.4615736489044195,5.672180065847694,18.833788490538144,6.639046106983045e-06,1.202848835821613,1.1693592559307358,24.39039511980216,29.94715936407901,7.397553,5.7501335,7.2820816,99.98907,PAN021,65
2020-05-01 13:00:00,37.813873,23.782408,PANACEA_006,2.974380974003493,1.1911136644707905,5.576514856679723,18.58996921671134,1.1934168897384385e-05,1.7183441640061377,1.5729963230915658,24.250130208223425,30.02122014775061,7.4867115,6.5289025,4.371201,104.558,PAN006,98
2020-05-01 13:00:00,37.97381,23.719069,CleanAir in Greece - Thiseio II,3.204072507943895,1.4660382907434582,5.957223069801684,19.187136389705728,5.1263053387492185e-06,1.006176403860651,0.99727361829941,24.547454764643,30.25625062310116,30.0,20.0,,,CAGT02,93
2020-05-01 13:00:00,37.95576,23.667692,PANACEA_AirPaP_006,3.080791299822752,1.1958347119864718,5.923612641954925,18.990438985265648,7.370478120319974e-06,1.4580713854728238,1.225856636117074,24.514861909819643,30.251918116652988,8.311368,6.5599427,8.252977,101.4853,PANA06,80
2020-05-01 13:00:00,38.132057,23.789848,PANACEA_032,2.914033633500088,1.1523700623370166,4.7442148509101205,17.711778251199853,2.3034551160652582e-05,1.6033413092190727,1.7997549885243669,23.774155715297955,29.125160245128235,11.0,10.0,6.0,56.0,PAN032,69
2020-05-01 13:00:00,38.04972,23.757725,ATH-ENVICARE-2,3.145946892896594,1.4035416672837353,5.288749390870019,18.345814042003564,1.0221456894223263e-05,1.4870110990290049,1.4347387232101774,24.15790123828894,29.57218824705444,7.397553,5.7501335,7.2820816,99.98907,ATHEN02,85
2020-05-01 13:00:00,37.97081,23.748861,PANACEA_039,3.170098376363427,1.550289706598072,5.717752121321556,18.86226513843079,6.452743689388737e-06,1.393490141632762,1.1331484918422434,24.407614752373213,30.024968027668347,7.5859036,6.0645413,29.0,15.0,PAN039,72
2020-05-01 13:00:00,37.97312,23.718056,PANACEA_000,3.2029318290059856,1.462820931846274,5.959498087003698,19.18862719743977,5.140165112851943e-06,1.0070377731344695,0.9984909594821384,24.5481949535191,30.259634091685733,30.0,20.0,29.0,15.0,PAN000,94
2020-05-01 13:00:00,38.04067,23.684368,PANACEA_048,3.2099103381675578,1.2892569447101074,5.728923489666551,18.76582654628931,6.071699218999638e-06,1.2722221933100348,1.3405724190081751,24.33246511435938,30.162922622146528,24.0,5.489183,10.0,97.992966,PAN048,76
2020-05-01 13:00:00,37.978,23.727,ATHINAS,3.2028699699955685,1.48270670260783,5.911012250496007,19.130783510879155,5.316104234552763e-06,1.0560269974877392,1.0173822576819038,24.52340616944732,30.205158768280924,30.0,20.0,29.0,15.0,GR0027A,9
2020-05-01 13:00:00,38.053745,23.741959,PANACEA_037,3.166466836992702,1.3525010722194466,5.333750411412329,18.344533063982617,9.586882612782473e-06,1.4640551981183862,1.521084133566801,24.121611285818087,29.72725399696666,7.397553,5.7501335,7.2820816,99.98907,PAN037,70
2020-05-01 13:00:00,38.00266,23.763859,PANACEA_AirPaP_002,3.235735126186738,1.67044193729574,5.470105295982067,18.68759445373343,5.683956424810165e-06,1.414659092123937,1.0333682362995733,24.395926082010387,29.52530985499632,30.0,20.0,37.0,62.0,PANA02,79
2020-05-01 13:00:00,37.989967,23.708792,ATH-ENVICARE-3,3.307705177017122,1.5681193298887834,6.223074489472978,19.626249304832385,2.0850749345381044e-06,0.4504962808933257,0.6839793909126863,24.734849806517552,30.456202318313046,30.0,20.0,,,ATHEN023,86
2020-05-01 13:00:00,38.013317,23.647491,PANACEA_014,3.114844039891426,1.067111164722596,6.18506133961303,19.09139538621185,5.269027957420603e-06,1.5813408780003926,1.142138293606121,24.668476710409703,30.512667053195244,24.0,5.489183,10.0,97.992966,PAN014,99
2020-05-01 13:00:00,38.01869,23.810574,PANACEA_005,3.3042452428234643,1.863181190242424,5.254910325741481,18.57075909736341,4.197305450995525e-06,1.4800516585540082,0.8602366852924154,24.433136916743067,29.01138438991205,15.0,11.0,9.0,62.0,PAN005,97
2020-05-01 13:00:00,37.97673,23.7298,ATH-ENVICARE-0,3.193511900083095,1.4831085116298772,5.876563314255057,19.079388581116746,5.615602859095218e-06,1.1194538730438022,1.0473287132250058,24.50099008406671,30.17603509369206,30.0,20.0,29.0,15.0,ATHEN01,84
2020-05-01 13:00:00,37.974033,23.718441,CleanAir in Greece - Thiseio,3.206287162426457,1.466847545881214,5.964288325873995,19.19801604039972,5.0565910884105e-06,0.9928538691495674,0.9902788113824172,24.55230899811695,30.26176990545464,30.0,20.0,,,CAGT01,92
2020-05-01 13:00:00,38.056435,23.840101,PANACEA_004,3.0316760266856724,1.4657729275173197,5.119695307772553,18.25798517910476,1.3589822502036304e-05,1.6135013380120302,1.363045297770128,24.338371577967475,28.921260957018053,7.3651237,5.258637,4.9964504,103.746574,PAN004,96
2020-05-01 13:00:00,37.9357,23.644547,PANACEA_038,3.006712595701935,1.0680241430760666,5.861545647988608,18.881304204053464,8.851780550868568e-06,1.677918111037875,1.3477376871459477,24.483455178657568,30.18377469768031,8.311368,6.5599427,8.252977,101.4853,PAN038,71
2020-05-01 13:00:00,38.08363,23.700375,Ano Liosia (Perneri),3.416037818081445,1.3006904076875307,4.938569520115363,17.578058286207224,4.554400093754293e-06,1.6801980845028592,2.2883887905878124,23.5551951674736,29.90540515388289,7.1596065,5.489183,6.4559193,97.992966,,89
2020-05-01 13:00:00,38.037838,23.826132,PANACEA_AirPaP_001,3.136769866395428,1.6117236390809278,5.2068717584850175,18.40599266261145,9.75773427678382e-06,1.574641083643673,1.2373123475005672,24.36241225880603,29.05338324348351,7.3651237,5.258637,4.9964504,103.746574,PANA01,78
2020-05-01 13:00:00,37.99345,23.744556,PANACEA_001,3.20252235439573,1.5345952491519568,5.71897191116979,18.91204267117008,5.960013060498939e-06,1.2358312798060105,1.0784947814604655,24.44440823112796,29.95236495966325,30.0,20.0,37.0,15.0,PAN001,95
2020-05-01 13:00:00,37.871895,23.755962,PANACEA_022,3.049558503467834,1.5594440059394106,5.908328245329591,18.84181760945033,8.236986513510268e-06,1.7761888950000602,1.3252874101164185,24.24885175840721,30.73633486733477,7.4867115,6.5289025,4.371201,104.558,PAN022,67
2020-05-01 13:00:00,37.988132,23.72989,PPCITY12,3.2215439122468545,1.5017019879126674,5.917705130467419,19.160262492469613,4.946109649103203e-06,0.9881114290173936,0.9814871444213924,24.53835542897876,30.18956022658479,30.0,20.0,37.0,15.0,PPCI12,82
2020-05-01 14:00:00,38.15,23.75,Athens CAMS station 12,2.759432217163817,0.749094061800078,4.393162006719202,18.058790017157904,2.4854370093873275e-05,1.584956209542517,2.1004858209124166,23.42294836958827,29.0396308205289,5.8947887,4.3662643,3.5890388,98.34789,ACAMS12,57
2020-05-01 14:00:00,37.85,23.55,Athens CAMS station 7,2.599390714465395,0.7117905754290588,5.41255276809147,19.35828666919713,9.453741273046542e-06,1.844812100628988,1.3615905081541333,24.3471409795073,29.521469795643128,8.443505,5.98346,5.2732882,106.673874,ACAMS07,52
2020-05-01 14:00:00,38.15,23.55,Athens CAMS station 0,3.0167226571209467,0.43523832044227,5.006849745033942,18.1930518094403,6.095216084172195e-06,1.698095206594515,2.244492581901622,23.46567773530296,30.23831558697746,5.337922,3.3328795,2.0991197,98.2757,ACAMS00,45
2020-05-01 14:00:00,37.95,23.95,Athens CAMS station 6,2.9706906731356177,1.9935288831283409,5.23916732365446,19.0459242206414,7.170605807177006e-06,1.7395806292802207,1.7717313728384856,24.190457499159947,29.505601201566325,8.28838,5.9753666,3.9084811,101.970795,ACAMS06,51
2020-05-01 14:00:00,37.95,23.55,Athens CAMS station 2,2.59163059254818,0.5563715994708123,5.758907938240153,19.740153059917485,5.971133902379914e-06,1.9968304557850507,1.1420060947518385,24.687617521544425,29.612680613900025,7.6635284,5.793699,6.9917855,104.43814,ACAMS02,47
2020-05-01 14:00:00,37.85,23.75,Athens CAMS station 9,2.8040159266911497,1.3652223603585685,5.539828166783658,19.03925705246808,9.684072396746556e-06,1.7421940593033545,1.430983914693055,23.9967798041655,30.46417334738925,7.908154,6.2244935,4.4123697,104.477715,ACAMS09,54
2020-05-01 14:00:00,37.85,23.95,Athens CAMS station 11,2.8865507647293684,1.7963085104889602,5.45794459242268,19.03936096102526,8.517569191575442e-06,1.7054827108664927,1.8063689808379964,23.93458914298068,30.39021071864905,6.4758706,5.4256945,1.7059408,101.602234,ACAMS11,56
2020-05-01 14:00:00,38.15,23.65,Athens CAMS station 1,2.984969948680944,0.6940118452963275,4.649842711262702,18.10704926577241,1.2861741750707022e-05,1.641678904014771,2.17278116974574,23.442057777784008,29.52890923806048,5.7888894,3.6797204,2.6909237,98.871666,ACAMS01,46
2020-05-01 14:00:00,37.85,23.65,Athens CAMS station 8,2.772128442487832,0.9959909917374258,5.315402937252083,18.998376860859626,1.1014568861643114e-05,1.720713782582773,1.5040863912845843,24.09812732148584,29.7759918440348,8.367136,6.326659,7.141774,104.45639,ACAMS08,53
2020-05-01 14:00:00,37.95,23.85,Athens CAMS station 5,2.9661987071098803,1.9838707023408195,5.443231009594866,19.08925331742014,6.002111239418606e-06,1.7195266780494265,1.4504007912504344,24.09798229719672,30.10207120264512,8.163978,6.138664,4.566028,101.151085,ACAMS05,50
2020-05-01 14:00:00,37.95,23.75,Athens CAMS station 4,2.912598682652685,1.5433982167156548,5.542035725975881,19.14576549262982,7.103892338993863e-06,1.5359975948527655,1.2062477123451345,24.08906153641387,30.286321459359147,8.750744,6.400225,7.6777115,105.11742,ACAMS04,49
2020-05-01 14:00:00,38.15,23.85,Athens CAMS station 13,2.518763423228428,0.7237602846470773,4.467301693837713,18.276134990455635,3.3722369743931395e-05,1.5789079995140731,1.5264384722207036,23.893991245802955,28.383223424781843,6.48326,5.0032196,4.3002424,100.25237,ACAMS13,58
2020-05-01 14:00:00,38.144,23.758,THRAKOMAKEDONES,2.7672238940653773,0.779834193590023,4.37987679544277,18.075688016672675,2.4413321677249723e-05,1.589227506066381,2.024258730333733,23.46375500505849,28.942391956739808,10.0,12.0,4.0,65.0,GR0037A,18
2020-05-01 14:00:00,38.05,23.85,Athens CAMS station 18,2.940817353996326,1.380504325805764,4.723725097726012,18.643017603191648,1.2685171532195062e-05,1.632280150057613,1.3417529799496402,24.17535047488156,28.435652402644003,8.782122,6.2377915,5.4741836,102.53124,ACAMS18,63
2020-05-01 14:00:00,37.988,23.728,ARISTOTELOUS,2.998518888110044,1.4916551023074096,5.68124687076628,19.51201849070914,4.7405995380994745e-06,0.9463073328551248,0.9607956524395318,24.317049222935275,30.11007455042205,31.0,17.0,34.0,10.0,GR0003A,10
2020-05-01 14:00:00,37.85,23.85,Athens CAMS station 10,2.849242518197986,1.7532918068406098,5.645145947116768,19.093312662415524,8.146403391580432e-06,1.752359885063307,1.5825865353705306,23.92424576386531,30.82457376992699,7.1110106,5.645895,2.3888009,102.73792,ACAMS10,55
2020-05-01 14:00:00,37.95,23.65,Athens CAMS station 3,2.8260930651296325,1.0357052930260646,5.60296335137551,19.27494857653577,7.832459186750996e-06,1.6227480476558742,1.2714026933618012,24.32412183015604,29.948226912379425,8.932842,7.006695,8.390123,104.42332,ACAMS03,48
2020-05-01 14:00:00,38.05,23.55,Athens CAMS station 15,2.8603280199515013,0.512655021126012,5.600918938736831,19.16743290943798,4.500771438262112e-06,1.9174655565848564,1.51784174940185,24.31389072042173,29.948273702276737,6.4908204,5.024913,4.4636497,98.98527,ACAMS15,60
2020-05-01 14:00:00,38.15,23.95,Athens CAMS station 14,2.482635217670928,0.7932067386391102,4.684564839058946,18.521767092423406,3.305275436626088e-05,1.5880967633319794,1.1089891789229993,24.304959609689696,28.123041579532646,7.9969153,6.059282,3.1167128,106.313614,ACAMS14,59
2020-05-01 14:00:00,37.995,23.819,PARASKEVI,3.17369965897424,1.8961727374011148,4.951922540021232,18.9109588420251,3.2587166881384422e-06,1.484276500239908,0.8192746088945874,24.1745671769433,28.863942937054546,18.0,10.0,8.0,69.0,GR0039A,20
2020-05-01 14:00:00,38.05,23.95,Athens CAMS station 19,2.8824224272471968,1.407442638064497,4.788451103188345,18.76460125884281,1.3904900560409776e-05,1.696475456076252,1.3528604971282276,24.43358199179785,28.13789425777175,8.077235,5.924325,3.5544603,102.801834,ACAMS19,64
2020-05-01 14:00:00,38.05,23.75,Athens CAMS station 17,3.0035586394305294,1.2428756736373,4.909833281306463,18.66880557608061,9.817976220659051e-06,1.4666536198797293,1.4584864494853569,23.904775288216207,29.25935575046934,9.289677,6.9417048,9.763037,100.14646,ACAMS17,62
2020-05-01 14:00:00,38.05,23.65,Athens CAMS station 16,2.9841786597452504,0.9425496201771352,5.3133526450779245,18.91348786905604,6.339241005861667e-06,1.6281121144126298,1.4789325668404052,24.113520842125435,29.70590991488049,7.9268556,5.905154,7.7076535,98.83929,ACAMS16,61
2020-05-01 14:00:00,38.051,23.538,ELEFSINA,2.842028746030593,0.4383545320180939,5.620887231451545,19.19448596344133,4.271034232904132e-06,1.917791797072457,1.5747855710592482,24.298413192918648,30.020259107322868,6.4908204,14.0,16.0,98.98527,GR0038A,19
2020-05-01 14:00:00,38.031,23.787,MAROUSI,3.076858642951921,1.5953558203796936,4.900813535861142,18.783480243188333,7.0629362030197e-06,1.4929270144775,1.085429270759212,24.05923626726104,28.967880524853545,20.0,6.9417048,9.0,66.0,GR0022A,11
2020-05-01 14:00:00,37.932,23.713,SMYRNI,2.8390360306485003,1.194445874085317,5.407568431760902,19.055001804402124,9.707044771627292e-06,1.58437155911548,1.3969676547400371,24.092720645029097,29.980796344447946,27.0,6.400225,22.0,105.11742,GR0031A,15
2020-05-01 14:00:00,38.021,23.688,PERISTERI,3.0187919103856897,1.4322524221364927,5.7803120567917645,19.63168621124175,3.763323013365228e-06,0.7944412880463507,0.9252912537920416,24.378936081607574,30.18852876894257,22.0,5.905154,9.0,98.83929,GR0028A,12
2020-05-01 14:00:00,37.901,23.879,KOROPI,3.005991368851529,2.873582708894359,5.905423510736426,19.31065289613744,2.781810940448476e-06,1.6912536882719706,2.297779549450784,23.6936658521817,31.75997651848344,22.0,6.138664,9.0,67.0,GR0120A,21
2020-05-01 14:00:00,38.037838,23.826132,PANACEA_AirPaP_001,3.012919996943078,1.505512724474769,4.804689883493192,18.69916584904376,9.75773427678382e-06,1.574641083643673,1.2373123475005672,24.084196691177745,28.74484720021867,8.782122,6.2377915,5.4741836,102.53124,PANA01,78
2020-05-01 14:00:00,37.988132,23.72989,PPCITY12,2.996244327407749,1.4875440452036168,5.65046022559573,19.47308009622661,4.946109649103203e-06,0.9881114290173936,0.9814871444213924,24.29974284646185,30.079388840576524,31.0,17.0,34.0,10.0,PPCI12,82
2020-05-01 14:00:00,37.978336,23.727934,PPCITY21,2.978392472058073,1.467938724375037,5.636004295304757,19.431459512557524,5.363682905936967e-06,1.0670683057113146,1.022225648952894,24.278418353296352,30.09337245771245,31.0,17.0,21.0,10.0,PPCI21,83
2020-05-01 14:00:00,37.97312,23.718056,PANACEA_000,2.973140491264941,1.450953547059067,5.698040488093161,19.5022404038914,5.140165112851943e-06,1.0070377731344695,0.9984909594821384,24.31225261180369,30.157604833772155,31.0,17.0,21.0,10.0,PAN000,94
2020-05-01 14:00:00,38.00546,23.73234,PANACEA_029,3.00887290400884,1.4721854143912865,5.581440226757792,19.41288606104891,5.139042831005091e-06,0.997853295230707,1.0073534731768536,24.273741304937403,29.979940550183493,31.0,17.0,34.0,10.0,PAN029,68
2020-05-01 14:00:00,38.056435,23.840101,PANACEA_004,2.9347191867135023,1.3068751768146276,4.661775230782265,18.551905570000976,1.3589822502036304e-05,1.6135013380120302,1.363045297770128,24.062567960834794,28.49868883733945,8.782122,6.2377915,5.4741836,102.53124,PAN004,96
2020-05-01 14:00:00,38.04067,23.684368,PANACEA_048,3.016091575602749,1.1931245908471697,5.355544632385298,19.07464225934556,6.071699218999638e-06,1.2722221933100348,1.3405724190081751,24.109369149610536,29.799919570126328,22.0,5.905154,9.0,98.83929,PAN048,76
2020-05-01 14:00:00,37.813873,23.782408,PANACEA_006,2.78920970496534,1.0888616971301148,5.27452394817608,18.88889320941849,1.1934168897384385e-05,1.7183441640061377,1.5729963230915658,23.99685945247446,29.883463300400287,7.908154,6.2244935,4.4123697,104.477715,PAN006,98
2020-05-01 14:00:00,37.961323,23.761395,PANACEA_047,2.95895061302551,1.6210984975924452,5.452685872687423,19.10795430348593,6.437200027253206e-06,1.5190907192962566,1.143782974913966,24.095845982586827,30.08318220652539,8.750744,6.400225,7.6777115,105.11742,PAN047,75
2020-05-01 14:00:00,38.022263,23.737436,PANACEA_021,3.0075747566727986,1.3966880178333698,5.342402797601487,19.140285761618728,6.639046106983045e-06,1.202848835821613,1.1693592559307358,24.146618750299574,29.71733951569906,9.289677,6.9417048,9.763037,100.14646,PAN021,65
2020-05-01 14:00:00,37.974033,23.718441,CleanAir in Greece - Thiseio,2.9758518585627485,1.4560051680634896,5.703696495314949,19.51188564432264,5.0565910884105e-06,0.9928538691495674,0.9902788113824172,24.316599879070488,30.160775678240668,31.0,17.0,,,CAGT01,92
2020-05-01 14:00:00,38.00266,23.763859,PANACEA_AirPaP_002,3.063251936863342,1.6246268064212284,5.144366471836508,18.98520531136824,5.683956424810165e-06,1.414659092123937,1.0333682362995733,24.12784061642529,29.35089766621207,31.0,17.0,34.0,66.0,PANA02,79
2020-05-01 14:00:00,38.034657,23.702152,PANACEA_019,3.0209028390463724,1.3200063114105878,5.475795922540489,19.26018055698457,5.511098908704805e-06,1.0719712955348968,1.1825646332995638,24.186892083420165,29.90897321858964,22.0,6.9417048,9.0,100.14646,PAN019,100
2020-05-01 14:00:00,37.99345,23.744556,PANACEA_001,3.0010271238342243,1.499543259027566,5.424038298499659,19.217421198361123,5.960013060498939e-06,1.2358312798060105,1.0784947814604655,24.1929869674804,29.81254338233097,31.0,17.0,34.0,10.0,PAN001,95
2020-05-01 14:00:00,38.037506,23.686476,PANACEA_049,3.0135650459445698,1.233404609989453,5.422721373738723,19.163696872456352,5.785387228087579e-06,1.2000085973733396,1.2720990769558722,24.15344068906039,29.859436365069,22.0,5.905154,9.0,98.83929,PAN049,77
2020-05-01 14:00:00,37.97381,23.719069,CleanAir in Greece - Thiseio II,2.9744749459918927,1.4542790095542362,5.69581123479975,19.500675698211985,5.1263053387492185e-06,1.006176403860651,0.99727361829941,24.31123476034484,30.154846377223624,31.0,17.0,,,CAGT02,93
2020-05-01 14:00:00,37.9357,23.644547,PANACEA_038,2.802185290734375,0.9993786743214308,5.513648352807652,19.19004501868141,8.851780550868568e-06,1.677918111037875,1.3477376871459477,24.26334005015868,29.877352498708927,8.932842,7.006695,8.390123,104.42332,PAN038,71
2020-05-01 14:00:00,38.04972,23.757725,ATH-ENVICARE-2,2.999006704190204,1.2620365617317628,4.867806504749536,18.643012750917688,1.0221456894223263e-05,1.4870110990290049,1.4347387232101774,23.9036100478882,29.176845687217803,9.289677,6.9417048,9.763037,100.14646,ATHEN02,85
2020-05-01 14:00:00,38.08363,23.700375,Ano Liosia (Perneri),3.316734839864061,1.0424838557117186,4.307779740585885,17.86229004577107,4.554400093754293e-06,1.6801980845028592,2.2883887905878124,23.32610349380096,29.017720120563432,7.9268556,5.905154,7.7076535,98.83929,,89
2020-05-01 14:00:00,37.95576,23.667692,PANACEA_AirPaP_006,2.8670056404706346,1.145974317599696,5.599444990706404,19.301493690211963,7.370478120319974e-06,1.4580713854728238,1.225856636117074,24.291969021196785,29.99746602698904,8.932842,7.006695,8.390123,104.42332,PANA06,80
2020-05-01 14:00:00,37.989967,23.708792,ATH-ENVICARE-3,3.0436409749367592,1.6033832477343584,6.010304096915863,19.95164106183451,2.0850749345381044e-06,0.4504962808933257,0.6839793909126863,24.51202482160597,30.41939699832185,31.0,17.0,,,ATHEN023,86
2020-05-01 14:00:00,37.97721,23.783016,National Technical University of Athens,3.096930290618652,1.800530893151036,5.140697875779784,18.97807675495291,4.378664104446071e-06,1.4957025027728883,0.9310794085124304,24.13125649146473,29.34688729607385,18.0,10.0,8.0,69.0,NTUA01,101
2020-05-01 14:00:00,37.933243,23.757456,PANACEA_046,2.8716223390699653,1.6716015577359693,5.717164024267806,19.16675074090559,7.0055072357722046e-06,1.667597673751127,1.216254045874894,24.017108673524,30.8129874636919,8.750744,6.400225,7.6777115,105.11742,PAN046,74
2020-05-01 14:00:00,38.090866,23.72522,PANACEA_020,3.194342232055704,1.0310749410632043,4.424540999732941,18.02661879894047,7.73030208962085e-06,1.6413545696816814,2.1134969053445705,23.446020449475828,29.053629582518653,9.289677,6.9417048,9.763037,100.14646,PAN020,66
2020-05-01 14:00:00,38.013317,23.647491,PANACEA_014,2.8942773061940645,1.0207210259860398,5.793258204064822,19.409574489059803,5.269027957420603e-06,1.5813408780003926,1.142138293606121,24.475862930184206,30.050457608758148,22.0,5.905154,9.0,98.83929,PAN014,99
2020-05-01 14:00:00,37.97673,23.7298,ATH-ENVICARE-0,2.973089990506698,1.463997369455437,5.607271942223254,19.38945693187327,5.615602859095218e-06,1.1194538730438022,1.0473287132250058,24.258292909603966,30.073228046023388,31.0,17.0,21.0,10.0,ATHEN01,84
2020-05-01 14:00:00,37.98204,23.79478,ATHENS_02,3.1739555582742227,1.902825571045222,5.000980874797344,18.93578719332685,2.9322865861527168e-06,1.4693813629153871,0.7854588208884012,24.160653280670065,28.9887023009058,18.0,10.0,,,ATHN002,88
2020-05-01 14:00:00,38.040443,23.833649,ATHENS_01,2.989746880557392,1.468156358255785,4.783058997373277,18.68217412329524,1.064448638268726e-05,1.5964203882014498,1.2874652303676275,24.10491020805651,28.67015669891715,8.782122,6.2377915,,,ATHN001,87
2020-05-01 14:00:00,37.871895,23.755962,PANACEA_022,2.8079916423132047,1.5962756231244128,5.76558306608648,19.13469944033411,8.236986513510268e-06,1.7761888950000602,1.3252874101164185,23.96278581253617,31.02412526603635,7.908154,6.2244935,4.4123697,104.477715,PAN022,67
2020-05-01 14:00:00,37.97081,23.748861,PANACEA_039,2.9664510454017345,1.5270984564291814,5.445763688253116,19.163867588527857,6.452743689388737e-06,1.393490141632762,1.1331484918422434,24.147070019164,29.95862333013164,8.750744,6.400225,21.0,10.0,PAN039,72
2020-05-01 14:00:00,38.053745,23.741959,PANACEA_037,3.0138991773535,1.2034748721297603,4.905901267770836,18.642949537684608,9.586882612782473e-06,1.4640551981183862,1.521084133566801,23.87507987973087,29.30113795390349,9.289677,6.9417048,9.763037,100.14646,PAN037,70
2020-05-01 14:00:00,37.948063,23.72836,PANACEA_045,2.894455565057864,1.3766559244731662,5.518662345423721,19.177829070892887,7.739044857109357e-06,1.460177648740423,1.2466263874506385,24.13700528035182,30.13317887116836,8.750744,6.400225,7.6777115,105.11742,PAN045,73
2020-05-01 14:00:00,38.132057,23.789848,PANACEA_032,2.8124053752584937,0.8558652869894086,4.1940793717730855,18.00416710485758,2.3034551160652582e-05,1.6033413092190727,1.7997549885243669,23.510305545370134,28.484545275745404,10.0,12.0,4.0,65.0,PAN032,69
2020-05-01 14:00:00,38.01869,23.810574,PANACEA_005,3.158661180219519,1.8215245980765409,4.904112336065034,18.862880237716965,4.197305450995525e-06,1.4800516585540082,0.8602366852924154,24.14977465840992,28.806716346913543,20.0,10.0,9.0,66.0,PAN005,97
2020-05-01 14:00:00,37.978,23.727,ATHINAS,2.9784361419661094,1.4672330886638274,5.645063990165683,19.44250251384112,5.316104234552763e-06,1.0560269974877392,1.0173822576819038,24.283489754399945,30.102436412069324,31.0,17.0,21.0,10.0,GR0027A,9
2020-05-01 14:00:00,37.92956,23.69305,PANACEA_AirPaP_008,2.822689496529903,1.1035839063231612,5.363582625715197,19.027552565309424,1.0292415398059082e-05,1.6083506337014697,1.4391967521207214,24.0999825978236,29.870489295813453,27.0,7.006695,22.0,104.42332,PANA08,81
2020-05-01 15:00:00,37.85,23.55,Athens CAMS station 7,2.130131188031214,0.9644090720367208,5.917925082020026,19.596679969926857,9.453741273046542e-06,1.844812100628988,1.3615905081541333,23.743518092444987,31.7498481962274,8.801186,6.1138387,6.1263776,104.52419,ACAMS07,52
2020-05-01 15:00:00,37.85,23.75,Athens CAMS station 9,2.31515105769432,1.5524130766105884,6.199406467447425,19.265091046745056,9.684072396746556e-06,1.7421940593033545,1.430983914693055,23.332928270757225,33.287692174755314,8.322393,6.193185,4.9890685,106.27368,ACAMS09,54
2020-05-01 15:00:00,38.05,23.65,Athens CAMS station 16,2.515010394724265,1.0162902498138044,5.832457339618516,19.149238861916142,6.339241005861667e-06,1.6281121144126298,1.4789325668404052,23.553535595772896,31.878612241047588,8.894096,6.6724854,10.658483,97.503426,ACAMS16,61
2020-05-01 15:00:00,37.95,23.65,Athens CAMS station 3,2.348057058153868,1.205139083255694,6.1761417370666205,19.51267413441563,7.832459186750996e-06,1.6227480476558742,1.2714026933618012,23.728834962500063,32.338537027493786,10.022154,7.2825785,9.47896,103.39648,ACAMS03,48
2020-05-01 15:00:00,37.85,23.65,Athens CAMS station 8,2.30761581674252,1.124341033773356,5.870202255114883,19.23051677957212,1.1014568861643114e-05,1.720713782582773,1.5040863912845843,23.47828350128217,32.178819885637964,8.703131,6.313796,8.036445,105.84629,ACAMS08,53
2020-05-01 15:00:00,37.988,23.728,ARISTOTELOUS,2.496842611940005,1.6664738049338323,6.412240804961855,19.752070442799017,4.7405995380994745e-06,0.9463073328551248,0.9607956524395318,23.69874396387964,32.9061904809893,35.0,15.0,27.0,15.0,GR0003A,10
2020-05-01 15:00:00,37.95,23.75,Athens CAMS station 4,2.419377485902232,1.7265653512675116,6.215176365554455,19.37326306022626,7.103892338993863e-06,1.5359975948527655,1.2062477123451345,23.429962567954583,33.10024975195852,10.037019,6.422154,8.999351,104.16648,ACAMS04,49
2020-05-01 15:00:00,38.05,23.55,Athens CAMS station 15,2.402159205191576,0.653065153309444,6.129398711012265,19.40601976889169,4.500771438262112e-06,1.9174655565848564,1.51784174940185,23.78686898501572,32.081230127500625,7.74711,5.468108,5.4485908,99.34244,ACAMS15,60
2020-05-01 15:00:00,37.95,23.95,Athens CAMS station 6,2.507737807355789,2.1423581514447867,5.755591413363908,19.26128298215161,7.170605807177006e-06,1.7395806292802207,1.7717313728384856,23.46634812114446,32.03732389723742,7.7992353,5.7529187,4.5819917,98.13906,ACAMS06,51
2020-05-01 15:00:00,38.144,23.758,THRAKOMAKEDONES,2.348254785604697,0.6206758124864272,4.836491564320188,18.30365079538361,2.4413321677249723e-05,1.589227506066381,2.024258730333733,22.85191894835659,31.04062016139856,11.0,9.0,4.0,64.0,GR0037A,18
2020-05-01 15:00:00,38.05,23.95,Athens CAMS station 19,2.507114469302908,1.3372386463230397,5.081652789860386,18.99168655180416,1.3904900560409776e-05,1.696475456076252,1.3528604971282276,23.77316917938894,29.94419806707313,9.07412,6.65675,5.342443,99.479515,ACAMS19,64
2020-05-01 15:00:00,38.15,23.65,Athens CAMS station 1,2.5227658271687394,0.6122980171959946,5.1566345405268805,18.336824282758023,1.2861741750707022e-05,1.641678904014771,2.17278116974574,22.870914624779065,31.68703347803736,5.938438,4.3001285,3.7400126,98.38286,ACAMS01,46
2020-05-01 15:00:00,38.05,23.75,Athens CAMS station 17,2.555649360261166,1.2458316450720364,5.395712331812383,18.89765954454213,9.817976220659051e-06,1.4666536198797293,1.4584864494853569,23.29858137813188,31.43545999284373,10.227046,7.8802514,12.808918,100.5789,ACAMS17,62
2020-05-01 15:00:00,37.995,23.819,PARASKEVI,2.7073780213691854,1.983569072707868,5.490270339486444,19.13261383305825,3.2587166881384422e-06,1.484276500239908,0.8192746088945874,23.51227144798929,31.209663182005333,17.0,10.0,8.0,72.0,GR0039A,20
2020-05-01 15:00:00,38.15,23.85,Athens CAMS station 13,2.151690935319328,0.5033202449856853,4.879975103017884,18.50838320630077,3.3722369743931395e-05,1.5789079995140731,1.5264384722207036,23.245373092468185,30.420434963515845,8.029764,5.747504,5.9249673,97.74025,ACAMS13,58
2020-05-01 15:00:00,38.05,23.85,Athens CAMS station 18,2.543366216664612,1.323434164275033,5.073077176470728,18.86895376827448,1.2685171532195062e-05,1.632280150057613,1.3417529799496402,23.532792402475497,30.340819936363825,9.678564,6.9813085,7.790483,100.153336,ACAMS18,63
2020-05-01 15:00:00,38.15,23.95,Athens CAMS station 14,2.1390734941024774,0.5761812617830451,5.040172955096035,18.75702608624365,3.305275436626088e-05,1.5880967633319794,1.1089891789229993,23.64306899467119,30.044981556263764,8.580179,6.1850457,4.716867,102.45811,ACAMS14,59
2020-05-01 15:00:00,37.85,23.85,Athens CAMS station 10,2.3433686876167013,1.9923511378742027,6.343446710841308,19.311414161824374,8.146403391580432e-06,1.752359885063307,1.5825865353705306,23.213903385404265,33.86753136349942,7.6815696,5.781859,2.806729,103.67766,ACAMS10,55
2020-05-01 15:00:00,38.15,23.75,Athens CAMS station 12,2.332150754911076,0.5933382915289255,4.875195163816283,18.28721286168788,2.4854370093873275e-05,1.584956209542517,2.1004858209124166,22.80980371427577,31.200673083759533,7.020424,5.3636656,5.2955046,97.78032,ACAMS12,57
2020-05-01 15:00:00,37.95,23.85,Athens CAMS station 5,2.478754751096961,2.182123336606598,6.066238434194895,19.30591654549251,6.002111239418606e-06,1.7195266780494265,1.4504007912504344,23.38039314007692,32.92669654541843,9.475008,5.90052,5.6731863,98.90005,ACAMS05,50
2020-05-01 15:00:00,37.85,23.95,Athens CAMS station 11,2.3939750791496657,1.997214625901809,6.082951900551021,19.25571178945312,8.517569191575442e-06,1.7054827108664927,1.8063689808379964,23.22119406716186,33.20918142145662,7.2531123,5.4866,2.022368,101.651695,ACAMS11,56
2020-05-01 15:00:00,38.15,23.55,Athens CAMS station 0,2.555789965157499,0.4118199214245713,5.577563119409388,18.422038712120195,6.095216084172195e-06,1.698095206594515,2.244492581901622,22.92625568310428,32.52107104569271,5.8257174,4.0803328,2.554657,96.882095,ACAMS00,45
2020-05-01 15:00:00,37.95,23.55,Athens CAMS station 2,2.1164068795828324,0.8730057003582599,6.250357384068985,19.98561737128427,5.971133902379914e-06,1.9968304557850507,1.1420060947518385,24.12298962149585,31.719444890740807,8.547124,5.7733536,8.577495,102.54846,ACAMS02,47
2020-05-01 15:00:00,38.051,23.538,ELEFSINA,2.388478978006548,0.5835042253177612,6.160803627564837,19.43262066286,4.271034232904132e-06,1.917791797072457,1.5747855710592482,23.77459026401239,32.17713328522806,7.74711,15.0,12.0,99.34244,GR0038A,19
2020-05-01 15:00:00,37.932,23.713,SMYRNI,2.3637618370496782,1.330387124534617,6.015615705381946,19.28645157887197,9.707044771627292e-06,1.58437155911548,1.3969676547400371,23.4624716519979,32.54590976296974,23.0,6.422154,16.0,104.16648,GR0031A,15
2020-05-01 15:00:00,38.021,23.688,PERISTERI,2.5109065241854243,1.6126484130316148,6.533747158435379,19.876113551972416,3.763323013365228e-06,0.7944412880463507,0.9252912537920416,23.77922747641655,32.99137226774106,26.0,6.6724854,8.0,97.503426,GR0028A,12
2020-05-01 15:00:00,37.901,23.879,KOROPI,2.446557365532641,3.273936494378647,6.67829907696292,19.505740352316025,2.781810940448476e-06,1.6912536882719706,2.297779549450784,22.853563592798267,35.28693415368577,19.0,5.90052,8.0,70.0,GR0120A,21
2020-05-01 15:00:00,38.031,23.787,MAROUSI,2.6250843913219297,1.635768293810599,5.403203083932117,19.00812061565097,7.0629362030197e-06,1.4929270144775,1.085429270759212,23.4188682535904,31.2135378300236,18.0,7.8802514,7.0,69.0,GR0022A,11
2020-05-01 15:00:00,37.97312,23.718056,PANACEA_000,2.4719099225991705,1.6311251928308028,6.424766436905511,19.742044025775783,5.140165112851943e-06,1.0070377731344695,0.9984909594821384,23.693650230504545,32.95195168229124,35.0,15.0,20.0,15.0,PAN000,94
2020-05-01 15:00:00,38.132057,23.789848,PANACEA_032,2.4294781996033543,0.6572931585746071,4.525345989189524,18.22995428145052,2.3034551160652582e-05,1.6033413092190727,1.7997549885243669,22.9084511781786,30.266212434390685,11.0,9.0,4.0,64.0,PAN032,69
2020-05-01 15:00:00,37.97381,23.719069,CleanAir in Greece - Thiseio II,2.4732755492317127,1.6340817358980364,6.422467343360479,19.74041966548689,5.1263053387492185e-06,1.006176403860651,0.99727361829941,23.69239457173525,32.94934871903544,35.0,15.0,,,CAGT02,93
2020-05-01 15:00:00,37.9357,23.644547,PANACEA_038,2.32932070363932,1.157231730089796,6.073909194828233,19.426206738587503,8.851780550868568e-06,1.677918111037875,1.3477376871459477,23.662543949639176,32.24895826853766,10.022154,7.2825785,9.47896,103.39648,PAN038,71
2020-05-01 15:00:00,37.98204,23.79478,ATHENS_02,2.7015791483029443,2.003471687772344,5.561236488059732,19.15763653606069,2.9322865861527168e-06,1.4693813629153871,0.7854588208884012,23.498505222061905,31.39304683924664,17.0,10.0,,,ATHN002,88
2020-05-01 15:00:00,37.974033,23.718441,CleanAir in Greece - Thiseio,2.4740886141997898,1.6369035024657048,6.4332690607712,19.751888541996543,5.0565910884105e-06,0.9928538691495674,0.9902788113824172,23.698230055848587,32.96061833511564,35.0,15.0,,,CAGT01,92
2020-05-01 15:00:00,37.988132,23.72989,PPCITY12,2.4966789623053915,1.6576081314141151,6.370659917324321,19.71227526949772,4.946109649103203e-06,0.9881114290173936,0.9814871444213924,23.680131980505,32.853372604728904,35.0,15.0,27.0,15.0,PPCI12,82
2020-05-01 15:00:00,37.871895,23.755962,PANACEA_022,2.297918688734408,1.847925676710994,6.50787049507303,19.357208787634868,8.236986513510268e-06,1.7761888950000602,1.3252874101164185,23.27135451812919,34.16542733827812,8.322393,6.193185,4.9890685,106.27368,PAN022,67
2020-05-01 15:00:00,37.95576,23.667692,PANACEA_AirPaP_006,2.3838304968706585,1.3111576614110398,6.213707813542415,19.53924051211714,7.370478120319974e-06,1.4580713854728238,1.225856636117074,23.68893221945739,32.50012545048568,10.022154,7.2825785,9.47896,103.39648,PANA06,80
2020-05-01 15:00:00,37.97673,23.7298,ATH-ENVICARE-0,2.477302263854157,1.63109439329309,6.30632357481619,19.6264590029684,5.615602859095218e-06,1.1194538730438022,1.0473287132250058,23.63369985350592,32.81725513950773,35.0,15.0,20.0,15.0,ATHEN01,84
2020-05-01 15:00:00,37.978336,23.727934,PPCITY21,2.4805809544501973,1.6385679958529429,6.34575357331436,19.669503711648325,5.363682905936967e-06,1.0670683057113146,1.022225648952894,23.65599809869476,32.855655930857864,35.0,15.0,20.0,15.0,PPCI21,83
2020-05-01 15:00:00,37.978,23.727,ATHINAS,2.480062495887989,1.639212357550629,6.357672687308762,19.680810388656724,5.316104234552763e-06,1.0560269974877392,1.0173822576819038,23.6615788315558,32.870268760744416,35.0,15.0,20.0,15.0,GR0027A,9
