0,1,2,3,4,5,6,7,8,9,10,11,12,13,14,15,16,17,18,19,20,21,22,23,24,25,26,27,28,29,30,31,32,33,34,35,36,37,38,39,40,41
02/01/2022 00:00:00,715900,7,5,S,OR,,0,0,,,,,,,,,,,,,,,,,,,,,,,,,,,,,,,,,
02/01/2022 00:00:00,715901,7,5,N,OR,,0,0,,,,,,,,,,,,,,,,,,,,,,,,,,,,,,,,,
02/01/2022 00:00:00,715903,7,5,N,OR,,0,0,,,,,,,,,,,,,,,,,,,,,,,,,,,,,,,,,
02/01/2022 00:00:00,715904,7,5,S,OR,,0,0,,,,,,,,,,,,,,,,,,,,,,,,,,,,,,,,,
02/01/2022 00:00:00,715905,7,5,N,OR,,0,0,,,,,,,,,,,,,,,,,,,,,,,,,,,,,,,,,
02/01/2022 00:00:00,715906,7,5,S,OR,,0,0,,,,,,,,,,,,,,,,,,,,,,,,,,,,,,,,,
02/01/2022 00:00:00,715907,7,5,S,OR,,0,0,,,,,,,,,,,,,,,,,,,,,,,,,,,,,,,,,
02/01/2022 00:00:00,715908,7,5,S,OR,,0,0,,,,,,,,,,,,,,,,,,,,,,,,,,,,,,,,,
02/01/2022 00:00:00,715910,7,5,N,OR,,0,0,,,,,,,,,,,,,,,,,,,,,,,,,,,,,,,,,
02/01/2022 00:00:00,715911,7,5,S,OR,,0,0,,,,,,,,,,,,,,,,,,,,,,,,,,,,,,,,,
02/01/2022 00:00:00,715912,7,5,N,OR,,0,0,,,,,,,,,,,,,,,,,,,,,,,,,,,,,,,,,
02/01/2022 00:00:00,715913,7,5,S,FR,,0,0,,,,,,,,,,,,,,,,,,,,,,,,,,,,,,,,,
02/01/2022 00:00:00,715918,7,5,N,ML,0.885,0,0,1384.0,0.0247,68.2,0.0,0.0,0.0,0.0,0.0,0.0,367.0,0.0176,71.9,598.0,0.0311,69.7,419.0,0.0254,62.7,,,,,,,,,,,,,,,
02/01/2022 00:00:00,715920,7,5,S,ML,1.29,0,0,1711.0,0.04,63.9,0.0,0.0,0.0,0.0,0.0,0.2,419.0,0.036,69.1,497.0,0.0412,65.8,423.0,0.0423,61.3,372.0,0.0406,58.5,,,,,,,,,,,,
02/01/2022 00:00:00,715923,7,5,S,OR,,0,0,,,,,,,,,,,,,,,,,,,,,,,,,,,,,,,,,
02/01/2022 00:00:00,715924,7,5,N,OR,,114,100,0.0,0.0,,,,,,,,0.0,0.0,,,,,,,,,,,,,,,,,,,,,,
02/01/2022 00:00:00,715925,7,5,S,OR,,114,100,0.0,0.0,,,,,,,,0.0,0.0,,,,,,,,,,,,,,,,,,,,,,
02/01/2022 00:00:00,715926,7,5,N,OR,,114,100,0.0,0.0,,,,,,,,0.0,0.0,,,,,,,,,,,,,,,,,,,,,,
02/01/2022 00:00:00,715927,7,5,N,OR,,114,100,78.0,0.0095,,,,,,,,78.0,0.0095,,,,,,,,,,,,,,,,,,,,,,
02/01/2022 00:00:00,715928,7,5,S,OR,,114,0,,,,,,,,,,,,,,,,,,,,,,,,,,,,,,,,,
02/01/2022 00:00:00,715929,7,5,S,ML,0.47,456,100,1402.0,0.0294,69.3,0.0,0.0,0.0,0.0,0.0,0.0,288.0,0.0172,74.2,514.0,0.0371,71.1,364.0,0.0388,66.3,236.0,0.0245,63.2,,,,,,,,,,,,
02/01/2022 00:00:00,715930,7,5,N,ML,0.505,456,100,1287.0,0.0294,66.6,0.0,0.0,0.0,0.0,0.0,0.1,445.0,0.0301,73.2,212.0,0.0126,70.8,330.0,0.0345,62.7,300.0,0.0404,58.0,,,,,,,,,,,,
02/01/2022 00:00:00,715932,7,5,S,OR,,114,100,85.0,0.0147,,,,,,,,85.0,0.0147,,,,,,,,,,,,,,,,,,,,,,
02/01/2022 00:00:00,715933,7,5,N,ML,0.425,456,100,1185.0,0.0232,67.2,0.0,0.0,0.0,0.0,0.0,0.1,244.0,0.0126,74.6,444.0,0.0244,70.6,294.0,0.0279,62.4,203.0,0.0277,57.5,,,,,,,,,,,,
02/01/2022 00:00:00,715935,7,5,S,OR,,114,100,76.0,0.0123,,,,,,,,76.0,0.0123,,,,,,,,,,,,,,,,,,,,,,
02/01/2022 00:00:00,715937,7,5,S,OR,,114,100,127.0,0.0168,,,,,,,,127.0,0.0168,,,,,,,,,,,,,,,,,,,,,,
02/01/2022 00:00:00,715938,7,5,N,ML,0.545,456,100,1480.0,0.0272,68.7,0.0,0.0,0.0,0.0,0.0,0.1,495.0,0.035,73.5,359.0,0.0232,70.5,404.0,0.0262,67.1,222.0,0.0245,57.9,,,,,,,,,,,,
02/01/2022 00:00:00,715941,7,5,S,OR,,114,100,40.0,0.006,,,,,,,,40.0,0.006,,,,,,,,,,,,,,,,,,,,,,
02/01/2022 00:00:00,715944,7,5,N,ML,0.323,456,75,1768.0,0.0428,64.9,0.0,0.0,0.0,0.0,0.0,0.1,299.0,0.021,73.3,464.0,0.035,70.3,612.0,0.0703,60.6,393.0,0.0446,58.8,,,,,,,,,,,,
02/01/2022 00:00:00,715947,7,5,S,ML,0.495,341,100,550.0,0.0109,68.5,0.0,0.0,0.0,0.0,0.0,0.0,127.0,0.0061,71.7,278.0,0.0149,69.8,145.0,0.0117,63.1,,,,,,,,,,,,,,,
02/01/2022 00:00:00,715949,7,5,N,OR,,114,0,,,,,,,,,,,,,,,,,,,,,,,,,,,,,,,,,
02/01/2022 00:00:00,715950,7,5,S,OR,,114,0,,,,,,,,,,,,,,,,,,,,,,,,,,,,,,,,,
02/01/2022 00:00:00,715952,7,5,S,OR,,114,100,37.0,0.0073,,,,,,,,37.0,0.0073,,,,,,,,,,,,,,,,,,,,,,
02/01/2022 00:00:00,715953,7,5,N,OR,,114,0,,,,,,,,,,,,,,,,,,,,,,,,,,,,,,,,,
02/01/2022 00:00:00,715957,7,5,S,OR,,0,0,,,,,,,,,,,,,,,,,,,,,,,,,,,,,,,,,
02/01/2022 00:00:00,715958,7,5,S,OR,,0,0,,,,,,,,,,,,,,,,,,,,,,,,,,,,,,,,,
02/01/2022 00:00:00,715959,7,5,S,OR,,0,0,,,,,,,,,,,,,,,,,,,,,,,,,,,,,,,,,
02/01/2022 00:00:00,715961,7,5,S,OR,,0,0,,,,,,,,,,,,,,,,,,,,,,,,,,,,,,,,,
02/01/2022 00:00:00,715963,7,5,S,OR,,0,0,,,,,,,,,,,,,,,,,,,,,,,,,,,,,,,,,
02/01/2022 00:00:00,715964,7,5,S,OR,,0,0,,,,,,,,,,,,,,,,,,,,,,,,,,,,,,,,,
02/01/2022 00:00:00,715966,7,5,S,OR,,114,100,16.0,0.0016,,,,,,,,16.0,0.0016,,,,,,,,,,,,,,,,,,,,,,
02/01/2022 00:00:00,715967,7,5,N,OR,,0,0,,,,,,,,,,,,,,,,,,,,,,,,,,,,,,,,,
02/01/2022 00:00:00,715968,7,5,S,OR,,0,0,,,,,,,,,,,,,,,,,,,,,,,,,,,,,,,,,
02/01/2022 00:00:00,715969,7,5,N,OR,,114,0,,,,,,,,,,,,,,,,,,,,,,,,,,,,,,,,,
02/01/2022 00:00:00,715970,7,5,N,OR,,114,100,48.0,0.0043,,,,,,,,48.0,0.0043,,,,,,,,,,,,,,,,,,,,,,
02/01/2022 00:00:00,715971,7,5,S,OR,,0,0,,,,,,,,,,,,,,,,,,,,,,,,,,,,,,,,,
02/01/2022 00:00:00,715972,7,210,E,OR,,114,100,23.0,0.002,,,,,,,,23.0,0.002,,,,,,,,,,,,,,,,,,,,,,
02/01/2022 00:00:00,715973,7,5,S,OR,,114,100,33.0,0.0065,,,,,,,,33.0,0.0065,,,,,,,,,,,,,,,,,,,,,,
02/01/2022 00:00:00,715974,7,5,S,OR,,0,0,,,,,,,,,,,,,,,,,,,,,,,,,,,,,,,,,
02/01/2022 00:00:00,715975,7,5,S,OR,,0,0,,,,,,,,,,,,,,,,,,,,,,,,,,,,,,,,,
02/01/2022 00:00:00,715976,7,5,N,OR,,114,100,17.0,0.0015,,,,,,,,17.0,0.0015,,,,,,,,,,,,,,,,,,,,,,
02/01/2022 00:00:00,715977,7,5,N,OR,,114,100,31.0,0.004,,,,,,,,31.0,0.004,,,,,,,,,,,,,,,,,,,,,,
02/01/2022 00:00:00,715978,7,5,S,OR,,113,100,48.0,0.0058,,,,,,,,48.0,0.0058,,,,,,,,,,,,,,,,,,,,,,
02/01/2022 00:00:00,715979,7,5,S,OR,,114,100,25.0,0.0043,,,,,,,,25.0,0.0043,,,,,,,,,,,,,,,,,,,,,,
02/01/2022 00:00:00,715980,7,5,N,OR,,114,100,24.0,0.0042,,,,,,,,24.0,0.0042,,,,,,,,,,,,,,,,,,,,,,
02/01/2022 00:00:00,715981,7,5,N,OR,,112,100,39.0,0.0037,,,,,,,,39.0,0.0037,,,,,,,,,,,,,,,,,,,,,,
02/01/2022 00:00:00,715982,7,5,N,OR,,114,100,37.0,0.0057,,,,,,,,37.0,0.0057,,,,,,,,,,,,,,,,,,,,,,
02/01/2022 00:00:00,715983,7,5,S,OR,,0,0,,,,,,,,,,,,,,,,,,,,,,,,,,,,,,,,,
02/01/2022 00:00:00,715984,7,5,S,OR,,0,0,,,,,,,,,,,,,,,,,,,,,,,,,,,,,,,,,
02/01/2022 00:00:00,715985,7,5,N,OR,,0,0,,,,,,,,,,,,,,,,,,,,,,,,,,,,,,,,,
02/01/2022 00:00:00,715986,7,5,S,OR,,0,0,,,,,,,,,,,,,,,,,,,,,,,,,,,,,,,,,
02/01/2022 00:00:00,715987,7,5,N,OR,,0,0,,,,,,,,,,,,,,,,,,,,,,,,,,,,,,,,,
02/01/2022 00:00:00,715988,7,5,N,OR,,0,0,,,,,,,,,,,,,,,,,,,,,,,,,,,,,,,,,
02/01/2022 00:00:00,715989,7,5,S,OR,,0,0,,,,,,,,,,,,,,,,,,,,,,,,,,,,,,,,,
02/01/2022 00:00:00,715990,7,5,S,OR,,0,0,,,,,,,,,,,,,,,,,,,,,,,,,,,,,,,,,
02/01/2022 00:00:00,715991,7,5,N,OR,,0,0,,,,,,,,,,,,,,,,,,,,,,,,,,,,,,,,,
02/01/2022 00:00:00,715992,7,5,S,OR,,0,0,,,,,,,,,,,,,,,,,,,,,,,,,,,,,,,,,
02/01/2022 00:00:00,715993,7,5,S,OR,,0,0,,,,,,,,,,,,,,,,,,,,,,,,,,,,,,,,,
02/01/2022 00:00:00,715994,7,5,N,OR,,0,0,,,,,,,,,,,,,,,,,,,,,,,,,,,,,,,,,
02/01/2022 00:00:00,715995,7,5,S,OR,,0,0,,,,,,,,,,,,,,,,,,,,,,,,,,,,,,,,,
02/01/2022 00:00:00,715996,7,5,S,ML,0.275,0,0,1469.0,0.0285,66.8,0.0,0.0,0.0,0.0,0.0,0.0,152.0,0.015,75.7,243.0,0.0204,72.6,268.0,0.0345,66.2,313.0,0.0434,65.1,337.0,0.0374,62.4,156.0,0.0202,62.6,,,,,,
02/01/2022 00:00:00,715997,7,5,S,OR,,0,0,,,,,,,,,,,,,,,,,,,,,,,,,,,,,,,,,
02/01/2022 00:00:00,715998,7,5,N,OR,,0,0,,,,,,,,,,,,,,,,,,,,,,,,,,,,,,,,,
02/01/2022 00:00:00,715999,7,5,S,OR,,0,0,,,,,,,,,,,,,,,,,,,,,,,,,,,,,,,,,
02/01/2022 00:00:00,716000,7,5,S,OR,,0,0,,,,,,,,,,,,,,,,,,,,,,,,,,,,,,,,,
02/01/2022 00:00:00,716001,7,5,N,OR,,0,0,,,,,,,,,,,,,,,,,,,,,,,,,,,,,,,,,
02/01/2022 00:00:00,716002,7,5,S,OR,,114,100,31.0,0.0045,,,,,,,,31.0,0.0045,,,,,,,,,,,,,,,,,,,,,,
02/01/2022 00:00:00,716003,7,5,N,OR,,0,0,,,,,,,,,,,,,,,,,,,,,,,,,,,,,,,,,
02/01/2022 00:00:00,716004,7,5,S,OR,,114,100,25.0,0.0039,,,,,,,,25.0,0.0039,,,,,,,,,,,,,,,,,,,,,,
02/01/2022 00:00:00,716005,7,5,N,OR,,114,100,39.0,0.0046,,,,,,,,39.0,0.0046,,,,,,,,,,,,,,,,,,,,,,
02/01/2022 00:00:00,716006,7,5,S,OR,,0,0,,,,,,,,,,,,,,,,,,,,,,,,,,,,,,,,,
02/01/2022 00:00:00,716007,7,5,N,ML,1.75,0,0,1435.0,0.0341,62.9,0.0,0.0,0.0,0.0,0.0,0.4,249.0,0.0298,69.4,350.0,0.0346,66.2,300.0,0.0364,61.5,281.0,0.0362,58.8,255.0,0.0337,58.4,,,,,,,,,
02/01/2022 00:00:00,716008,7,5,S,OR,,0,0,,,,,,,,,,,,,,,,,,,,,,,,,,,,,,,,,
02/01/2022 00:00:00,716009,7,5,N,OR,,0,0,,,,,,,,,,,,,,,,,,,,,,,,,,,,,,,,,
02/01/2022 00:00:00,716010,7,5,S,ML,0.6,0,0,150.0,0.0064,65.1,0.0,0.0,0.0,0.0,0.0,0.0,31.0,0.0045,70.6,47.0,0.007,67.0,39.0,0.0073,63.6,33.0,0.0067,59.2,,,,,,,,,,,,
02/01/2022 00:00:00,716011,7,5,S,OR,,0,0,,,,,,,,,,,,,,,,,,,,,,,,,,,,,,,,,
02/01/2022 00:00:00,716012,7,5,N,OR,,0,0,,,,,,,,,,,,,,,,,,,,,,,,,,,,,,,,,
02/01/2022 00:00:00,716013,7,5,S,OR,,0,0,,,,,,,,,,,,,,,,,,,,,,,,,,,,,,,,,
02/01/2022 00:00:00,716014,7,5,S,OR,,0,0,,,,,,,,,,,,,,,,,,,,,,,,,,,,,,,,,
02/01/2022 00:00:00,716015,7,5,N,OR,,0,0,,,,,,,,,,,,,,,,,,,,,,,,,,,,,,,,,
02/01/2022 00:00:00,716016,7,5,S,ML,0.65,0,0,150.0,0.0064,65.1,0.0,0.0,0.0,0.0,0.0,0.0,31.0,0.0045,70.6,47.0,0.007,67.0,39.0,0.0073,63.6,33.0,0.0067,59.2,,,,,,,,,,,,
02/01/2022 00:00:00,716017,7,5,N,ML,0.53,0,0,150.0,0.0064,65.1,0.0,0.0,0.0,0.0,0.0,0.0,31.0,0.0045,70.6,47.0,0.007,67.0,39.0,0.0073,63.6,33.0,0.0067,59.2,,,,,,,,,,,,
02/01/2022 00:00:00,716018,7,5,S,OR,,120,100,31.0,0.0025,,,,,,,,31.0,0.0025,,,,,,,,,,,,,,,,,,,,,,
02/01/2022 00:00:00,716019,7,5,N,OR,,0,0,,,,,,,,,,,,,,,,,,,,,,,,,,,,,,,,,
02/01/2022 00:00:00,716020,7,5,S,OR,,0,0,,,,,,,,,,,,,,,,,,,,,,,,,,,,,,,,,
02/01/2022 00:00:00,716021,7,5,N,OR,,0,0,,,,,,,,,,,,,,,,,,,,,,,,,,,,,,,,,
02/01/2022 00:00:00,716023,7,5,N,ML,5.0,0,0,1329.0,0.0528,64.3,0.0,0.0,0.0,0.0,0.0,0.4,287.0,0.0471,69.8,397.0,0.0531,66.4,350.0,0.0569,61.8,295.0,0.0541,59.1,,,,,,,,,,,,
02/01/2022 00:00:00,716025,7,5,N,OR,,120,100,3.0,0.0012,,,,,,,,3.0,0.0012,,,,,,,,,,,,,,,,,,,,,,
02/01/2022 00:00:00,716026,7,210,E,HV,0.8,114,100,37.0,0.002,64.9,0.0,0.0,0.0,0.0,0.0,0.0,37.0,0.002,64.9,,,,,,,,,,,,,,,,,,,,,
02/01/2022 00:00:00,716028,7,10,E,ML,0.291,341,100,719.0,0.0136,69.2,0.0,0.0,0.0,0.0,0.0,0.0,237.0,0.0115,71.8,348.0,0.0186,70.0,134.0,0.0108,62.4,,,,,,,,,,,,,,,
02/01/2022 00:00:00,716029,7,10,W,OR,,0,0,,,,,,,,,,,,,,,,,,,,,,,,,,,,,,,,,
02/01/2022 00:00:00,716030,7,10,E,OR,,0,0,,,,,,,,,,,,,,,,,,,,,,,,,,,,,,,,,
02/01/2022 00:00:00,716032,7,10,W,ML,0.38,0,0,1567.0,0.0371,64.5,0.0,0.0,0.0,0.0,0.0,0.0,382.0,0.0323,69.7,452.0,0.0378,66.4,388.0,0.0403,61.9,345.0,0.0379,59.1,,,,,,,,,,,,
02/01/2022 00:00:00,716033,7,10,E,OR,,0,0,,,,,,,,,,,,,,,,,,,,,,,,,,,,,,,,,
02/01/2022 00:00:00,716035,7,10,E,OR,,0,0,,,,,,,,,,,,,,,,,,,,,,,,,,,,,,,,,
02/01/2022 00:00:00,716036,7,10,E,ML,0.38,0,0,2011.0,0.0378,67.0,0.0,0.0,0.0,0.0,0.0,0.0,411.0,0.0344,73.4,494.0,0.0395,70.1,418.0,0.0408,65.4,361.0,0.0392,62.4,327.0,0.0352,61.2,,,,,,,,,
02/01/2022 00:00:00,716038,7,10,W,OR,,0,0,,,,,,,,,,,,,,,,,,,,,,,,,,,,,,,,,
02/01/2022 00:00:00,716039,7,10,E,OR,,0,0,,,,,,,,,,,,,,,,,,,,,,,,,,,,,,,,,
02/01/2022 00:00:00,716040,7,10,E,OR,,0,0,,,,,,,,,,,,,,,,,,,,,,,,,,,,,,,,,
02/01/2022 00:00:00,716041,7,10,W,OR,,0,0,,,,,,,,,,,,,,,,,,,,,,,,,,,,,,,,,
02/01/2022 00:00:00,716043,7,10,E,OR,,0,0,,,,,,,,,,,,,,,,,,,,,,,,,,,,,,,,,
02/01/2022 00:00:00,716044,7,10,E,OR,,0,0,,,,,,,,,,,,,,,,,,,,,,,,,,,,,,,,,
02/01/2022 00:00:00,716045,7,10,E,OR,,0,0,,,,,,,,,,,,,,,,,,,,,,,,,,,,,,,,,
02/01/2022 00:00:00,716046,7,10,W,OR,,0,0,,,,,,,,,,,,,,,,,,,,,,,,,,,,,,,,,
02/01/2022 00:00:00,716047,7,10,E,ML,0.265,0,0,2178.0,0.0441,64.6,0.0,0.0,0.0,0.0,0.0,0.0,540.0,0.0395,69.9,617.0,0.045,66.6,539.0,0.0471,62.0,482.0,0.0449,59.2,,,,,,,,,,,,
02/01/2022 00:00:00,716050,7,10,E,ML,0.42,0,0,2030.0,0.0437,67.8,0.0,0.0,0.0,0.0,0.0,0.0,506.0,0.0388,73.2,580.0,0.0446,69.7,501.0,0.0474,65.2,443.0,0.044,62.2,,,,,,,,,,,,
02/01/2022 00:00:00,716051,7,10,E,FR,,114,0,,,,,,,,,,,,,,,,,,,,,,,,,,,,,,,,,
02/01/2022 00:00:00,716054,7,10,W,OR,,0,0,,,,,,,,,,,,,,,,,,,,,,,,,,,,,,,,,
02/01/2022 00:00:00,716055,7,10,E,OR,,0,0,,,,,,,,,,,,,,,,,,,,,,,,,,,,,,,,,
02/01/2022 00:00:00,716057,7,10,E,ML,0.25,0,0,150.0,0.0064,65.1,0.0,0.0,0.0,0.0,0.0,0.0,31.0,0.0045,70.6,47.0,0.007,67.0,39.0,0.0073,63.6,33.0,0.0067,59.2,,,,,,,,,,,,
02/01/2022 00:00:00,716058,7,10,W,OR,,0,0,,,,,,,,,,,,,,,,,,,,,,,,,,,,,,,,,
02/01/2022 00:00:00,716059,7,10,W,FR,,0,0,,,,,,,,,,,,,,,,,,,,,,,,,,,,,,,,,
02/01/2022 00:00:00,716060,7,10,E,OR,,0,0,,,,,,,,,,,,,,,,,,,,,,,,,,,,,,,,,
02/01/2022 00:00:00,716061,7,10,W,OR,,0,0,,,,,,,,,,,,,,,,,,,,,,,,,,,,,,,,,
02/01/2022 00:00:00,716063,7,10,W,ML,0.225,0,0,150.0,0.0064,65.1,0.0,0.0,0.0,0.0,0.0,0.0,31.0,0.0045,70.6,47.0,0.007,67.0,39.0,0.0073,63.6,33.0,0.0067,59.2,,,,,,,,,,,,
02/01/2022 00:00:00,716064,7,10,W,OR,,0,0,,,,,,,,,,,,,,,,,,,,,,,,,,,,,,,,,
02/01/2022 00:00:00,716065,7,10,E,OR,,0,0,,,,,,,,,,,,,,,,,,,,,,,,,,,,,,,,,
02/01/2022 00:00:00,716066,7,10,E,OR,,0,0,,,,,,,,,,,,,,,,,,,,,,,,,,,,,,,,,
02/01/2022 00:00:00,716067,7,10,E,ML,0.125,342,67,459.0,0.0113,68.4,0.0,0.0,0.0,0.0,0.0,0.0,55.0,0.0098,65.8,337.0,0.0194,69.9,67.0,0.0048,62.6,,,,,,,,,,,,,,,
02/01/2022 00:00:00,716069,7,10,E,ML,0.25,414,0,1729.0,0.0414,65.7,0.0,0.0,0.0,0.0,0.0,0.0,415.0,0.0367,70.6,500.0,0.0422,67.5,433.0,0.0446,63.4,381.0,0.0422,60.7,,,,,,,,,,,,
02/01/2022 00:00:00,716071,7,10,W,OR,,114,100,52.0,0.004,,,,,,,,52.0,0.004,,,,,,,,,,,,,,,,,,,,,,
02/01/2022 00:00:00,716072,7,10,E,ML,0.28,684,33,1591.0,0.0232,67.7,0.0,0.0,0.0,0.0,0.0,0.0,179.0,0.016,73.2,228.0,0.0169,68.3,528.0,0.0456,68.6,267.0,0.0242,69.5,288.0,0.0287,61.9,101.0,0.0079,63.8,,,,,,
02/01/2022 00:00:00,716074,7,10,W,FR,,114,100,65.0,0.0052,,,,,,,,65.0,0.0052,,,,,,,,,,,,,,,,,,,,,,
02/01/2022 00:00:00,716075,7,10,E,ML,0.37,684,100,1556.0,0.0179,70.3,0.0,0.0,0.0,0.0,0.0,0.0,227.0,0.0084,76.5,372.0,0.0224,73.8,331.0,0.0228,72.2,295.0,0.0267,67.1,183.0,0.0146,63.0,148.0,0.0123,62.4,,,,,,
02/01/2022 00:00:00,716076,7,10,W,ML,0.37,684,100,934.0,0.0128,68.6,0.0,0.0,0.0,0.0,0.0,0.1,59.0,0.0033,76.4,228.0,0.0221,68.3,228.0,0.0156,72.2,153.0,0.017,66.4,161.0,0.0122,63.3,105.0,0.0066,64.7,,,,,,
02/01/2022 00:00:00,716078,7,10,E,ML,0.5,684,0,1833.0,0.0264,65.7,0.0,0.0,0.0,0.0,0.0,0.0,224.0,0.0143,71.8,375.0,0.0179,69.8,331.0,0.0229,68.4,270.0,0.0267,65.0,332.0,0.0398,60.1,301.0,0.0369,60.2,,,,,,
02/01/2022 00:00:00,716081,7,10,E,ML,0.19,456,100,1302.0,0.0214,68.6,0.0,0.0,0.0,0.0,0.0,0.0,255.0,0.0136,74.6,442.0,0.0242,71.2,343.0,0.0227,67.2,262.0,0.0251,60.0,,,,,,,,,,,,
02/01/2022 00:00:00,716084,7,10,W,ML,0.34,456,100,753.0,0.0138,67.4,0.0,0.0,0.0,0.0,0.0,0.0,32.0,0.0017,74.6,234.0,0.0125,70.9,323.0,0.02,67.1,164.0,0.0211,61.4,,,,,,,,,,,,
02/01/2022 00:00:00,716085,7,10,E,ML,0.38,456,100,1494.0,0.0297,67.1,0.0,0.0,0.0,0.0,0.0,0.0,339.0,0.021,74.0,538.0,0.0395,66.7,452.0,0.0414,63.7,165.0,0.0169,62.8,,,,,,,,,,,,
02/01/2022 00:00:00,716086,7,10,W,OR,,114,0,,,,,,,,,,,,,,,,,,,,,,,,,,,,,,,,,
02/01/2022 00:00:00,716087,7,10,E,ML,0.428,570,100,1797.0,0.0235,72.9,0.0,0.0,0.0,0.0,0.0,0.0,449.0,0.0232,77.0,497.0,0.0377,70.1,465.0,0.0355,77.6,105.0,0.0073,69.0,281.0,0.0139,64.4,,,,,,,,,
02/01/2022 00:00:00,716088,7,10,W,ML,0.29,456,100,1022.0,0.0188,68.6,0.0,0.0,0.0,0.0,0.0,0.0,231.0,0.0125,74.7,288.0,0.0168,71.2,216.0,0.0183,66.7,287.0,0.0278,62.0,,,,,,,,,,,,
02/01/2022 00:00:00,716089,7,10,W,OR,,114,100,22.0,0.0034,,,,,,,,22.0,0.0034,,,,,,,,,,,,,,,,,,,,,,
02/01/2022 00:00:00,716090,7,10,E,OR,,0,0,,,,,,,,,,,,,,,,,,,,,,,,,,,,,,,,,
02/01/2022 00:00:00,716091,7,10,W,ML,0.495,456,0,1604.0,0.0236,65.7,0.0,0.0,0.0,0.0,0.0,0.0,472.0,0.0173,69.8,490.0,0.0222,67.8,376.0,0.0343,62.3,266.0,0.0207,59.2,,,,,,,,,,,,
02/01/2022 00:00:00,716092,7,10,E,ML,0.446,456,100,1604.0,0.0267,69.1,0.0,0.0,0.0,0.0,0.0,0.0,480.0,0.0267,74.4,432.0,0.0344,68.0,387.0,0.0295,68.5,305.0,0.0161,62.6,,,,,,,,,,,,
02/01/2022 00:00:00,716093,7,10,E,OR,,114,100,32.0,0.0062,,,,,,,,32.0,0.0062,,,,,,,,,,,,,,,,,,,,,,
02/01/2022 00:00:00,716094,7,10,W,OR,,114,100,28.0,0.0052,,,,,,,,28.0,0.0052,,,,,,,,,,,,,,,,,,,,,,
02/01/2022 00:00:00,716095,7,10,E,OR,,114,100,28.0,0.0069,,,,,,,,28.0,0.0069,,,,,,,,,,,,,,,,,,,,,,
02/01/2022 00:00:00,716096,7,10,W,OR,,114,100,37.0,0.0113,,,,,,,,37.0,0.0113,,,,,,,,,,,,,,,,,,,,,,
02/01/2022 00:00:00,716097,7,10,E,OR,,114,100,42.0,0.0077,,,,,,,,42.0,0.0077,,,,,,,,,,,,,,,,,,,,,,
02/01/2022 00:00:00,716098,7,10,W,OR,,114,100,53.0,0.0084,,,,,,,,53.0,0.0084,,,,,,,,,,,,,,,,,,,,,,
02/01/2022 00:00:00,716099,7,10,E,OR,,114,100,61.0,0.0154,,,,,,,,61.0,0.0154,,,,,,,,,,,,,,,,,,,,,,
02/01/2022 00:00:00,716100,7,10,W,OR,,113,100,42.0,0.0102,,,,,,,,42.0,0.0102,,,,,,,,,,,,,,,,,,,,,,
02/01/2022 00:00:00,716101,7,10,W,ML,0.38,342,75,1255.0,0.0262,67.6,0.0,0.0,0.0,0.0,0.0,0.0,222.0,0.0117,74.7,434.0,0.0405,66.4,309.0,0.0268,67.0,290.0,0.0259,64.3,,,,,,,,,,,,
02/01/2022 00:00:00,716103,7,10,E,OR,,114,100,39.0,0.0073,,,,,,,,39.0,0.0073,,,,,,,,,,,,,,,,,,,,,,
02/01/2022 00:00:00,716104,7,10,W,OR,,114,100,24.0,0.0043,,,,,,,,24.0,0.0043,,,,,,,,,,,,,,,,,,,,,,
02/01/2022 00:00:00,716105,7,10,E,OR,,114,100,34.0,0.007,,,,,,,,34.0,0.007,,,,,,,,,,,,,,,,,,,,,,
02/01/2022 00:00:00,716106,7,10,W,OR,,114,100,42.0,0.0078,,,,,,,,42.0,0.0078,,,,,,,,,,,,,,,,,,,,,,
02/01/2022 00:00:00,716107,7,10,E,OR,,0,0,,,,,,,,,,,,,,,,,,,,,,,,,,,,,,,,,
02/01/2022 00:00:00,716108,7,10,W,OR,,114,100,38.0,0.0034,,,,,,,,38.0,0.0034,,,,,,,,,,,,,,,,,,,,,,
02/01/2022 00:00:00,716109,7,10,E,OR,,114,0,,,,,,,,,,,,,,,,,,,,,,,,,,,,,,,,,
02/01/2022 00:00:00,716110,7,10,W,OR,,0,0,,,,,,,,,,,,,,,,,,,,,,,,,,,,,,,,,
02/01/2022 00:00:00,716111,7,10,E,OR,,0,0,,,,,,,,,,,,,,,,,,,,,,,,,,,,,,,,,
02/01/2022 00:00:00,716112,7,10,W,OR,,114,100,52.0,0.01,,,,,,,,52.0,0.01,,,,,,,,,,,,,,,,,,,,,,
02/01/2022 00:00:00,716113,7,10,E,OR,,114,100,28.0,0.0052,,,,,,,,28.0,0.0052,,,,,,,,,,,,,,,,,,,,,,
02/01/2022 00:00:00,716114,7,10,W,OR,,0,0,,,,,,,,,,,,,,,,,,,,,,,,,,,,,,,,,
02/01/2022 00:00:00,716115,7,10,E,OR,,0,0,,,,,,,,,,,,,,,,,,,,,,,,,,,,,,,,,
02/01/2022 00:00:00,716116,7,10,W,OR,,114,100,42.0,0.0072,,,,,,,,42.0,0.0072,,,,,,,,,,,,,,,,,,,,,,
02/01/2022 00:00:00,716117,7,10,W,OR,,0,0,,,,,,,,,,,,,,,,,,,,,,,,,,,,,,,,,
02/01/2022 00:00:00,716118,7,10,E,OR,,114,100,55.0,0.0096,,,,,,,,55.0,0.0096,,,,,,,,,,,,,,,,,,,,,,
02/01/2022 00:00:00,716119,7,10,W,OR,,114,100,31.0,0.0042,,,,,,,,31.0,0.0042,,,,,,,,,,,,,,,,,,,,,,
02/01/2022 00:00:00,716120,7,10,E,OR,,114,100,35.0,0.004,,,,,,,,35.0,0.004,,,,,,,,,,,,,,,,,,,,,,
02/01/2022 00:00:00,716121,7,10,E,OR,,0,0,,,,,,,,,,,,,,,,,,,,,,,,,,,,,,,,,
02/01/2022 00:00:00,716124,7,10,W,OR,,114,100,149.0,0.0203,,,,,,,,149.0,0.0203,,,,,,,,,,,,,,,,,,,,,,
02/01/2022 00:00:00,716126,7,10,E,ML,0.475,0,0,1458.0,0.0399,64.4,0.0,0.0,0.0,0.0,0.0,0.0,315.0,0.0394,69.9,407.0,0.042,66.6,395.0,0.0426,61.9,341.0,0.0354,59.7,,,,,,,,,,,,
02/01/2022 00:00:00,716127,7,10,W,OR,,114,100,118.0,0.0109,,,,,,,,118.0,0.0109,,,,,,,,,,,,,,,,,,,,,,
02/01/2022 00:00:00,716128,7,10,E,OR,,114,100,70.0,0.0055,,,,,,,,70.0,0.0055,,,,,,,,,,,,,,,,,,,,,,
02/01/2022 00:00:00,716129,7,10,W,OR,,114,100,67.0,0.0087,,,,,,,,67.0,0.0087,,,,,,,,,,,,,,,,,,,,,,
02/01/2022 00:00:00,716130,7,10,E,OR,,114,100,42.0,0.0055,,,,,,,,42.0,0.0055,,,,,,,,,,,,,,,,,,,,,,
02/01/2022 00:00:00,716131,7,10,W,OR,,114,100,46.0,0.0056,,,,,,,,46.0,0.0056,,,,,,,,,,,,,,,,,,,,,,
02/01/2022 00:00:00,716132,7,10,E,OR,,0,0,,,,,,,,,,,,,,,,,,,,,,,,,,,,,,,,,
02/01/2022 00:00:00,716133,7,10,E,OR,,0,0,,,,,,,,,,,,,,,,,,,,,,,,,,,,,,,,,
02/01/2022 00:00:00,716134,7,10,W,FR,,0,0,,,,,,,,,,,,,,,,,,,,,,,,,,,,,,,,,
02/01/2022 00:00:00,716135,7,10,W,OR,,120,100,59.0,0.0052,,,,,,,,59.0,0.0052,,,,,,,,,,,,,,,,,,,,,,
02/01/2022 00:00:00,716136,7,10,W,OR,,120,100,45.0,0.0051,,,,,,,,45.0,0.0051,,,,,,,,,,,,,,,,,,,,,,
02/01/2022 00:00:00,716137,7,10,E,OR,,120,100,0.0,0.0,,,,,,,,0.0,0.0,,,,,,,,,,,,,,,,,,,,,,
02/01/2022 00:00:00,716138,7,10,W,OR,,120,100,99.0,0.0273,,,,,,,,99.0,0.0273,,,,,,,,,,,,,,,,,,,,,,
02/01/2022 00:00:00,716139,7,10,W,OR,,114,0,,,,,,,,,,,,,,,,,,,,,,,,,,,,,,,,,
02/01/2022 00:00:00,716140,7,10,E,OR,,0,0,,,,,,,,,,,,,,,,,,,,,,,,,,,,,,,,,
02/01/2022 00:00:00,716141,7,10,W,OR,,114,0,,,,,,,,,,,,,,,,,,,,,,,,,,,,,,,,,
02/01/2022 00:00:00,716142,7,210,E,ML,0.8,456,100,1166.0,0.0253,67.6,0.0,0.0,0.0,0.0,0.1,0.2,326.0,0.0163,74.6,331.0,0.0183,70.8,268.0,0.0367,65.0,241.0,0.0299,56.3,,,,,,,,,,,,
02/01/2022 00:00:00,716143,7,210,E,ML,0.65,456,100,859.0,0.0225,68.7,0.0,0.0,0.0,0.0,0.0,0.1,286.0,0.0178,74.5,222.0,0.052,68.8,43.0,0.0023,67.4,308.0,0.0179,62.5,,,,,,,,,,,,
02/01/2022 00:00:00,716144,7,10,W,OR,,0,0,,,,,,,,,,,,,,,,,,,,,,,,,,,,,,,,,
02/01/2022 00:00:00,716145,7,10,E,OR,,114,0,,,,,,,,,,,,,,,,,,,,,,,,,,,,,,,,,
02/01/2022 00:00:00,716146,7,10,W,ML,0.5,342,0,1673.0,0.0404,63.6,0.0,0.0,0.0,0.0,0.0,0.1,330.0,0.037,69.9,416.0,0.0422,66.6,350.0,0.0434,62.1,303.0,0.0417,59.2,274.0,0.0376,58.4,,,,,,,,,
02/01/2022 00:00:00,716148,7,10,W,OR,,114,0,,,,,,,,,,,,,,,,,,,,,,,,,,,,,,,,,
02/01/2022 00:00:00,716149,7,10,E,OR,,114,0,,,,,,,,,,,,,,,,,,,,,,,,,,,,,,,,,
02/01/2022 00:00:00,716150,7,10,W,OR,,114,0,,,,,,,,,,,,,,,,,,,,,,,,,,,,,,,,,
02/01/2022 00:00:00,716151,7,10,E,OR,,114,0,,,,,,,,,,,,,,,,,,,,,,,,,,,,,,,,,
02/01/2022 00:00:00,716152,7,10,E,ML,0.48,456,50,1222.0,0.0286,65.3,0.0,0.0,0.0,0.0,0.0,0.1,361.0,0.0207,73.0,257.0,0.0163,69.4,318.0,0.0396,60.2,286.0,0.0378,57.5,,,,,,,,,,,,
02/01/2022 00:00:00,716153,7,10,W,ML,0.48,570,40,1431.0,0.0279,65.4,0.0,0.0,0.0,0.0,0.0,0.1,211.0,0.0099,76.3,232.0,0.0116,74.0,366.0,0.0424,63.1,319.0,0.0395,60.1,303.0,0.0363,59.4,,,,,,,,,
02/01/2022 00:00:00,716154,7,10,W,OR,,114,0,,,,,,,,,,,,,,,,,,,,,,,,,,,,,,,,,
02/01/2022 00:00:00,716155,7,10,E,OR,,114,0,,,,,,,,,,,,,,,,,,,,,,,,,,,,,,,,,
02/01/2022 00:00:00,716156,7,10,W,OR,,114,0,,,,,,,,,,,,,,,,,,,,,,,,,,,,,,,,,
02/01/2022 00:00:00,716157,7,10,E,OR,,114,0,,,,,,,,,,,,,,,,,,,,,,,,,,,,,,,,,
02/01/2022 00:00:00,716158,7,10,W,OR,,114,100,55.0,0.0051,,,,,,,,55.0,0.0051,,,,,,,,,,,,,,,,,,,,,,
02/01/2022 00:00:00,716159,7,10,W,OR,,114,100,12.0,0.0013,,,,,,,,12.0,0.0013,,,,,,,,,,,,,,,,,,,,,,
02/01/2022 00:00:00,716160,7,10,E,OR,,114,100,35.0,0.0035,,,,,,,,35.0,0.0035,,,,,,,,,,,,,,,,,,,,,,
02/01/2022 00:00:00,716161,7,10,W,OR,,114,100,22.0,0.0021,,,,,,,,22.0,0.0021,,,,,,,,,,,,,,,,,,,,,,
02/01/2022 00:00:00,716162,7,10,W,OR,,114,100,22.0,0.0026,,,,,,,,22.0,0.0026,,,,,,,,,,,,,,,,,,,,,,
02/01/2022 00:00:00,716163,7,10,E,OR,,114,0,,,,,,,,,,,,,,,,,,,,,,,,,,,,,,,,,
02/01/2022 00:00:00,716164,7,10,W,OR,,0,0,,,,,,,,,,,,,,,,,,,,,,,,,,,,,,,,,
02/01/2022 00:00:00,716165,7,10,E,OR,,114,100,24.0,0.0032,,,,,,,,24.0,0.0032,,,,,,,,,,,,,,,,,,,,,,
02/01/2022 00:00:00,716166,7,10,W,OR,,114,100,7.0,0.0006,,,,,,,,7.0,0.0006,,,,,,,,,,,,,,,,,,,,,,
02/01/2022 00:00:00,716167,7,10,E,OR,,114,100,2.0,0.0003,,,,,,,,2.0,0.0003,,,,,,,,,,,,,,,,,,,,,,
02/01/2022 00:00:00,716168,7,10,W,OR,,114,100,4.0,0.0005,,,,,,,,4.0,0.0005,,,,,,,,,,,,,,,,,,,,,,
02/01/2022 00:00:00,716169,7,10,E,OR,,114,100,8.0,0.0007,,,,,,,,8.0,0.0007,,,,,,,,,,,,,,,,,,,,,,
02/01/2022 00:00:00,716170,7,10,W,OR,,114,100,10.0,0.001,,,,,,,,10.0,0.001,,,,,,,,,,,,,,,,,,,,,,
02/01/2022 00:00:00,716171,7,10,E,OR,,114,100,7.0,0.0003,,,,,,,,7.0,0.0003,,,,,,,,,,,,,,,,,,,,,,
02/01/2022 00:00:00,716172,7,10,E,ML,0.695,444,50,1142.0,0.0234,66.8,0.0,0.0,0.0,0.0,0.0,0.0,212.0,0.012,74.8,237.0,0.0139,70.8,385.0,0.0344,64.4,308.0,0.0335,61.4,,,,,,,,,,,,
02/01/2022 00:00:00,716174,7,10,W,ML,0.625,456,100,840.0,0.0098,72.8,0.0,0.0,0.0,0.0,0.0,0.0,176.0,0.007,76.5,223.0,0.0096,74.0,220.0,0.0107,72.2,221.0,0.0118,69.3,,,,,,,,,,,,
02/01/2022 00:00:00,716176,7,10,W,ML,0.39,570,100,1069.0,0.0184,70.9,0.0,0.0,0.0,0.0,0.0,0.0,167.0,0.0089,76.3,239.0,0.0181,75.1,252.0,0.0275,72.0,96.0,0.0152,69.1,315.0,0.0223,64.1,,,,,,,,,
02/01/2022 00:00:00,716178,7,10,W,OR,,0,0,,,,,,,,,,,,,,,,,,,,,,,,,,,,,,,,,
02/01/2022 00:00:00,716181,7,10,E,ML,0.89,1050,0,3511.0,0.0711,54.5,0.0,0.0,0.0,0.0,2.0,5.5,755.0,0.0666,59.4,801.0,0.073,56.3,699.0,0.077,52.8,646.0,0.0724,50.9,610.0,0.0667,51.7,,,,,,,,,
02/01/2022 00:00:00,716182,7,10,W,OR,,114,100,240.0,0.0172,,,,,,,,240.0,0.0172,,,,,,,,,,,,,,,,,,,,,,
02/01/2022 00:00:00,716183,7,10,E,OR,,114,100,240.0,0.02,,,,,,,,240.0,0.02,,,,,,,,,,,,,,,,,,,,,,
02/01/2022 00:00:00,716184,7,10,W,OR,,114,100,120.0,0.0122,,,,,,,,120.0,0.0122,,,,,,,,,,,,,,,,,,,,,,
02/01/2022 00:00:00,716185,7,10,E,OR,,120,100,24.0,0.0029,,,,,,,,24.0,0.0029,,,,,,,,,,,,,,,,,,,,,,
02/01/2022 00:00:00,716187,7,10,E,ML,0.515,816,75,3291.0,0.067,58.6,0.1,1.5,2.6,3.5,4.3,5.1,1120.0,0.0616,74.1,938.0,0.058,60.3,798.0,0.1005,34.9,435.0,0.0477,58.0,,,,,,,,,,,,
02/01/2022 00:00:00,716188,7,10,W,OR,,114,100,22.0,0.0009,,,,,,,,22.0,0.0009,,,,,,,,,,,,,,,,,,,,,,
02/01/2022 00:00:00,716189,7,10,W,OR,,114,100,65.0,0.0061,,,,,,,,65.0,0.0061,,,,,,,,,,,,,,,,,,,,,,
02/01/2022 00:00:00,716190,7,10,E,OR,,0,0,,,,,,,,,,,,,,,,,,,,,,,,,,,,,,,,,
02/01/2022 00:00:00,716191,7,10,W,OR,,114,100,80.0,0.006,,,,,,,,80.0,0.006,,,,,,,,,,,,,,,,,,,,,,
02/01/2022 00:00:00,716192,7,10,E,OR,,114,100,47.0,0.004,,,,,,,,47.0,0.004,,,,,,,,,,,,,,,,,,,,,,
02/01/2022 00:00:00,716193,7,10,W,ML,0.2,453,100,2146.0,0.0781,61.1,0.0,0.0,0.0,0.1,0.3,0.5,296.0,0.0115,74.6,746.0,0.122,54.5,741.0,0.1341,59.9,363.0,0.0446,63.0,,,,,,,,,,,,
02/01/2022 00:00:00,716195,7,10,W,OR,,111,100,84.0,0.0058,,,,,,,,84.0,0.0058,,,,,,,,,,,,,,,,,,,,,,
02/01/2022 00:00:00,716196,7,10,E,OR,,114,100,109.0,0.0109,,,,,,,,109.0,0.0109,,,,,,,,,,,,,,,,,,,,,,
02/01/2022 00:00:00,716197,7,57,N,OR,,0,0,,,,,,,,,,,,,,,,,,,,,,,,,,,,,,,,,
02/01/2022 00:00:00,716200,7,57,S,OR,,0,0,,,,,,,,,,,,,,,,,,,,,,,,,,,,,,,,,
02/01/2022 00:00:00,716201,7,57,N,OR,,0,0,,,,,,,,,,,,,,,,,,,,,,,,,,,,,,,,,
02/01/2022 00:00:00,716203,7,57,N,ML,0.56,237,33,145.0,0.0053,64.5,0.0,0.0,0.0,0.0,0.0,0.0,39.0,0.0045,68.7,45.0,0.0023,69.7,61.0,0.0089,58.1,,,,,,,,,,,,,,,
02/01/2022 00:00:00,716204,7,60,W,OR,,0,0,,,,,,,,,,,,,,,,,,,,,,,,,,,,,,,,,
02/01/2022 00:00:00,716205,7,60,E,OR,,0,0,,,,,,,,,,,,,,,,,,,,,,,,,,,,,,,,,
02/01/2022 00:00:00,716206,7,60,W,ML,0.54,0,0,149.0,0.0064,65.0,0.0,0.0,0.0,0.0,0.0,0.0,39.0,0.0045,68.7,63.0,0.008,66.6,47.0,0.0066,59.9,,,,,,,,,,,,,,,
02/01/2022 00:00:00,716207,7,60,W,OR,,0,0,,,,,,,,,,,,,,,,,,,,,,,,,,,,,,,,,
02/01/2022 00:00:00,716208,7,60,E,OR,,0,0,,,,,,,,,,,,,,,,,,,,,,,,,,,,,,,,,
02/01/2022 00:00:00,716209,7,60,E,OR,,0,0,,,,,,,,,,,,,,,,,,,,,,,,,,,,,,,,,
02/01/2022 00:00:00,716210,7,60,E,OR,,0,0,,,,,,,,,,,,,,,,,,,,,,,,,,,,,,,,,
02/01/2022 00:00:00,716211,7,60,W,OR,,0,0,,,,,,,,,,,,,,,,,,,,,,,,,,,,,,,,,
02/01/2022 00:00:00,716213,7,60,E,ML,0.47,0,0,2025.0,0.0307,69.3,0.0,0.0,0.0,0.0,0.0,0.0,422.0,0.0218,75.2,616.0,0.0338,71.3,544.0,0.0352,67.7,443.0,0.0321,63.1,,,,,,,,,,,,
02/01/2022 00:00:00,716214,7,60,W,OR,,0,0,,,,,,,,,,,,,,,,,,,,,,,,,,,,,,,,,
02/01/2022 00:00:00,716215,7,60,E,OR,,0,0,,,,,,,,,,,,,,,,,,,,,,,,,,,,,,,,,
02/01/2022 00:00:00,716216,7,60,E,OR,,0,0,,,,,,,,,,,,,,,,,,,,,,,,,,,,,,,,,
02/01/2022 00:00:00,716217,7,60,W,OR,,0,0,,,,,,,,,,,,,,,,,,,,,,,,,,,,,,,,,
02/01/2022 00:00:00,716218,7,60,W,OR,,0,0,,,,,,,,,,,,,,,,,,,,,,,,,,,,,,,,,
02/01/2022 00:00:00,716219,7,60,W,OR,,0,0,,,,,,,,,,,,,,,,,,,,,,,,,,,,,,,,,
02/01/2022 00:00:00,716220,7,60,E,OR,,0,0,,,,,,,,,,,,,,,,,,,,,,,,,,,,,,,,,
02/01/2022 00:00:00,716221,7,60,W,OR,,0,0,,,,,,,,,,,,,,,,,,,,,,,,,,,,,,,,,
02/01/2022 00:00:00,716222,7,60,E,OR,,114,100,31.0,0.0024,,,,,,,,31.0,0.0024,,,,,,,,,,,,,,,,,,,,,,
02/01/2022 00:00:00,716223,7,60,E,OR,,0,0,,,,,,,,,,,,,,,,,,,,,,,,,,,,,,,,,
02/01/2022 00:00:00,716224,7,60,W,OR,,0,0,,,,,,,,,,,,,,,,,,,,,,,,,,,,,,,,,
02/01/2022 00:00:00,716225,7,60,W,OR,,0,0,,,,,,,,,,,,,,,,,,,,,,,,,,,,,,,,,
02/01/2022 00:00:00,716226,7,60,E,OR,,0,0,,,,,,,,,,,,,,,,,,,,,,,,,,,,,,,,,
02/01/2022 00:00:00,716227,7,60,W,OR,,0,0,,,,,,,,,,,,,,,,,,,,,,,,,,,,,,,,,
02/01/2022 00:00:00,716228,7,60,E,OR,,0,0,,,,,,,,,,,,,,,,,,,,,,,,,,,,,,,,,
02/01/2022 00:00:00,716229,7,60,W,OR,,0,0,,,,,,,,,,,,,,,,,,,,,,,,,,,,,,,,,
02/01/2022 00:00:00,716230,7,60,E,OR,,0,0,,,,,,,,,,,,,,,,,,,,,,,,,,,,,,,,,
02/01/2022 00:00:00,716231,7,60,E,OR,,114,100,5.0,0.0011,,,,,,,,5.0,0.0011,,,,,,,,,,,,,,,,,,,,,,
02/01/2022 00:00:00,716232,7,60,W,OR,,114,100,2.0,0.0005,,,,,,,,2.0,0.0005,,,,,,,,,,,,,,,,,,,,,,
02/01/2022 00:00:00,716233,7,60,W,OR,,0,0,,,,,,,,,,,,,,,,,,,,,,,,,,,,,,,,,
02/01/2022 00:00:00,716234,7,60,E,OR,,114,0,,,,,,,,,,,,,,,,,,,,,,,,,,,,,,,,,
02/01/2022 00:00:00,716235,7,60,E,ML,0.56,0,0,723.0,0.0273,66.8,0.0,0.0,0.0,0.0,0.0,0.0,308.0,0.0329,70.3,181.0,0.035,65.5,193.0,0.0327,63.8,41.0,0.0084,60.5,,,,,,,,,,,,
02/01/2022 00:00:00,716237,7,60,E,ML,0.535,0,0,2025.0,0.0307,69.7,0.0,0.0,0.0,0.0,0.0,0.0,344.0,0.0301,75.7,400.0,0.0333,73.2,349.0,0.0348,71.2,357.0,0.0348,68.4,325.0,0.0302,63.8,250.0,0.0211,63.8,,,,,,
02/01/2022 00:00:00,716238,7,60,W,ML,0.569,0,0,1383.0,0.0247,68.8,0.0,0.0,0.0,0.0,0.0,0.0,306.0,0.0197,73.1,334.0,0.0268,70.7,296.0,0.0292,68.8,272.0,0.0278,66.2,175.0,0.0199,61.7,,,,,,,,,
02/01/2022 00:00:00,716239,7,60,E,OR,,0,0,,,,,,,,,,,,,,,,,,,,,,,,,,,,,,,,,
02/01/2022 00:00:00,716240,7,60,W,OR,,0,0,,,,,,,,,,,,,,,,,,,,,,,,,,,,,,,,,
02/01/2022 00:00:00,716241,7,60,W,ML,0.45,479,100,1199.0,0.0336,69.0,0.0,0.0,0.0,0.0,0.0,0.0,237.0,0.0162,74.5,386.0,0.0359,69.8,324.0,0.047,67.6,252.0,0.0354,63.9,,,,,,,,,,,,
02/01/2022 00:00:00,716243,7,60,E,OR,,0,0,,,,,,,,,,,,,,,,,,,,,,,,,,,,,,,,,
02/01/2022 00:00:00,716244,7,60,W,OR,,0,0,,,,,,,,,,,,,,,,,,,,,,,,,,,,,,,,,
02/01/2022 00:00:00,716245,7,60,W,OR,,0,0,,,,,,,,,,,,,,,,,,,,,,,,,,,,,,,,,
02/01/2022 00:00:00,716246,7,60,E,OR,,0,0,,,,,,,,,,,,,,,,,,,,,,,,,,,,,,,,,
02/01/2022 00:00:00,716249,7,60,W,OR,,0,0,,,,,,,,,,,,,,,,,,,,,,,,,,,,,,,,,
02/01/2022 00:00:00,716250,7,60,E,OR,,0,0,,,,,,,,,,,,,,,,,,,,,,,,,,,,,,,,,
02/01/2022 00:00:00,716251,7,60,W,OR,,0,0,,,,,,,,,,,,,,,,,,,,,,,,,,,,,,,,,
02/01/2022 00:00:00,716252,7,60,E,OR,,0,0,,,,,,,,,,,,,,,,,,,,,,,,,,,,,,,,,
02/01/2022 00:00:00,716253,7,60,W,ML,0.25,0,0,1385.0,0.0247,68.1,0.0,0.0,0.0,0.0,0.0,0.0,290.0,0.0175,73.9,419.0,0.0272,70.1,372.0,0.0283,66.5,304.0,0.0258,62.0,,,,,,,,,,,,
02/01/2022 00:00:00,716254,7,60,E,ML,0.18,0,0,1385.0,0.0247,68.1,0.0,0.0,0.0,0.0,0.0,0.0,290.0,0.0175,73.9,419.0,0.0272,70.1,372.0,0.0283,66.5,304.0,0.0258,62.0,,,,,,,,,,,,
02/01/2022 00:00:00,716255,7,60,W,OR,,0,0,,,,,,,,,,,,,,,,,,,,,,,,,,,,,,,,,
02/01/2022 00:00:00,716256,7,60,W,OR,,0,0,,,,,,,,,,,,,,,,,,,,,,,,,,,,,,,,,
02/01/2022 00:00:00,716257,7,60,E,OR,,0,0,,,,,,,,,,,,,,,,,,,,,,,,,,,,,,,,,
02/01/2022 00:00:00,716258,7,60,W,OR,,0,0,,,,,,,,,,,,,,,,,,,,,,,,,,,,,,,,,
02/01/2022 00:00:00,716259,7,60,E,OR,,120,100,54.0,0.0029,,,,,,,,54.0,0.0029,,,,,,,,,,,,,,,,,,,,,,
02/01/2022 00:00:00,716260,7,60,W,OR,,0,0,,,,,,,,,,,,,,,,,,,,,,,,,,,,,,,,,
02/01/2022 00:00:00,716261,7,60,E,OR,,0,0,,,,,,,,,,,,,,,,,,,,,,,,,,,,,,,,,
02/01/2022 00:00:00,716262,7,60,W,OR,,0,0,,,,,,,,,,,,,,,,,,,,,,,,,,,,,,,,,
02/01/2022 00:00:00,716263,7,60,E,OR,,0,0,,,,,,,,,,,,,,,,,,,,,,,,,,,,,,,,,
02/01/2022 00:00:00,716264,7,60,E,OR,,0,0,,,,,,,,,,,,,,,,,,,,,,,,,,,,,,,,,
02/01/2022 00:00:00,716265,7,60,E,ML,0.405,454,75,1793.0,0.0512,67.4,0.0,0.0,0.0,0.0,0.0,0.1,380.0,0.0193,74.6,479.0,0.0449,69.2,452.0,0.073,68.3,482.0,0.0677,59.0,,,,,,,,,,,,
02/01/2022 00:00:00,716267,7,60,W,OR,,0,0,,,,,,,,,,,,,,,,,,,,,,,,,,,,,,,,,
02/01/2022 00:00:00,716268,7,60,E,OR,,0,0,,,,,,,,,,,,,,,,,,,,,,,,,,,,,,,,,
02/01/2022 00:00:00,716269,7,60,W,OR,,0,0,,,,,,,,,,,,,,,,,,,,,,,,,,,,,,,,,
02/01/2022 00:00:00,716270,7,60,E,OR,,0,0,,,,,,,,,,,,,,,,,,,,,,,,,,,,,,,,,
02/01/2022 00:00:00,716271,7,71,S,ML,1.218,0,0,366.0,0.0461,64.1,0.0,0.0,0.0,0.1,0.2,0.2,366.0,0.0461,64.1,,,,,,,,,,,,,,,,,,,,,
02/01/2022 00:00:00,716272,7,91,E,ML,0.333,0,0,261.0,0.0165,64.7,0.0,0.0,0.0,0.0,0.0,0.0,85.0,0.0147,69.7,98.0,0.0177,64.9,78.0,0.0171,59.0,,,,,,,,,,,,,,,
02/01/2022 00:00:00,716273,7,91,E,ML,0.525,336,100,389.0,0.012,64.6,0.0,0.0,0.0,0.0,0.0,0.0,84.0,0.008,70.5,140.0,0.0132,66.4,165.0,0.0146,60.0,,,,,,,,,,,,,,,
02/01/2022 00:00:00,716274,7,91,W,OR,,114,100,41.0,0.0041,,,,,,,,41.0,0.0041,,,,,,,,,,,,,,,,,,,,,,
02/01/2022 00:00:00,716275,7,91,E,OR,,114,100,67.0,0.0135,,,,,,,,67.0,0.0135,,,,,,,,,,,,,,,,,,,,,,
02/01/2022 00:00:00,716276,7,91,W,OR,,114,100,58.0,0.0095,,,,,,,,58.0,0.0095,,,,,,,,,,,,,,,,,,,,,,
02/01/2022 00:00:00,716279,7,91,W,OR,,114,100,113.0,0.0119,,,,,,,,113.0,0.0119,,,,,,,,,,,,,,,,,,,,,,
02/01/2022 00:00:00,716281,7,91,E,OR,,113,100,139.0,0.0133,,,,,,,,139.0,0.0133,,,,,,,,,,,,,,,,,,,,,,
02/01/2022 00:00:00,716282,7,91,W,OR,,114,100,127.0,0.0116,,,,,,,,127.0,0.0116,,,,,,,,,,,,,,,,,,,,,,
02/01/2022 00:00:00,716283,7,91,E,OR,,113,100,252.0,0.0208,,,,,,,,252.0,0.0208,,,,,,,,,,,,,,,,,,,,,,
02/01/2022 00:00:00,716284,7,91,W,OR,,114,100,135.0,0.0128,,,,,,,,135.0,0.0128,,,,,,,,,,,,,,,,,,,,,,
02/01/2022 00:00:00,716285,7,91,E,OR,,0,0,,,,,,,,,,,,,,,,,,,,,,,,,,,,,,,,,
02/01/2022 00:00:00,716287,7,91,E,OR,,114,100,51.0,0.0103,,,,,,,,51.0,0.0103,,,,,,,,,,,,,,,,,,,,,,
02/01/2022 00:00:00,716289,7,91,W,OR,,0,0,,,,,,,,,,,,,,,,,,,,,,,,,,,,,,,,,
02/01/2022 00:00:00,716290,7,91,E,OR,,0,0,,,,,,,,,,,,,,,,,,,,,,,,,,,,,,,,,
02/01/2022 00:00:00,716292,7,91,W,OR,,114,100,27.0,0.0022,,,,,,,,27.0,0.0022,,,,,,,,,,,,,,,,,,,,,,
02/01/2022 00:00:00,716294,7,91,E,OR,,114,100,46.0,0.0054,,,,,,,,46.0,0.0054,,,,,,,,,,,,,,,,,,,,,,
02/01/2022 00:00:00,716295,7,91,W,ML,0.405,570,100,1164.0,0.0189,68.0,0.0,0.0,0.0,0.0,0.0,0.0,138.0,0.0084,75.6,212.0,0.0111,74.2,315.0,0.0386,65.0,295.0,0.0298,65.2,204.0,0.0067,64.5,,,,,,,,,
02/01/2022 00:00:00,716296,7,91,E,ML,0.53,437,60,3127.0,0.0364,69.6,0.0,0.0,0.0,0.0,0.0,0.0,508.0,0.0428,72.4,215.0,0.0136,73.7,1582.0,0.062,71.7,424.0,0.0246,65.0,398.0,0.0392,60.6,,,,,,,,,
02/01/2022 00:00:00,716297,7,91,W,OR,,114,100,88.0,0.0132,,,,,,,,88.0,0.0132,,,,,,,,,,,,,,,,,,,,,,
02/01/2022 00:00:00,716298,7,91,E,OR,,114,100,57.0,0.0073,,,,,,,,57.0,0.0073,,,,,,,,,,,,,,,,,,,,,,
02/01/2022 00:00:00,716299,7,91,W,OR,,114,100,95.0,0.0113,,,,,,,,95.0,0.0113,,,,,,,,,,,,,,,,,,,,,,
02/01/2022 00:00:00,716300,7,91,E,OR,,114,100,47.0,0.0058,,,,,,,,47.0,0.0058,,,,,,,,,,,,,,,,,,,,,,
02/01/2022 00:00:00,716301,7,91,W,OR,,114,100,86.0,0.009,,,,,,,,86.0,0.009,,,,,,,,,,,,,,,,,,,,,,
02/01/2022 00:00:00,716302,7,91,E,OR,,114,100,40.0,0.0041,,,,,,,,40.0,0.0041,,,,,,,,,,,,,,,,,,,,,,
02/01/2022 00:00:00,716303,7,91,W,OR,,114,100,41.0,0.0052,,,,,,,,41.0,0.0052,,,,,,,,,,,,,,,,,,,,,,
02/01/2022 00:00:00,716304,7,91,E,OR,,114,100,24.0,0.0054,,,,,,,,24.0,0.0054,,,,,,,,,,,,,,,,,,,,,,
02/01/2022 00:00:00,716305,7,91,W,OR,,114,100,68.0,0.0092,,,,,,,,68.0,0.0092,,,,,,,,,,,,,,,,,,,,,,
02/01/2022 00:00:00,716306,7,91,E,OR,,114,100,44.0,0.0061,,,,,,,,44.0,0.0061,,,,,,,,,,,,,,,,,,,,,,
02/01/2022 00:00:00,716307,7,91,E,OR,,107,100,5.0,0.0072,,,,,,,,5.0,0.0072,,,,,,,,,,,,,,,,,,,,,,
02/01/2022 00:00:00,716309,7,91,E,OR,,114,100,0.0,0.0,,,,,,,,0.0,0.0,,,,,,,,,,,,,,,,,,,,,,
02/01/2022 00:00:00,716310,7,91,W,OR,,114,100,139.0,0.0053,,,,,,,,139.0,0.0053,,,,,,,,,,,,,,,,,,,,,,
02/01/2022 00:00:00,716311,7,91,W,ML,0.52,570,0,2010.0,0.0476,62.3,0.0,0.0,0.0,0.0,0.0,0.2,395.0,0.0435,68.4,477.0,0.0491,65.1,414.0,0.0514,60.7,372.0,0.048,58.0,352.0,0.0459,57.9,,,,,,,,,
02/01/2022 00:00:00,716312,7,91,E,ML,0.52,0,0,1555.0,0.0439,53.8,0.0,0.0,0.2,0.7,1.1,1.9,244.0,0.0476,53.2,174.0,0.0387,53.1,165.0,0.0454,47.4,259.0,0.05,51.7,492.0,0.038,57.7,221.0,0.0437,52.5,,,,,,
02/01/2022 00:00:00,716313,7,91,E,ML,0.575,0,0,932.0,0.0206,66.5,0.0,0.0,0.0,0.0,0.0,0.1,290.0,0.0195,70.9,337.0,0.0251,67.7,305.0,0.0174,61.1,,,,,,,,,,,,,,,
02/01/2022 00:00:00,716314,7,91,W,ML,0.575,0,0,1385.0,0.0247,68.1,0.0,0.0,0.0,0.0,0.0,0.0,290.0,0.0175,73.9,419.0,0.0272,70.1,372.0,0.0283,66.5,304.0,0.0258,62.0,,,,,,,,,,,,
02/01/2022 00:00:00,716315,7,91,E,OR,,114,100,14.0,0.002,,,,,,,,14.0,0.002,,,,,,,,,,,,,,,,,,,,,,
02/01/2022 00:00:00,716316,7,91,W,OR,,114,100,23.0,0.0022,,,,,,,,23.0,0.0022,,,,,,,,,,,,,,,,,,,,,,
02/01/2022 00:00:00,716317,7,91,W,OR,,114,100,36.0,0.0072,,,,,,,,36.0,0.0072,,,,,,,,,,,,,,,,,,,,,,
02/01/2022 00:00:00,716318,7,91,E,OR,,0,0,,,,,,,,,,,,,,,,,,,,,,,,,,,,,,,,,
02/01/2022 00:00:00,716319,7,91,E,OR,,114,100,13.0,0.0022,,,,,,,,13.0,0.0022,,,,,,,,,,,,,,,,,,,,,,
02/01/2022 00:00:00,716320,7,91,W,OR,,0,0,,,,,,,,,,,,,,,,,,,,,,,,,,,,,,,,,
02/01/2022 00:00:00,716321,7,91,E,OR,,114,100,10.0,0.0011,,,,,,,,10.0,0.0011,,,,,,,,,,,,,,,,,,,,,,
02/01/2022 00:00:00,716322,7,91,W,OR,,114,100,12.0,0.0024,,,,,,,,12.0,0.0024,,,,,,,,,,,,,,,,,,,,,,
02/01/2022 00:00:00,716323,7,91,W,OR,,114,100,79.0,0.007,,,,,,,,79.0,0.007,,,,,,,,,,,,,,,,,,,,,,
02/01/2022 00:00:00,716325,7,91,W,OR,,114,100,38.0,0.0026,,,,,,,,38.0,0.0026,,,,,,,,,,,,,,,,,,,,,,
02/01/2022 00:00:00,716328,7,101,S,ML,0.365,0,0,2025.0,0.0307,69.3,0.0,0.0,0.0,0.0,0.0,0.0,422.0,0.0218,75.2,616.0,0.0338,71.3,544.0,0.0352,67.7,443.0,0.0321,63.1,,,,,,,,,,,,
02/01/2022 00:00:00,716330,7,101,N,OR,,0,0,,,,,,,,,,,,,,,,,,,,,,,,,,,,,,,,,
02/01/2022 00:00:00,716331,7,101,S,ML,0.355,0,0,1716.0,0.0339,67.5,0.0,0.0,0.0,0.0,0.0,0.0,359.0,0.024,73.1,521.0,0.0373,69.4,460.0,0.0388,65.9,376.0,0.0353,61.4,,,,,,,,,,,,
02/01/2022 00:00:00,716332,7,101,S,OR,,0,0,,,,,,,,,,,,,,,,,,,,,,,,,,,,,,,,,
02/01/2022 00:00:00,716333,7,101,N,OR,,0,0,,,,,,,,,,,,,,,,,,,,,,,,,,,,,,,,,
02/01/2022 00:00:00,716334,7,101,N,OR,,0,0,,,,,,,,,,,,,,,,,,,,,,,,,,,,,,,,,
02/01/2022 00:00:00,716335,7,101,S,OR,,0,0,,,,,,,,,,,,,,,,,,,,,,,,,,,,,,,,,
02/01/2022 00:00:00,716336,7,101,S,OR,,0,0,,,,,,,,,,,,,,,,,,,,,,,,,,,,,,,,,
02/01/2022 00:00:00,716337,7,101,N,ML,0.46,0,0,1385.0,0.0247,68.1,0.0,0.0,0.0,0.0,0.0,0.0,290.0,0.0175,73.9,419.0,0.0272,70.1,372.0,0.0283,66.5,304.0,0.0258,62.0,,,,,,,,,,,,
02/01/2022 00:00:00,716338,7,57,S,OR,,119,100,37.0,0.0036,,,,,,,,37.0,0.0036,,,,,,,,,,,,,,,,,,,,,,
02/01/2022 00:00:00,716339,7,101,S,ML,0.525,0,0,2220.0,0.0339,68.4,0.0,0.0,0.0,0.0,0.0,0.0,464.0,0.0241,74.1,674.0,0.0374,70.4,594.0,0.0389,66.8,488.0,0.0354,62.2,,,,,,,,,,,,
02/01/2022 00:00:00,716340,7,101,N,OR,,0,0,,,,,,,,,,,,,,,,,,,,,,,,,,,,,,,,,
02/01/2022 00:00:00,716341,7,101,S,OR,,0,0,,,,,,,,,,,,,,,,,,,,,,,,,,,,,,,,,
02/01/2022 00:00:00,716342,7,101,N,OR,,0,0,,,,,,,,,,,,,,,,,,,,,,,,,,,,,,,,,
02/01/2022 00:00:00,716343,7,101,S,FR,,0,0,,,,,,,,,,,,,,,,,,,,,,,,,,,,,,,,,
02/01/2022 00:00:00,716344,7,101,S,OR,,0,0,,,,,,,,,,,,,,,,,,,,,,,,,,,,,,,,,
02/01/2022 00:00:00,716345,7,101,N,FR,,0,0,,,,,,,,,,,,,,,,,,,,,,,,,,,,,,,,,
02/01/2022 00:00:00,716346,7,101,N,OR,,0,0,,,,,,,,,,,,,,,,,,,,,,,,,,,,,,,,,
02/01/2022 00:00:00,716347,7,101,S,FR,,0,0,,,,,,,,,,,,,,,,,,,,,,,,,,,,,,,,,
02/01/2022 00:00:00,716348,7,101,S,OR,,0,0,,,,,,,,,,,,,,,,,,,,,,,,,,,,,,,,,
02/01/2022 00:00:00,716349,7,101,S,OR,,0,0,,,,,,,,,,,,,,,,,,,,,,,,,,,,,,,,,
02/01/2022 00:00:00,716351,7,101,S,OR,,0,0,,,,,,,,,,,,,,,,,,,,,,,,,,,,,,,,,
02/01/2022 00:00:00,716352,7,101,N,OR,,0,0,,,,,,,,,,,,,,,,,,,,,,,,,,,,,,,,,
02/01/2022 00:00:00,716353,7,101,S,OR,,0,0,,,,,,,,,,,,,,,,,,,,,,,,,,,,,,,,,
02/01/2022 00:00:00,716355,7,101,N,OR,,0,0,,,,,,,,,,,,,,,,,,,,,,,,,,,,,,,,,
02/01/2022 00:00:00,716356,7,101,S,OR,,0,0,,,,,,,,,,,,,,,,,,,,,,,,,,,,,,,,,
02/01/2022 00:00:00,716358,7,101,S,OR,,0,0,,,,,,,,,,,,,,,,,,,,,,,,,,,,,,,,,
02/01/2022 00:00:00,716359,7,101,N,ML,0.565,478,100,1475.0,0.0167,72.2,0.0,0.0,0.0,0.0,0.0,0.0,243.0,0.0086,76.5,474.0,0.0169,73.9,358.0,0.0173,71.4,400.0,0.0239,68.3,,,,,,,,,,,,
02/01/2022 00:00:00,716360,7,101,S,OR,,0,0,,,,,,,,,,,,,,,,,,,,,,,,,,,,,,,,,
02/01/2022 00:00:00,716362,7,101,S,OR,,0,0,,,,,,,,,,,,,,,,,,,,,,,,,,,,,,,,,
02/01/2022 00:00:00,716363,7,101,N,OR,,0,0,,,,,,,,,,,,,,,,,,,,,,,,,,,,,,,,,
02/01/2022 00:00:00,716364,7,101,N,OR,,0,0,,,,,,,,,,,,,,,,,,,,,,,,,,,,,,,,,
02/01/2022 00:00:00,716365,7,101,S,OR,,0,0,,,,,,,,,,,,,,,,,,,,,,,,,,,,,,,,,
02/01/2022 00:00:00,716366,7,101,S,OR,,114,0,,,,,,,,,,,,,,,,,,,,,,,,,,,,,,,,,
02/01/2022 00:00:00,716367,7,101,N,OR,,114,100,85.0,0.0065,,,,,,,,85.0,0.0065,,,,,,,,,,,,,,,,,,,,,,
02/01/2022 00:00:00,716368,7,101,S,OR,,113,100,70.0,0.0066,,,,,,,,70.0,0.0066,,,,,,,,,,,,,,,,,,,,,,
02/01/2022 00:00:00,716369,7,101,N,OR,,114,100,122.0,0.01,,,,,,,,122.0,0.01,,,,,,,,,,,,,,,,,,,,,,
02/01/2022 00:00:00,716370,7,101,S,OR,,0,0,,,,,,,,,,,,,,,,,,,,,,,,,,,,,,,,,
02/01/2022 00:00:00,716371,7,101,N,OR,,0,0,,,,,,,,,,,,,,,,,,,,,,,,,,,,,,,,,
02/01/2022 00:00:00,716372,7,101,N,OR,,114,0,,,,,,,,,,,,,,,,,,,,,,,,,,,,,,,,,
02/01/2022 00:00:00,716373,7,101,S,OR,,114,0,,,,,,,,,,,,,,,,,,,,,,,,,,,,,,,,,
02/01/2022 00:00:00,716374,7,101,N,OR,,114,0,,,,,,,,,,,,,,,,,,,,,,,,,,,,,,,,,
02/01/2022 00:00:00,716375,7,101,S,OR,,114,0,,,,,,,,,,,,,,,,,,,,,,,,,,,,,,,,,
02/01/2022 00:00:00,716376,7,101,N,OR,,114,0,,,,,,,,,,,,,,,,,,,,,,,,,,,,,,,,,
02/01/2022 00:00:00,716377,7,101,S,OR,,114,0,,,,,,,,,,,,,,,,,,,,,,,,,,,,,,,,,
02/01/2022 00:00:00,716378,7,101,N,OR,,114,0,,,,,,,,,,,,,,,,,,,,,,,,,,,,,,,,,
02/01/2022 00:00:00,716379,7,101,S,OR,,114,0,,,,,,,,,,,,,,,,,,,,,,,,,,,,,,,,,
02/01/2022 00:00:00,716380,7,101,N,OR,,114,0,,,,,,,,,,,,,,,,,,,,,,,,,,,,,,,,,
02/01/2022 00:00:00,716381,7,101,S,OR,,0,0,,,,,,,,,,,,,,,,,,,,,,,,,,,,,,,,,
02/01/2022 00:00:00,716382,7,101,S,OR,,114,0,,,,,,,,,,,,,,,,,,,,,,,,,,,,,,,,,
02/01/2022 00:00:00,716383,7,101,S,OR,,114,0,,,,,,,,,,,,,,,,,,,,,,,,,,,,,,,,,
02/01/2022 00:00:00,716384,7,101,N,OR,,114,0,,,,,,,,,,,,,,,,,,,,,,,,,,,,,,,,,
02/01/2022 00:00:00,716385,7,101,S,OR,,114,0,,,,,,,,,,,,,,,,,,,,,,,,,,,,,,,,,
02/01/2022 00:00:00,716386,7,101,N,OR,,114,0,,,,,,,,,,,,,,,,,,,,,,,,,,,,,,,,,
02/01/2022 00:00:00,716387,7,101,S,OR,,114,0,,,,,,,,,,,,,,,,,,,,,,,,,,,,,,,,,
02/01/2022 00:00:00,716388,7,101,N,OR,,114,0,,,,,,,,,,,,,,,,,,,,,,,,,,,,,,,,,
02/01/2022 00:00:00,716389,7,101,S,OR,,114,0,,,,,,,,,,,,,,,,,,,,,,,,,,,,,,,,,
02/01/2022 00:00:00,716390,7,101,S,ML,0.79,364,75,683.0,0.0206,67.9,0.0,0.0,0.0,0.0,0.0,0.0,99.0,0.007,76.5,333.0,0.0373,65.7,137.0,0.0146,70.1,114.0,0.0233,64.1,,,,,,,,,,,,
02/01/2022 00:00:00,716391,7,101,S,ML,0.76,456,100,687.0,0.0181,67.0,0.0,0.0,0.0,0.0,0.0,0.0,95.0,0.0066,74.7,248.0,0.0188,70.8,227.0,0.0266,63.4,117.0,0.0205,59.2,,,,,,,,,,,,
02/01/2022 00:00:00,716392,7,101,S,ML,0.6,452,100,526.0,0.0144,68.2,0.0,0.0,0.0,0.0,0.0,0.0,90.0,0.0061,74.7,170.0,0.0123,70.9,166.0,0.0207,66.2,100.0,0.0185,60.9,,,,,,,,,,,,
02/01/2022 00:00:00,716395,7,101,S,OR,,114,0,,,,,,,,,,,,,,,,,,,,,,,,,,,,,,,,,
02/01/2022 00:00:00,716397,7,101,N,OR,,114,0,,,,,,,,,,,,,,,,,,,,,,,,,,,,,,,,,
02/01/2022 00:00:00,716399,7,101,S,OR,,114,100,29.0,0.0025,,,,,,,,29.0,0.0025,,,,,,,,,,,,,,,,,,,,,,
02/01/2022 00:00:00,716400,7,101,S,OR,,114,0,,,,,,,,,,,,,,,,,,,,,,,,,,,,,,,,,
02/01/2022 00:00:00,716402,7,105,W,ML,0.75,0,0,1384.0,0.0247,68.2,0.0,0.0,0.0,0.0,0.0,0.0,367.0,0.0176,71.9,598.0,0.0311,69.7,419.0,0.0254,62.7,,,,,,,,,,,,,,,
02/01/2022 00:00:00,716403,7,105,E,OR,,114,0,,,,,,,,,,,,,,,,,,,,,,,,,,,,,,,,,
02/01/2022 00:00:00,716404,7,105,W,ML,0.35,342,0,1384.0,0.0247,68.2,0.0,0.0,0.0,0.0,0.0,0.0,367.0,0.0176,71.9,598.0,0.0311,69.7,419.0,0.0254,62.7,,,,,,,,,,,,,,,
02/01/2022 00:00:00,716405,7,105,W,ML,0.45,0,0,1385.0,0.0247,68.1,0.0,0.0,0.0,0.0,0.0,0.0,290.0,0.0175,73.9,419.0,0.0272,70.1,372.0,0.0283,66.5,304.0,0.0258,62.0,,,,,,,,,,,,
02/01/2022 00:00:00,716406,7,105,E,OR,,0,0,,,,,,,,,,,,,,,,,,,,,,,,,,,,,,,,,
02/01/2022 00:00:00,716407,7,105,W,ML,0.65,114,0,1200.0,0.0367,64.8,0.0,0.0,0.0,0.0,0.0,0.0,333.0,0.032,68.8,451.0,0.0374,65.5,416.0,0.0406,60.8,,,,,,,,,,,,,,,
02/01/2022 00:00:00,716409,7,105,W,ML,0.75,309,33,683.0,0.0168,64.9,0.0,0.0,0.0,0.0,0.0,0.0,73.0,0.0041,72.1,214.0,0.0126,69.5,396.0,0.0337,61.2,,,,,,,,,,,,,,,
02/01/2022 00:00:00,716410,7,105,E,OR,,0,0,,,,,,,,,,,,,,,,,,,,,,,,,,,,,,,,,
02/01/2022 00:00:00,716411,7,105,W,OR,,0,0,,,,,,,,,,,,,,,,,,,,,,,,,,,,,,,,,
02/01/2022 00:00:00,716412,7,105,E,OR,,0,0,,,,,,,,,,,,,,,,,,,,,,,,,,,,,,,,,
02/01/2022 00:00:00,716413,7,105,W,ML,0.6,0,0,1860.0,0.0466,63.8,0.0,0.0,0.0,0.0,0.0,0.1,433.0,0.0414,69.2,528.0,0.0468,65.9,464.0,0.0497,61.2,435.0,0.0486,58.5,,,,,,,,,,,,
02/01/2022 00:00:00,716414,7,105,E,ML,0.5,0,0,1385.0,0.0247,68.1,0.0,0.0,0.0,0.0,0.0,0.0,290.0,0.0175,73.9,419.0,0.0272,70.1,372.0,0.0283,66.5,304.0,0.0258,62.0,,,,,,,,,,,,
02/01/2022 00:00:00,716415,7,105,W,OR,,114,100,37.0,0.0027,,,,,,,,37.0,0.0027,,,,,,,,,,,,,,,,,,,,,,
02/01/2022 00:00:00,716416,7,105,E,OR,,0,0,,,,,,,,,,,,,,,,,,,,,,,,,,,,,,,,,
02/01/2022 00:00:00,716417,7,105,W,OR,,0,0,,,,,,,,,,,,,,,,,,,,,,,,,,,,,,,,,
02/01/2022 00:00:00,716418,7,105,E,OR,,0,0,,,,,,,,,,,,,,,,,,,,,,,,,,,,,,,,,
02/01/2022 00:00:00,716419,7,105,E,ML,0.55,0,0,1385.0,0.0247,68.1,0.0,0.0,0.0,0.0,0.0,0.0,290.0,0.0175,73.9,419.0,0.0272,70.1,372.0,0.0283,66.5,304.0,0.0258,62.0,,,,,,,,,,,,
02/01/2022 00:00:00,716420,7,105,W,ML,0.6,0,0,1385.0,0.0247,68.1,0.0,0.0,0.0,0.0,0.0,0.0,290.0,0.0175,73.9,419.0,0.0272,70.1,372.0,0.0283,66.5,304.0,0.0258,62.0,,,,,,,,,,,,
02/01/2022 00:00:00,716421,7,105,E,ML,0.55,0,0,1385.0,0.0247,68.1,0.0,0.0,0.0,0.0,0.0,0.0,290.0,0.0175,73.9,419.0,0.0272,70.1,372.0,0.0283,66.5,304.0,0.0258,62.0,,,,,,,,,,,,
02/01/2022 00:00:00,716422,7,105,W,ML,0.5,0,0,1587.0,0.0499,63.2,0.0,0.0,0.0,0.0,0.0,0.1,380.0,0.0342,69.5,480.0,0.0838,62.8,423.0,0.0435,61.7,304.0,0.0383,58.3,,,,,,,,,,,,
02/01/2022 00:00:00,716423,7,105,W,OR,,114,100,102.0,0.0068,,,,,,,,102.0,0.0068,,,,,,,,,,,,,,,,,,,,,,
02/01/2022 00:00:00,716424,7,105,E,ML,0.6,0,0,148.0,0.0064,65.7,0.0,0.0,0.0,0.0,0.0,0.0,33.0,0.0051,69.9,36.0,0.0069,67.6,31.0,0.0076,65.8,29.0,0.0072,63.2,19.0,0.0052,58.9,,,,,,,,,
02/01/2022 00:00:00,716426,7,105,W,ML,0.495,0,0,1163.0,0.019,67.8,0.0,0.0,0.0,0.0,0.0,0.0,243.0,0.0135,73.5,353.0,0.0209,69.8,312.0,0.0218,66.2,255.0,0.0198,61.7,,,,,,,,,,,,
02/01/2022 00:00:00,716427,7,105,E,ML,0.32,0,0,1384.0,0.0247,68.2,0.0,0.0,0.0,0.0,0.0,0.0,367.0,0.0176,71.9,598.0,0.0311,69.7,419.0,0.0254,62.7,,,,,,,,,,,,,,,
02/01/2022 00:00:00,716428,7,105,W,ML,0.55,0,0,149.0,0.0064,65.0,0.0,0.0,0.0,0.0,0.0,0.0,39.0,0.0045,68.7,63.0,0.008,66.6,47.0,0.0066,59.9,,,,,,,,,,,,,,,
02/01/2022 00:00:00,716430,7,105,E,FF,,0,0,,,,,,,,,,,,,,,,,,,,,,,,,,,,,,,,,
02/01/2022 00:00:00,716431,7,105,E,ML,0.3,0,0,1385.0,0.0247,68.1,0.0,0.0,0.0,0.0,0.0,0.0,290.0,0.0175,73.9,419.0,0.0272,70.1,372.0,0.0283,66.5,304.0,0.0258,62.0,,,,,,,,,,,,
02/01/2022 00:00:00,716432,7,105,W,HV,0.3,0,0,149.0,0.0064,65.1,0.0,0.0,0.0,0.0,0.0,0.0,149.0,0.0064,65.1,,,,,,,,,,,,,,,,,,,,,
02/01/2022 00:00:00,716433,7,105,E,ML,0.3,0,0,1385.0,0.0247,68.1,0.0,0.0,0.0,0.0,0.0,0.0,290.0,0.0175,73.9,419.0,0.0272,70.1,372.0,0.0283,66.5,304.0,0.0258,62.0,,,,,,,,,,,,
02/01/2022 00:00:00,716434,7,105,W,ML,0.3,0,0,1385.0,0.0247,68.1,0.0,0.0,0.0,0.0,0.0,0.0,290.0,0.0175,73.9,419.0,0.0272,70.1,372.0,0.0283,66.5,304.0,0.0258,62.0,,,,,,,,,,,,
02/01/2022 00:00:00,716435,7,105,W,OR,,0,0,,,,,,,,,,,,,,,,,,,,,,,,,,,,,,,,,
02/01/2022 00:00:00,716436,7,105,E,OR,,0,0,,,,,,,,,,,,,,,,,,,,,,,,,,,,,,,,,
02/01/2022 00:00:00,716437,7,105,W,ML,0.65,342,67,1197.0,0.0299,66.2,0.0,0.0,0.0,0.0,0.0,0.1,297.0,0.0166,71.6,435.0,0.0288,69.4,465.0,0.0443,59.7,,,,,,,,,,,,,,,
02/01/2022 00:00:00,716438,7,105,E,OR,,114,100,13.0,0.0007,,,,,,,,13.0,0.0007,,,,,,,,,,,,,,,,,,,,,,
02/01/2022 00:00:00,716439,7,105,W,OR,,0,0,,,,,,,,,,,,,,,,,,,,,,,,,,,,,,,,,
02/01/2022 00:00:00,716440,7,105,E,ML,0.6,0,0,1517.0,0.0906,49.2,0.0,0.2,0.7,1.5,2.4,3.5,478.0,0.0845,52.2,558.0,0.0913,49.3,481.0,0.0961,46.0,,,,,,,,,,,,,,,
02/01/2022 00:00:00,716441,7,105,W,ML,0.4,0,0,149.0,0.0064,65.0,0.0,0.0,0.0,0.0,0.0,0.0,39.0,0.0045,68.7,63.0,0.008,66.6,47.0,0.0066,59.9,,,,,,,,,,,,,,,
02/01/2022 00:00:00,716442,7,105,E,ML,0.6,0,0,1384.0,0.0247,68.2,0.0,0.0,0.0,0.0,0.0,0.0,367.0,0.0176,71.9,598.0,0.0311,69.7,419.0,0.0254,62.7,,,,,,,,,,,,,,,
02/01/2022 00:00:00,716443,7,105,W,ML,0.45,0,0,149.0,0.0064,65.0,0.0,0.0,0.0,0.0,0.0,0.0,39.0,0.0045,68.7,63.0,0.008,66.6,47.0,0.0066,59.9,,,,,,,,,,,,,,,
02/01/2022 00:00:00,716444,7,105,W,OR,,0,0,,,,,,,,,,,,,,,,,,,,,,,,,,,,,,,,,
02/01/2022 00:00:00,716445,7,105,W,OR,,0,0,,,,,,,,,,,,,,,,,,,,,,,,,,,,,,,,,
02/01/2022 00:00:00,716446,7,105,E,OR,,0,0,,,,,,,,,,,,,,,,,,,,,,,,,,,,,,,,,
02/01/2022 00:00:00,716447,7,105,E,OR,,0,0,,,,,,,,,,,,,,,,,,,,,,,,,,,,,,,,,
02/01/2022 00:00:00,716448,7,105,W,ML,0.5,0,0,1384.0,0.0247,68.2,0.0,0.0,0.0,0.0,0.0,0.0,367.0,0.0176,71.9,598.0,0.0311,69.7,419.0,0.0254,62.7,,,,,,,,,,,,,,,
02/01/2022 00:00:00,716449,7,105,E,ML,0.65,0,0,150.0,0.0064,65.1,0.0,0.0,0.0,0.0,0.0,0.0,31.0,0.0045,70.6,47.0,0.007,67.0,39.0,0.0073,63.6,33.0,0.0067,59.2,,,,,,,,,,,,
02/01/2022 00:00:00,716450,7,105,W,ML,0.455,0,0,1482.0,0.0131,69.7,0.0,0.0,0.0,0.0,0.0,0.0,357.0,0.0126,74.7,463.0,0.0164,70.9,503.0,0.0178,67.3,159.0,0.0055,62.8,,,,,,,,,,,,
02/01/2022 00:00:00,716451,7,105,W,FF,,0,0,,,,,,,,,,,,,,,,,,,,,,,,,,,,,,,,,
02/01/2022 00:00:00,716452,7,105,W,FF,,0,0,,,,,,,,,,,,,,,,,,,,,,,,,,,,,,,,,
02/01/2022 00:00:00,716453,7,105,E,ML,0.305,0,0,3246.0,0.0426,68.7,0.0,0.0,0.0,0.0,0.0,0.0,862.0,0.0303,72.4,1401.0,0.0536,70.2,983.0,0.0438,63.1,,,,,,,,,,,,,,,
02/01/2022 00:00:00,716454,7,105,W,OR,,0,0,,,,,,,,,,,,,,,,,,,,,,,,,,,,,,,,,
02/01/2022 00:00:00,716455,7,105,W,OR,,0,0,,,,,,,,,,,,,,,,,,,,,,,,,,,,,,,,,
02/01/2022 00:00:00,716456,7,105,E,ML,0.47,0,0,3247.0,0.0426,69.3,0.0,0.0,0.0,0.0,0.0,0.0,719.0,0.034,73.6,783.0,0.0461,71.2,692.0,0.0503,69.3,640.0,0.048,66.6,413.0,0.0343,62.1,,,,,,,,,
02/01/2022 00:00:00,716457,7,105,W,ML,0.55,0,0,148.0,0.0064,65.7,0.0,0.0,0.0,0.0,0.0,0.0,33.0,0.0051,69.9,36.0,0.0069,67.6,31.0,0.0076,65.8,29.0,0.0072,63.2,19.0,0.0052,58.9,,,,,,,,,
02/01/2022 00:00:00,716458,7,105,E,OR,,0,0,,,,,,,,,,,,,,,,,,,,,,,,,,,,,,,,,
02/01/2022 00:00:00,716459,7,105,W,ML,0.45,0,0,149.0,0.0064,65.0,0.0,0.0,0.0,0.0,0.0,0.0,39.0,0.0045,68.7,63.0,0.008,66.6,47.0,0.0066,59.9,,,,,,,,,,,,,,,
02/01/2022 00:00:00,716460,7,105,E,ML,0.4,0,0,1384.0,0.0247,68.2,0.0,0.0,0.0,0.0,0.0,0.0,367.0,0.0176,71.9,598.0,0.0311,69.7,419.0,0.0254,62.7,,,,,,,,,,,,,,,
02/01/2022 00:00:00,716461,7,105,W,ML,0.35,0,0,1273.0,0.0318,65.7,0.0,0.0,0.0,0.0,0.0,0.0,296.0,0.0148,71.8,471.0,0.0302,67.9,506.0,0.0504,60.1,,,,,,,,,,,,,,,
02/01/2022 00:00:00,716462,7,105,E,OR,,0,0,,,,,,,,,,,,,,,,,,,,,,,,,,,,,,,,,
02/01/2022 00:00:00,716463,7,105,W,OR,,0,0,,,,,,,,,,,,,,,,,,,,,,,,,,,,,,,,,
02/01/2022 00:00:00,716464,7,105,E,OR,,0,0,,,,,,,,,,,,,,,,,,,,,,,,,,,,,,,,,
02/01/2022 00:00:00,716466,7,105,E,ML,0.45,0,0,1384.0,0.0247,68.2,0.0,0.0,0.0,0.0,0.0,0.0,367.0,0.0176,71.9,598.0,0.0311,69.7,419.0,0.0254,62.7,,,,,,,,,,,,,,,
02/01/2022 00:00:00,716467,7,105,W,OR,,0,0,,,,,,,,,,,,,,,,,,,,,,,,,,,,,,,,,
02/01/2022 00:00:00,716468,7,105,E,OR,,0,0,,,,,,,,,,,,,,,,,,,,,,,,,,,,,,,,,
02/01/2022 00:00:00,716470,7,105,E,ML,0.665,360,50,2246.0,0.0724,70.0,0.0,0.0,0.0,0.0,0.0,0.1,590.0,0.0499,78.1,510.0,0.0725,74.8,589.0,0.0858,65.2,557.0,0.0813,61.9,,,,,,,,,,,,
02/01/2022 00:00:00,716471,7,105,W,ML,0.55,0,0,150.0,0.0064,65.1,0.0,0.0,0.0,0.0,0.0,0.0,31.0,0.0045,70.6,47.0,0.007,67.0,39.0,0.0073,63.6,33.0,0.0067,59.2,,,,,,,,,,,,
02/01/2022 00:00:00,716473,7,110,N,OR,,0,0,,,,,,,,,,,,,,,,,,,,,,,,,,,,,,,,,
02/01/2022 00:00:00,716474,7,110,N,OR,,120,0,,,,,,,,,,,,,,,,,,,,,,,,,,,,,,,,,
02/01/2022 00:00:00,716475,7,110,N,OR,,0,0,,,,,,,,,,,,,,,,,,,,,,,,,,,,,,,,,
02/01/2022 00:00:00,716476,7,110,N,OR,,0,0,,,,,,,,,,,,,,,,,,,,,,,,,,,,,,,,,
02/01/2022 00:00:00,716477,7,110,N,OR,,0,0,,,,,,,,,,,,,,,,,,,,,,,,,,,,,,,,,
02/01/2022 00:00:00,716478,7,110,N,OR,,0,0,,,,,,,,,,,,,,,,,,,,,,,,,,,,,,,,,
02/01/2022 00:00:00,716479,7,110,N,OR,,0,0,,,,,,,,,,,,,,,,,,,,,,,,,,,,,,,,,
02/01/2022 00:00:00,716480,7,110,N,OR,,114,100,65.0,0.0098,,,,,,,,65.0,0.0098,,,,,,,,,,,,,,,,,,,,,,
02/01/2022 00:00:00,716481,7,110,S,ML,0.67,0,0,149.0,0.0064,65.0,0.0,0.0,0.0,0.0,0.0,0.0,39.0,0.0045,68.7,63.0,0.008,66.6,47.0,0.0066,59.9,,,,,,,,,,,,,,,
02/01/2022 00:00:00,716482,7,110,N,FF,,228,100,508.0,0.009,,,,,,,,188.0,0.0066,,320.0,0.0113,,,,,,,,,,,,,,,,,,,
02/01/2022 00:00:00,716484,7,110,N,ML,0.77,0,0,1802.0,0.0372,66.3,0.0,0.0,0.0,0.0,0.0,0.0,360.0,0.0339,72.6,453.0,0.039,69.2,398.0,0.0411,64.6,321.0,0.0385,61.6,270.0,0.0334,60.8,,,,,,,,,
02/01/2022 00:00:00,716485,7,110,S,ML,0.555,0,0,1215.0,0.0262,69.3,0.0,0.0,0.0,0.0,0.0,0.0,236.0,0.0242,74.3,272.0,0.0268,71.9,239.0,0.028,69.9,244.0,0.028,67.2,224.0,0.0243,62.7,,,,,,,,,
02/01/2022 00:00:00,716486,7,110,N,OR,,0,0,,,,,,,,,,,,,,,,,,,,,,,,,,,,,,,,,
02/01/2022 00:00:00,716487,7,110,S,OR,,0,0,,,,,,,,,,,,,,,,,,,,,,,,,,,,,,,,,
02/01/2022 00:00:00,716488,7,110,S,OR,,0,0,,,,,,,,,,,,,,,,,,,,,,,,,,,,,,,,,
02/01/2022 00:00:00,716489,7,110,N,OR,,0,0,,,,,,,,,,,,,,,,,,,,,,,,,,,,,,,,,
02/01/2022 00:00:00,716490,7,110,N,ML,0.445,0,0,1208.0,0.0259,69.8,0.0,0.0,0.0,0.0,0.0,0.0,306.0,0.0197,73.1,334.0,0.0268,70.7,296.0,0.0292,68.8,272.0,0.0278,66.2,,,,,,,,,,,,
02/01/2022 00:00:00,716491,7,110,S,ML,0.515,0,0,1208.0,0.0259,69.8,0.0,0.0,0.0,0.0,0.0,0.0,306.0,0.0197,73.1,334.0,0.0268,70.7,296.0,0.0292,68.8,272.0,0.0278,66.2,,,,,,,,,,,,
02/01/2022 00:00:00,716492,7,110,S,OR,,0,0,,,,,,,,,,,,,,,,,,,,,,,,,,,,,,,,,
02/01/2022 00:00:00,716493,7,110,N,OR,,0,0,,,,,,,,,,,,,,,,,,,,,,,,,,,,,,,,,
02/01/2022 00:00:00,716494,7,110,S,ML,0.32,0,0,987.0,0.0133,70.9,0.0,0.0,0.0,0.0,0.0,0.0,149.0,0.0079,76.5,224.0,0.0126,73.9,233.0,0.015,72.0,232.0,0.0192,67.7,149.0,0.0119,64.2,,,,,,,,,
02/01/2022 00:00:00,716495,7,110,N,ML,0.27,0,0,1489.0,0.021,70.2,0.0,0.0,0.0,0.0,0.0,0.0,142.0,0.0082,76.5,321.0,0.0189,74.0,342.0,0.0237,71.8,337.0,0.026,68.8,347.0,0.0283,63.6,,,,,,,,,
02/01/2022 00:00:00,716496,7,110,N,OR,,0,0,,,,,,,,,,,,,,,,,,,,,,,,,,,,,,,,,
02/01/2022 00:00:00,716498,7,110,N,OR,,0,0,,,,,,,,,,,,,,,,,,,,,,,,,,,,,,,,,
02/01/2022 00:00:00,716499,7,110,N,ML,0.39,570,0,2032.0,0.0307,70.0,0.0,0.0,0.0,0.0,0.0,0.0,449.0,0.0246,74.5,491.0,0.0333,72.0,432.0,0.0363,70.0,400.0,0.0346,67.3,260.0,0.0248,62.8,,,,,,,,,
02/01/2022 00:00:00,716500,7,110,S,ML,0.795,684,50,2224.0,0.0302,66.9,0.0,0.0,0.0,0.0,0.0,0.0,348.0,0.0259,72.4,328.0,0.0221,74.7,346.0,0.0226,72.1,401.0,0.0379,62.4,399.0,0.034,61.5,402.0,0.0388,61.2,,,,,,
02/01/2022 00:00:00,716501,7,110,N,OR,,0,0,,,,,,,,,,,,,,,,,,,,,,,,,,,,,,,,,
02/01/2022 00:00:00,716502,7,110,S,OR,,0,0,,,,,,,,,,,,,,,,,,,,,,,,,,,,,,,,,
02/01/2022 00:00:00,716503,7,110,N,OR,,0,0,,,,,,,,,,,,,,,,,,,,,,,,,,,,,,,,,
02/01/2022 00:00:00,716504,7,110,S,OR,,0,0,,,,,,,,,,,,,,,,,,,,,,,,,,,,,,,,,
02/01/2022 00:00:00,716507,7,110,N,FR,,0,0,,,,,,,,,,,,,,,,,,,,,,,,,,,,,,,,,
02/01/2022 00:00:00,716508,7,110,N,OR,,0,0,,,,,,,,,,,,,,,,,,,,,,,,,,,,,,,,,
02/01/2022 00:00:00,716509,7,110,S,OR,,0,0,,,,,,,,,,,,,,,,,,,,,,,,,,,,,,,,,
02/01/2022 00:00:00,716510,7,110,S,OR,,0,0,,,,,,,,,,,,,,,,,,,,,,,,,,,,,,,,,
02/01/2022 00:00:00,716511,7,110,N,OR,,0,0,,,,,,,,,,,,,,,,,,,,,,,,,,,,,,,,,
02/01/2022 00:00:00,716512,7,110,N,OR,,0,0,,,,,,,,,,,,,,,,,,,,,,,,,,,,,,,,,
02/01/2022 00:00:00,716513,7,110,S,FR,,0,0,,,,,,,,,,,,,,,,,,,,,,,,,,,,,,,,,
02/01/2022 00:00:00,716514,7,110,S,OR,,0,0,,,,,,,,,,,,,,,,,,,,,,,,,,,,,,,,,
02/01/2022 00:00:00,716515,7,110,N,OR,,0,0,,,,,,,,,,,,,,,,,,,,,,,,,,,,,,,,,
02/01/2022 00:00:00,716516,7,110,S,OR,,0,0,,,,,,,,,,,,,,,,,,,,,,,,,,,,,,,,,
02/01/2022 00:00:00,716517,7,110,N,OR,,0,0,,,,,,,,,,,,,,,,,,,,,,,,,,,,,,,,,
02/01/2022 00:00:00,716518,7,110,N,OR,,0,0,,,,,,,,,,,,,,,,,,,,,,,,,,,,,,,,,
02/01/2022 00:00:00,716520,7,110,S,OR,,0,0,,,,,,,,,,,,,,,,,,,,,,,,,,,,,,,,,
02/01/2022 00:00:00,716521,7,110,S,OR,,0,0,,,,,,,,,,,,,,,,,,,,,,,,,,,,,,,,,
02/01/2022 00:00:00,716523,7,110,S,OR,,0,0,,,,,,,,,,,,,,,,,,,,,,,,,,,,,,,,,
02/01/2022 00:00:00,716524,7,110,S,OR,,0,0,,,,,,,,,,,,,,,,,,,,,,,,,,,,,,,,,
02/01/2022 00:00:00,716526,7,110,S,OR,,0,0,,,,,,,,,,,,,,,,,,,,,,,,,,,,,,,,,
02/01/2022 00:00:00,716527,7,118,W,OR,,113,100,31.0,0.0029,,,,,,,,31.0,0.0029,,,,,,,,,,,,,,,,,,,,,,
02/01/2022 00:00:00,716528,7,118,E,OR,,114,100,94.0,0.0078,,,,,,,,94.0,0.0078,,,,,,,,,,,,,,,,,,,,,,
02/01/2022 00:00:00,716529,7,118,E,OR,,114,100,129.0,0.0133,,,,,,,,129.0,0.0133,,,,,,,,,,,,,,,,,,,,,,
02/01/2022 00:00:00,716530,7,118,W,OR,,111,100,39.0,0.0041,,,,,,,,39.0,0.0041,,,,,,,,,,,,,,,,,,,,,,
02/01/2022 00:00:00,716531,7,118,W,OR,,114,100,22.0,0.0018,,,,,,,,22.0,0.0018,,,,,,,,,,,,,,,,,,,,,,
02/01/2022 00:00:00,716532,7,118,E,OR,,113,100,118.0,0.0093,,,,,,,,118.0,0.0093,,,,,,,,,,,,,,,,,,,,,,
02/01/2022 00:00:00,716533,7,118,W,OR,,114,100,22.0,0.0016,,,,,,,,22.0,0.0016,,,,,,,,,,,,,,,,,,,,,,
02/01/2022 00:00:00,716534,7,118,E,OR,,113,100,124.0,0.0088,,,,,,,,124.0,0.0088,,,,,,,,,,,,,,,,,,,,,,
02/01/2022 00:00:00,716535,7,118,W,OR,,114,100,40.0,0.003,,,,,,,,40.0,0.003,,,,,,,,,,,,,,,,,,,,,,
02/01/2022 00:00:00,716536,7,118,E,OR,,114,100,34.0,0.0032,,,,,,,,34.0,0.0032,,,,,,,,,,,,,,,,,,,,,,
02/01/2022 00:00:00,716537,7,118,E,OR,,113,100,33.0,0.0023,,,,,,,,33.0,0.0023,,,,,,,,,,,,,,,,,,,,,,
02/01/2022 00:00:00,716538,7,118,E,OR,,114,100,49.0,0.0038,,,,,,,,49.0,0.0038,,,,,,,,,,,,,,,,,,,,,,
02/01/2022 00:00:00,716540,7,118,W,OR,,114,100,9.0,0.0009,,,,,,,,9.0,0.0009,,,,,,,,,,,,,,,,,,,,,,
02/01/2022 00:00:00,716541,7,118,E,HV,0.495,114,100,0.0,0.0,65.0,0.0,0.0,0.0,0.0,0.0,0.0,0.0,0.0,65.0,,,,,,,,,,,,,,,,,,,,,
02/01/2022 00:00:00,716543,7,134,E,OR,,114,0,,,,,,,,,,,,,,,,,,,,,,,,,,,,,,,,,
02/01/2022 00:00:00,716544,7,134,W,OR,,110,100,74.0,0.0061,,,,,,,,74.0,0.0061,,,,,,,,,,,,,,,,,,,,,,
02/01/2022 00:00:00,716545,7,134,W,OR,,0,0,,,,,,,,,,,,,,,,,,,,,,,,,,,,,,,,,
02/01/2022 00:00:00,716546,7,134,E,OR,,0,0,,,,,,,,,,,,,,,,,,,,,,,,,,,,,,,,,
02/01/2022 00:00:00,716547,7,134,W,OR,,0,0,,,,,,,,,,,,,,,,,,,,,,,,,,,,,,,,,
02/01/2022 00:00:00,716548,7,134,E,OR,,0,0,,,,,,,,,,,,,,,,,,,,,,,,,,,,,,,,,
02/01/2022 00:00:00,716550,7,134,W,OR,,0,0,,,,,,,,,,,,,,,,,,,,,,,,,,,,,,,,,
02/01/2022 00:00:00,716551,7,134,W,ML,0.556,0,0,150.0,0.0064,65.1,0.0,0.0,0.0,0.0,0.0,0.0,31.0,0.0045,70.6,47.0,0.007,67.0,39.0,0.0073,63.6,33.0,0.0067,59.2,,,,,,,,,,,,
02/01/2022 00:00:00,716552,7,134,E,OR,,0,0,,,,,,,,,,,,,,,,,,,,,,,,,,,,,,,,,
02/01/2022 00:00:00,716553,7,134,E,OR,,114,0,,,,,,,,,,,,,,,,,,,,,,,,,,,,,,,,,
02/01/2022 00:00:00,716554,7,134,W,ML,0.355,228,0,1385.0,0.0247,68.1,0.0,0.0,0.0,0.0,0.0,0.0,290.0,0.0175,73.9,419.0,0.0272,70.1,372.0,0.0283,66.5,304.0,0.0258,62.0,,,,,,,,,,,,
02/01/2022 00:00:00,716555,7,134,W,OR,,0,0,,,,,,,,,,,,,,,,,,,,,,,,,,,,,,,,,
02/01/2022 00:00:00,716556,7,134,E,OR,,114,0,,,,,,,,,,,,,,,,,,,,,,,,,,,,,,,,,
02/01/2022 00:00:00,716557,7,134,W,OR,,0,0,,,,,,,,,,,,,,,,,,,,,,,,,,,,,,,,,
02/01/2022 00:00:00,716558,7,134,E,OR,,114,0,,,,,,,,,,,,,,,,,,,,,,,,,,,,,,,,,
02/01/2022 00:00:00,716559,7,134,E,OR,,114,0,,,,,,,,,,,,,,,,,,,,,,,,,,,,,,,,,
02/01/2022 00:00:00,716560,7,134,W,OR,,0,0,,,,,,,,,,,,,,,,,,,,,,,,,,,,,,,,,
02/01/2022 00:00:00,716561,7,134,E,OR,,0,0,,,,,,,,,,,,,,,,,,,,,,,,,,,,,,,,,
02/01/2022 00:00:00,716562,7,134,W,OR,,114,0,,,,,,,,,,,,,,,,,,,,,,,,,,,,,,,,,
02/01/2022 00:00:00,716563,7,134,E,OR,,0,0,,,,,,,,,,,,,,,,,,,,,,,,,,,,,,,,,
02/01/2022 00:00:00,716564,7,134,W,OR,,114,0,,,,,,,,,,,,,,,,,,,,,,,,,,,,,,,,,
02/01/2022 00:00:00,716565,7,134,E,OR,,114,0,,,,,,,,,,,,,,,,,,,,,,,,,,,,,,,,,
02/01/2022 00:00:00,716567,7,134,E,OR,,114,0,,,,,,,,,,,,,,,,,,,,,,,,,,,,,,,,,
02/01/2022 00:00:00,716568,7,170,S,OR,,0,0,,,,,,,,,,,,,,,,,,,,,,,,,,,,,,,,,
02/01/2022 00:00:00,716569,7,170,S,OR,,0,0,,,,,,,,,,,,,,,,,,,,,,,,,,,,,,,,,
02/01/2022 00:00:00,716570,7,170,S,OR,,0,0,,,,,,,,,,,,,,,,,,,,,,,,,,,,,,,,,
02/01/2022 00:00:00,716571,7,170,S,ML,1.16,0,0,150.0,0.0064,65.1,0.0,0.0,0.0,0.0,0.0,0.0,31.0,0.0045,70.6,47.0,0.007,67.0,39.0,0.0073,63.6,33.0,0.0067,59.2,,,,,,,,,,,,
02/01/2022 00:00:00,716572,7,170,S,OR,,0,0,,,,,,,,,,,,,,,,,,,,,,,,,,,,,,,,,
02/01/2022 00:00:00,716573,7,170,S,ML,0.325,0,0,149.0,0.0064,65.0,0.0,0.0,0.0,0.0,0.0,0.0,39.0,0.0045,68.7,63.0,0.008,66.6,47.0,0.0066,59.9,,,,,,,,,,,,,,,
02/01/2022 00:00:00,716574,7,170,S,OR,,0,0,,,,,,,,,,,,,,,,,,,,,,,,,,,,,,,,,
02/01/2022 00:00:00,716575,7,210,W,OR,,114,100,18.0,0.0015,,,,,,,,18.0,0.0015,,,,,,,,,,,,,,,,,,,,,,
02/01/2022 00:00:00,716576,7,210,E,OR,,114,100,14.0,0.0012,,,,,,,,14.0,0.0012,,,,,,,,,,,,,,,,,,,,,,
02/01/2022 00:00:00,716577,7,210,E,OR,,114,100,46.0,0.0047,,,,,,,,46.0,0.0047,,,,,,,,,,,,,,,,,,,,,,
02/01/2022 00:00:00,716578,7,210,W,OR,,114,100,15.0,0.0018,,,,,,,,15.0,0.0018,,,,,,,,,,,,,,,,,,,,,,
02/01/2022 00:00:00,716579,7,210,W,OR,,114,100,7.0,0.0006,,,,,,,,7.0,0.0006,,,,,,,,,,,,,,,,,,,,,,
02/01/2022 00:00:00,716580,7,210,E,OR,,114,100,20.0,0.0017,,,,,,,,20.0,0.0017,,,,,,,,,,,,,,,,,,,,,,
02/01/2022 00:00:00,716582,7,210,W,OR,,114,100,15.0,0.0015,,,,,,,,15.0,0.0015,,,,,,,,,,,,,,,,,,,,,,
02/01/2022 00:00:00,716583,7,210,W,OR,,114,100,63.0,0.0071,,,,,,,,63.0,0.0071,,,,,,,,,,,,,,,,,,,,,,
02/01/2022 00:00:00,716585,7,210,E,OR,,114,100,101.0,0.0074,,,,,,,,101.0,0.0074,,,,,,,,,,,,,,,,,,,,,,
02/01/2022 00:00:00,716586,7,210,W,OR,,114,100,76.0,0.0074,,,,,,,,76.0,0.0074,,,,,,,,,,,,,,,,,,,,,,
02/01/2022 00:00:00,716587,7,210,E,OR,,114,100,77.0,0.0059,,,,,,,,77.0,0.0059,,,,,,,,,,,,,,,,,,,,,,
02/01/2022 00:00:00,716588,7,210,W,OR,,114,100,55.0,0.0052,,,,,,,,55.0,0.0052,,,,,,,,,,,,,,,,,,,,,,
02/01/2022 00:00:00,716589,7,210,E,OR,,114,100,19.0,0.0008,,,,,,,,19.0,0.0008,,,,,,,,,,,,,,,,,,,,,,
02/01/2022 00:00:00,716590,7,210,E,OR,,114,100,23.0,0.001,,,,,,,,23.0,0.001,,,,,,,,,,,,,,,,,,,,,,
02/01/2022 00:00:00,716591,7,210,W,OR,,114,100,26.0,0.0024,,,,,,,,26.0,0.0024,,,,,,,,,,,,,,,,,,,,,,
02/01/2022 00:00:00,716592,7,210,W,OR,,114,100,33.0,0.0031,,,,,,,,33.0,0.0031,,,,,,,,,,,,,,,,,,,,,,
02/01/2022 00:00:00,716593,7,210,E,OR,,114,100,25.0,0.0019,,,,,,,,25.0,0.0019,,,,,,,,,,,,,,,,,,,,,,
02/01/2022 00:00:00,716594,7,210,W,OR,,114,100,25.0,0.0021,,,,,,,,25.0,0.0021,,,,,,,,,,,,,,,,,,,,,,
02/01/2022 00:00:00,716595,7,210,E,OR,,114,100,18.0,0.0016,,,,,,,,18.0,0.0016,,,,,,,,,,,,,,,,,,,,,,
02/01/2022 00:00:00,716596,7,210,W,OR,,114,100,17.0,0.0024,,,,,,,,17.0,0.0024,,,,,,,,,,,,,,,,,,,,,,
02/01/2022 00:00:00,716597,7,210,W,OR,,0,0,,,,,,,,,,,,,,,,,,,,,,,,,,,,,,,,,
02/01/2022 00:00:00,716598,7,210,E,OR,,114,100,20.0,0.0016,,,,,,,,20.0,0.0016,,,,,,,,,,,,,,,,,,,,,,
02/01/2022 00:00:00,716599,7,210,W,OR,,114,100,16.0,0.0024,,,,,,,,16.0,0.0024,,,,,,,,,,,,,,,,,,,,,,
02/01/2022 00:00:00,716600,7,210,E,OR,,114,100,14.0,0.0009,,,,,,,,14.0,0.0009,,,,,,,,,,,,,,,,,,,,,,
02/01/2022 00:00:00,716601,7,210,W,OR,,114,100,13.0,0.0013,,,,,,,,13.0,0.0013,,,,,,,,,,,,,,,,,,,,,,
02/01/2022 00:00:00,716602,7,210,W,OR,,114,100,37.0,0.0053,,,,,,,,37.0,0.0053,,,,,,,,,,,,,,,,,,,,,,
02/01/2022 00:00:00,716603,7,210,E,OR,,114,100,43.0,0.0039,,,,,,,,43.0,0.0039,,,,,,,,,,,,,,,,,,,,,,
02/01/2022 00:00:00,716604,7,210,W,OR,,114,100,17.0,0.0012,,,,,,,,17.0,0.0012,,,,,,,,,,,,,,,,,,,,,,
02/01/2022 00:00:00,716605,7,210,E,OR,,114,100,46.0,0.0049,,,,,,,,46.0,0.0049,,,,,,,,,,,,,,,,,,,,,,
02/01/2022 00:00:00,716606,7,210,E,OR,,114,100,46.0,0.0034,,,,,,,,46.0,0.0034,,,,,,,,,,,,,,,,,,,,,,
02/01/2022 00:00:00,716607,7,210,W,OR,,113,100,47.0,0.0047,,,,,,,,47.0,0.0047,,,,,,,,,,,,,,,,,,,,,,
02/01/2022 00:00:00,716608,7,210,W,OR,,114,100,40.0,0.0046,,,,,,,,40.0,0.0046,,,,,,,,,,,,,,,,,,,,,,
02/01/2022 00:00:00,716609,7,210,W,OR,,0,0,,,,,,,,,,,,,,,,,,,,,,,,,,,,,,,,,
02/01/2022 00:00:00,716610,7,210,W,OR,,114,100,20.0,0.002,,,,,,,,20.0,0.002,,,,,,,,,,,,,,,,,,,,,,
02/01/2022 00:00:00,716611,7,210,W,OR,,114,100,41.0,0.0052,,,,,,,,41.0,0.0052,,,,,,,,,,,,,,,,,,,,,,
02/01/2022 00:00:00,716612,7,210,W,OR,,114,100,52.0,0.0041,,,,,,,,52.0,0.0041,,,,,,,,,,,,,,,,,,,,,,
02/01/2022 00:00:00,716613,7,210,W,OR,,114,100,31.0,0.0024,,,,,,,,31.0,0.0024,,,,,,,,,,,,,,,,,,,,,,
02/01/2022 00:00:00,716614,7,210,W,OR,,114,100,18.0,0.0014,,,,,,,,18.0,0.0014,,,,,,,,,,,,,,,,,,,,,,
02/01/2022 00:00:00,716615,7,210,W,OR,,113,100,27.0,0.0051,,,,,,,,27.0,0.0051,,,,,,,,,,,,,,,,,,,,,,
02/01/2022 00:00:00,716616,7,210,E,OR,,114,100,23.0,0.002,,,,,,,,23.0,0.002,,,,,,,,,,,,,,,,,,,,,,
02/01/2022 00:00:00,716617,7,405,N,OR,,114,0,,,,,,,,,,,,,,,,,,,,,,,,,,,,,,,,,
02/01/2022 00:00:00,716619,7,405,S,OR,,114,0,,,,,,,,,,,,,,,,,,,,,,,,,,,,,,,,,
02/01/2022 00:00:00,716620,7,405,N,OR,,114,100,21.0,0.0034,,,,,,,,21.0,0.0034,,,,,,,,,,,,,,,,,,,,,,
02/01/2022 00:00:00,716621,7,405,S,OR,,114,100,6.0,0.0007,,,,,,,,6.0,0.0007,,,,,,,,,,,,,,,,,,,,,,
02/01/2022 00:00:00,716622,7,405,N,OR,,114,100,7.0,0.0008,,,,,,,,7.0,0.0008,,,,,,,,,,,,,,,,,,,,,,
02/01/2022 00:00:00,716623,7,405,S,OR,,114,100,17.0,0.002,,,,,,,,17.0,0.002,,,,,,,,,,,,,,,,,,,,,,
02/01/2022 00:00:00,716624,7,405,N,OR,,114,100,8.0,0.0016,,,,,,,,8.0,0.0016,,,,,,,,,,,,,,,,,,,,,,
02/01/2022 00:00:00,716625,7,405,S,OR,,114,100,5.0,0.001,,,,,,,,5.0,0.001,,,,,,,,,,,,,,,,,,,,,,
02/01/2022 00:00:00,716626,7,405,S,ML,0.26,568,60,1002.0,0.0136,69.8,0.0,0.0,0.0,0.0,0.0,0.0,241.0,0.0152,76.5,301.0,0.0215,69.0,207.0,0.0147,65.7,204.0,0.0134,68.6,49.0,0.0032,64.5,,,,,,,,,
02/01/2022 00:00:00,716628,7,405,S,OR,,114,100,33.0,0.0052,,,,,,,,33.0,0.0052,,,,,,,,,,,,,,,,,,,,,,
02/01/2022 00:00:00,716629,7,405,N,OR,,114,0,,,,,,,,,,,,,,,,,,,,,,,,,,,,,,,,,
02/01/2022 00:00:00,716630,7,405,N,OR,,114,100,18.0,0.0027,,,,,,,,18.0,0.0027,,,,,,,,,,,,,,,,,,,,,,
02/01/2022 00:00:00,716631,7,405,S,OR,,114,100,14.0,0.002,,,,,,,,14.0,0.002,,,,,,,,,,,,,,,,,,,,,,
02/01/2022 00:00:00,716632,7,405,N,ML,0.385,569,100,965.0,0.0158,71.0,0.0,0.0,0.0,0.0,0.0,0.0,186.0,0.0121,76.5,247.0,0.0171,73.8,249.0,0.0233,68.9,187.0,0.0174,68.5,96.0,0.0089,64.0,,,,,,,,,
02/01/2022 00:00:00,716634,7,405,S,OR,,114,0,,,,,,,,,,,,,,,,,,,,,,,,,,,,,,,,,
02/01/2022 00:00:00,716635,7,405,N,OR,,0,0,,,,,,,,,,,,,,,,,,,,,,,,,,,,,,,,,
02/01/2022 00:00:00,716636,7,405,N,OR,,114,100,75.0,0.014,,,,,,,,75.0,0.014,,,,,,,,,,,,,,,,,,,,,,
02/01/2022 00:00:00,716637,7,405,S,OR,,0,0,,,,,,,,,,,,,,,,,,,,,,,,,,,,,,,,,
02/01/2022 00:00:00,716638,7,405,N,OR,,113,100,34.0,0.0071,,,,,,,,34.0,0.0071,,,,,,,,,,,,,,,,,,,,,,
02/01/2022 00:00:00,716639,7,405,S,OR,,114,0,,,,,,,,,,,,,,,,,,,,,,,,,,,,,,,,,
02/01/2022 00:00:00,716640,7,405,N,OR,,114,100,26.0,0.0037,,,,,,,,26.0,0.0037,,,,,,,,,,,,,,,,,,,,,,
02/01/2022 00:00:00,716641,7,405,N,OR,,114,100,37.0,0.0078,,,,,,,,37.0,0.0078,,,,,,,,,,,,,,,,,,,,,,
02/01/2022 00:00:00,716642,7,405,S,OR,,0,0,,,,,,,,,,,,,,,,,,,,,,,,,,,,,,,,,
02/01/2022 00:00:00,716643,7,405,S,OR,,114,100,18.0,0.0032,,,,,,,,18.0,0.0032,,,,,,,,,,,,,,,,,,,,,,
02/01/2022 00:00:00,716644,7,405,N,FR,,114,100,59.0,0.0071,,,,,,,,59.0,0.0071,,,,,,,,,,,,,,,,,,,,,,
02/01/2022 00:00:00,716645,7,405,S,OR,,114,100,40.0,0.0051,,,,,,,,40.0,0.0051,,,,,,,,,,,,,,,,,,,,,,
02/01/2022 00:00:00,716646,7,405,N,OR,,114,100,50.0,0.0052,,,,,,,,50.0,0.0052,,,,,,,,,,,,,,,,,,,,,,
02/01/2022 00:00:00,716647,7,405,N,OR,,114,100,14.0,0.0023,,,,,,,,14.0,0.0023,,,,,,,,,,,,,,,,,,,,,,
02/01/2022 00:00:00,716649,7,405,N,OR,,114,100,14.0,0.0018,,,,,,,,14.0,0.0018,,,,,,,,,,,,,,,,,,,,,,
02/01/2022 00:00:00,716650,7,405,S,OR,,114,100,52.0,0.0065,,,,,,,,52.0,0.0065,,,,,,,,,,,,,,,,,,,,,,
02/01/2022 00:00:00,716651,7,405,S,OR,,114,100,66.0,0.0149,,,,,,,,66.0,0.0149,,,,,,,,,,,,,,,,,,,,,,
02/01/2022 00:00:00,716652,7,405,N,OR,,114,100,144.0,0.0068,,,,,,,,144.0,0.0068,,,,,,,,,,,,,,,,,,,,,,
02/01/2022 00:00:00,716653,7,405,N,OR,,114,100,85.0,0.0272,,,,,,,,85.0,0.0272,,,,,,,,,,,,,,,,,,,,,,
02/01/2022 00:00:00,716654,7,405,S,OR,,112,100,205.0,0.03,,,,,,,,205.0,0.03,,,,,,,,,,,,,,,,,,,,,,
02/01/2022 00:00:00,716655,7,405,S,OR,,113,100,45.0,0.0043,,,,,,,,45.0,0.0043,,,,,,,,,,,,,,,,,,,,,,
02/01/2022 00:00:00,716656,7,405,N,OR,,114,100,40.0,0.0067,,,,,,,,40.0,0.0067,,,,,,,,,,,,,,,,,,,,,,
02/01/2022 00:00:00,716657,7,405,S,OR,,114,100,31.0,0.0033,,,,,,,,31.0,0.0033,,,,,,,,,,,,,,,,,,,,,,
02/01/2022 00:00:00,716658,7,405,N,OR,,114,100,84.0,0.0077,,,,,,,,84.0,0.0077,,,,,,,,,,,,,,,,,,,,,,
02/01/2022 00:00:00,716659,7,405,N,ML,0.365,569,80,1175.0,0.0209,66.7,0.0,0.0,0.0,0.0,0.0,0.1,157.0,0.0094,76.5,259.0,0.0172,73.6,267.0,0.0273,62.7,202.0,0.018,66.7,290.0,0.0324,58.3,,,,,,,,,
02/01/2022 00:00:00,716660,7,405,S,ML,0.375,0,0,2087.0,0.041,65.1,0.0,0.0,0.0,0.0,0.0,0.0,433.0,0.0376,71.4,518.0,0.0429,68.0,452.0,0.045,63.4,375.0,0.0422,60.5,309.0,0.0374,59.5,,,,,,,,,
02/01/2022 00:00:00,716661,7,405,S,OR,,114,100,38.0,0.0053,,,,,,,,38.0,0.0053,,,,,,,,,,,,,,,,,,,,,,
02/01/2022 00:00:00,716663,7,405,N,ML,0.355,447,100,905.0,0.0218,64.3,0.0,0.0,0.0,0.0,0.1,0.2,119.0,0.0071,74.7,485.0,0.0425,66.7,161.0,0.0197,57.8,140.0,0.0181,53.9,,,,,,,,,,,,
02/01/2022 00:00:00,716664,7,405,N,OR,,114,100,121.0,0.0072,,,,,,,,121.0,0.0072,,,,,,,,,,,,,,,,,,,,,,
02/01/2022 00:00:00,716665,7,405,N,OR,,114,0,,,,,,,,,,,,,,,,,,,,,,,,,,,,,,,,,
02/01/2022 00:00:00,716666,7,405,S,OR,,1,0,,,,,,,,,,,,,,,,,,,,,,,,,,,,,,,,,
02/01/2022 00:00:00,716667,7,405,N,OR,,114,0,,,,,,,,,,,,,,,,,,,,,,,,,,,,,,,,,
02/01/2022 00:00:00,716668,7,405,S,OR,,0,0,,,,,,,,,,,,,,,,,,,,,,,,,,,,,,,,,
02/01/2022 00:00:00,716670,7,405,N,ML,0.545,0,0,1396.0,0.0405,63.6,0.0,0.0,0.0,0.0,0.0,0.1,314.0,0.0357,69.0,411.0,0.041,65.6,352.0,0.0433,61.1,319.0,0.0419,58.3,,,,,,,,,,,,
02/01/2022 00:00:00,716671,7,405,N,OR,,0,0,,,,,,,,,,,,,,,,,,,,,,,,,,,,,,,,,
02/01/2022 00:00:00,716672,7,405,S,OR,,0,0,,,,,,,,,,,,,,,,,,,,,,,,,,,,,,,,,
02/01/2022 00:00:00,716674,7,405,S,ML,0.48,456,100,1336.0,0.0261,65.7,0.0,0.0,0.0,0.1,0.2,0.4,343.0,0.0199,74.5,428.0,0.0271,69.8,362.0,0.038,54.8,203.0,0.0193,59.6,,,,,,,,,,,,
02/01/2022 00:00:00,716675,7,405,S,OR,,114,100,88.0,0.01,,,,,,,,88.0,0.01,,,,,,,,,,,,,,,,,,,,,,
02/01/2022 00:00:00,716676,7,405,N,OR,,114,0,,,,,,,,,,,,,,,,,,,,,,,,,,,,,,,,,
02/01/2022 00:00:00,716678,7,405,N,OR,,114,0,,,,,,,,,,,,,,,,,,,,,,,,,,,,,,,,,
02/01/2022 00:00:00,716680,7,405,N,OR,,114,100,47.0,0.0083,,,,,,,,47.0,0.0083,,,,,,,,,,,,,,,,,,,,,,
02/01/2022 00:00:00,716681,7,405,S,OR,,113,100,45.0,0.0067,,,,,,,,45.0,0.0067,,,,,,,,,,,,,,,,,,,,,,
02/01/2022 00:00:00,716682,7,405,S,OR,,114,100,41.0,0.0055,,,,,,,,41.0,0.0055,,,,,,,,,,,,,,,,,,,,,,
02/01/2022 00:00:00,716683,7,405,N,OR,,0,0,,,,,,,,,,,,,,,,,,,,,,,,,,,,,,,,,
02/01/2022 00:00:00,716684,7,405,S,OR,,0,0,,,,,,,,,,,,,,,,,,,,,,,,,,,,,,,,,
02/01/2022 00:00:00,716685,7,405,N,OR,,114,100,23.0,0.0032,,,,,,,,23.0,0.0032,,,,,,,,,,,,,,,,,,,,,,
02/01/2022 00:00:00,716686,7,405,S,OR,,114,0,,,,,,,,,,,,,,,,,,,,,,,,,,,,,,,,,
02/01/2022 00:00:00,716687,7,405,N,OR,,114,100,88.0,0.0139,,,,,,,,88.0,0.0139,,,,,,,,,,,,,,,,,,,,,,
02/01/2022 00:00:00,716688,7,405,N,OR,,114,0,,,,,,,,,,,,,,,,,,,,,,,,,,,,,,,,,
02/01/2022 00:00:00,716689,7,405,N,ML,0.385,570,80,1173.0,0.0204,66.5,0.0,0.0,0.0,0.0,0.0,0.1,124.0,0.007,76.3,230.0,0.0137,73.7,261.0,0.0278,63.6,263.0,0.0209,67.0,295.0,0.0326,58.6,,,,,,,,,
02/01/2022 00:00:00,716691,7,405,S,OR,,113,100,48.0,0.0063,,,,,,,,48.0,0.0063,,,,,,,,,,,,,,,,,,,,,,
02/01/2022 00:00:00,716692,7,405,N,OR,,114,100,46.0,0.0049,,,,,,,,46.0,0.0049,,,,,,,,,,,,,,,,,,,,,,
02/01/2022 00:00:00,716693,7,405,S,OR,,0,0,,,,,,,,,,,,,,,,,,,,,,,,,,,,,,,,,
02/01/2022 00:00:00,716694,7,405,N,ML,0.488,568,80,926.0,0.0164,67.3,0.0,0.0,0.0,0.0,0.0,0.1,109.0,0.0055,76.5,188.0,0.0101,73.9,196.0,0.02,67.4,154.0,0.0133,68.1,279.0,0.0334,58.5,,,,,,,,,
02/01/2022 00:00:00,716695,7,405,N,OR,,0,0,,,,,,,,,,,,,,,,,,,,,,,,,,,,,,,,,
02/01/2022 00:00:00,716696,7,405,N,OR,,0,0,,,,,,,,,,,,,,,,,,,,,,,,,,,,,,,,,
02/01/2022 00:00:00,716697,7,405,N,OR,,0,0,,,,,,,,,,,,,,,,,,,,,,,,,,,,,,,,,
02/01/2022 00:00:00,716698,7,405,N,OR,,0,0,,,,,,,,,,,,,,,,,,,,,,,,,,,,,,,,,
02/01/2022 00:00:00,716699,7,405,S,OR,,112,100,231.0,0.0182,,,,,,,,231.0,0.0182,,,,,,,,,,,,,,,,,,,,,,
02/01/2022 00:00:00,716700,7,405,S,OR,,114,100,27.0,0.0028,,,,,,,,27.0,0.0028,,,,,,,,,,,,,,,,,,,,,,
02/01/2022 00:00:00,716701,7,405,N,OR,,0,0,,,,,,,,,,,,,,,,,,,,,,,,,,,,,,,,,
02/01/2022 00:00:00,716709,7,405,S,OR,,114,100,48.0,0.0032,,,,,,,,48.0,0.0032,,,,,,,,,,,,,,,,,,,,,,
02/01/2022 00:00:00,716710,7,405,N,OR,,0,0,,,,,,,,,,,,,,,,,,,,,,,,,,,,,,,,,
02/01/2022 00:00:00,716712,7,405,S,OR,,114,100,80.0,0.0074,,,,,,,,80.0,0.0074,,,,,,,,,,,,,,,,,,,,,,
02/01/2022 00:00:00,716713,7,405,N,OR,,114,100,81.0,0.0092,,,,,,,,81.0,0.0092,,,,,,,,,,,,,,,,,,,,,,
02/01/2022 00:00:00,716714,7,405,N,ML,0.22,569,100,1714.0,0.0249,70.6,0.0,0.0,0.0,0.0,0.0,0.0,411.0,0.0306,76.9,322.0,0.0196,73.6,344.0,0.0295,69.3,342.0,0.0262,66.3,295.0,0.0187,64.5,,,,,,,,,
02/01/2022 00:00:00,716715,7,405,S,OR,,0,0,,,,,,,,,,,,,,,,,,,,,,,,,,,,,,,,,
02/01/2022 00:00:00,716716,7,405,N,FR,,0,0,,,,,,,,,,,,,,,,,,,,,,,,,,,,,,,,,
02/01/2022 00:00:00,716717,7,405,N,OR,,114,0,,,,,,,,,,,,,,,,,,,,,,,,,,,,,,,,,
02/01/2022 00:00:00,716719,7,405,S,ML,0.335,0,0,2161.0,0.0782,62.5,0.0,0.0,0.0,0.0,0.1,0.2,292.0,0.0774,68.4,378.0,0.0499,65.6,362.0,0.0793,64.0,355.0,0.0564,61.5,774.0,0.1278,58.3,,,,,,,,,
02/01/2022 00:00:00,716720,7,405,N,ML,0.41,0,0,2320.0,0.0465,63.6,0.0,0.0,0.0,0.0,0.0,0.3,376.0,0.0357,71.4,456.0,0.0418,68.6,419.0,0.0517,64.9,504.0,0.0725,60.7,466.0,0.0625,55.5,99.0,0.0145,59.6,,,,,,
02/01/2022 00:00:00,716721,7,405,S,OR,,114,100,223.0,0.0131,,,,,,,,223.0,0.0131,,,,,,,,,,,,,,,,,,,,,,
02/01/2022 00:00:00,716722,7,405,N,OR,,114,0,,,,,,,,,,,,,,,,,,,,,,,,,,,,,,,,,
02/01/2022 00:00:00,716723,7,405,S,OR,,114,100,84.0,0.0077,,,,,,,,84.0,0.0077,,,,,,,,,,,,,,,,,,,,,,
02/01/2022 00:00:00,716724,7,405,N,OR,,114,100,148.0,0.0141,,,,,,,,148.0,0.0141,,,,,,,,,,,,,,,,,,,,,,
02/01/2022 00:00:00,716725,7,405,S,OR,,114,100,115.0,0.0086,,,,,,,,115.0,0.0086,,,,,,,,,,,,,,,,,,,,,,
02/01/2022 00:00:00,716727,7,405,N,OR,,114,100,30.0,0.0034,,,,,,,,30.0,0.0034,,,,,,,,,,,,,,,,,,,,,,
02/01/2022 00:00:00,716728,7,405,S,OR,,114,100,70.0,0.0081,,,,,,,,70.0,0.0081,,,,,,,,,,,,,,,,,,,,,,
02/01/2022 00:00:00,716729,7,405,N,OR,,114,100,480.0,0.0511,,,,,,,,480.0,0.0511,,,,,,,,,,,,,,,,,,,,,,
02/01/2022 00:00:00,716731,7,405,N,OR,,114,100,7.0,0.0007,,,,,,,,7.0,0.0007,,,,,,,,,,,,,,,,,,,,,,
02/01/2022 00:00:00,716732,7,405,S,OR,,114,100,0.0,0.0,,,,,,,,0.0,0.0,,,,,,,,,,,,,,,,,,,,,,
02/01/2022 00:00:00,716733,7,405,N,ML,0.59,570,100,1615.0,0.023,71.6,0.0,0.0,0.0,0.0,0.0,0.0,360.0,0.0208,76.4,403.0,0.0245,73.6,357.0,0.0282,71.6,324.0,0.0263,68.6,171.0,0.0154,62.3,,,,,,,,,
02/01/2022 00:00:00,716735,7,405,S,OR,,114,100,15.0,0.0012,,,,,,,,15.0,0.0012,,,,,,,,,,,,,,,,,,,,,,
02/01/2022 00:00:00,716736,7,405,N,OR,,114,100,20.0,0.002,,,,,,,,20.0,0.002,,,,,,,,,,,,,,,,,,,,,,
02/01/2022 00:00:00,716738,7,405,N,ML,0.605,684,67,1950.0,0.0252,67.9,0.0,0.0,0.0,0.0,0.0,0.1,333.0,0.0211,76.3,346.0,0.0238,72.9,366.0,0.0421,63.6,342.0,0.0275,70.5,285.0,0.0223,63.2,278.0,0.0146,59.0,,,,,,
02/01/2022 00:00:00,716739,7,405,N,ML,0.425,0,0,2429.0,0.0356,67.0,0.0,0.0,0.0,0.0,0.0,0.1,380.0,0.0294,75.6,374.0,0.0266,72.5,311.0,0.0316,68.7,536.0,0.0341,66.5,522.0,0.0563,60.4,306.0,0.0353,60.1,,,,,,
02/01/2022 00:00:00,716740,7,405,S,FR,,113,100,27.0,0.0029,,,,,,,,27.0,0.0029,,,,,,,,,,,,,,,,,,,,,,
02/01/2022 00:00:00,716741,7,405,S,OR,,114,100,13.0,0.0016,,,,,,,,13.0,0.0016,,,,,,,,,,,,,,,,,,,,,,
02/01/2022 00:00:00,716742,7,101,S,OR,,114,100,42.0,0.0048,,,,,,,,42.0,0.0048,,,,,,,,,,,,,,,,,,,,,,
02/01/2022 00:00:00,716743,7,405,N,OR,,114,100,26.0,0.0024,,,,,,,,26.0,0.0024,,,,,,,,,,,,,,,,,,,,,,
02/01/2022 00:00:00,716744,7,405,S,OR,,113,100,29.0,0.0067,,,,,,,,29.0,0.0067,,,,,,,,,,,,,,,,,,,,,,
02/01/2022 00:00:00,716745,7,405,N,OR,,114,100,44.0,0.0035,,,,,,,,44.0,0.0035,,,,,,,,,,,,,,,,,,,,,,
02/01/2022 00:00:00,716746,7,405,N,OR,,114,100,66.0,0.0091,,,,,,,,66.0,0.0091,,,,,,,,,,,,,,,,,,,,,,
02/01/2022 00:00:00,716747,7,405,S,OR,,114,100,66.0,0.0097,,,,,,,,66.0,0.0097,,,,,,,,,,,,,,,,,,,,,,
02/01/2022 00:00:00,716748,7,405,S,OR,,114,100,78.0,0.0093,,,,,,,,78.0,0.0093,,,,,,,,,,,,,,,,,,,,,,
02/01/2022 00:00:00,716749,7,405,N,OR,,0,0,,,,,,,,,,,,,,,,,,,,,,,,,,,,,,,,,
02/01/2022 00:00:00,716750,7,405,S,OR,,0,0,,,,,,,,,,,,,,,,,,,,,,,,,,,,,,,,,
02/01/2022 00:00:00,716751,7,405,N,OR,,114,100,177.0,0.0234,,,,,,,,177.0,0.0234,,,,,,,,,,,,,,,,,,,,,,
02/01/2022 00:00:00,716752,7,405,S,OR,,0,0,,,,,,,,,,,,,,,,,,,,,,,,,,,,,,,,,
02/01/2022 00:00:00,716753,7,405,N,OR,,0,0,,,,,,,,,,,,,,,,,,,,,,,,,,,,,,,,,
02/01/2022 00:00:00,716754,7,405,S,OR,,114,100,23.0,0.002,,,,,,,,23.0,0.002,,,,,,,,,,,,,,,,,,,,,,
02/01/2022 00:00:00,716755,7,405,S,OR,,114,100,22.0,0.003,,,,,,,,22.0,0.003,,,,,,,,,,,,,,,,,,,,,,
02/01/2022 00:00:00,716756,7,605,N,OR,,113,100,44.0,0.0059,,,,,,,,44.0,0.0059,,,,,,,,,,,,,,,,,,,,,,
02/01/2022 00:00:00,716758,7,605,N,OR,,113,100,53.0,0.007,,,,,,,,53.0,0.007,,,,,,,,,,,,,,,,,,,,,,
02/01/2022 00:00:00,716759,7,605,N,OR,,0,0,,,,,,,,,,,,,,,,,,,,,,,,,,,,,,,,,
02/01/2022 00:00:00,716760,7,605,N,ML,0.47,456,100,750.0,0.0135,65.6,0.0,0.0,0.0,0.1,0.1,0.1,83.0,0.0039,74.7,210.0,0.0187,63.6,184.0,0.0129,66.9,273.0,0.0184,62.1,,,,,,,,,,,,
02/01/2022 00:00:00,716761,7,605,N,OR,,114,100,23.0,0.0035,,,,,,,,23.0,0.0035,,,,,,,,,,,,,,,,,,,,,,
02/01/2022 00:00:00,716762,7,605,N,OR,,114,100,64.0,0.0052,,,,,,,,64.0,0.0052,,,,,,,,,,,,,,,,,,,,,,
02/01/2022 00:00:00,716763,7,605,N,OR,,113,100,39.0,0.006,,,,,,,,39.0,0.006,,,,,,,,,,,,,,,,,,,,,,
02/01/2022 00:00:00,716764,7,605,N,OR,,0,0,,,,,,,,,,,,,,,,,,,,,,,,,,,,,,,,,
02/01/2022 00:00:00,716767,7,57,S,OR,,0,0,,,,,,,,,,,,,,,,,,,,,,,,,,,,,,,,,
02/01/2022 00:00:00,716768,7,605,S,OR,,114,100,24.0,0.001,,,,,,,,24.0,0.001,,,,,,,,,,,,,,,,,,,,,,
02/01/2022 00:00:00,716769,7,605,S,OR,,109,100,94.0,0.0116,,,,,,,,94.0,0.0116,,,,,,,,,,,,,,,,,,,,,,
02/01/2022 00:00:00,716771,7,605,S,OR,,114,0,,,,,,,,,,,,,,,,,,,,,,,,,,,,,,,,,
02/01/2022 00:00:00,716772,7,605,S,OR,,114,100,54.0,0.0117,,,,,,,,54.0,0.0117,,,,,,,,,,,,,,,,,,,,,,
02/01/2022 00:00:00,716773,7,605,S,OR,,112,100,48.0,0.0047,,,,,,,,48.0,0.0047,,,,,,,,,,,,,,,,,,,,,,
02/01/2022 00:00:00,716774,7,605,S,OR,,114,100,17.0,0.0025,,,,,,,,17.0,0.0025,,,,,,,,,,,,,,,,,,,,,,
02/01/2022 00:00:00,716775,7,605,S,ML,0.535,0,0,1396.0,0.0294,64.0,0.0,0.0,0.0,0.0,0.0,0.0,259.0,0.0281,69.9,364.0,0.0342,66.5,335.0,0.0375,61.9,310.0,0.0359,59.1,128.0,0.0112,61.9,,,,,,,,,
02/01/2022 00:00:00,716776,7,605,S,ML,0.56,0,0,1385.0,0.0247,68.1,0.0,0.0,0.0,0.0,0.0,0.0,290.0,0.0175,73.9,419.0,0.0272,70.1,372.0,0.0283,66.5,304.0,0.0258,62.0,,,,,,,,,,,,
02/01/2022 00:00:00,716778,7,605,S,ML,0.42,0,0,2184.0,0.0298,65.9,0.0,0.0,0.0,0.0,0.0,0.0,695.0,0.0487,70.8,240.0,0.0149,69.6,235.0,0.0173,67.6,373.0,0.0364,61.9,339.0,0.0324,61.0,302.0,0.0292,60.8,,,,,,
02/01/2022 00:00:00,716779,7,605,S,OR,,113,100,38.0,0.0028,,,,,,,,38.0,0.0028,,,,,,,,,,,,,,,,,,,,,,
02/01/2022 00:00:00,716780,7,605,N,OR,,112,100,51.0,0.0073,,,,,,,,51.0,0.0073,,,,,,,,,,,,,,,,,,,,,,
02/01/2022 00:00:00,716781,7,605,S,OR,,113,100,26.0,0.0041,,,,,,,,26.0,0.0041,,,,,,,,,,,,,,,,,,,,,,
02/01/2022 00:00:00,716782,7,605,N,OR,,114,0,,,,,,,,,,,,,,,,,,,,,,,,,,,,,,,,,
02/01/2022 00:00:00,716784,7,605,N,ML,0.465,570,100,1061.0,0.015,68.5,0.0,0.0,0.0,0.1,0.1,0.1,106.0,0.0048,76.4,218.0,0.0106,73.9,221.0,0.0252,63.7,219.0,0.0161,68.4,297.0,0.0185,64.2,,,,,,,,,
02/01/2022 00:00:00,716785,7,605,S,OR,,114,100,17.0,0.0015,,,,,,,,17.0,0.0015,,,,,,,,,,,,,,,,,,,,,,
02/01/2022 00:00:00,716786,7,605,S,OR,,0,0,,,,,,,,,,,,,,,,,,,,,,,,,,,,,,,,,
02/01/2022 00:00:00,716787,7,605,N,OR,,0,0,,,,,,,,,,,,,,,,,,,,,,,,,,,,,,,,,
02/01/2022 00:00:00,716788,7,605,N,ML,0.24,228,40,1316.0,0.0203,68.1,0.0,0.0,0.0,0.0,0.0,0.0,264.0,0.0216,75.7,206.0,0.0113,73.9,393.0,0.0326,64.6,156.0,0.0134,69.2,297.0,0.0228,61.3,,,,,,,,,
02/01/2022 00:00:00,716790,7,57,S,FR,,114,0,,,,,,,,,,,,,,,,,,,,,,,,,,,,,,,,,
02/01/2022 00:00:00,716791,7,605,N,OR,,0,0,,,,,,,,,,,,,,,,,,,,,,,,,,,,,,,,,
02/01/2022 00:00:00,716792,7,605,S,OR,,114,50,64.0,0.0013,,,,,,,,,,,64.0,0.0025,,,,,,,,,,,,,,,,,,,
02/01/2022 00:00:00,716793,7,605,S,OR,,0,0,,,,,,,,,,,,,,,,,,,,,,,,,,,,,,,,,
02/01/2022 00:00:00,716794,7,605,N,OR,,114,100,80.0,0.0099,,,,,,,,80.0,0.0099,,,,,,,,,,,,,,,,,,,,,,
02/01/2022 00:00:00,716795,7,605,S,OR,,114,100,84.0,0.0092,,,,,,,,84.0,0.0092,,,,,,,,,,,,,,,,,,,,,,
02/01/2022 00:00:00,716797,7,605,S,ML,0.598,0,0,1715.0,0.0339,67.6,0.0,0.0,0.0,0.0,0.0,0.0,455.0,0.0241,71.2,740.0,0.0426,69.1,520.0,0.0349,62.1,,,,,,,,,,,,,,,
02/01/2022 00:00:00,716798,7,605,N,OR,,0,0,,,,,,,,,,,,,,,,,,,,,,,,,,,,,,,,,
02/01/2022 00:00:00,716799,7,605,S,OR,,114,0,,,,,,,,,,,,,,,,,,,,,,,,,,,,,,,,,
02/01/2022 00:00:00,716800,7,605,N,ML,0.557,0,0,1603.0,0.0361,70.2,0.0,0.0,0.0,0.0,0.0,0.0,421.0,0.0222,75.1,478.0,0.0332,73.8,419.0,0.0566,66.4,285.0,0.0325,61.9,,,,,,,,,,,,
02/01/2022 00:00:00,716802,7,605,S,OR,,0,0,,,,,,,,,,,,,,,,,,,,,,,,,,,,,,,,,
02/01/2022 00:00:00,716804,7,605,S,OR,,114,100,35.0,0.005,,,,,,,,35.0,0.005,,,,,,,,,,,,,,,,,,,,,,
02/01/2022 00:00:00,716805,7,605,N,OR,,0,0,,,,,,,,,,,,,,,,,,,,,,,,,,,,,,,,,
02/01/2022 00:00:00,716806,7,605,S,OR,,0,0,,,,,,,,,,,,,,,,,,,,,,,,,,,,,,,,,
02/01/2022 00:00:00,716807,7,605,N,OR,,114,100,59.0,0.007,,,,,,,,59.0,0.007,,,,,,,,,,,,,,,,,,,,,,
02/01/2022 00:00:00,716808,7,605,S,FR,,114,100,51.0,0.005,,,,,,,,51.0,0.005,,,,,,,,,,,,,,,,,,,,,,
02/01/2022 00:00:00,716810,7,605,S,ML,0.453,0,0,2359.0,0.0946,59.6,0.0,0.0,0.0,0.0,0.1,0.7,404.0,0.0446,66.5,751.0,0.1074,61.9,708.0,0.1178,57.4,496.0,0.1088,53.8,,,,,,,,,,,,
02/01/2022 00:00:00,716811,7,605,S,OR,,114,100,54.0,0.0018,,,,,,,,54.0,0.0018,,,,,,,,,,,,,,,,,,,,,,
02/01/2022 00:00:00,716812,7,605,N,OR,,114,100,34.0,0.0012,,,,,,,,34.0,0.0012,,,,,,,,,,,,,,,,,,,,,,
02/01/2022 00:00:00,716813,7,605,S,OR,,114,100,45.0,0.0063,,,,,,,,45.0,0.0063,,,,,,,,,,,,,,,,,,,,,,
02/01/2022 00:00:00,716814,7,605,N,OR,,0,0,,,,,,,,,,,,,,,,,,,,,,,,,,,,,,,,,
02/01/2022 00:00:00,716815,7,605,S,OR,,0,0,,,,,,,,,,,,,,,,,,,,,,,,,,,,,,,,,
02/01/2022 00:00:00,716817,7,605,S,OR,,0,0,,,,,,,,,,,,,,,,,,,,,,,,,,,,,,,,,
02/01/2022 00:00:00,716818,7,605,N,OR,,0,0,,,,,,,,,,,,,,,,,,,,,,,,,,,,,,,,,
02/01/2022 00:00:00,716819,7,605,N,ML,0.473,0,0,1385.0,0.0247,68.1,0.0,0.0,0.0,0.0,0.0,0.0,290.0,0.0175,73.9,419.0,0.0272,70.1,372.0,0.0283,66.5,304.0,0.0258,62.0,,,,,,,,,,,,
02/01/2022 00:00:00,716821,7,605,S,OR,,114,100,26.0,0.0037,,,,,,,,26.0,0.0037,,,,,,,,,,,,,,,,,,,,,,
02/01/2022 00:00:00,716822,7,605,N,FR,,0,0,,,,,,,,,,,,,,,,,,,,,,,,,,,,,,,,,
02/01/2022 00:00:00,716823,7,605,N,OR,,114,100,19.0,0.0027,,,,,,,,19.0,0.0027,,,,,,,,,,,,,,,,,,,,,,
02/01/2022 00:00:00,716824,7,605,S,FR,,114,100,182.0,0.0282,,,,,,,,182.0,0.0282,,,,,,,,,,,,,,,,,,,,,,
02/01/2022 00:00:00,716825,7,605,S,OR,,0,0,,,,,,,,,,,,,,,,,,,,,,,,,,,,,,,,,
02/01/2022 00:00:00,716827,7,605,N,OR,,114,100,35.0,0.0058,,,,,,,,35.0,0.0058,,,,,,,,,,,,,,,,,,,,,,
02/01/2022 00:00:00,716828,7,605,S,OR,,113,100,25.0,0.0051,,,,,,,,25.0,0.0051,,,,,,,,,,,,,,,,,,,,,,
02/01/2022 00:00:00,716829,7,605,N,ML,0.97,0,0,1320.0,0.0475,66.2,0.0,0.0,0.0,0.0,0.0,0.0,410.0,0.0426,69.9,485.0,0.0483,66.6,425.0,0.0515,62.1,,,,,,,,,,,,,,,
02/01/2022 00:00:00,716831,7,605,S,OR,,0,0,,,,,,,,,,,,,,,,,,,,,,,,,,,,,,,,,
02/01/2022 00:00:00,716832,7,605,S,OR,,0,0,,,,,,,,,,,,,,,,,,,,,,,,,,,,,,,,,
02/01/2022 00:00:00,716833,7,605,N,OR,,0,0,,,,,,,,,,,,,,,,,,,,,,,,,,,,,,,,,
02/01/2022 00:00:00,716834,7,605,N,ML,0.401,456,100,1252.0,0.0264,64.6,0.0,0.0,0.0,0.0,0.0,0.1,374.0,0.0447,64.5,199.0,0.018,69.6,335.0,0.0173,66.8,344.0,0.0254,59.2,,,,,,,,,,,,
02/01/2022 00:00:00,716837,7,605,N,OR,,114,100,45.0,0.005,,,,,,,,45.0,0.005,,,,,,,,,,,,,,,,,,,,,,
02/01/2022 00:00:00,716838,7,605,S,OR,,114,100,114.0,0.0105,,,,,,,,114.0,0.0105,,,,,,,,,,,,,,,,,,,,,,
02/01/2022 00:00:00,716839,7,605,N,OR,,0,0,,,,,,,,,,,,,,,,,,,,,,,,,,,,,,,,,
02/01/2022 00:00:00,716841,7,605,N,ML,0.426,456,100,886.0,0.0147,65.6,0.0,0.0,0.0,0.0,0.0,0.0,87.0,0.0037,74.7,254.0,0.0122,70.8,320.0,0.0235,61.5,225.0,0.0192,61.9,,,,,,,,,,,,
02/01/2022 00:00:00,716842,7,605,N,OR,,114,100,29.0,0.0039,,,,,,,,29.0,0.0039,,,,,,,,,,,,,,,,,,,,,,
02/01/2022 00:00:00,716843,7,710,S,OR,,114,100,94.0,0.0284,,,,,,,,94.0,0.0284,,,,,,,,,,,,,,,,,,,,,,
02/01/2022 00:00:00,716844,7,710,N,OR,,113,100,20.0,0.0019,,,,,,,,20.0,0.0019,,,,,,,,,,,,,,,,,,,,,,
02/01/2022 00:00:00,716845,7,710,S,OR,,113,100,29.0,0.0031,,,,,,,,29.0,0.0031,,,,,,,,,,,,,,,,,,,,,,
02/01/2022 00:00:00,716846,7,710,N,OR,,0,0,,,,,,,,,,,,,,,,,,,,,,,,,,,,,,,,,
02/01/2022 00:00:00,716847,7,710,S,ML,0.665,342,0,1420.0,0.0395,66.2,0.0,0.0,0.0,0.0,0.0,0.0,300.0,0.035,72.0,418.0,0.0401,68.6,377.0,0.0419,63.6,325.0,0.0409,60.8,,,,,,,,,,,,
02/01/2022 00:00:00,716849,7,710,S,OR,,113,100,48.0,0.0069,,,,,,,,48.0,0.0069,,,,,,,,,,,,,,,,,,,,,,
02/01/2022 00:00:00,716850,7,710,N,OR,,0,0,,,,,,,,,,,,,,,,,,,,,,,,,,,,,,,,,
02/01/2022 00:00:00,716851,7,710,S,OR,,114,0,,,,,,,,,,,,,,,,,,,,,,,,,,,,,,,,,
02/01/2022 00:00:00,716852,7,710,N,OR,,114,0,,,,,,,,,,,,,,,,,,,,,,,,,,,,,,,,,
02/01/2022 00:00:00,716853,7,710,S,OR,,112,100,19.0,0.002,,,,,,,,19.0,0.002,,,,,,,,,,,,,,,,,,,,,,
02/01/2022 00:00:00,716854,7,710,N,OR,,114,0,,,,,,,,,,,,,,,,,,,,,,,,,,,,,,,,,
02/01/2022 00:00:00,716855,7,710,S,OR,,114,0,,,,,,,,,,,,,,,,,,,,,,,,,,,,,,,,,
02/01/2022 00:00:00,716856,7,710,N,FF,,114,0,,,,,,,,,,,,,,,,,,,,,,,,,,,,,,,,,
02/01/2022 00:00:00,716857,7,710,S,ML,0.493,114,0,1383.0,0.0247,68.8,0.0,0.0,0.0,0.0,0.0,0.0,306.0,0.0197,73.1,334.0,0.0268,70.7,296.0,0.0292,68.8,272.0,0.0278,66.2,175.0,0.0199,61.7,,,,,,,,,
02/01/2022 00:00:00,716858,7,710,N,OR,,114,100,48.0,0.0067,,,,,,,,48.0,0.0067,,,,,,,,,,,,,,,,,,,,,,
02/01/2022 00:00:00,716859,7,710,S,OR,,0,0,,,,,,,,,,,,,,,,,,,,,,,,,,,,,,,,,
02/01/2022 00:00:00,716860,7,710,S,OR,,114,100,72.0,0.0124,,,,,,,,72.0,0.0124,,,,,,,,,,,,,,,,,,,,,,
02/01/2022 00:00:00,716861,7,710,N,OR,,114,100,28.0,0.0035,,,,,,,,28.0,0.0035,,,,,,,,,,,,,,,,,,,,,,
02/01/2022 00:00:00,716862,7,710,N,OR,,114,0,,,,,,,,,,,,,,,,,,,,,,,,,,,,,,,,,
02/01/2022 00:00:00,716863,7,710,S,OR,,112,100,177.0,0.0167,,,,,,,,177.0,0.0167,,,,,,,,,,,,,,,,,,,,,,
02/01/2022 00:00:00,716864,7,710,N,OR,,114,100,75.0,0.0106,,,,,,,,75.0,0.0106,,,,,,,,,,,,,,,,,,,,,,
02/01/2022 00:00:00,716865,7,710,S,OR,,0,0,,,,,,,,,,,,,,,,,,,,,,,,,,,,,,,,,
02/01/2022 00:00:00,716866,7,710,N,OR,,114,100,64.0,0.0024,,,,,,,,64.0,0.0024,,,,,,,,,,,,,,,,,,,,,,
02/01/2022 00:00:00,716867,7,710,S,OR,,0,0,,,,,,,,,,,,,,,,,,,,,,,,,,,,,,,,,
02/01/2022 00:00:00,716868,7,710,S,OR,,117,100,126.0,0.0189,,,,,,,,126.0,0.0189,,,,,,,,,,,,,,,,,,,,,,
02/01/2022 00:00:00,716869,7,710,N,OR,,112,100,166.0,0.0252,,,,,,,,166.0,0.0252,,,,,,,,,,,,,,,,,,,,,,
02/01/2022 00:00:00,716870,7,710,S,OR,,114,0,,,,,,,,,,,,,,,,,,,,,,,,,,,,,,,,,
02/01/2022 00:00:00,716871,7,710,N,OR,,114,0,,,,,,,,,,,,,,,,,,,,,,,,,,,,,,,,,
02/01/2022 00:00:00,716872,7,57,S,OR,,114,100,39.0,0.0023,,,,,,,,39.0,0.0023,,,,,,,,,,,,,,,,,,,,,,
02/01/2022 00:00:00,716873,7,710,S,OR,,0,0,,,,,,,,,,,,,,,,,,,,,,,,,,,,,,,,,
02/01/2022 00:00:00,716875,7,710,S,ML,0.265,480,0,1756.0,0.0451,64.4,0.0,0.0,0.0,0.0,0.0,0.0,407.0,0.04,69.9,494.0,0.0457,66.5,444.0,0.0486,61.8,411.0,0.0463,59.1,,,,,,,,,,,,
02/01/2022 00:00:00,716876,7,710,S,FF,,360,0,,,,,,,,,,,,,,,,,,,,,,,,,,,,,,,,,
02/01/2022 00:00:00,716878,7,710,S,OR,,0,0,,,,,,,,,,,,,,,,,,,,,,,,,,,,,,,,,
02/01/2022 00:00:00,716879,7,710,S,OR,,118,0,,,,,,,,,,,,,,,,,,,,,,,,,,,,,,,,,
02/01/2022 00:00:00,716880,7,60,W,OR,,114,100,0.0,0.0,,,,,,,,0.0,0.0,,,,,,,,,,,,,,,,,,,,,,
02/01/2022 00:00:00,716881,7,210,W,OR,,114,100,9.0,0.0007,,,,,,,,9.0,0.0007,,,,,,,,,,,,,,,,,,,,,,
02/01/2022 00:00:00,716882,7,710,S,FR,,114,0,,,,,,,,,,,,,,,,,,,,,,,,,,,,,,,,,
02/01/2022 00:00:00,716883,7,105,E,OR,,0,0,,,,,,,,,,,,,,,,,,,,,,,,,,,,,,,,,
02/01/2022 00:00:00,716884,7,405,S,OR,,0,0,,,,,,,,,,,,,,,,,,,,,,,,,,,,,,,,,
02/01/2022 00:00:00,716885,7,57,S,OR,,118,100,27.0,0.0033,,,,,,,,27.0,0.0033,,,,,,,,,,,,,,,,,,,,,,
02/01/2022 00:00:00,716887,7,10,E,OR,,176,50,74.0,0.0023,,,,,,,,74.0,0.0047,,,,,,,,,,,,,,,,,,,,,,
02/01/2022 00:00:00,716889,7,101,S,OR,,114,0,,,,,,,,,,,,,,,,,,,,,,,,,,,,,,,,,
02/01/2022 00:00:00,716890,7,10,W,OR,,0,0,,,,,,,,,,,,,,,,,,,,,,,,,,,,,,,,,
02/01/2022 00:00:00,716891,7,710,S,ML,0.435,0,0,1293.0,0.0432,65.7,0.0,0.0,0.0,0.0,0.0,0.0,399.0,0.0387,69.4,478.0,0.0443,66.1,416.0,0.0466,61.6,,,,,,,,,,,,,,,
02/01/2022 00:00:00,716893,7,60,E,OR,,120,100,11.0,0.0012,,,,,,,,11.0,0.0012,,,,,,,,,,,,,,,,,,,,,,
02/01/2022 00:00:00,716895,7,5,S,ML,0.575,447,50,1363.0,0.0427,65.9,0.0,0.0,0.1,0.1,0.2,0.2,547.0,0.0556,69.7,256.0,0.0457,63.9,353.0,0.0375,67.1,207.0,0.0321,54.9,,,,,,,,,,,,
02/01/2022 00:00:00,716896,7,5,N,ML,0.455,0,0,1385.0,0.0247,68.1,0.0,0.0,0.0,0.0,0.0,0.0,290.0,0.0175,73.9,419.0,0.0272,70.1,372.0,0.0283,66.5,304.0,0.0258,62.0,,,,,,,,,,,,
02/01/2022 00:00:00,716898,7,5,S,ML,0.66,0,0,2029.0,0.0307,69.4,0.0,0.0,0.0,0.0,0.0,0.0,539.0,0.0219,73.2,874.0,0.0387,70.9,616.0,0.0317,63.8,,,,,,,,,,,,,,,
02/01/2022 00:00:00,716899,7,5,N,ML,0.425,0,0,1384.0,0.0247,68.2,0.0,0.0,0.0,0.0,0.0,0.0,367.0,0.0176,71.9,598.0,0.0311,69.7,419.0,0.0254,62.7,,,,,,,,,,,,,,,
02/01/2022 00:00:00,716900,7,5,N,ML,0.46,0,0,1384.0,0.0247,68.2,0.0,0.0,0.0,0.0,0.0,0.0,367.0,0.0176,71.9,598.0,0.0311,69.7,419.0,0.0254,62.7,,,,,,,,,,,,,,,
02/01/2022 00:00:00,716902,7,5,S,ML,0.385,0,0,1706.0,0.0295,68.4,0.0,0.0,0.0,0.0,0.0,0.0,452.0,0.021,72.1,736.0,0.0372,69.9,518.0,0.0304,62.9,,,,,,,,,,,,,,,
02/01/2022 00:00:00,716903,7,5,N,FR,,0,0,,,,,,,,,,,,,,,,,,,,,,,,,,,,,,,,,
02/01/2022 00:00:00,716904,7,5,N,ML,0.265,0,0,1706.0,0.0295,68.4,0.0,0.0,0.0,0.0,0.0,0.0,452.0,0.021,72.1,736.0,0.0372,69.9,518.0,0.0304,62.9,,,,,,,,,,,,,,,
02/01/2022 00:00:00,716906,7,5,S,ML,0.5,0,0,2029.0,0.0307,69.4,0.0,0.0,0.0,0.0,0.0,0.0,539.0,0.0219,73.2,874.0,0.0387,70.9,616.0,0.0317,63.8,,,,,,,,,,,,,,,
02/01/2022 00:00:00,716907,7,5,S,ML,0.41,0,0,2029.0,0.0307,69.4,0.0,0.0,0.0,0.0,0.0,0.0,539.0,0.0219,73.2,874.0,0.0387,70.9,616.0,0.0317,63.8,,,,,,,,,,,,,,,
02/01/2022 00:00:00,716908,7,5,S,ML,0.635,0,0,2029.0,0.0307,69.4,0.0,0.0,0.0,0.0,0.0,0.0,539.0,0.0219,73.2,874.0,0.0387,70.9,616.0,0.0317,63.8,,,,,,,,,,,,,,,
02/01/2022 00:00:00,716911,7,5,S,ML,0.47,0,0,1706.0,0.0295,68.4,0.0,0.0,0.0,0.0,0.0,0.0,452.0,0.021,72.1,736.0,0.0372,69.9,518.0,0.0304,62.9,,,,,,,,,,,,,,,
02/01/2022 00:00:00,716912,7,5,S,ML,0.875,0,0,2029.0,0.0307,69.4,0.0,0.0,0.0,0.0,0.0,0.0,539.0,0.0219,73.2,874.0,0.0387,70.9,616.0,0.0317,63.8,,,,,,,,,,,,,,,
02/01/2022 00:00:00,716916,7,5,S,ML,0.275,0,0,1480.0,0.0365,65.3,0.0,0.0,0.0,0.0,0.0,0.0,284.0,0.0311,70.2,547.0,0.0451,67.7,255.0,0.0237,63.2,394.0,0.0462,59.9,,,,,,,,,,,,
02/01/2022 00:00:00,716917,7,5,S,FR,,114,0,,,,,,,,,,,,,,,,,,,,,,,,,,,,,,,,,
02/01/2022 00:00:00,716918,7,5,S,ML,0.36,456,100,1401.0,0.0309,69.0,0.0,0.0,0.0,0.0,0.0,0.0,276.0,0.0185,74.5,508.0,0.0378,71.2,352.0,0.0364,65.8,265.0,0.0308,63.0,,,,,,,,,,,,
02/01/2022 00:00:00,716919,7,5,S,FR,,114,0,,,,,,,,,,,,,,,,,,,,,,,,,,,,,,,,,
02/01/2022 00:00:00,716920,7,5,S,ML,0.415,456,100,1170.0,0.0217,67.6,0.0,0.0,0.0,0.0,0.0,0.1,238.0,0.0122,74.8,431.0,0.02,70.9,298.0,0.0276,63.2,203.0,0.0271,58.5,,,,,,,,,,,,
02/01/2022 00:00:00,716921,7,5,N,ML,0.415,456,75,1342.0,0.0255,67.5,0.0,0.0,0.0,0.0,0.0,0.0,283.0,0.0149,74.4,502.0,0.0286,70.3,360.0,0.041,62.8,197.0,0.0174,58.8,,,,,,,,,,,,
02/01/2022 00:00:00,716922,7,5,S,ML,0.485,456,100,1345.0,0.0245,68.3,0.0,0.0,0.0,0.0,0.0,0.0,285.0,0.0161,74.1,531.0,0.0309,70.4,378.0,0.0361,62.7,151.0,0.0149,63.3,,,,,,,,,,,,
02/01/2022 00:00:00,716923,7,5,N,ML,0.485,456,100,1112.0,0.0204,68.0,0.0,0.0,0.0,0.0,0.0,0.1,254.0,0.0128,74.6,453.0,0.0241,70.4,285.0,0.0273,61.2,120.0,0.0172,60.9,,,,,,,,,,,,
02/01/2022 00:00:00,716924,7,5,S,ML,0.44,456,100,1248.0,0.0235,68.3,0.0,0.0,0.0,0.0,0.0,0.0,282.0,0.0176,73.9,460.0,0.0306,70.3,364.0,0.0288,63.0,142.0,0.017,63.7,,,,,,,,,,,,
02/01/2022 00:00:00,716925,7,5,N,ML,0.44,455,100,1217.0,0.0263,67.0,0.0,0.0,0.0,0.0,0.0,0.1,275.0,0.0164,74.4,461.0,0.0302,69.3,294.0,0.032,62.4,187.0,0.0267,57.3,,,,,,,,,,,,
02/01/2022 00:00:00,716928,7,5,S,ML,0.421,456,50,1237.0,0.0313,64.7,0.0,0.0,0.0,0.0,0.0,0.1,414.0,0.0414,68.5,300.0,0.0327,65.4,375.0,0.0364,59.3,148.0,0.0146,65.3,,,,,,,,,,,,
02/01/2022 00:00:00,716929,7,5,N,ML,0.421,456,100,1366.0,0.026,67.9,0.0,0.0,0.0,0.0,0.0,0.0,503.0,0.0316,72.7,369.0,0.0205,70.8,148.0,0.0166,63.9,346.0,0.0351,59.6,,,,,,,,,,,,
02/01/2022 00:00:00,716930,7,5,S,ML,0.323,456,100,1366.0,0.0291,63.9,0.0,0.0,0.0,0.0,0.2,0.4,429.0,0.0319,69.6,343.0,0.0236,69.0,169.0,0.0191,68.7,425.0,0.0417,52.0,,,,,,,,,,,,
02/01/2022 00:00:00,716933,7,5,N,ML,0.565,456,60,2099.0,0.0374,67.8,0.0,0.0,0.0,0.0,0.0,0.0,439.0,0.0362,72.5,672.0,0.058,68.7,442.0,0.0368,69.6,434.0,0.0464,60.5,112.0,0.0094,64.2,,,,,,,,,
02/01/2022 00:00:00,716934,7,5,S,ML,0.546,567,100,917.0,0.0143,73.3,0.0,0.0,0.0,0.0,0.0,0.0,114.0,0.0075,76.3,302.0,0.0243,75.6,269.0,0.0238,74.1,167.0,0.0112,69.3,65.0,0.0047,64.5,,,,,,,,,
02/01/2022 00:00:00,716935,7,5,S,FR,,114,0,,,,,,,,,,,,,,,,,,,,,,,,,,,,,,,,,
02/01/2022 00:00:00,716936,7,5,S,ML,0.4,570,100,863.0,0.0161,68.9,0.0,0.0,0.0,0.1,0.1,0.1,279.0,0.0174,73.6,117.0,0.0066,73.8,169.0,0.0141,70.4,219.0,0.0378,58.8,79.0,0.0048,64.8,,,,,,,,,
02/01/2022 00:00:00,716937,7,5,N,ML,0.495,0,0,1759.0,0.0288,69.5,0.0,0.0,0.0,0.0,0.0,0.0,388.0,0.023,73.9,426.0,0.0312,71.4,375.0,0.0341,69.5,347.0,0.0325,66.8,223.0,0.0233,62.3,,,,,,,,,
02/01/2022 00:00:00,716938,7,5,S,ML,0.835,0,0,1762.0,0.0288,69.0,0.0,0.0,0.0,0.0,0.0,0.0,930.0,0.0297,71.9,832.0,0.0279,65.7,,,,,,,,,,,,,,,,,,
02/01/2022 00:00:00,716939,7,5,S,ML,0.72,0,0,1759.0,0.0288,69.5,0.0,0.0,0.0,0.0,0.0,0.0,388.0,0.023,73.9,426.0,0.0312,71.4,375.0,0.0341,69.5,347.0,0.0325,66.8,223.0,0.0233,62.3,,,,,,,,,
02/01/2022 00:00:00,716940,7,5,S,ML,0.575,114,0,1759.0,0.0288,69.5,0.0,0.0,0.0,0.0,0.0,0.0,388.0,0.023,73.9,426.0,0.0312,71.4,375.0,0.0341,69.5,347.0,0.0325,66.8,223.0,0.0233,62.3,,,,,,,,,
02/01/2022 00:00:00,716941,7,5,S,ML,0.39,0,0,1416.0,0.0467,62.7,0.0,0.0,0.0,0.0,0.0,0.1,359.0,0.0455,68.2,360.0,0.038,64.1,374.0,0.0527,60.4,323.0,0.0505,57.7,,,,,,,,,,,,
02/01/2022 00:00:00,716942,7,5,N,ML,1.935,570,80,1327.0,0.0209,69.1,0.0,0.0,0.0,0.0,0.0,0.2,181.0,0.0069,72.9,277.0,0.0124,73.6,378.0,0.0214,69.9,299.0,0.037,67.3,192.0,0.0267,59.5,,,,,,,,,
02/01/2022 00:00:00,716943,7,5,S,ML,0.43,342,50,1137.0,0.0309,64.8,0.0,0.0,0.0,0.0,0.0,0.0,180.0,0.0147,67.9,372.0,0.0371,63.7,390.0,0.0436,66.8,195.0,0.0283,59.6,,,,,,,,,,,,
02/01/2022 00:00:00,716944,7,5,S,ML,0.81,0,0,1526.0,0.0498,63.1,0.0,0.0,0.0,0.0,0.0,0.2,371.0,0.0449,68.2,440.0,0.0507,64.9,380.0,0.0535,60.5,335.0,0.0503,57.8,,,,,,,,,,,,
02/01/2022 00:00:00,716945,7,57,S,FR,,240,100,15.0,0.0007,,,,,,,,9.0,0.0008,,6.0,0.0006,,,,,,,,,,,,,,,,,,,
02/01/2022 00:00:00,716946,7,5,S,ML,0.625,0,0,1126.0,0.0313,69.6,0.0,0.0,0.0,0.0,0.0,0.0,333.0,0.0276,73.6,426.0,0.0324,70.2,367.0,0.034,65.2,,,,,,,,,,,,,,,
02/01/2022 00:00:00,716949,7,5,S,ML,0.57,569,80,1359.0,0.0165,69.8,0.0,0.0,0.0,0.0,0.0,0.0,238.0,0.0129,76.5,382.0,0.0298,70.9,315.0,0.0111,72.0,104.0,0.0035,69.2,320.0,0.0253,61.3,,,,,,,,,
02/01/2022 00:00:00,716950,7,5,N,FR,,0,0,,,,,,,,,,,,,,,,,,,,,,,,,,,,,,,,,
02/01/2022 00:00:00,716951,7,5,N,ML,0.735,0,0,1762.0,0.0288,68.8,0.0,0.0,0.0,0.0,0.0,0.0,369.0,0.0204,74.6,534.0,0.0317,70.8,472.0,0.033,67.2,387.0,0.03,62.6,,,,,,,,,,,,
02/01/2022 00:00:00,716952,7,5,N,FR,,228,50,37.0,0.0034,,,,,,,,,,,37.0,0.0068,,,,,,,,,,,,,,,,,,,
02/01/2022 00:00:00,716953,7,5,N,ML,0.465,570,80,1711.0,0.0344,68.9,0.0,0.0,0.0,0.0,0.0,0.0,160.0,0.0102,76.5,516.0,0.0495,69.1,344.0,0.0409,70.1,400.0,0.0474,67.3,291.0,0.0242,65.1,,,,,,,,,
02/01/2022 00:00:00,716955,7,5,S,ML,0.465,0,0,2005.0,0.041,63.3,0.0,0.0,0.0,0.0,0.0,0.1,400.0,0.0365,69.5,490.0,0.0419,66.2,421.0,0.0445,61.5,363.0,0.0429,58.8,331.0,0.0392,58.5,,,,,,,,,
02/01/2022 00:00:00,716956,7,5,N,ML,0.55,570,60,1161.0,0.027,68.5,0.0,0.0,0.0,0.0,0.0,0.0,172.0,0.0288,70.1,410.0,0.0359,68.9,294.0,0.037,68.8,226.0,0.0295,67.1,59.0,0.004,64.7,,,,,,,,,
02/01/2022 00:00:00,716958,7,5,S,ML,0.704,0,0,1372.0,0.0446,62.4,0.0,0.0,0.0,0.0,0.0,0.2,265.0,0.0554,67.2,363.0,0.0552,63.0,183.0,0.0339,64.2,188.0,0.0314,62.3,373.0,0.0471,57.8,,,,,,,,,
02/01/2022 00:00:00,716959,7,5,S,CD,,228,50,13.0,0.0004,,,,,,,,13.0,0.0008,,,,,,,,,,,,,,,,,,,,,,
02/01/2022 00:00:00,716960,7,5,S,ML,0.48,342,75,1235.0,0.0421,64.3,0.0,0.0,0.0,0.1,0.1,0.3,270.0,0.0425,72.4,397.0,0.0605,62.8,423.0,0.0586,59.9,145.0,0.0065,62.8,,,,,,,,,,,,
02/01/2022 00:00:00,716961,7,5,S,FR,,114,0,,,,,,,,,,,,,,,,,,,,,,,,,,,,,,,,,
02/01/2022 00:00:00,716962,7,5,N,FR,,114,0,,,,,,,,,,,,,,,,,,,,,,,,,,,,,,,,,
02/01/2022 00:00:00,716963,7,5,N,ML,0.36,227,25,1457.0,0.0382,64.3,0.0,0.0,0.0,0.0,0.0,0.0,363.0,0.0361,68.8,433.0,0.0408,65.5,367.0,0.0375,61.9,294.0,0.0384,60.2,,,,,,,,,,,,
02/01/2022 00:00:00,716964,7,5,S,FR,,0,0,,,,,,,,,,,,,,,,,,,,,,,,,,,,,,,,,
02/01/2022 00:00:00,716965,7,5,S,ML,0.27,0,0,1661.0,0.04,63.7,0.0,0.0,0.0,0.0,0.0,0.0,386.0,0.0354,69.1,477.0,0.0406,65.8,413.0,0.0426,61.1,385.0,0.0414,58.4,,,,,,,,,,,,
02/01/2022 00:00:00,716966,7,5,S,FR,,0,0,,,,,,,,,,,,,,,,,,,,,,,,,,,,,,,,,
02/01/2022 00:00:00,716967,7,5,N,FR,,114,0,,,,,,,,,,,,,,,,,,,,,,,,,,,,,,,,,
02/01/2022 00:00:00,716968,7,5,N,ML,0.315,455,100,846.0,0.0158,67.0,0.0,0.0,0.0,0.0,0.0,0.0,221.0,0.0102,74.9,6.0,0.0003,70.9,297.0,0.0361,64.9,322.0,0.0165,63.2,,,,,,,,,,,,
02/01/2022 00:00:00,716970,7,5,N,FR,,114,0,,,,,,,,,,,,,,,,,,,,,,,,,,,,,,,,,
02/01/2022 00:00:00,716971,7,5,N,ML,0.265,456,100,1021.0,0.0218,69.0,0.0,0.0,0.0,0.0,0.0,0.0,235.0,0.0118,74.9,316.0,0.0183,70.7,301.0,0.0366,66.6,169.0,0.0203,61.4,,,,,,,,,,,,
02/01/2022 00:00:00,716972,7,5,N,FR,,114,0,,,,,,,,,,,,,,,,,,,,,,,,,,,,,,,,,
02/01/2022 00:00:00,716973,7,5,N,ML,0.435,456,75,1203.0,0.0264,67.1,0.0,0.0,0.0,0.0,0.0,0.0,222.0,0.0103,74.8,305.0,0.0169,70.3,315.0,0.0342,67.1,361.0,0.0443,59.3,,,,,,,,,,,,
02/01/2022 00:00:00,716974,7,5,N,ML,0.76,456,50,1312.0,0.0341,65.6,0.0,0.0,0.0,0.0,0.0,0.0,41.0,0.002,74.7,497.0,0.0461,67.8,419.0,0.048,61.6,355.0,0.0401,66.2,,,,,,,,,,,,
02/01/2022 00:00:00,716975,7,5,S,ML,0.505,0,0,150.0,0.0064,65.1,0.0,0.0,0.0,0.0,0.0,0.0,31.0,0.0045,70.6,47.0,0.007,67.0,39.0,0.0073,63.6,33.0,0.0067,59.2,,,,,,,,,,,,
02/01/2022 00:00:00,716976,7,5,N,FR,,0,0,,,,,,,,,,,,,,,,,,,,,,,,,,,,,,,,,
02/01/2022 00:00:00,716977,7,5,S,ML,0.495,0,0,1624.0,0.0418,63.3,0.0,0.0,0.0,0.0,0.0,0.1,380.0,0.036,68.6,462.0,0.042,65.2,411.0,0.0457,60.8,371.0,0.0436,58.2,,,,,,,,,,,,
02/01/2022 00:00:00,716978,7,5,N,ML,0.71,0,0,1856.0,0.0519,67.1,0.0,0.0,0.0,0.0,0.0,0.0,475.0,0.0478,72.2,543.0,0.0534,68.8,457.0,0.0547,64.4,381.0,0.0513,61.3,,,,,,,,,,,,
02/01/2022 00:00:00,716979,7,5,S,ML,0.765,0,0,150.0,0.0064,65.1,0.0,0.0,0.0,0.0,0.0,0.0,31.0,0.0045,70.6,47.0,0.007,67.0,39.0,0.0073,63.6,33.0,0.0067,59.2,,,,,,,,,,,,
02/01/2022 00:00:00,716980,7,5,N,FR,,0,0,,,,,,,,,,,,,,,,,,,,,,,,,,,,,,,,,
02/01/2022 00:00:00,716981,7,5,N,ML,0.72,0,0,150.0,0.0064,65.1,0.0,0.0,0.0,0.0,0.0,0.0,31.0,0.0045,70.6,47.0,0.007,67.0,39.0,0.0073,63.6,33.0,0.0067,59.2,,,,,,,,,,,,
02/01/2022 00:00:00,716982,7,5,S,FR,,0,0,,,,,,,,,,,,,,,,,,,,,,,,,,,,,,,,,
02/01/2022 00:00:00,716983,7,5,S,ML,0.795,0,0,150.0,0.0064,65.1,0.0,0.0,0.0,0.0,0.0,0.0,31.0,0.0045,70.6,47.0,0.007,67.0,39.0,0.0073,63.6,33.0,0.0067,59.2,,,,,,,,,,,,
02/01/2022 00:00:00,716984,7,5,N,FR,,0,0,,,,,,,,,,,,,,,,,,,,,,,,,,,,,,,,,
02/01/2022 00:00:00,716985,7,5,N,ML,0.86,0,0,150.0,0.0064,65.1,0.0,0.0,0.0,0.0,0.0,0.0,31.0,0.0045,70.6,47.0,0.007,67.0,39.0,0.0073,63.6,33.0,0.0067,59.2,,,,,,,,,,,,
02/01/2022 00:00:00,716986,7,5,S,ML,0.905,0,0,150.0,0.0064,65.1,0.0,0.0,0.0,0.0,0.0,0.0,31.0,0.0045,70.6,47.0,0.007,67.0,39.0,0.0073,63.6,33.0,0.0067,59.2,,,,,,,,,,,,
02/01/2022 00:00:00,716987,7,5,S,FR,,0,0,,,,,,,,,,,,,,,,,,,,,,,,,,,,,,,,,
02/01/2022 00:00:00,716988,7,5,N,ML,1.155,0,0,150.0,0.0064,65.1,0.0,0.0,0.0,0.0,0.0,0.0,31.0,0.0045,70.6,47.0,0.007,67.0,39.0,0.0073,63.6,33.0,0.0067,59.2,,,,,,,,,,,,
02/01/2022 00:00:00,716989,7,5,S,ML,0.65,0,0,150.0,0.0064,65.1,0.0,0.0,0.0,0.0,0.0,0.0,31.0,0.0045,70.6,47.0,0.007,67.0,39.0,0.0073,63.6,33.0,0.0067,59.2,,,,,,,,,,,,
02/01/2022 00:00:00,716990,7,5,N,ML,0.915,0,0,150.0,0.0064,65.1,0.0,0.0,0.0,0.0,0.0,0.0,31.0,0.0045,70.6,47.0,0.007,67.0,39.0,0.0073,63.6,33.0,0.0067,59.2,,,,,,,,,,,,
02/01/2022 00:00:00,716991,7,5,S,ML,0.505,0,0,150.0,0.0064,65.1,0.0,0.0,0.0,0.0,0.0,0.0,31.0,0.0045,70.6,47.0,0.007,67.0,39.0,0.0073,63.6,33.0,0.0067,59.2,,,,,,,,,,,,
02/01/2022 00:00:00,716992,7,5,S,FR,,0,0,,,,,,,,,,,,,,,,,,,,,,,,,,,,,,,,,
02/01/2022 00:00:00,716993,7,5,S,ML,0.65,0,0,150.0,0.0064,65.1,0.0,0.0,0.0,0.0,0.0,0.0,31.0,0.0045,70.6,47.0,0.007,67.0,39.0,0.0073,63.6,33.0,0.0067,59.2,,,,,,,,,,,,
02/01/2022 00:00:00,716994,7,5,N,ML,0.51,0,0,150.0,0.0064,65.1,0.0,0.0,0.0,0.0,0.0,0.0,31.0,0.0045,70.6,47.0,0.007,67.0,39.0,0.0073,63.6,33.0,0.0067,59.2,,,,,,,,,,,,
02/01/2022 00:00:00,716995,7,5,N,FR,,0,0,,,,,,,,,,,,,,,,,,,,,,,,,,,,,,,,,
02/01/2022 00:00:00,716996,7,5,S,ML,0.415,0,0,150.0,0.0064,65.1,0.0,0.0,0.0,0.0,0.0,0.0,31.0,0.0045,70.6,47.0,0.007,67.0,39.0,0.0073,63.6,33.0,0.0067,59.2,,,,,,,,,,,,
02/01/2022 00:00:00,716997,7,5,N,ML,0.55,0,0,150.0,0.0064,65.1,0.0,0.0,0.0,0.0,0.0,0.0,31.0,0.0045,70.6,47.0,0.007,67.0,39.0,0.0073,63.6,33.0,0.0067,59.2,,,,,,,,,,,,
02/01/2022 00:00:00,716998,7,5,S,FR,,0,0,,,,,,,,,,,,,,,,,,,,,,,,,,,,,,,,,
02/01/2022 00:00:00,716999,7,5,S,ML,0.48,0,0,150.0,0.0064,65.1,0.0,0.0,0.0,0.0,0.0,0.0,31.0,0.0045,70.6,47.0,0.007,67.0,39.0,0.0073,63.6,33.0,0.0067,59.2,,,,,,,,,,,,
02/01/2022 00:00:00,717000,7,5,N,ML,0.84,0,0,1429.0,0.0325,66.2,0.0,0.0,0.0,0.0,0.0,0.2,371.0,0.0258,72.2,457.0,0.0331,68.6,378.0,0.0306,63.1,223.0,0.0407,56.4,,,,,,,,,,,,
02/01/2022 00:00:00,717001,7,5,S,ML,0.84,0,0,1145.0,0.0282,64.1,0.0,0.0,0.0,0.0,0.0,0.2,245.0,0.0222,71.1,331.0,0.0311,66.4,359.0,0.0408,61.7,210.0,0.0185,56.6,,,,,,,,,,,,
02/01/2022 00:00:00,717002,7,5,S,ML,0.54,456,100,929.0,0.0155,68.1,0.0,0.0,0.0,0.0,0.0,0.0,174.0,0.0074,74.9,247.0,0.0144,70.5,267.0,0.0107,67.5,241.0,0.0295,61.4,,,,,,,,,,,,
02/01/2022 00:00:00,717004,7,5,S,ML,0.27,684,83,1404.0,0.0201,68.5,0.0,0.0,0.0,0.0,0.0,0.0,165.0,0.0087,76.6,227.0,0.0139,73.7,241.0,0.0311,75.8,395.0,0.0404,64.1,257.0,0.0183,61.0,119.0,0.0082,63.3,,,,,,
02/01/2022 00:00:00,717005,7,5,S,FR,,228,50,47.0,0.003,,,,,,,,47.0,0.006,,,,,,,,,,,,,,,,,,,,,,
02/01/2022 00:00:00,717006,7,5,S,ML,0.435,0,0,1804.0,0.0279,65.8,0.0,0.0,0.0,0.0,0.0,0.0,159.0,0.0083,75.3,467.0,0.0405,69.5,260.0,0.0301,65.1,320.0,0.0295,64.6,296.0,0.027,61.2,302.0,0.0318,61.5,,,,,,
02/01/2022 00:00:00,717008,7,10,E,ML,0.36,0,0,2135.0,0.0418,63.8,0.0,0.0,0.0,0.0,0.0,0.1,424.0,0.0374,70.2,508.0,0.0426,66.8,442.0,0.0447,62.1,397.0,0.0438,59.4,364.0,0.0405,58.7,,,,,,,,,
02/01/2022 00:00:00,717009,7,10,E,ML,0.535,0,0,2067.0,0.0294,70.3,0.0,0.0,0.0,0.0,0.0,0.0,460.0,0.0235,74.8,498.0,0.0318,72.3,439.0,0.0347,70.4,408.0,0.0331,67.6,262.0,0.0237,63.1,,,,,,,,,
02/01/2022 00:00:00,717011,7,10,E,ML,0.28,570,100,1259.0,0.0148,71.8,0.0,0.0,0.0,0.0,0.0,0.0,130.0,0.0068,76.5,360.0,0.0195,74.4,345.0,0.0204,71.8,324.0,0.0208,69.2,100.0,0.0061,64.5,,,,,,,,,
02/01/2022 00:00:00,717012,7,10,W,ML,0.46,0,0,1762.0,0.0288,68.8,0.0,0.0,0.0,0.0,0.0,0.0,369.0,0.0204,74.6,534.0,0.0317,70.8,472.0,0.033,67.2,387.0,0.03,62.6,,,,,,,,,,,,
02/01/2022 00:00:00,717014,7,10,E,ML,0.325,0,0,1385.0,0.0247,68.1,0.0,0.0,0.0,0.0,0.0,0.0,290.0,0.0175,73.9,419.0,0.0272,70.1,372.0,0.0283,66.5,304.0,0.0258,62.0,,,,,,,,,,,,
02/01/2022 00:00:00,717015,7,10,W,ML,0.425,0,0,1762.0,0.0288,68.8,0.0,0.0,0.0,0.0,0.0,0.0,369.0,0.0204,74.6,534.0,0.0317,70.8,472.0,0.033,67.2,387.0,0.03,62.6,,,,,,,,,,,,
02/01/2022 00:00:00,717016,7,10,E,ML,0.23,0,0,1385.0,0.0247,68.1,0.0,0.0,0.0,0.0,0.0,0.0,290.0,0.0175,73.9,419.0,0.0272,70.1,372.0,0.0283,66.5,304.0,0.0258,62.0,,,,,,,,,,,,
02/01/2022 00:00:00,717018,7,10,W,FR,,0,0,,,,,,,,,,,,,,,,,,,,,,,,,,,,,,,,,
02/01/2022 00:00:00,717019,7,10,W,ML,0.535,0,0,1762.0,0.0288,68.8,0.0,0.0,0.0,0.0,0.0,0.0,369.0,0.0204,74.6,534.0,0.0317,70.8,472.0,0.033,67.2,387.0,0.03,62.6,,,,,,,,,,,,
02/01/2022 00:00:00,717020,7,10,E,ML,0.25,0,0,1385.0,0.0247,68.1,0.0,0.0,0.0,0.0,0.0,0.0,290.0,0.0175,73.9,419.0,0.0272,70.1,372.0,0.0283,66.5,304.0,0.0258,62.0,,,,,,,,,,,,
02/01/2022 00:00:00,717022,7,10,E,ML,0.295,0,0,2067.0,0.0294,70.3,0.0,0.0,0.0,0.0,0.0,0.0,460.0,0.0235,74.8,498.0,0.0318,72.3,439.0,0.0347,70.4,408.0,0.0331,67.6,262.0,0.0237,63.1,,,,,,,,,
02/01/2022 00:00:00,717024,7,10,E,FR,,0,0,,,,,,,,,,,,,,,,,,,,,,,,,,,,,,,,,
02/01/2022 00:00:00,717025,7,10,W,FR,,0,0,,,,,,,,,,,,,,,,,,,,,,,,,,,,,,,,,
02/01/2022 00:00:00,717026,7,10,W,ML,0.15,0,0,1762.0,0.0288,68.8,0.0,0.0,0.0,0.0,0.0,0.0,369.0,0.0204,74.6,534.0,0.0317,70.8,472.0,0.033,67.2,387.0,0.03,62.6,,,,,,,,,,,,
02/01/2022 00:00:00,717027,7,10,E,FR,,114,100,95.0,0.0175,,,,,,,,95.0,0.0175,,,,,,,,,,,,,,,,,,,,,,
02/01/2022 00:00:00,717028,7,10,E,ML,0.2,342,75,1706.0,0.0261,66.8,0.0,0.0,0.0,0.0,0.0,0.0,177.0,0.0079,74.8,422.0,0.0177,71.1,659.0,0.0458,64.4,448.0,0.0332,63.0,,,,,,,,,,,,
02/01/2022 00:00:00,717029,7,10,W,ML,0.265,0,0,1762.0,0.0288,68.8,0.0,0.0,0.0,0.0,0.0,0.0,369.0,0.0204,74.6,534.0,0.0317,70.8,472.0,0.033,67.2,387.0,0.03,62.6,,,,,,,,,,,,
02/01/2022 00:00:00,717031,7,10,W,ML,0.25,0,0,1759.0,0.0288,69.5,0.0,0.0,0.0,0.0,0.0,0.0,388.0,0.023,73.9,426.0,0.0312,71.4,375.0,0.0341,69.5,347.0,0.0325,66.8,223.0,0.0233,62.3,,,,,,,,,
02/01/2022 00:00:00,717032,7,10,E,ML,0.585,456,80,1687.0,0.0232,70.4,0.0,0.0,0.0,0.0,0.0,0.0,186.0,0.0228,71.2,421.0,0.0231,73.9,443.0,0.0276,71.8,408.0,0.0274,68.4,229.0,0.0151,64.4,,,,,,,,,
02/01/2022 00:00:00,717033,7,10,W,ML,0.515,570,80,914.0,0.0111,70.1,0.0,0.0,0.0,0.0,0.0,0.0,93.0,0.0043,76.5,158.0,0.0109,72.6,226.0,0.0119,72.0,214.0,0.0125,69.3,223.0,0.0161,64.7,,,,,,,,,
02/01/2022 00:00:00,717035,7,10,E,ML,0.455,0,0,1835.0,0.0303,65.6,0.0,0.0,0.0,0.0,0.0,0.0,171.0,0.0193,71.5,320.0,0.0286,69.4,509.0,0.0364,67.0,488.0,0.0376,64.5,347.0,0.0296,59.1,,,,,,,,,
02/01/2022 00:00:00,717036,7,10,W,ML,0.235,0,0,1762.0,0.0288,68.8,0.0,0.0,0.0,0.0,0.0,0.0,369.0,0.0204,74.6,534.0,0.0317,70.8,472.0,0.033,67.2,387.0,0.03,62.6,,,,,,,,,,,,
02/01/2022 00:00:00,717039,7,10,E,ML,0.43,0,0,1710.0,0.0339,68.2,0.0,0.0,0.0,0.0,0.0,0.0,378.0,0.0271,72.4,412.0,0.0367,70.1,364.0,0.04,68.2,337.0,0.0382,65.6,219.0,0.0273,61.1,,,,,,,,,
02/01/2022 00:00:00,717040,7,10,W,ML,0.255,0,0,1385.0,0.0247,68.1,0.0,0.0,0.0,0.0,0.0,0.0,290.0,0.0175,73.9,419.0,0.0272,70.1,372.0,0.0283,66.5,304.0,0.0258,62.0,,,,,,,,,,,,
02/01/2022 00:00:00,717041,7,10,W,ML,0.29,0,0,1385.0,0.0247,68.1,0.0,0.0,0.0,0.0,0.0,0.0,290.0,0.0175,73.9,419.0,0.0272,70.1,372.0,0.0283,66.5,304.0,0.0258,62.0,,,,,,,,,,,,
02/01/2022 00:00:00,717042,7,10,E,ML,0.255,0,0,2220.0,0.0339,68.4,0.0,0.0,0.0,0.0,0.0,0.0,464.0,0.0241,74.1,674.0,0.0374,70.4,594.0,0.0389,66.8,488.0,0.0354,62.2,,,,,,,,,,,,
02/01/2022 00:00:00,717043,7,10,W,ML,0.21,0,0,1383.0,0.0247,68.8,0.0,0.0,0.0,0.0,0.0,0.0,306.0,0.0197,73.1,334.0,0.0268,70.7,296.0,0.0292,68.8,272.0,0.0278,66.2,175.0,0.0199,61.7,,,,,,,,,
02/01/2022 00:00:00,717044,7,10,W,FR,,0,0,,,,,,,,,,,,,,,,,,,,,,,,,,,,,,,,,
02/01/2022 00:00:00,717045,7,10,W,ML,0.275,0,0,1389.0,0.0247,68.5,0.0,0.0,0.0,0.0,0.0,0.0,236.0,0.0242,74.3,272.0,0.0268,71.9,239.0,0.028,69.9,244.0,0.028,67.2,224.0,0.0243,62.7,174.0,0.017,62.7,,,,,,
02/01/2022 00:00:00,717046,7,10,E,ML,0.145,0,0,2223.0,0.0339,69.1,0.0,0.0,0.0,0.0,0.0,0.0,492.0,0.0271,73.4,535.0,0.0368,71.0,474.0,0.0401,69.1,439.0,0.0383,66.4,283.0,0.0274,61.9,,,,,,,,,
02/01/2022 00:00:00,717047,7,10,W,ML,0.306,342,100,417.0,0.0085,68.9,0.0,0.0,0.0,0.0,0.0,0.0,89.0,0.0052,71.6,255.0,0.0141,69.6,73.0,0.0061,63.1,,,,,,,,,,,,,,,
02/01/2022 00:00:00,717048,7,10,E,FR,,114,0,,,,,,,,,,,,,,,,,,,,,,,,,,,,,,,,,
02/01/2022 00:00:00,717049,7,10,W,ML,0.245,342,100,424.0,0.008,68.3,0.0,0.0,0.0,0.0,0.0,0.0,82.0,0.0042,71.8,244.0,0.0129,69.2,98.0,0.007,63.2,,,,,,,,,,,,,,,
02/01/2022 00:00:00,717052,7,10,W,ML,0.185,456,100,688.0,0.0126,68.2,0.0,0.0,0.0,0.0,0.0,0.0,90.0,0.0047,74.7,229.0,0.0128,70.4,224.0,0.0163,68.3,145.0,0.0164,60.5,,,,,,,,,,,,
02/01/2022 00:00:00,717053,7,10,W,FR,,114,100,139.0,0.0115,,,,,,,,139.0,0.0115,,,,,,,,,,,,,,,,,,,,,,
02/01/2022 00:00:00,717055,7,10,W,ML,0.28,456,100,659.0,0.0119,68.0,0.0,0.0,0.0,0.0,0.0,0.0,80.0,0.004,74.7,230.0,0.0133,70.4,209.0,0.0147,68.0,140.0,0.0158,60.3,,,,,,,,,,,,
02/01/2022 00:00:00,717056,7,10,W,HV,0.28,228,100,24.0,0.0011,65.0,0.0,0.0,0.0,0.0,0.0,0.0,10.0,0.0009,65.3,14.0,0.0012,64.9,,,,,,,,,,,,,,,,,,
02/01/2022 00:00:00,717059,7,10,E,ML,0.315,609,17,1419.0,0.0177,67.0,0.0,0.0,0.0,0.0,0.0,0.0,232.0,0.0127,76.3,291.0,0.02,69.8,244.0,0.0206,67.7,233.0,0.0195,64.5,202.0,0.0208,60.8,217.0,0.0123,60.6,,,,,,
02/01/2022 00:00:00,717060,7,10,W,ML,0.38,684,83,986.0,0.0121,69.3,0.0,0.0,0.0,0.0,0.0,0.0,71.0,0.0038,76.4,250.0,0.0132,73.8,213.0,0.0149,72.5,156.0,0.0176,66.2,147.0,0.0097,64.0,149.0,0.0133,62.3,,,,,,
02/01/2022 00:00:00,717065,7,10,W,ML,0.19,456,50,923.0,0.0206,64.6,0.0,0.0,0.0,0.0,0.0,0.0,242.0,0.0137,74.6,50.0,0.0028,70.9,364.0,0.0334,62.7,267.0,0.0326,57.1,,,,,,,,,,,,
02/01/2022 00:00:00,717070,7,10,E,ML,0.25,456,100,1321.0,0.0212,67.8,0.0,0.0,0.0,0.0,0.0,0.0,257.0,0.0135,74.5,437.0,0.0234,70.7,420.0,0.0296,63.2,207.0,0.0183,62.4,,,,,,,,,,,,
02/01/2022 00:00:00,717071,7,10,W,ML,0.39,342,100,716.0,0.0167,67.9,0.0,0.0,0.0,0.0,0.0,0.0,206.0,0.0119,71.7,324.0,0.0194,69.0,186.0,0.0189,61.8,,,,,,,,,,,,,,,
02/01/2022 00:00:00,717072,7,10,W,FR,,114,100,60.0,0.0096,,,,,,,,60.0,0.0096,,,,,,,,,,,,,,,,,,,,,,
02/01/2022 00:00:00,717073,7,10,W,ML,0.395,456,100,2828.0,0.2353,76.2,0.0,0.0,0.0,0.0,0.0,0.0,217.0,0.0118,74.7,1249.0,0.4112,78.2,1190.0,0.5023,76.3,172.0,0.0158,62.3,,,,,,,,,,,,
02/01/2022 00:00:00,717074,7,10,E,FR,,114,100,53.0,0.0059,,,,,,,,53.0,0.0059,,,,,,,,,,,,,,,,,,,,,,
02/01/2022 00:00:00,717075,7,10,E,ML,0.32,456,100,1447.0,0.0209,68.2,0.0,0.0,0.0,0.0,0.0,0.1,315.0,0.0149,74.4,476.0,0.0249,71.4,442.0,0.0364,62.4,214.0,0.0074,62.8,,,,,,,,,,,,
02/01/2022 00:00:00,717076,7,10,E,FR,,114,100,56.0,0.01,,,,,,,,56.0,0.01,,,,,,,,,,,,,,,,,,,,,,
02/01/2022 00:00:00,717077,7,10,E,ML,0.235,456,100,1484.0,0.0245,68.0,0.0,0.0,0.0,0.0,0.0,0.1,317.0,0.0167,74.8,478.0,0.0238,71.2,456.0,0.0376,62.1,233.0,0.0199,62.6,,,,,,,,,,,,
02/01/2022 00:00:00,717078,7,10,W,FR,,114,100,61.0,0.0103,,,,,,,,61.0,0.0103,,,,,,,,,,,,,,,,,,,,,,
02/01/2022 00:00:00,717079,7,10,W,ML,0.28,455,100,961.0,0.0153,68.6,0.0,0.0,0.0,0.0,0.0,0.0,241.0,0.0121,74.6,293.0,0.0104,70.9,141.0,0.0151,66.2,286.0,0.0236,62.3,,,,,,,,,,,,
02/01/2022 00:00:00,717080,7,10,W,FR,,114,100,75.0,0.0144,,,,,,,,75.0,0.0144,,,,,,,,,,,,,,,,,,,,,,
02/01/2022 00:00:00,717081,7,10,W,ML,0.33,456,100,1043.0,0.0215,69.2,0.0,0.0,0.0,0.0,0.0,0.0,254.0,0.0157,74.4,342.0,0.023,70.8,298.0,0.0298,66.6,149.0,0.0176,61.3,,,,,,,,,,,,
02/01/2022 00:00:00,717082,7,10,E,FR,,114,100,89.0,0.0167,,,,,,,,89.0,0.0167,,,,,,,,,,,,,,,,,,,,,,
02/01/2022 00:00:00,717083,7,10,E,ML,0.195,456,100,1479.0,0.0267,68.8,0.0,0.0,0.0,0.0,0.0,0.0,322.0,0.0166,74.5,496.0,0.0274,70.3,426.0,0.0399,65.7,235.0,0.0227,62.7,,,,,,,,,,,,
02/01/2022 00:00:00,717084,7,10,E,ML,0.37,456,100,1609.0,0.0252,69.2,0.0,0.0,0.0,0.0,0.0,0.0,358.0,0.0179,74.6,499.0,0.0251,71.2,444.0,0.0341,66.5,308.0,0.0235,63.2,,,,,,,,,,,,
02/01/2022 00:00:00,717086,7,10,W,FR,,114,100,59.0,0.0103,,,,,,,,59.0,0.0103,,,,,,,,,,,,,,,,,,,,,,
02/01/2022 00:00:00,717087,7,10,W,ML,0.33,455,100,1043.0,0.0173,69.3,0.0,0.0,0.0,0.0,0.0,0.0,236.0,0.0115,74.7,305.0,0.0156,70.9,334.0,0.0266,66.9,168.0,0.0155,63.4,,,,,,,,,,,,
02/01/2022 00:00:00,717088,7,10,E,FR,,114,100,43.0,0.008,,,,,,,,43.0,0.008,,,,,,,,,,,,,,,,,,,,,,
02/01/2022 00:00:00,717089,7,10,E,ML,0.325,456,100,1431.0,0.0235,68.2,0.0,0.0,0.0,0.0,0.0,0.0,312.0,0.0161,74.4,490.0,0.026,70.6,421.0,0.0348,63.2,208.0,0.017,63.0,,,,,,,,,,,,
02/01/2022 00:00:00,717090,7,10,W,FR,,114,100,70.0,0.0121,,,,,,,,70.0,0.0121,,,,,,,,,,,,,,,,,,,,,,
02/01/2022 00:00:00,717091,7,10,W,ML,0.18,456,100,1032.0,0.018,69.4,0.0,0.0,0.0,0.0,0.0,0.0,237.0,0.0118,74.7,314.0,0.017,70.9,316.0,0.0266,67.2,165.0,0.0166,62.8,,,,,,,,,,,,
02/01/2022 00:00:00,717092,7,10,E,FR,,114,100,48.0,0.0091,,,,,,,,48.0,0.0091,,,,,,,,,,,,,,,,,,,,,,
02/01/2022 00:00:00,717093,7,10,E,ML,0.275,456,100,1561.0,0.0257,69.2,0.0,0.0,0.0,0.0,0.0,0.0,367.0,0.0191,74.5,511.0,0.0285,70.2,424.0,0.0355,65.8,259.0,0.0198,64.5,,,,,,,,,,,,
02/01/2022 00:00:00,717094,7,10,W,FR,,114,100,62.0,0.0119,,,,,,,,62.0,0.0119,,,,,,,,,,,,,,,,,,,,,,
02/01/2022 00:00:00,717095,7,10,W,ML,0.29,341,75,1082.0,0.0219,66.9,0.0,0.0,0.0,0.0,0.0,0.0,228.0,0.0118,74.6,323.0,0.0286,64.2,311.0,0.026,66.6,220.0,0.0212,63.3,,,,,,,,,,,,
02/01/2022 00:00:00,717096,7,10,E,FR,,114,100,44.0,0.0089,,,,,,,,44.0,0.0089,,,,,,,,,,,,,,,,,,,,,,
02/01/2022 00:00:00,717097,7,10,E,ML,0.245,113,2,1733.0,0.0412,55.1,0.0,0.3,0.6,0.8,1.0,1.2,208.0,0.0106,71.7,335.0,0.0225,67.1,749.0,0.1048,44.2,441.0,0.0267,59.4,,,,,,,,,,,,
