01/01/2022 00:00:00,715900,7,5,S,OR,,0,0,,,,,,,,,,,,,,,,,,,,,,,,,,,,,,,,,
01/01/2022 00:00:00,715901,7,5,N,OR,,0,0,,,,,,,,,,,,,,,,,,,,,,,,,,,,,,,,,
01/01/2022 00:00:00,715903,7,5,N,OR,,0,0,,,,,,,,,,,,,,,,,,,,,,,,,,,,,,,,,
01/01/2022 00:00:00,715904,7,5,S,OR,,0,0,,,,,,,,,,,,,,,,,,,,,,,,,,,,,,,,,
01/01/2022 00:00:00,715905,7,5,N,OR,,0,0,,,,,,,,,,,,,,,,,,,,,,,,,,,,,,,,,
01/01/2022 00:00:00,715906,7,5,S,OR,,0,0,,,,,,,,,,,,,,,,,,,,,,,,,,,,,,,,,
01/01/2022 00:00:00,715907,7,5,S,OR,,0,0,,,,,,,,,,,,,,,,,,,,,,,,,,,,,,,,,
01/01/2022 00:00:00,715908,7,5,S,OR,,0,0,,,,,,,,,,,,,,,,,,,,,,,,,,,,,,,,,
01/01/2022 00:00:00,715910,7,5,N,OR,,0,0,,,,,,,,,,,,,,,,,,,,,,,,,,,,,,,,,
01/01/2022 00:00:00,715911,7,5,S,OR,,0,0,,,,,,,,,,,,,,,,,,,,,,,,,,,,,,,,,
01/01/2022 00:00:00,715912,7,5,N,OR,,0,0,,,,,,,,,,,,,,,,,,,,,,,,,,,,,,,,,
01/01/2022 00:00:00,715913,7,5,S,FR,,0,0,,,,,,,,,,,,,,,,,,,,,,,,,,,,,,,,,
01/01/2022 00:00:00,715918,7,5,N,ML,0.885,0,0,2207.0,0.036,68.6,0.0,0.0,0.0,0.0,0.0,0.0,585.0,0.0256,72.4,952.0,0.0453,70.2,670.0,0.037,63.1,,,,,,,,,,,,,,,
01/01/2022 00:00:00,715920,7,5,S,ML,1.29,0,0,2836.0,0.0553,63.4,0.0,0.0,0.0,0.0,0.0,0.5,732.0,0.0504,68.4,788.0,0.0561,65.2,684.0,0.0587,60.7,632.0,0.0562,58.0,,,,,,,,,,,,
01/01/2022 00:00:00,715923,7,5,S,OR,,0,0,,,,,,,,,,,,,,,,,,,,,,,,,,,,,,,,,
01/01/2022 00:00:00,715924,7,5,N,OR,,119,100,102.0,0.0149,,,,,,,,102.0,0.0149,,,,,,,,,,,,,,,,,,,,,,
01/01/2022 00:00:00,715925,7,5,S,OR,,118,100,71.0,0.0098,,,,,,,,71.0,0.0098,,,,,,,,,,,,,,,,,,,,,,
01/01/2022 00:00:00,715926,7,5,N,OR,,119,100,66.0,0.0064,,,,,,,,66.0,0.0064,,,,,,,,,,,,,,,,,,,,,,
01/01/2022 00:00:00,715927,7,5,N,OR,,119,100,90.0,0.0109,,,,,,,,90.0,0.0109,,,,,,,,,,,,,,,,,,,,,,
01/01/2022 00:00:00,715928,7,5,S,OR,,119,0,,,,,,,,,,,,,,,,,,,,,,,,,,,,,,,,,
01/01/2022 00:00:00,715929,7,5,S,ML,0.47,476,100,2570.0,0.0541,61.5,0.0,0.2,0.4,0.7,1.1,1.6,653.0,0.041,70.7,810.0,0.0976,48.3,685.0,0.0475,65.5,422.0,0.0302,63.2,,,,,,,,,,,,
01/01/2022 00:00:00,715930,7,5,N,ML,0.505,476,100,2450.0,0.0429,68.7,0.0,0.0,0.0,0.0,0.0,0.0,793.0,0.0534,73.2,527.0,0.0335,68.5,700.0,0.0509,68.1,430.0,0.0336,61.3,,,,,,,,,,,,
01/01/2022 00:00:00,715932,7,5,S,OR,,119,100,144.0,0.0194,,,,,,,,144.0,0.0194,,,,,,,,,,,,,,,,,,,,,,
01/01/2022 00:00:00,715933,7,5,N,ML,0.425,476,100,2165.0,0.0313,68.4,0.0,0.0,0.0,0.0,0.0,0.0,560.0,0.0293,72.7,757.0,0.0424,69.7,585.0,0.0361,65.3,263.0,0.0174,61.9,,,,,,,,,,,,
01/01/2022 00:00:00,715935,7,5,S,OR,,119,100,73.0,0.0062,,,,,,,,73.0,0.0062,,,,,,,,,,,,,,,,,,,,,,
01/01/2022 00:00:00,715937,7,5,S,OR,,119,100,136.0,0.0111,,,,,,,,136.0,0.0111,,,,,,,,,,,,,,,,,,,,,,
01/01/2022 00:00:00,715938,7,5,N,ML,0.545,476,100,2381.0,0.0378,68.9,0.0,0.0,0.0,0.0,0.0,0.0,808.0,0.0556,74.3,643.0,0.0429,68.8,595.0,0.0311,65.5,335.0,0.0215,62.1,,,,,,,,,,,,
01/01/2022 00:00:00,715941,7,5,S,OR,,119,100,97.0,0.0106,,,,,,,,97.0,0.0106,,,,,,,,,,,,,,,,,,,,,,
01/01/2022 00:00:00,715944,7,5,N,ML,0.323,476,75,2610.0,0.053,66.8,0.0,0.0,0.0,0.0,0.0,0.0,512.0,0.0341,72.7,705.0,0.0502,71.0,824.0,0.0843,62.2,569.0,0.0434,62.9,,,,,,,,,,,,
01/01/2022 00:00:00,715947,7,5,S,ML,0.495,357,100,2291.0,0.0445,60.8,0.0,0.0,0.0,0.0,0.1,0.5,808.0,0.0441,63.2,952.0,0.0568,59.1,531.0,0.0325,60.2,,,,,,,,,,,,,,,
01/01/2022 00:00:00,715949,7,5,N,OR,,119,0,,,,,,,,,,,,,,,,,,,,,,,,,,,,,,,,,
01/01/2022 00:00:00,715950,7,5,S,OR,,119,0,,,,,,,,,,,,,,,,,,,,,,,,,,,,,,,,,
01/01/2022 00:00:00,715952,7,5,S,OR,,119,100,65.0,0.0088,,,,,,,,65.0,0.0088,,,,,,,,,,,,,,,,,,,,,,
01/01/2022 00:00:00,715953,7,5,N,OR,,119,0,,,,,,,,,,,,,,,,,,,,,,,,,,,,,,,,,
01/01/2022 00:00:00,715957,7,5,S,OR,,0,0,,,,,,,,,,,,,,,,,,,,,,,,,,,,,,,,,
01/01/2022 00:00:00,715958,7,5,S,OR,,0,0,,,,,,,,,,,,,,,,,,,,,,,,,,,,,,,,,
01/01/2022 00:00:00,715959,7,5,S,OR,,0,0,,,,,,,,,,,,,,,,,,,,,,,,,,,,,,,,,
01/01/2022 00:00:00,715961,7,5,S,OR,,0,0,,,,,,,,,,,,,,,,,,,,,,,,,,,,,,,,,
01/01/2022 00:00:00,715963,7,5,S,OR,,0,0,,,,,,,,,,,,,,,,,,,,,,,,,,,,,,,,,
01/01/2022 00:00:00,715964,7,5,S,OR,,0,0,,,,,,,,,,,,,,,,,,,,,,,,,,,,,,,,,
01/01/2022 00:00:00,715966,7,5,S,OR,,119,100,26.0,0.0026,,,,,,,,26.0,0.0026,,,,,,,,,,,,,,,,,,,,,,
01/01/2022 00:00:00,715967,7,5,N,OR,,0,0,,,,,,,,,,,,,,,,,,,,,,,,,,,,,,,,,
01/01/2022 00:00:00,715968,7,5,S,OR,,0,0,,,,,,,,,,,,,,,,,,,,,,,,,,,,,,,,,
01/01/2022 00:00:00,715969,7,5,N,OR,,119,0,,,,,,,,,,,,,,,,,,,,,,,,,,,,,,,,,
01/01/2022 00:00:00,715970,7,5,N,OR,,119,100,80.0,0.0073,,,,,,,,80.0,0.0073,,,,,,,,,,,,,,,,,,,,,,
01/01/2022 00:00:00,715971,7,5,S,OR,,119,100,720.0,0.0711,,,,,,,,720.0,0.0711,,,,,,,,,,,,,,,,,,,,,,
01/01/2022 00:00:00,715972,7,210,E,OR,,119,100,100.0,0.0087,,,,,,,,100.0,0.0087,,,,,,,,,,,,,,,,,,,,,,
01/01/2022 00:00:00,715973,7,5,S,OR,,119,100,44.0,0.0083,,,,,,,,44.0,0.0083,,,,,,,,,,,,,,,,,,,,,,
01/01/2022 00:00:00,715974,7,5,S,OR,,0,0,,,,,,,,,,,,,,,,,,,,,,,,,,,,,,,,,
01/01/2022 00:00:00,715975,7,5,S,OR,,0,0,,,,,,,,,,,,,,,,,,,,,,,,,,,,,,,,,
01/01/2022 00:00:00,715976,7,5,N,OR,,119,100,39.0,0.0031,,,,,,,,39.0,0.0031,,,,,,,,,,,,,,,,,,,,,,
01/01/2022 00:00:00,715977,7,5,N,OR,,119,100,69.0,0.0094,,,,,,,,69.0,0.0094,,,,,,,,,,,,,,,,,,,,,,
01/01/2022 00:00:00,715978,7,5,S,OR,,119,100,71.0,0.0082,,,,,,,,71.0,0.0082,,,,,,,,,,,,,,,,,,,,,,
01/01/2022 00:00:00,715979,7,5,S,OR,,117,100,73.0,0.0121,,,,,,,,73.0,0.0121,,,,,,,,,,,,,,,,,,,,,,
01/01/2022 00:00:00,715980,7,5,N,OR,,118,100,43.0,0.0068,,,,,,,,43.0,0.0068,,,,,,,,,,,,,,,,,,,,,,
01/01/2022 00:00:00,715981,7,5,N,OR,,119,100,64.0,0.0065,,,,,,,,64.0,0.0065,,,,,,,,,,,,,,,,,,,,,,
01/01/2022 00:00:00,715982,7,5,N,OR,,119,100,65.0,0.0075,,,,,,,,65.0,0.0075,,,,,,,,,,,,,,,,,,,,,,
01/01/2022 00:00:00,715983,7,5,S,OR,,0,0,,,,,,,,,,,,,,,,,,,,,,,,,,,,,,,,,
01/01/2022 00:00:00,715984,7,5,S,OR,,0,0,,,,,,,,,,,,,,,,,,,,,,,,,,,,,,,,,
01/01/2022 00:00:00,715985,7,5,N,OR,,0,0,,,,,,,,,,,,,,,,,,,,,,,,,,,,,,,,,
01/01/2022 00:00:00,715986,7,5,S,OR,,0,0,,,,,,,,,,,,,,,,,,,,,,,,,,,,,,,,,
01/01/2022 00:00:00,715987,7,5,N,OR,,0,0,,,,,,,,,,,,,,,,,,,,,,,,,,,,,,,,,
01/01/2022 00:00:00,715988,7,5,N,OR,,0,0,,,,,,,,,,,,,,,,,,,,,,,,,,,,,,,,,
01/01/2022 00:00:00,715989,7,5,S,OR,,0,0,,,,,,,,,,,,,,,,,,,,,,,,,,,,,,,,,
01/01/2022 00:00:00,715990,7,5,S,OR,,0,0,,,,,,,,,,,,,,,,,,,,,,,,,,,,,,,,,
01/01/2022 00:00:00,715991,7,5,N,OR,,0,0,,,,,,,,,,,,,,,,,,,,,,,,,,,,,,,,,
01/01/2022 00:00:00,715992,7,5,S,OR,,0,0,,,,,,,,,,,,,,,,,,,,,,,,,,,,,,,,,
01/01/2022 00:00:00,715993,7,5,S,OR,,0,0,,,,,,,,,,,,,,,,,,,,,,,,,,,,,,,,,
01/01/2022 00:00:00,715994,7,5,N,OR,,0,0,,,,,,,,,,,,,,,,,,,,,,,,,,,,,,,,,
01/01/2022 00:00:00,715995,7,5,S,OR,,0,0,,,,,,,,,,,,,,,,,,,,,,,,,,,,,,,,,
01/01/2022 00:00:00,715996,7,5,S,ML,0.275,0,0,2363.0,0.0324,65.3,0.0,0.0,0.0,0.0,0.0,0.0,316.0,0.0198,74.1,408.0,0.0246,71.0,393.0,0.0389,64.4,471.0,0.0482,63.2,496.0,0.0415,60.4,279.0,0.0214,60.5,,,,,,
01/01/2022 00:00:00,715997,7,5,S,OR,,0,0,,,,,,,,,,,,,,,,,,,,,,,,,,,,,,,,,
01/01/2022 00:00:00,715998,7,5,N,OR,,0,0,,,,,,,,,,,,,,,,,,,,,,,,,,,,,,,,,
01/01/2022 00:00:00,715999,7,5,S,OR,,0,0,,,,,,,,,,,,,,,,,,,,,,,,,,,,,,,,,
01/01/2022 00:00:00,716000,7,5,S,OR,,0,0,,,,,,,,,,,,,,,,,,,,,,,,,,,,,,,,,
01/01/2022 00:00:00,716001,7,5,N,OR,,0,0,,,,,,,,,,,,,,,,,,,,,,,,,,,,,,,,,
01/01/2022 00:00:00,716002,7,5,S,OR,,119,100,98.0,0.0067,,,,,,,,98.0,0.0067,,,,,,,,,,,,,,,,,,,,,,
01/01/2022 00:00:00,716003,7,5,N,OR,,0,0,,,,,,,,,,,,,,,,,,,,,,,,,,,,,,,,,
01/01/2022 00:00:00,716004,7,5,S,OR,,119,100,70.0,0.0105,,,,,,,,70.0,0.0105,,,,,,,,,,,,,,,,,,,,,,
01/01/2022 00:00:00,716005,7,5,N,OR,,119,100,128.0,0.0114,,,,,,,,128.0,0.0114,,,,,,,,,,,,,,,,,,,,,,
01/01/2022 00:00:00,716006,7,5,S,OR,,0,0,,,,,,,,,,,,,,,,,,,,,,,,,,,,,,,,,
01/01/2022 00:00:00,716007,7,5,N,ML,1.75,0,0,2008.0,0.0393,63.1,0.0,0.0,0.0,0.0,0.0,0.4,364.0,0.0345,69.7,464.0,0.0397,66.4,412.0,0.0423,61.6,386.0,0.0416,58.9,382.0,0.0386,58.7,,,,,,,,,
01/01/2022 00:00:00,716008,7,5,S,OR,,0,0,,,,,,,,,,,,,,,,,,,,,,,,,,,,,,,,,
01/01/2022 00:00:00,716009,7,5,N,OR,,0,0,,,,,,,,,,,,,,,,,,,,,,,,,,,,,,,,,
01/01/2022 00:00:00,716010,7,5,S,ML,0.6,0,0,296.0,0.0126,65.1,0.0,0.0,0.0,0.0,0.0,0.0,62.0,0.0089,70.6,89.0,0.0138,67.0,80.0,0.0144,63.6,65.0,0.0131,59.2,,,,,,,,,,,,
01/01/2022 00:00:00,716011,7,5,S,OR,,0,0,,,,,,,,,,,,,,,,,,,,,,,,,,,,,,,,,
01/01/2022 00:00:00,716012,7,5,N,OR,,0,0,,,,,,,,,,,,,,,,,,,,,,,,,,,,,,,,,
01/01/2022 00:00:00,716013,7,5,S,OR,,0,0,,,,,,,,,,,,,,,,,,,,,,,,,,,,,,,,,
01/01/2022 00:00:00,716014,7,5,S,OR,,0,0,,,,,,,,,,,,,,,,,,,,,,,,,,,,,,,,,
01/01/2022 00:00:00,716015,7,5,N,OR,,0,0,,,,,,,,,,,,,,,,,,,,,,,,,,,,,,,,,
01/01/2022 00:00:00,716016,7,5,S,ML,0.65,0,0,296.0,0.0126,65.1,0.0,0.0,0.0,0.0,0.0,0.0,62.0,0.0089,70.6,89.0,0.0138,67.0,80.0,0.0144,63.6,65.0,0.0131,59.2,,,,,,,,,,,,
01/01/2022 00:00:00,716017,7,5,N,ML,0.53,0,0,296.0,0.0126,65.1,0.0,0.0,0.0,0.0,0.0,0.0,62.0,0.0089,70.6,89.0,0.0138,67.0,80.0,0.0144,63.6,65.0,0.0131,59.2,,,,,,,,,,,,
01/01/2022 00:00:00,716018,7,5,S,OR,,120,100,102.0,0.0087,,,,,,,,102.0,0.0087,,,,,,,,,,,,,,,,,,,,,,
01/01/2022 00:00:00,716019,7,5,N,OR,,120,100,15.0,0.0018,,,,,,,,15.0,0.0018,,,,,,,,,,,,,,,,,,,,,,
01/01/2022 00:00:00,716020,7,5,S,OR,,0,0,,,,,,,,,,,,,,,,,,,,,,,,,,,,,,,,,
01/01/2022 00:00:00,716021,7,5,N,OR,,0,0,,,,,,,,,,,,,,,,,,,,,,,,,,,,,,,,,
01/01/2022 00:00:00,716023,7,5,N,ML,5.0,0,0,835.0,0.0318,63.8,0.0,0.0,0.0,0.0,0.0,0.4,180.0,0.0266,69.1,262.0,0.0323,65.8,210.0,0.035,61.4,183.0,0.0333,58.6,,,,,,,,,,,,
01/01/2022 00:00:00,716025,7,5,N,OR,,120,100,3.0,0.0007,,,,,,,,3.0,0.0007,,,,,,,,,,,,,,,,,,,,,,
01/01/2022 00:00:00,716026,7,210,E,HV,0.8,119,100,153.0,0.0085,64.8,0.0,0.0,0.0,0.0,0.0,0.0,153.0,0.0085,64.8,,,,,,,,,,,,,,,,,,,,,
01/01/2022 00:00:00,716028,7,10,E,ML,0.291,0,0,296.0,0.0126,65.2,0.0,0.0,0.0,0.0,0.0,0.0,79.0,0.0089,68.7,128.0,0.0158,66.6,89.0,0.0129,59.9,,,,,,,,,,,,,,,
01/01/2022 00:00:00,716029,7,10,W,OR,,0,0,,,,,,,,,,,,,,,,,,,,,,,,,,,,,,,,,
01/01/2022 00:00:00,716030,7,10,E,OR,,0,0,,,,,,,,,,,,,,,,,,,,,,,,,,,,,,,,,
01/01/2022 00:00:00,716032,7,10,W,ML,0.38,0,0,2208.0,0.036,68.6,0.0,0.0,0.0,0.0,0.0,0.0,463.0,0.0255,74.3,670.0,0.0396,70.6,592.0,0.0412,67.0,483.0,0.0375,62.4,,,,,,,,,,,,
01/01/2022 00:00:00,716033,7,10,E,OR,,0,0,,,,,,,,,,,,,,,,,,,,,,,,,,,,,,,,,
01/01/2022 00:00:00,716035,7,10,E,OR,,0,0,,,,,,,,,,,,,,,,,,,,,,,,,,,,,,,,,
01/01/2022 00:00:00,716036,7,10,E,ML,0.38,0,0,3461.0,0.0474,70.1,0.0,0.0,0.0,0.0,0.0,0.0,766.0,0.0379,74.5,836.0,0.0513,72.1,737.0,0.056,70.1,683.0,0.0534,67.4,439.0,0.0382,62.8,,,,,,,,,
01/01/2022 00:00:00,716038,7,10,W,OR,,0,0,,,,,,,,,,,,,,,,,,,,,,,,,,,,,,,,,
01/01/2022 00:00:00,716039,7,10,E,OR,,0,0,,,,,,,,,,,,,,,,,,,,,,,,,,,,,,,,,
01/01/2022 00:00:00,716040,7,10,E,OR,,0,0,,,,,,,,,,,,,,,,,,,,,,,,,,,,,,,,,
01/01/2022 00:00:00,716041,7,10,W,OR,,0,0,,,,,,,,,,,,,,,,,,,,,,,,,,,,,,,,,
01/01/2022 00:00:00,716043,7,10,E,OR,,0,0,,,,,,,,,,,,,,,,,,,,,,,,,,,,,,,,,
01/01/2022 00:00:00,716044,7,10,E,OR,,0,0,,,,,,,,,,,,,,,,,,,,,,,,,,,,,,,,,
01/01/2022 00:00:00,716045,7,10,E,OR,,0,0,,,,,,,,,,,,,,,,,,,,,,,,,,,,,,,,,
01/01/2022 00:00:00,716046,7,10,W,OR,,0,0,,,,,,,,,,,,,,,,,,,,,,,,,,,,,,,,,
01/01/2022 00:00:00,716047,7,10,E,ML,0.265,0,0,2208.0,0.036,68.6,0.0,0.0,0.0,0.0,0.0,0.0,463.0,0.0255,74.3,670.0,0.0396,70.6,592.0,0.0412,67.0,483.0,0.0375,62.4,,,,,,,,,,,,
01/01/2022 00:00:00,716050,7,10,E,ML,0.42,0,0,2736.0,0.0507,68.0,0.0,0.0,0.0,0.0,0.0,0.0,573.0,0.036,73.7,830.0,0.0559,70.0,732.0,0.0581,66.4,601.0,0.0529,61.9,,,,,,,,,,,,
01/01/2022 00:00:00,716051,7,10,E,FR,,0,0,,,,,,,,,,,,,,,,,,,,,,,,,,,,,,,,,
01/01/2022 00:00:00,716054,7,10,W,OR,,0,0,,,,,,,,,,,,,,,,,,,,,,,,,,,,,,,,,
01/01/2022 00:00:00,716055,7,10,E,OR,,0,0,,,,,,,,,,,,,,,,,,,,,,,,,,,,,,,,,
01/01/2022 00:00:00,716057,7,10,E,ML,0.25,0,0,296.0,0.0126,65.1,0.0,0.0,0.0,0.0,0.0,0.0,62.0,0.0089,70.6,89.0,0.0138,67.0,80.0,0.0144,63.6,65.0,0.0131,59.2,,,,,,,,,,,,
01/01/2022 00:00:00,716058,7,10,W,OR,,0,0,,,,,,,,,,,,,,,,,,,,,,,,,,,,,,,,,
01/01/2022 00:00:00,716059,7,10,W,FR,,0,0,,,,,,,,,,,,,,,,,,,,,,,,,,,,,,,,,
01/01/2022 00:00:00,716060,7,10,E,OR,,0,0,,,,,,,,,,,,,,,,,,,,,,,,,,,,,,,,,
01/01/2022 00:00:00,716061,7,10,W,OR,,0,0,,,,,,,,,,,,,,,,,,,,,,,,,,,,,,,,,
01/01/2022 00:00:00,716063,7,10,W,ML,0.225,0,0,296.0,0.0126,65.1,0.0,0.0,0.0,0.0,0.0,0.0,62.0,0.0089,70.6,89.0,0.0138,67.0,80.0,0.0144,63.6,65.0,0.0131,59.2,,,,,,,,,,,,
01/01/2022 00:00:00,716064,7,10,W,OR,,0,0,,,,,,,,,,,,,,,,,,,,,,,,,,,,,,,,,
01/01/2022 00:00:00,716065,7,10,E,OR,,0,0,,,,,,,,,,,,,,,,,,,,,,,,,,,,,,,,,
01/01/2022 00:00:00,716066,7,10,E,OR,,0,0,,,,,,,,,,,,,,,,,,,,,,,,,,,,,,,,,
01/01/2022 00:00:00,716067,7,10,E,ML,0.125,357,100,1311.0,0.0244,69.2,0.0,0.0,0.0,0.0,0.0,0.0,566.0,0.0307,71.2,609.0,0.0349,68.7,136.0,0.0075,62.8,,,,,,,,,,,,,,,
01/01/2022 00:00:00,716069,7,10,E,ML,0.25,338,0,2257.0,0.0459,66.9,0.0,0.0,0.0,0.0,0.0,0.0,576.0,0.0417,72.0,643.0,0.0474,68.7,557.0,0.0499,64.3,481.0,0.0448,61.3,,,,,,,,,,,,
01/01/2022 00:00:00,716071,7,10,W,OR,,119,100,143.0,0.0103,,,,,,,,143.0,0.0103,,,,,,,,,,,,,,,,,,,,,,
01/01/2022 00:00:00,716072,7,10,E,ML,0.28,714,100,2471.0,0.0259,70.2,0.0,0.0,0.0,0.0,0.0,0.0,571.0,0.04,74.1,616.0,0.0371,72.1,363.0,0.0219,70.9,397.0,0.0235,69.7,374.0,0.0232,63.5,150.0,0.0095,64.7,,,,,,
01/01/2022 00:00:00,716074,7,10,W,FR,,119,100,155.0,0.0124,,,,,,,,155.0,0.0124,,,,,,,,,,,,,,,,,,,,,,
01/01/2022 00:00:00,716075,7,10,E,ML,0.37,714,100,2654.0,0.0263,70.0,0.0,0.0,0.0,0.0,0.0,0.0,522.0,0.0195,76.1,622.0,0.0394,71.7,487.0,0.0311,69.5,474.0,0.0304,67.8,279.0,0.0186,63.9,270.0,0.0189,64.6,,,,,,
01/01/2022 00:00:00,716076,7,10,W,ML,0.37,714,100,1509.0,0.0146,69.3,0.0,0.0,0.0,0.0,0.0,0.0,85.0,0.0047,76.2,267.0,0.0149,73.8,338.0,0.0188,71.9,310.0,0.0186,68.5,299.0,0.0186,64.4,210.0,0.0121,64.4,,,,,,
01/01/2022 00:00:00,716078,7,10,E,ML,0.5,714,0,2614.0,0.0307,65.4,0.0,0.0,0.0,0.0,0.0,0.0,381.0,0.0178,71.1,506.0,0.022,69.3,460.0,0.0284,67.9,400.0,0.0319,64.6,446.0,0.0442,59.7,421.0,0.0397,59.7,,,,,,
01/01/2022 00:00:00,716081,7,10,E,ML,0.19,476,100,2158.0,0.0313,68.1,0.0,0.0,0.0,0.0,0.0,0.0,554.0,0.0302,73.5,705.0,0.0404,68.9,551.0,0.0333,65.3,348.0,0.0212,62.0,,,,,,,,,,,,
01/01/2022 00:00:00,716084,7,10,W,ML,0.34,476,100,1065.0,0.0163,67.2,0.0,0.0,0.0,0.0,0.0,0.0,40.0,0.0022,74.6,290.0,0.0162,70.4,464.0,0.0276,67.2,271.0,0.0191,62.6,,,,,,,,,,,,
01/01/2022 00:00:00,716085,7,10,E,ML,0.38,476,100,2435.0,0.0427,67.6,0.0,0.0,0.0,0.0,0.0,0.0,656.0,0.0438,70.8,800.0,0.0539,69.3,646.0,0.0471,64.8,333.0,0.026,62.3,,,,,,,,,,,,
01/01/2022 00:00:00,716086,7,10,W,OR,,119,0,,,,,,,,,,,,,,,,,,,,,,,,,,,,,,,,,
01/01/2022 00:00:00,716087,7,10,E,ML,0.428,595,100,3172.0,0.0378,69.9,0.0,0.0,0.0,0.0,0.0,0.0,694.0,0.0387,73.4,969.0,0.06,71.8,725.0,0.0466,70.2,195.0,0.0132,69.2,589.0,0.0305,62.6,,,,,,,,,
01/01/2022 00:00:00,716088,7,10,W,ML,0.29,476,100,1506.0,0.0231,68.3,0.0,0.0,0.0,0.0,0.0,0.0,292.0,0.0162,74.0,440.0,0.0256,70.9,301.0,0.0199,67.7,473.0,0.0309,62.7,,,,,,,,,,,,
01/01/2022 00:00:00,716089,7,10,W,OR,,119,100,68.0,0.0072,,,,,,,,68.0,0.0072,,,,,,,,,,,,,,,,,,,,,,
01/01/2022 00:00:00,716090,7,10,E,OR,,0,0,,,,,,,,,,,,,,,,,,,,,,,,,,,,,,,,,
01/01/2022 00:00:00,716091,7,10,W,ML,0.495,476,0,1961.0,0.024,65.9,0.0,0.0,0.0,0.0,0.0,0.0,570.0,0.0169,69.9,601.0,0.0226,67.7,451.0,0.0351,63.1,339.0,0.0214,59.6,,,,,,,,,,,,
01/01/2022 00:00:00,716092,7,10,E,ML,0.446,476,100,2636.0,0.0388,68.1,0.0,0.0,0.0,0.0,0.0,0.0,733.0,0.0416,72.7,730.0,0.0438,69.9,592.0,0.0381,66.7,581.0,0.0317,61.5,,,,,,,,,,,,
01/01/2022 00:00:00,716093,7,10,E,OR,,119,100,93.0,0.0197,,,,,,,,93.0,0.0197,,,,,,,,,,,,,,,,,,,,,,
01/01/2022 00:00:00,716094,7,10,W,OR,,119,100,73.0,0.0144,,,,,,,,73.0,0.0144,,,,,,,,,,,,,,,,,,,,,,
01/01/2022 00:00:00,716095,7,10,E,OR,,119,100,50.0,0.0148,,,,,,,,50.0,0.0148,,,,,,,,,,,,,,,,,,,,,,
01/01/2022 00:00:00,716096,7,10,W,OR,,119,100,56.0,0.0165,,,,,,,,56.0,0.0165,,,,,,,,,,,,,,,,,,,,,,
01/01/2022 00:00:00,716097,7,10,E,OR,,119,100,102.0,0.0201,,,,,,,,102.0,0.0201,,,,,,,,,,,,,,,,,,,,,,
01/01/2022 00:00:00,716098,7,10,W,OR,,119,100,88.0,0.0156,,,,,,,,88.0,0.0156,,,,,,,,,,,,,,,,,,,,,,
01/01/2022 00:00:00,716099,7,10,E,OR,,119,100,107.0,0.0348,,,,,,,,107.0,0.0348,,,,,,,,,,,,,,,,,,,,,,
01/01/2022 00:00:00,716100,7,10,W,OR,,119,100,74.0,0.0174,,,,,,,,74.0,0.0174,,,,,,,,,,,,,,,,,,,,,,
01/01/2022 00:00:00,716101,7,10,W,ML,0.38,476,100,1580.0,0.0243,68.3,0.0,0.0,0.0,0.0,0.0,0.0,285.0,0.0152,74.3,449.0,0.0264,70.1,445.0,0.0286,66.8,401.0,0.0271,63.6,,,,,,,,,,,,
01/01/2022 00:00:00,716103,7,10,E,OR,,119,100,71.0,0.0197,,,,,,,,71.0,0.0197,,,,,,,,,,,,,,,,,,,,,,
01/01/2022 00:00:00,716104,7,10,W,OR,,119,100,44.0,0.0094,,,,,,,,44.0,0.0094,,,,,,,,,,,,,,,,,,,,,,
01/01/2022 00:00:00,716105,7,10,E,OR,,119,100,51.0,0.0096,,,,,,,,51.0,0.0096,,,,,,,,,,,,,,,,,,,,,,
01/01/2022 00:00:00,716106,7,10,W,OR,,118,100,48.0,0.0079,,,,,,,,48.0,0.0079,,,,,,,,,,,,,,,,,,,,,,
01/01/2022 00:00:00,716107,7,10,E,OR,,119,100,76.0,0.0145,,,,,,,,76.0,0.0145,,,,,,,,,,,,,,,,,,,,,,
01/01/2022 00:00:00,716108,7,10,W,OR,,119,100,67.0,0.006,,,,,,,,67.0,0.006,,,,,,,,,,,,,,,,,,,,,,
01/01/2022 00:00:00,716109,7,10,E,OR,,119,0,,,,,,,,,,,,,,,,,,,,,,,,,,,,,,,,,
01/01/2022 00:00:00,716110,7,10,W,OR,,119,100,62.0,0.0111,,,,,,,,62.0,0.0111,,,,,,,,,,,,,,,,,,,,,,
01/01/2022 00:00:00,716111,7,10,E,OR,,119,100,110.0,0.0211,,,,,,,,110.0,0.0211,,,,,,,,,,,,,,,,,,,,,,
01/01/2022 00:00:00,716112,7,10,W,OR,,119,100,92.0,0.0187,,,,,,,,92.0,0.0187,,,,,,,,,,,,,,,,,,,,,,
01/01/2022 00:00:00,716113,7,10,E,OR,,119,100,32.0,0.0051,,,,,,,,32.0,0.0051,,,,,,,,,,,,,,,,,,,,,,
01/01/2022 00:00:00,716114,7,10,W,OR,,0,0,,,,,,,,,,,,,,,,,,,,,,,,,,,,,,,,,
01/01/2022 00:00:00,716115,7,10,E,OR,,119,100,53.0,0.0077,,,,,,,,53.0,0.0077,,,,,,,,,,,,,,,,,,,,,,
01/01/2022 00:00:00,716116,7,10,W,OR,,119,100,73.0,0.0116,,,,,,,,73.0,0.0116,,,,,,,,,,,,,,,,,,,,,,
01/01/2022 00:00:00,716117,7,10,W,OR,,0,0,,,,,,,,,,,,,,,,,,,,,,,,,,,,,,,,,
01/01/2022 00:00:00,716118,7,10,E,OR,,119,100,104.0,0.0174,,,,,,,,104.0,0.0174,,,,,,,,,,,,,,,,,,,,,,
01/01/2022 00:00:00,716119,7,10,W,OR,,119,100,72.0,0.0099,,,,,,,,72.0,0.0099,,,,,,,,,,,,,,,,,,,,,,
01/01/2022 00:00:00,716120,7,10,E,OR,,119,100,26.0,0.0031,,,,,,,,26.0,0.0031,,,,,,,,,,,,,,,,,,,,,,
01/01/2022 00:00:00,716121,7,10,E,OR,,0,0,,,,,,,,,,,,,,,,,,,,,,,,,,,,,,,,,
01/01/2022 00:00:00,716124,7,10,W,OR,,119,100,235.0,0.0308,,,,,,,,235.0,0.0308,,,,,,,,,,,,,,,,,,,,,,
01/01/2022 00:00:00,716126,7,10,E,ML,0.475,0,0,2251.0,0.0453,64.4,0.0,0.0,0.0,0.0,0.0,0.0,521.0,0.0441,70.0,573.0,0.0462,66.7,604.0,0.0484,61.8,553.0,0.0424,59.7,,,,,,,,,,,,
01/01/2022 00:00:00,716127,7,10,W,OR,,119,100,214.0,0.0182,,,,,,,,214.0,0.0182,,,,,,,,,,,,,,,,,,,,,,
01/01/2022 00:00:00,716128,7,10,E,OR,,119,100,172.0,0.0126,,,,,,,,172.0,0.0126,,,,,,,,,,,,,,,,,,,,,,
01/01/2022 00:00:00,716129,7,10,W,OR,,119,100,128.0,0.0156,,,,,,,,128.0,0.0156,,,,,,,,,,,,,,,,,,,,,,
01/01/2022 00:00:00,716130,7,10,E,OR,,119,100,60.0,0.0068,,,,,,,,60.0,0.0068,,,,,,,,,,,,,,,,,,,,,,
01/01/2022 00:00:00,716131,7,10,W,OR,,119,100,65.0,0.0073,,,,,,,,65.0,0.0073,,,,,,,,,,,,,,,,,,,,,,
01/01/2022 00:00:00,716132,7,10,E,OR,,0,0,,,,,,,,,,,,,,,,,,,,,,,,,,,,,,,,,
01/01/2022 00:00:00,716133,7,10,E,OR,,0,0,,,,,,,,,,,,,,,,,,,,,,,,,,,,,,,,,
01/01/2022 00:00:00,716134,7,10,W,FR,,0,0,,,,,,,,,,,,,,,,,,,,,,,,,,,,,,,,,
01/01/2022 00:00:00,716135,7,10,W,OR,,119,100,110.0,0.0091,,,,,,,,110.0,0.0091,,,,,,,,,,,,,,,,,,,,,,
01/01/2022 00:00:00,716136,7,10,W,OR,,118,100,73.0,0.0088,,,,,,,,73.0,0.0088,,,,,,,,,,,,,,,,,,,,,,
01/01/2022 00:00:00,716137,7,10,E,OR,,119,100,98.0,0.0104,,,,,,,,98.0,0.0104,,,,,,,,,,,,,,,,,,,,,,
01/01/2022 00:00:00,716138,7,10,W,OR,,120,100,56.0,0.0068,,,,,,,,56.0,0.0068,,,,,,,,,,,,,,,,,,,,,,
01/01/2022 00:00:00,716139,7,10,W,OR,,119,100,195.0,0.0192,,,,,,,,195.0,0.0192,,,,,,,,,,,,,,,,,,,,,,
01/01/2022 00:00:00,716140,7,10,E,OR,,0,0,,,,,,,,,,,,,,,,,,,,,,,,,,,,,,,,,
01/01/2022 00:00:00,716141,7,10,W,OR,,119,0,,,,,,,,,,,,,,,,,,,,,,,,,,,,,,,,,
01/01/2022 00:00:00,716142,7,210,E,ML,0.8,476,100,1550.0,0.0209,69.6,0.0,0.0,0.0,0.0,0.0,0.0,411.0,0.0206,74.9,422.0,0.0219,71.4,394.0,0.0226,68.3,323.0,0.0185,61.7,,,,,,,,,,,,
01/01/2022 00:00:00,716143,7,210,E,ML,0.65,475,100,1181.0,0.0182,69.5,0.0,0.0,0.0,0.0,0.0,0.0,405.0,0.0244,75.2,270.0,0.0192,70.9,147.0,0.0084,67.1,359.0,0.0208,63.0,,,,,,,,,,,,
01/01/2022 00:00:00,716144,7,10,W,OR,,119,0,,,,,,,,,,,,,,,,,,,,,,,,,,,,,,,,,
01/01/2022 00:00:00,716145,7,10,E,OR,,119,0,,,,,,,,,,,,,,,,,,,,,,,,,,,,,,,,,
01/01/2022 00:00:00,716146,7,10,W,ML,0.5,357,0,1830.0,0.0363,63.6,0.0,0.0,0.0,0.0,0.0,0.1,374.0,0.0324,69.7,447.0,0.0377,66.5,378.0,0.0389,62.0,323.0,0.037,59.1,308.0,0.0356,58.4,,,,,,,,,
01/01/2022 00:00:00,716148,7,10,W,OR,,119,0,,,,,,,,,,,,,,,,,,,,,,,,,,,,,,,,,
01/01/2022 00:00:00,716149,7,10,E,OR,,119,0,,,,,,,,,,,,,,,,,,,,,,,,,,,,,,,,,
01/01/2022 00:00:00,716150,7,10,W,OR,,119,0,,,,,,,,,,,,,,,,,,,,,,,,,,,,,,,,,
01/01/2022 00:00:00,716151,7,10,E,OR,,119,0,,,,,,,,,,,,,,,,,,,,,,,,,,,,,,,,,
01/01/2022 00:00:00,716152,7,10,E,ML,0.48,476,50,2077.0,0.039,66.2,0.0,0.0,0.0,0.0,0.0,0.1,547.0,0.03,72.3,540.0,0.0316,70.1,519.0,0.0481,62.0,471.0,0.0465,59.0,,,,,,,,,,,,
01/01/2022 00:00:00,716153,7,10,W,ML,0.48,595,40,1231.0,0.0222,63.0,0.0,0.0,0.0,0.0,0.0,0.1,80.0,0.0036,76.5,168.0,0.0083,73.9,358.0,0.0358,62.1,319.0,0.0331,59.2,306.0,0.0302,58.8,,,,,,,,,
01/01/2022 00:00:00,716154,7,10,W,OR,,119,0,,,,,,,,,,,,,,,,,,,,,,,,,,,,,,,,,
01/01/2022 00:00:00,716155,7,10,E,OR,,119,0,,,,,,,,,,,,,,,,,,,,,,,,,,,,,,,,,
01/01/2022 00:00:00,716156,7,10,W,OR,,119,0,,,,,,,,,,,,,,,,,,,,,,,,,,,,,,,,,
01/01/2022 00:00:00,716157,7,10,E,OR,,119,0,,,,,,,,,,,,,,,,,,,,,,,,,,,,,,,,,
01/01/2022 00:00:00,716158,7,10,W,OR,,119,100,86.0,0.0075,,,,,,,,86.0,0.0075,,,,,,,,,,,,,,,,,,,,,,
01/01/2022 00:00:00,716159,7,10,W,OR,,119,100,52.0,0.0051,,,,,,,,52.0,0.0051,,,,,,,,,,,,,,,,,,,,,,
01/01/2022 00:00:00,716160,7,10,E,OR,,119,100,69.0,0.0069,,,,,,,,69.0,0.0069,,,,,,,,,,,,,,,,,,,,,,
01/01/2022 00:00:00,716161,7,10,W,OR,,119,100,51.0,0.0046,,,,,,,,51.0,0.0046,,,,,,,,,,,,,,,,,,,,,,
01/01/2022 00:00:00,716162,7,10,W,OR,,119,100,43.0,0.0051,,,,,,,,43.0,0.0051,,,,,,,,,,,,,,,,,,,,,,
01/01/2022 00:00:00,716163,7,10,E,OR,,119,0,,,,,,,,,,,,,,,,,,,,,,,,,,,,,,,,,
01/01/2022 00:00:00,716164,7,10,W,OR,,119,100,236.0,0.0216,,,,,,,,236.0,0.0216,,,,,,,,,,,,,,,,,,,,,,
01/01/2022 00:00:00,716165,7,10,E,OR,,119,100,56.0,0.0073,,,,,,,,56.0,0.0073,,,,,,,,,,,,,,,,,,,,,,
01/01/2022 00:00:00,716166,7,10,W,OR,,119,100,242.0,0.0187,,,,,,,,242.0,0.0187,,,,,,,,,,,,,,,,,,,,,,
01/01/2022 00:00:00,716167,7,10,E,OR,,119,100,21.0,0.0035,,,,,,,,21.0,0.0035,,,,,,,,,,,,,,,,,,,,,,
01/01/2022 00:00:00,716168,7,10,W,OR,,75,100,2409.0,0.9127,,,,,,,,2409.0,0.9127,,,,,,,,,,,,,,,,,,,,,,
01/01/2022 00:00:00,716169,7,10,E,OR,,119,100,26.0,0.0022,,,,,,,,26.0,0.0022,,,,,,,,,,,,,,,,,,,,,,
01/01/2022 00:00:00,716170,7,10,W,OR,,115,100,43.0,0.0582,,,,,,,,43.0,0.0582,,,,,,,,,,,,,,,,,,,,,,
01/01/2022 00:00:00,716171,7,10,E,OR,,118,100,30.0,0.0014,,,,,,,,30.0,0.0014,,,,,,,,,,,,,,,,,,,,,,
01/01/2022 00:00:00,716172,7,10,E,ML,0.695,0,0,1758.0,0.0343,67.9,0.0,0.0,0.0,0.0,0.0,0.0,429.0,0.0304,73.3,512.0,0.0352,69.9,438.0,0.0372,65.3,379.0,0.0344,62.2,,,,,,,,,,,,
01/01/2022 00:00:00,716174,7,10,W,ML,0.625,0,0,262.0,0.0132,66.7,0.0,0.0,0.0,0.0,0.0,0.0,66.0,0.0101,69.9,72.0,0.0136,67.6,64.0,0.0149,65.8,60.0,0.0142,63.2,,,,,,,,,,,,
01/01/2022 00:00:00,716176,7,10,W,ML,0.39,0,0,300.0,0.0126,65.7,0.0,0.0,0.0,0.0,0.0,0.0,66.0,0.0101,69.9,72.0,0.0136,67.6,64.0,0.0149,65.8,60.0,0.0142,63.2,38.0,0.0101,58.9,,,,,,,,,
01/01/2022 00:00:00,716178,7,10,W,OR,,0,0,,,,,,,,,,,,,,,,,,,,,,,,,,,,,,,,,
01/01/2022 00:00:00,716181,7,10,E,ML,0.89,1075,0,4733.0,0.0756,49.2,0.0,0.0,0.0,3.0,9.3,15.7,1051.0,0.0708,53.3,1076.0,0.0771,50.5,937.0,0.0816,47.5,861.0,0.0776,46.1,808.0,0.0707,47.4,,,,,,,,,
01/01/2022 00:00:00,716182,7,10,W,OR,,119,100,360.0,0.0228,,,,,,,,360.0,0.0228,,,,,,,,,,,,,,,,,,,,,,
01/01/2022 00:00:00,716183,7,10,E,OR,,119,100,120.0,0.0061,,,,,,,,120.0,0.0061,,,,,,,,,,,,,,,,,,,,,,
01/01/2022 00:00:00,716184,7,10,W,OR,,119,100,0.0,0.0,,,,,,,,0.0,0.0,,,,,,,,,,,,,,,,,,,,,,
01/01/2022 00:00:00,716185,7,10,E,OR,,120,100,82.0,0.0086,,,,,,,,82.0,0.0086,,,,,,,,,,,,,,,,,,,,,,
01/01/2022 00:00:00,716187,7,10,E,ML,0.515,836,75,3063.0,0.0502,69.7,0.0,0.0,0.0,0.0,0.0,0.1,875.0,0.0529,67.7,802.0,0.042,70.4,862.0,0.0566,77.4,524.0,0.0494,59.1,,,,,,,,,,,,
01/01/2022 00:00:00,716188,7,10,W,OR,,119,100,103.0,0.0039,,,,,,,,103.0,0.0039,,,,,,,,,,,,,,,,,,,,,,
01/01/2022 00:00:00,716189,7,10,W,OR,,117,100,131.0,0.0118,,,,,,,,131.0,0.0118,,,,,,,,,,,,,,,,,,,,,,
01/01/2022 00:00:00,716190,7,10,E,OR,,119,100,720.0,0.06,,,,,,,,720.0,0.06,,,,,,,,,,,,,,,,,,,,,,
01/01/2022 00:00:00,716191,7,10,W,OR,,118,100,206.0,0.016,,,,,,,,206.0,0.016,,,,,,,,,,,,,,,,,,,,,,
01/01/2022 00:00:00,716192,7,10,E,OR,,119,100,178.0,0.0152,,,,,,,,178.0,0.0152,,,,,,,,,,,,,,,,,,,,,,
01/01/2022 00:00:00,716193,7,10,W,ML,0.2,476,100,2933.0,0.0644,71.0,0.0,0.0,0.0,0.0,0.1,0.1,446.0,0.0169,74.9,916.0,0.0935,74.8,953.0,0.1116,70.8,618.0,0.0354,61.0,,,,,,,,,,,,
01/01/2022 00:00:00,716195,7,10,W,OR,,119,100,144.0,0.0097,,,,,,,,144.0,0.0097,,,,,,,,,,,,,,,,,,,,,,
01/01/2022 00:00:00,716196,7,10,E,OR,,119,100,229.0,0.0211,,,,,,,,229.0,0.0211,,,,,,,,,,,,,,,,,,,,,,
01/01/2022 00:00:00,716197,7,57,N,OR,,0,0,,,,,,,,,,,,,,,,,,,,,,,,,,,,,,,,,
01/01/2022 00:00:00,716200,7,57,S,OR,,120,100,52.0,0.0032,,,,,,,,52.0,0.0032,,,,,,,,,,,,,,,,,,,,,,
01/01/2022 00:00:00,716201,7,57,N,OR,,120,100,75.0,0.0048,,,,,,,,75.0,0.0048,,,,,,,,,,,,,,,,,,,,,,
01/01/2022 00:00:00,716203,7,57,N,ML,0.56,238,33,275.0,0.0088,65.3,0.0,0.0,0.0,0.0,0.0,0.0,79.0,0.0089,68.7,103.0,0.0055,69.5,93.0,0.0121,57.9,,,,,,,,,,,,,,,
01/01/2022 00:00:00,716204,7,60,W,OR,,0,0,,,,,,,,,,,,,,,,,,,,,,,,,,,,,,,,,
01/01/2022 00:00:00,716205,7,60,E,OR,,0,0,,,,,,,,,,,,,,,,,,,,,,,,,,,,,,,,,
01/01/2022 00:00:00,716206,7,60,W,ML,0.54,0,0,296.0,0.0126,65.2,0.0,0.0,0.0,0.0,0.0,0.0,79.0,0.0089,68.7,128.0,0.0158,66.6,89.0,0.0129,59.9,,,,,,,,,,,,,,,
01/01/2022 00:00:00,716207,7,60,W,OR,,0,0,,,,,,,,,,,,,,,,,,,,,,,,,,,,,,,,,
01/01/2022 00:00:00,716208,7,60,E,OR,,45,58,120.0,0.3009,,,,,,,,120.0,0.3009,,,,,,,,,,,,,,,,,,,,,,
01/01/2022 00:00:00,716209,7,60,E,OR,,0,0,,,,,,,,,,,,,,,,,,,,,,,,,,,,,,,,,
01/01/2022 00:00:00,716210,7,60,E,OR,,0,0,,,,,,,,,,,,,,,,,,,,,,,,,,,,,,,,,
01/01/2022 00:00:00,716211,7,60,W,OR,,0,0,,,,,,,,,,,,,,,,,,,,,,,,,,,,,,,,,
01/01/2022 00:00:00,716213,7,60,E,ML,0.47,0,0,3296.0,0.0466,69.5,0.0,0.0,0.0,0.0,0.0,0.0,689.0,0.033,75.3,1002.0,0.0513,71.5,882.0,0.0534,67.9,723.0,0.0486,63.3,,,,,,,,,,,,
01/01/2022 00:00:00,716214,7,60,W,OR,,0,0,,,,,,,,,,,,,,,,,,,,,,,,,,,,,,,,,
01/01/2022 00:00:00,716215,7,60,E,OR,,0,0,,,,,,,,,,,,,,,,,,,,,,,,,,,,,,,,,
01/01/2022 00:00:00,716216,7,60,E,OR,,0,0,,,,,,,,,,,,,,,,,,,,,,,,,,,,,,,,,
01/01/2022 00:00:00,716217,7,60,W,OR,,0,0,,,,,,,,,,,,,,,,,,,,,,,,,,,,,,,,,
01/01/2022 00:00:00,716218,7,60,W,OR,,0,0,,,,,,,,,,,,,,,,,,,,,,,,,,,,,,,,,
01/01/2022 00:00:00,716219,7,60,W,OR,,0,0,,,,,,,,,,,,,,,,,,,,,,,,,,,,,,,,,
01/01/2022 00:00:00,716220,7,60,E,OR,,0,0,,,,,,,,,,,,,,,,,,,,,,,,,,,,,,,,,
01/01/2022 00:00:00,716221,7,60,W,OR,,0,0,,,,,,,,,,,,,,,,,,,,,,,,,,,,,,,,,
01/01/2022 00:00:00,716222,7,60,E,OR,,119,100,41.0,0.0031,,,,,,,,41.0,0.0031,,,,,,,,,,,,,,,,,,,,,,
01/01/2022 00:00:00,716223,7,60,E,OR,,0,0,,,,,,,,,,,,,,,,,,,,,,,,,,,,,,,,,
01/01/2022 00:00:00,716224,7,60,W,OR,,0,0,,,,,,,,,,,,,,,,,,,,,,,,,,,,,,,,,
01/01/2022 00:00:00,716225,7,60,W,OR,,0,0,,,,,,,,,,,,,,,,,,,,,,,,,,,,,,,,,
01/01/2022 00:00:00,716226,7,60,E,OR,,0,0,,,,,,,,,,,,,,,,,,,,,,,,,,,,,,,,,
01/01/2022 00:00:00,716227,7,60,W,OR,,0,0,,,,,,,,,,,,,,,,,,,,,,,,,,,,,,,,,
01/01/2022 00:00:00,716228,7,60,E,OR,,0,0,,,,,,,,,,,,,,,,,,,,,,,,,,,,,,,,,
01/01/2022 00:00:00,716229,7,60,W,OR,,0,0,,,,,,,,,,,,,,,,,,,,,,,,,,,,,,,,,
01/01/2022 00:00:00,716230,7,60,E,OR,,0,0,,,,,,,,,,,,,,,,,,,,,,,,,,,,,,,,,
01/01/2022 00:00:00,716231,7,60,E,OR,,118,100,3.0,0.0003,,,,,,,,3.0,0.0003,,,,,,,,,,,,,,,,,,,,,,
01/01/2022 00:00:00,716232,7,60,W,OR,,119,100,0.0,0.0,,,,,,,,0.0,0.0,,,,,,,,,,,,,,,,,,,,,,
01/01/2022 00:00:00,716233,7,60,W,OR,,0,0,,,,,,,,,,,,,,,,,,,,,,,,,,,,,,,,,
01/01/2022 00:00:00,716234,7,60,E,OR,,119,0,,,,,,,,,,,,,,,,,,,,,,,,,,,,,,,,,
01/01/2022 00:00:00,716235,7,60,E,ML,0.56,0,0,1225.0,0.0301,66.2,0.0,0.0,0.0,0.0,0.0,0.0,423.0,0.0251,70.5,324.0,0.0271,65.8,279.0,0.0376,63.4,199.0,0.0305,61.6,,,,,,,,,,,,
01/01/2022 00:00:00,716237,7,60,E,ML,0.535,0,0,3122.0,0.0492,67.2,0.0,0.0,0.0,0.0,0.1,0.2,88.0,0.0053,76.5,429.0,0.0271,73.4,668.0,0.0459,69.9,688.0,0.0909,67.2,641.0,0.0644,61.3,608.0,0.0616,63.4,,,,,,
01/01/2022 00:00:00,716238,7,60,W,ML,0.569,0,0,2624.0,0.0441,70.8,0.0,0.0,0.0,0.0,0.0,0.0,490.0,0.0288,73.6,533.0,0.039,71.2,540.0,0.0589,67.7,409.0,0.0418,64.8,652.0,0.0519,74.5,,,,,,,,,
01/01/2022 00:00:00,716239,7,60,E,OR,,0,0,,,,,,,,,,,,,,,,,,,,,,,,,,,,,,,,,
01/01/2022 00:00:00,716240,7,60,W,OR,,0,0,,,,,,,,,,,,,,,,,,,,,,,,,,,,,,,,,
01/01/2022 00:00:00,716241,7,60,W,ML,0.45,479,100,1797.0,0.0337,69.0,0.0,0.0,0.0,0.0,0.0,0.0,410.0,0.0277,74.1,540.0,0.0397,71.1,509.0,0.0402,66.3,338.0,0.0272,63.5,,,,,,,,,,,,
01/01/2022 00:00:00,716243,7,60,E,OR,,0,0,,,,,,,,,,,,,,,,,,,,,,,,,,,,,,,,,
01/01/2022 00:00:00,716244,7,60,W,OR,,0,0,,,,,,,,,,,,,,,,,,,,,,,,,,,,,,,,,
01/01/2022 00:00:00,716245,7,60,W,OR,,0,0,,,,,,,,,,,,,,,,,,,,,,,,,,,,,,,,,
01/01/2022 00:00:00,716246,7,60,E,OR,,0,0,,,,,,,,,,,,,,,,,,,,,,,,,,,,,,,,,
01/01/2022 00:00:00,716249,7,60,W,OR,,0,0,,,,,,,,,,,,,,,,,,,,,,,,,,,,,,,,,
01/01/2022 00:00:00,716250,7,60,E,OR,,0,0,,,,,,,,,,,,,,,,,,,,,,,,,,,,,,,,,
01/01/2022 00:00:00,716251,7,60,W,OR,,0,0,,,,,,,,,,,,,,,,,,,,,,,,,,,,,,,,,
01/01/2022 00:00:00,716252,7,60,E,OR,,0,0,,,,,,,,,,,,,,,,,,,,,,,,,,,,,,,,,
01/01/2022 00:00:00,716253,7,60,W,ML,0.25,0,0,1863.0,0.0478,64.0,0.0,0.0,0.0,0.0,0.0,0.1,74.0,0.0045,74.8,606.0,0.0474,68.5,595.0,0.0681,63.1,588.0,0.0713,58.8,,,,,,,,,,,,
01/01/2022 00:00:00,716254,7,60,E,ML,0.18,0,0,2901.0,0.0675,66.9,0.0,0.0,0.0,0.0,0.0,0.0,726.0,0.0496,71.6,815.0,0.0628,69.8,779.0,0.0867,62.0,581.0,0.0709,63.3,,,,,,,,,,,,
01/01/2022 00:00:00,716255,7,60,W,OR,,0,0,,,,,,,,,,,,,,,,,,,,,,,,,,,,,,,,,
01/01/2022 00:00:00,716256,7,60,W,OR,,0,0,,,,,,,,,,,,,,,,,,,,,,,,,,,,,,,,,
01/01/2022 00:00:00,716257,7,60,E,OR,,0,0,,,,,,,,,,,,,,,,,,,,,,,,,,,,,,,,,
01/01/2022 00:00:00,716258,7,60,W,OR,,0,0,,,,,,,,,,,,,,,,,,,,,,,,,,,,,,,,,
01/01/2022 00:00:00,716259,7,60,E,OR,,0,0,,,,,,,,,,,,,,,,,,,,,,,,,,,,,,,,,
01/01/2022 00:00:00,716260,7,60,W,OR,,0,0,,,,,,,,,,,,,,,,,,,,,,,,,,,,,,,,,
01/01/2022 00:00:00,716261,7,60,E,OR,,0,0,,,,,,,,,,,,,,,,,,,,,,,,,,,,,,,,,
01/01/2022 00:00:00,716262,7,60,W,OR,,0,0,,,,,,,,,,,,,,,,,,,,,,,,,,,,,,,,,
01/01/2022 00:00:00,716263,7,60,E,OR,,0,0,,,,,,,,,,,,,,,,,,,,,,,,,,,,,,,,,
01/01/2022 00:00:00,716264,7,60,E,OR,,0,0,,,,,,,,,,,,,,,,,,,,,,,,,,,,,,,,,
01/01/2022 00:00:00,716265,7,60,E,ML,0.405,0,0,2726.0,0.0594,66.0,0.0,0.0,0.0,0.0,0.0,0.1,707.0,0.037,72.3,813.0,0.0674,67.6,605.0,0.0804,60.6,601.0,0.0529,61.9,,,,,,,,,,,,
01/01/2022 00:00:00,716267,7,60,W,OR,,0,0,,,,,,,,,,,,,,,,,,,,,,,,,,,,,,,,,
01/01/2022 00:00:00,716268,7,60,E,OR,,0,0,,,,,,,,,,,,,,,,,,,,,,,,,,,,,,,,,
01/01/2022 00:00:00,716269,7,60,W,OR,,0,0,,,,,,,,,,,,,,,,,,,,,,,,,,,,,,,,,
01/01/2022 00:00:00,716270,7,60,E,OR,,0,0,,,,,,,,,,,,,,,,,,,,,,,,,,,,,,,,,
01/01/2022 00:00:00,716271,7,71,S,ML,1.218,0,0,540.0,0.0451,70.1,0.0,0.0,0.0,0.0,0.0,0.0,540.0,0.0451,70.1,,,,,,,,,,,,,,,,,,,,,
01/01/2022 00:00:00,716272,7,91,E,ML,0.333,0,0,502.0,0.0198,65.7,0.0,0.0,0.0,0.0,0.0,0.0,172.0,0.0177,70.4,175.0,0.0209,66.3,155.0,0.0207,59.8,,,,,,,,,,,,,,,
01/01/2022 00:00:00,716273,7,91,E,ML,0.525,357,100,779.0,0.0184,68.5,0.0,0.0,0.0,0.0,0.0,0.0,179.0,0.0149,70.7,320.0,0.0226,70.8,280.0,0.0178,64.3,,,,,,,,,,,,,,,
01/01/2022 00:00:00,716274,7,91,W,OR,,119,100,17.0,0.0016,,,,,,,,17.0,0.0016,,,,,,,,,,,,,,,,,,,,,,
01/01/2022 00:00:00,716275,7,91,E,OR,,119,100,50.0,0.0059,,,,,,,,50.0,0.0059,,,,,,,,,,,,,,,,,,,,,,
01/01/2022 00:00:00,716276,7,91,W,OR,,118,100,68.0,0.0099,,,,,,,,68.0,0.0099,,,,,,,,,,,,,,,,,,,,,,
01/01/2022 00:00:00,716279,7,91,W,OR,,118,100,86.0,0.007,,,,,,,,86.0,0.007,,,,,,,,,,,,,,,,,,,,,,
01/01/2022 00:00:00,716281,7,91,E,OR,,119,100,153.0,0.0098,,,,,,,,153.0,0.0098,,,,,,,,,,,,,,,,,,,,,,
01/01/2022 00:00:00,716282,7,91,W,OR,,119,100,133.0,0.012,,,,,,,,133.0,0.012,,,,,,,,,,,,,,,,,,,,,,
01/01/2022 00:00:00,716283,7,91,E,OR,,119,100,211.0,0.014,,,,,,,,211.0,0.014,,,,,,,,,,,,,,,,,,,,,,
01/01/2022 00:00:00,716284,7,91,W,OR,,119,100,25.0,0.0021,,,,,,,,25.0,0.0021,,,,,,,,,,,,,,,,,,,,,,
01/01/2022 00:00:00,716285,7,91,E,OR,,0,0,,,,,,,,,,,,,,,,,,,,,,,,,,,,,,,,,
01/01/2022 00:00:00,716287,7,91,E,OR,,119,100,67.0,0.0067,,,,,,,,67.0,0.0067,,,,,,,,,,,,,,,,,,,,,,
01/01/2022 00:00:00,716289,7,91,W,OR,,0,0,,,,,,,,,,,,,,,,,,,,,,,,,,,,,,,,,
01/01/2022 00:00:00,716290,7,91,E,OR,,119,100,103.0,0.0138,,,,,,,,103.0,0.0138,,,,,,,,,,,,,,,,,,,,,,
01/01/2022 00:00:00,716292,7,91,W,OR,,119,100,80.0,0.006,,,,,,,,80.0,0.006,,,,,,,,,,,,,,,,,,,,,,
01/01/2022 00:00:00,716294,7,91,E,OR,,119,100,134.0,0.0126,,,,,,,,134.0,0.0126,,,,,,,,,,,,,,,,,,,,,,
01/01/2022 00:00:00,716295,7,91,W,ML,0.405,595,100,2059.0,0.0213,71.8,0.0,0.0,0.0,0.0,0.0,0.0,307.0,0.0154,76.4,425.0,0.0216,73.1,453.0,0.0272,75.3,492.0,0.0295,70.3,382.0,0.0127,64.4,,,,,,,,,
01/01/2022 00:00:00,716296,7,91,E,ML,0.53,119,20,3002.0,0.0417,68.5,0.0,0.0,0.0,0.0,0.0,0.0,629.0,0.0413,74.0,685.0,0.0466,70.7,571.0,0.0496,65.8,623.0,0.0298,68.8,494.0,0.0411,61.3,,,,,,,,,
01/01/2022 00:00:00,716297,7,91,W,OR,,119,100,140.0,0.0123,,,,,,,,140.0,0.0123,,,,,,,,,,,,,,,,,,,,,,
01/01/2022 00:00:00,716298,7,91,E,OR,,119,100,205.0,0.0188,,,,,,,,205.0,0.0188,,,,,,,,,,,,,,,,,,,,,,
01/01/2022 00:00:00,716299,7,91,W,OR,,119,100,149.0,0.0128,,,,,,,,149.0,0.0128,,,,,,,,,,,,,,,,,,,,,,
01/01/2022 00:00:00,716300,7,91,E,OR,,119,100,75.0,0.0083,,,,,,,,75.0,0.0083,,,,,,,,,,,,,,,,,,,,,,
01/01/2022 00:00:00,716301,7,91,W,OR,,119,100,175.0,0.0164,,,,,,,,175.0,0.0164,,,,,,,,,,,,,,,,,,,,,,
01/01/2022 00:00:00,716302,7,91,E,OR,,119,100,149.0,0.0143,,,,,,,,149.0,0.0143,,,,,,,,,,,,,,,,,,,,,,
01/01/2022 00:00:00,716303,7,91,W,OR,,119,100,110.0,0.0141,,,,,,,,110.0,0.0141,,,,,,,,,,,,,,,,,,,,,,
01/01/2022 00:00:00,716304,7,91,E,OR,,119,100,54.0,0.0112,,,,,,,,54.0,0.0112,,,,,,,,,,,,,,,,,,,,,,
01/01/2022 00:00:00,716305,7,91,W,OR,,119,100,138.0,0.0184,,,,,,,,138.0,0.0184,,,,,,,,,,,,,,,,,,,,,,
01/01/2022 00:00:00,716306,7,91,E,OR,,119,100,87.0,0.0084,,,,,,,,87.0,0.0084,,,,,,,,,,,,,,,,,,,,,,
01/01/2022 00:00:00,716307,7,91,E,OR,,53,100,98.0,0.2906,,,,,,,,98.0,0.2906,,,,,,,,,,,,,,,,,,,,,,
01/01/2022 00:00:00,716309,7,91,E,OR,,119,100,166.0,0.0164,,,,,,,,166.0,0.0164,,,,,,,,,,,,,,,,,,,,,,
01/01/2022 00:00:00,716310,7,91,W,OR,,119,100,249.0,0.0096,,,,,,,,249.0,0.0096,,,,,,,,,,,,,,,,,,,,,,
01/01/2022 00:00:00,716311,7,91,W,ML,0.52,0,0,2209.0,0.036,69.3,0.0,0.0,0.0,0.0,0.0,0.0,490.0,0.0288,73.6,533.0,0.039,71.2,469.0,0.0425,69.3,436.0,0.0405,66.6,281.0,0.029,62.1,,,,,,,,,
01/01/2022 00:00:00,716312,7,91,E,ML,0.52,0,0,2581.0,0.0413,66.3,0.0,0.0,0.0,0.0,0.0,0.0,468.0,0.0455,69.8,580.0,0.036,71.4,398.0,0.0395,65.8,469.0,0.0495,62.7,272.0,0.0373,62.8,394.0,0.0401,61.5,,,,,,
01/01/2022 00:00:00,716313,7,91,E,ML,0.575,0,0,1262.0,0.0208,67.1,0.0,0.0,0.0,0.0,0.0,0.0,423.0,0.0186,71.6,408.0,0.0238,68.0,431.0,0.02,61.8,,,,,,,,,,,,,,,
01/01/2022 00:00:00,716314,7,91,W,ML,0.575,0,0,2208.0,0.036,68.6,0.0,0.0,0.0,0.0,0.0,0.0,463.0,0.0255,74.3,670.0,0.0396,70.6,592.0,0.0412,67.0,483.0,0.0375,62.4,,,,,,,,,,,,
01/01/2022 00:00:00,716315,7,91,E,OR,,118,100,54.0,0.0086,,,,,,,,54.0,0.0086,,,,,,,,,,,,,,,,,,,,,,
01/01/2022 00:00:00,716316,7,91,W,OR,,119,100,115.0,0.0104,,,,,,,,115.0,0.0104,,,,,,,,,,,,,,,,,,,,,,
01/01/2022 00:00:00,716317,7,91,W,OR,,118,100,94.0,0.0162,,,,,,,,94.0,0.0162,,,,,,,,,,,,,,,,,,,,,,
01/01/2022 00:00:00,716318,7,91,E,OR,,0,0,,,,,,,,,,,,,,,,,,,,,,,,,,,,,,,,,
01/01/2022 00:00:00,716319,7,91,E,OR,,119,100,64.0,0.009,,,,,,,,64.0,0.009,,,,,,,,,,,,,,,,,,,,,,
01/01/2022 00:00:00,716320,7,91,W,OR,,0,0,,,,,,,,,,,,,,,,,,,,,,,,,,,,,,,,,
01/01/2022 00:00:00,716321,7,91,E,OR,,119,100,54.0,0.0058,,,,,,,,54.0,0.0058,,,,,,,,,,,,,,,,,,,,,,
01/01/2022 00:00:00,716322,7,91,W,OR,,119,100,64.0,0.0093,,,,,,,,64.0,0.0093,,,,,,,,,,,,,,,,,,,,,,
01/01/2022 00:00:00,716323,7,91,W,OR,,119,100,138.0,0.0123,,,,,,,,138.0,0.0123,,,,,,,,,,,,,,,,,,,,,,
01/01/2022 00:00:00,716325,7,91,W,OR,,119,100,106.0,0.0084,,,,,,,,106.0,0.0084,,,,,,,,,,,,,,,,,,,,,,
01/01/2022 00:00:00,716328,7,101,S,ML,0.365,0,0,3296.0,0.0466,69.5,0.0,0.0,0.0,0.0,0.0,0.0,689.0,0.033,75.3,1002.0,0.0513,71.5,882.0,0.0534,67.9,723.0,0.0486,63.3,,,,,,,,,,,,
01/01/2022 00:00:00,716330,7,101,N,OR,,0,0,,,,,,,,,,,,,,,,,,,,,,,,,,,,,,,,,
01/01/2022 00:00:00,716331,7,101,S,ML,0.355,0,0,2736.0,0.0507,68.0,0.0,0.0,0.0,0.0,0.0,0.0,573.0,0.036,73.7,830.0,0.0559,70.0,732.0,0.0581,66.4,601.0,0.0529,61.9,,,,,,,,,,,,
01/01/2022 00:00:00,716332,7,101,S,OR,,0,0,,,,,,,,,,,,,,,,,,,,,,,,,,,,,,,,,
01/01/2022 00:00:00,716333,7,101,N,OR,,0,0,,,,,,,,,,,,,,,,,,,,,,,,,,,,,,,,,
01/01/2022 00:00:00,716334,7,101,N,OR,,0,0,,,,,,,,,,,,,,,,,,,,,,,,,,,,,,,,,
01/01/2022 00:00:00,716335,7,101,S,OR,,0,0,,,,,,,,,,,,,,,,,,,,,,,,,,,,,,,,,
01/01/2022 00:00:00,716336,7,101,S,OR,,0,0,,,,,,,,,,,,,,,,,,,,,,,,,,,,,,,,,
01/01/2022 00:00:00,716337,7,101,N,ML,0.46,0,0,2208.0,0.036,68.6,0.0,0.0,0.0,0.0,0.0,0.0,463.0,0.0255,74.3,670.0,0.0396,70.6,592.0,0.0412,67.0,483.0,0.0375,62.4,,,,,,,,,,,,
01/01/2022 00:00:00,716338,7,57,S,OR,,118,100,110.0,0.0091,,,,,,,,110.0,0.0091,,,,,,,,,,,,,,,,,,,,,,
01/01/2022 00:00:00,716339,7,101,S,ML,0.525,0,0,3525.0,0.0504,68.7,0.0,0.0,0.0,0.0,0.0,0.0,737.0,0.0357,74.5,1069.0,0.0555,70.7,944.0,0.0577,67.1,775.0,0.0526,62.5,,,,,,,,,,,,
01/01/2022 00:00:00,716340,7,101,N,OR,,0,0,,,,,,,,,,,,,,,,,,,,,,,,,,,,,,,,,
01/01/2022 00:00:00,716341,7,101,S,OR,,0,0,,,,,,,,,,,,,,,,,,,,,,,,,,,,,,,,,
01/01/2022 00:00:00,716342,7,101,N,OR,,0,0,,,,,,,,,,,,,,,,,,,,,,,,,,,,,,,,,
01/01/2022 00:00:00,716343,7,101,S,FR,,0,0,,,,,,,,,,,,,,,,,,,,,,,,,,,,,,,,,
01/01/2022 00:00:00,716344,7,101,S,OR,,0,0,,,,,,,,,,,,,,,,,,,,,,,,,,,,,,,,,
01/01/2022 00:00:00,716345,7,101,N,FR,,0,0,,,,,,,,,,,,,,,,,,,,,,,,,,,,,,,,,
01/01/2022 00:00:00,716346,7,101,N,OR,,0,0,,,,,,,,,,,,,,,,,,,,,,,,,,,,,,,,,
01/01/2022 00:00:00,716347,7,101,S,FR,,0,0,,,,,,,,,,,,,,,,,,,,,,,,,,,,,,,,,
01/01/2022 00:00:00,716348,7,101,S,OR,,0,0,,,,,,,,,,,,,,,,,,,,,,,,,,,,,,,,,
01/01/2022 00:00:00,716349,7,101,S,OR,,0,0,,,,,,,,,,,,,,,,,,,,,,,,,,,,,,,,,
01/01/2022 00:00:00,716351,7,101,S,OR,,0,0,,,,,,,,,,,,,,,,,,,,,,,,,,,,,,,,,
01/01/2022 00:00:00,716352,7,101,N,OR,,0,0,,,,,,,,,,,,,,,,,,,,,,,,,,,,,,,,,
01/01/2022 00:00:00,716353,7,101,S,OR,,0,0,,,,,,,,,,,,,,,,,,,,,,,,,,,,,,,,,
01/01/2022 00:00:00,716355,7,101,N,OR,,0,0,,,,,,,,,,,,,,,,,,,,,,,,,,,,,,,,,
01/01/2022 00:00:00,716356,7,101,S,OR,,0,0,,,,,,,,,,,,,,,,,,,,,,,,,,,,,,,,,
01/01/2022 00:00:00,716358,7,101,S,OR,,0,0,,,,,,,,,,,,,,,,,,,,,,,,,,,,,,,,,
01/01/2022 00:00:00,716359,7,101,N,ML,0.565,478,100,3191.0,0.0368,70.4,0.0,0.0,0.0,0.0,0.0,0.0,541.0,0.0191,76.5,918.0,0.0325,74.2,821.0,0.0416,68.1,911.0,0.054,65.1,,,,,,,,,,,,
01/01/2022 00:00:00,716360,7,101,S,OR,,0,0,,,,,,,,,,,,,,,,,,,,,,,,,,,,,,,,,
01/01/2022 00:00:00,716362,7,101,S,OR,,0,0,,,,,,,,,,,,,,,,,,,,,,,,,,,,,,,,,
01/01/2022 00:00:00,716363,7,101,N,OR,,0,0,,,,,,,,,,,,,,,,,,,,,,,,,,,,,,,,,
01/01/2022 00:00:00,716364,7,101,N,OR,,0,0,,,,,,,,,,,,,,,,,,,,,,,,,,,,,,,,,
01/01/2022 00:00:00,716365,7,101,S,OR,,0,0,,,,,,,,,,,,,,,,,,,,,,,,,,,,,,,,,
01/01/2022 00:00:00,716366,7,101,S,OR,,119,0,,,,,,,,,,,,,,,,,,,,,,,,,,,,,,,,,
01/01/2022 00:00:00,716367,7,101,N,OR,,119,100,225.0,0.0164,,,,,,,,225.0,0.0164,,,,,,,,,,,,,,,,,,,,,,
01/01/2022 00:00:00,716368,7,101,S,OR,,119,100,199.0,0.0174,,,,,,,,199.0,0.0174,,,,,,,,,,,,,,,,,,,,,,
01/01/2022 00:00:00,716369,7,101,N,OR,,118,100,213.0,0.0173,,,,,,,,213.0,0.0173,,,,,,,,,,,,,,,,,,,,,,
01/01/2022 00:00:00,716370,7,101,S,OR,,119,0,,,,,,,,,,,,,,,,,,,,,,,,,,,,,,,,,
01/01/2022 00:00:00,716371,7,101,N,OR,,113,100,32.0,0.0045,,,,,,,,32.0,0.0045,,,,,,,,,,,,,,,,,,,,,,
01/01/2022 00:00:00,716372,7,101,N,OR,,119,0,,,,,,,,,,,,,,,,,,,,,,,,,,,,,,,,,
01/01/2022 00:00:00,716373,7,101,S,OR,,119,0,,,,,,,,,,,,,,,,,,,,,,,,,,,,,,,,,
01/01/2022 00:00:00,716374,7,101,N,OR,,119,0,,,,,,,,,,,,,,,,,,,,,,,,,,,,,,,,,
01/01/2022 00:00:00,716375,7,101,S,OR,,119,0,,,,,,,,,,,,,,,,,,,,,,,,,,,,,,,,,
01/01/2022 00:00:00,716376,7,101,N,OR,,119,0,,,,,,,,,,,,,,,,,,,,,,,,,,,,,,,,,
01/01/2022 00:00:00,716377,7,101,S,OR,,119,0,,,,,,,,,,,,,,,,,,,,,,,,,,,,,,,,,
01/01/2022 00:00:00,716378,7,101,N,OR,,119,0,,,,,,,,,,,,,,,,,,,,,,,,,,,,,,,,,
01/01/2022 00:00:00,716379,7,101,S,OR,,119,0,,,,,,,,,,,,,,,,,,,,,,,,,,,,,,,,,
01/01/2022 00:00:00,716380,7,101,N,OR,,119,0,,,,,,,,,,,,,,,,,,,,,,,,,,,,,,,,,
01/01/2022 00:00:00,716381,7,101,S,OR,,0,0,,,,,,,,,,,,,,,,,,,,,,,,,,,,,,,,,
01/01/2022 00:00:00,716382,7,101,S,OR,,119,0,,,,,,,,,,,,,,,,,,,,,,,,,,,,,,,,,
01/01/2022 00:00:00,716383,7,101,S,OR,,119,0,,,,,,,,,,,,,,,,,,,,,,,,,,,,,,,,,
01/01/2022 00:00:00,716384,7,101,N,OR,,119,0,,,,,,,,,,,,,,,,,,,,,,,,,,,,,,,,,
01/01/2022 00:00:00,716385,7,101,S,OR,,119,0,,,,,,,,,,,,,,,,,,,,,,,,,,,,,,,,,
01/01/2022 00:00:00,716386,7,101,N,OR,,119,0,,,,,,,,,,,,,,,,,,,,,,,,,,,,,,,,,
01/01/2022 00:00:00,716387,7,101,S,OR,,119,0,,,,,,,,,,,,,,,,,,,,,,,,,,,,,,,,,
01/01/2022 00:00:00,716388,7,101,N,OR,,119,0,,,,,,,,,,,,,,,,,,,,,,,,,,,,,,,,,
01/01/2022 00:00:00,716389,7,101,S,OR,,119,0,,,,,,,,,,,,,,,,,,,,,,,,,,,,,,,,,
01/01/2022 00:00:00,716390,7,101,S,ML,0.79,475,100,2333.0,0.0624,79.0,0.0,0.0,0.0,0.0,0.0,0.0,180.0,0.0128,76.1,1691.0,0.2062,81.6,313.0,0.0197,71.2,149.0,0.0111,68.9,,,,,,,,,,,,
01/01/2022 00:00:00,716391,7,101,S,ML,0.76,475,100,1070.0,0.0299,64.7,0.0,0.1,0.1,0.2,0.3,0.4,190.0,0.0129,74.3,347.0,0.0612,59.0,360.0,0.0304,64.7,173.0,0.0152,62.9,,,,,,,,,,,,
01/01/2022 00:00:00,716392,7,101,S,ML,0.6,476,100,941.0,0.0178,69.0,0.0,0.0,0.0,0.0,0.0,0.0,189.0,0.0124,74.5,299.0,0.0211,70.9,302.0,0.0237,67.2,151.0,0.0138,62.0,,,,,,,,,,,,
01/01/2022 00:00:00,716395,7,101,S,OR,,119,0,,,,,,,,,,,,,,,,,,,,,,,,,,,,,,,,,
01/01/2022 00:00:00,716397,7,101,N,OR,,119,0,,,,,,,,,,,,,,,,,,,,,,,,,,,,,,,,,
01/01/2022 00:00:00,716399,7,101,S,OR,,119,100,75.0,0.0066,,,,,,,,75.0,0.0066,,,,,,,,,,,,,,,,,,,,,,
01/01/2022 00:00:00,716400,7,101,S,OR,,119,0,,,,,,,,,,,,,,,,,,,,,,,,,,,,,,,,,
01/01/2022 00:00:00,716402,7,105,W,ML,0.75,0,0,2207.0,0.036,68.6,0.0,0.0,0.0,0.0,0.0,0.0,585.0,0.0256,72.4,952.0,0.0453,70.2,670.0,0.037,63.1,,,,,,,,,,,,,,,
01/01/2022 00:00:00,716403,7,105,E,OR,,119,0,,,,,,,,,,,,,,,,,,,,,,,,,,,,,,,,,
01/01/2022 00:00:00,716404,7,105,W,ML,0.35,357,0,2207.0,0.036,68.6,0.0,0.0,0.0,0.0,0.0,0.0,585.0,0.0256,72.4,952.0,0.0453,70.2,670.0,0.037,63.1,,,,,,,,,,,,,,,
01/01/2022 00:00:00,716405,7,105,W,ML,0.45,0,0,2208.0,0.036,68.6,0.0,0.0,0.0,0.0,0.0,0.0,463.0,0.0255,74.3,670.0,0.0396,70.6,592.0,0.0412,67.0,483.0,0.0375,62.4,,,,,,,,,,,,
01/01/2022 00:00:00,716406,7,105,E,OR,,0,0,,,,,,,,,,,,,,,,,,,,,,,,,,,,,,,,,
01/01/2022 00:00:00,716407,7,105,W,ML,0.65,119,0,1164.0,0.0366,64.7,0.0,0.0,0.0,0.0,0.0,0.0,320.0,0.0319,68.7,440.0,0.0373,65.4,404.0,0.0405,60.7,,,,,,,,,,,,,,,
01/01/2022 00:00:00,716409,7,105,W,ML,0.75,310,33,1218.0,0.0357,63.9,0.0,0.0,0.0,0.0,0.0,0.1,515.0,0.0441,65.8,199.0,0.0124,69.4,504.0,0.0506,59.7,,,,,,,,,,,,,,,
01/01/2022 00:00:00,716410,7,105,E,OR,,0,0,,,,,,,,,,,,,,,,,,,,,,,,,,,,,,,,,
01/01/2022 00:00:00,716411,7,105,W,OR,,119,100,205.0,0.0181,,,,,,,,205.0,0.0181,,,,,,,,,,,,,,,,,,,,,,
01/01/2022 00:00:00,716412,7,105,E,OR,,0,0,,,,,,,,,,,,,,,,,,,,,,,,,,,,,,,,,
01/01/2022 00:00:00,716413,7,105,W,ML,0.6,0,0,2397.0,0.0537,63.1,0.0,0.0,0.0,0.0,0.0,0.2,588.0,0.048,68.3,665.0,0.054,65.1,591.0,0.0575,60.5,553.0,0.0554,57.9,,,,,,,,,,,,
01/01/2022 00:00:00,716414,7,105,E,ML,0.5,0,0,2208.0,0.036,68.6,0.0,0.0,0.0,0.0,0.0,0.0,463.0,0.0255,74.3,670.0,0.0396,70.6,592.0,0.0412,67.0,483.0,0.0375,62.4,,,,,,,,,,,,
01/01/2022 00:00:00,716415,7,105,W,OR,,118,100,52.0,0.0038,,,,,,,,52.0,0.0038,,,,,,,,,,,,,,,,,,,,,,
01/01/2022 00:00:00,716416,7,105,E,OR,,0,0,,,,,,,,,,,,,,,,,,,,,,,,,,,,,,,,,
01/01/2022 00:00:00,716417,7,105,W,OR,,0,0,,,,,,,,,,,,,,,,,,,,,,,,,,,,,,,,,
01/01/2022 00:00:00,716418,7,105,E,OR,,0,0,,,,,,,,,,,,,,,,,,,,,,,,,,,,,,,,,
01/01/2022 00:00:00,716419,7,105,E,ML,0.55,0,0,2208.0,0.036,68.6,0.0,0.0,0.0,0.0,0.0,0.0,463.0,0.0255,74.3,670.0,0.0396,70.6,592.0,0.0412,67.0,483.0,0.0375,62.4,,,,,,,,,,,,
01/01/2022 00:00:00,716420,7,105,W,ML,0.6,0,0,2208.0,0.036,68.6,0.0,0.0,0.0,0.0,0.0,0.0,463.0,0.0255,74.3,670.0,0.0396,70.6,592.0,0.0412,67.0,483.0,0.0375,62.4,,,,,,,,,,,,
01/01/2022 00:00:00,716421,7,105,E,ML,0.55,0,0,2208.0,0.036,68.6,0.0,0.0,0.0,0.0,0.0,0.0,463.0,0.0255,74.3,670.0,0.0396,70.6,592.0,0.0412,67.0,483.0,0.0375,62.4,,,,,,,,,,,,
01/01/2022 00:00:00,716422,7,105,W,ML,0.5,0,0,2208.0,0.036,68.6,0.0,0.0,0.0,0.0,0.0,0.0,463.0,0.0255,74.3,670.0,0.0396,70.6,592.0,0.0412,67.0,483.0,0.0375,62.4,,,,,,,,,,,,
01/01/2022 00:00:00,716423,7,105,W,OR,,0,0,,,,,,,,,,,,,,,,,,,,,,,,,,,,,,,,,
01/01/2022 00:00:00,716424,7,105,E,ML,0.6,0,0,300.0,0.0126,65.7,0.0,0.0,0.0,0.0,0.0,0.0,66.0,0.0101,69.9,72.0,0.0136,67.6,64.0,0.0149,65.8,60.0,0.0142,63.2,38.0,0.0101,58.9,,,,,,,,,
01/01/2022 00:00:00,716426,7,105,W,ML,0.495,0,0,1832.0,0.0262,68.6,0.0,0.0,0.0,0.0,0.0,0.0,383.0,0.0186,74.4,556.0,0.0288,70.6,492.0,0.03,67.0,401.0,0.0273,62.4,,,,,,,,,,,,
01/01/2022 00:00:00,716427,7,105,E,ML,0.32,0,0,2207.0,0.036,68.6,0.0,0.0,0.0,0.0,0.0,0.0,585.0,0.0256,72.4,952.0,0.0453,70.2,670.0,0.037,63.1,,,,,,,,,,,,,,,
01/01/2022 00:00:00,716428,7,105,W,ML,0.55,0,0,296.0,0.0126,65.2,0.0,0.0,0.0,0.0,0.0,0.0,79.0,0.0089,68.7,128.0,0.0158,66.6,89.0,0.0129,59.9,,,,,,,,,,,,,,,
01/01/2022 00:00:00,716430,7,105,E,FF,,0,0,,,,,,,,,,,,,,,,,,,,,,,,,,,,,,,,,
01/01/2022 00:00:00,716431,7,105,E,ML,0.3,0,0,2208.0,0.036,68.6,0.0,0.0,0.0,0.0,0.0,0.0,463.0,0.0255,74.3,670.0,0.0396,70.6,592.0,0.0412,67.0,483.0,0.0375,62.4,,,,,,,,,,,,
01/01/2022 00:00:00,716432,7,105,W,HV,0.3,0,0,298.0,0.0126,65.1,0.0,0.0,0.0,0.0,0.0,0.0,298.0,0.0126,65.1,,,,,,,,,,,,,,,,,,,,,
01/01/2022 00:00:00,716433,7,105,E,ML,0.3,0,0,2208.0,0.036,68.6,0.0,0.0,0.0,0.0,0.0,0.0,463.0,0.0255,74.3,670.0,0.0396,70.6,592.0,0.0412,67.0,483.0,0.0375,62.4,,,,,,,,,,,,
01/01/2022 00:00:00,716434,7,105,W,ML,0.3,0,0,2208.0,0.036,68.6,0.0,0.0,0.0,0.0,0.0,0.0,463.0,0.0255,74.3,670.0,0.0396,70.6,592.0,0.0412,67.0,483.0,0.0375,62.4,,,,,,,,,,,,
01/01/2022 00:00:00,716435,7,105,W,OR,,0,0,,,,,,,,,,,,,,,,,,,,,,,,,,,,,,,,,
01/01/2022 00:00:00,716436,7,105,E,OR,,0,0,,,,,,,,,,,,,,,,,,,,,,,,,,,,,,,,,
01/01/2022 00:00:00,716437,7,105,W,ML,0.65,357,0,2207.0,0.036,68.6,0.0,0.0,0.0,0.0,0.0,0.0,585.0,0.0256,72.4,952.0,0.0453,70.2,670.0,0.037,63.1,,,,,,,,,,,,,,,
01/01/2022 00:00:00,716438,7,105,E,OR,,109,100,16.0,0.0276,,,,,,,,16.0,0.0276,,,,,,,,,,,,,,,,,,,,,,
01/01/2022 00:00:00,716439,7,105,W,OR,,0,0,,,,,,,,,,,,,,,,,,,,,,,,,,,,,,,,,
01/01/2022 00:00:00,716440,7,105,E,ML,0.6,0,0,2258.0,0.0852,56.2,0.0,0.1,0.3,0.6,1.1,2.0,752.0,0.0793,59.5,806.0,0.0859,56.5,700.0,0.0904,52.5,,,,,,,,,,,,,,,
01/01/2022 00:00:00,716441,7,105,W,ML,0.4,0,0,296.0,0.0126,65.2,0.0,0.0,0.0,0.0,0.0,0.0,79.0,0.0089,68.7,128.0,0.0158,66.6,89.0,0.0129,59.9,,,,,,,,,,,,,,,
01/01/2022 00:00:00,716442,7,105,E,ML,0.6,0,0,2207.0,0.036,68.6,0.0,0.0,0.0,0.0,0.0,0.0,585.0,0.0256,72.4,952.0,0.0453,70.2,670.0,0.037,63.1,,,,,,,,,,,,,,,
01/01/2022 00:00:00,716443,7,105,W,ML,0.45,0,0,932.0,0.0314,65.2,0.0,0.0,0.0,0.0,0.0,0.0,277.0,0.0282,68.9,362.0,0.0332,65.7,293.0,0.0328,61.3,,,,,,,,,,,,,,,
01/01/2022 00:00:00,716444,7,105,W,OR,,119,100,248.0,0.0205,,,,,,,,248.0,0.0205,,,,,,,,,,,,,,,,,,,,,,
01/01/2022 00:00:00,716445,7,105,W,OR,,0,0,,,,,,,,,,,,,,,,,,,,,,,,,,,,,,,,,
01/01/2022 00:00:00,716446,7,105,E,OR,,0,0,,,,,,,,,,,,,,,,,,,,,,,,,,,,,,,,,
01/01/2022 00:00:00,716447,7,105,E,OR,,0,0,,,,,,,,,,,,,,,,,,,,,,,,,,,,,,,,,
01/01/2022 00:00:00,716448,7,105,W,ML,0.5,0,0,2350.0,0.0776,63.8,0.0,0.0,0.0,0.0,0.0,0.2,726.0,0.0648,68.1,802.0,0.0752,65.5,822.0,0.0929,58.5,,,,,,,,,,,,,,,
01/01/2022 00:00:00,716449,7,105,E,ML,0.65,0,0,296.0,0.0126,65.1,0.0,0.0,0.0,0.0,0.0,0.0,62.0,0.0089,70.6,89.0,0.0138,67.0,80.0,0.0144,63.6,65.0,0.0131,59.2,,,,,,,,,,,,
01/01/2022 00:00:00,716450,7,105,W,ML,0.455,476,100,2185.0,0.0193,69.6,0.0,0.0,0.0,0.0,0.0,0.0,527.0,0.0186,74.7,637.0,0.0224,71.0,751.0,0.0266,67.3,270.0,0.0095,62.7,,,,,,,,,,,,
01/01/2022 00:00:00,716451,7,105,W,FF,,0,0,,,,,,,,,,,,,,,,,,,,,,,,,,,,,,,,,
01/01/2022 00:00:00,716452,7,105,W,FF,,0,0,,,,,,,,,,,,,,,,,,,,,,,,,,,,,,,,,
01/01/2022 00:00:00,716453,7,105,E,ML,0.305,0,0,5101.0,0.0643,67.3,0.0,0.0,0.0,0.0,0.0,0.0,1352.0,0.0458,71.0,2201.0,0.081,68.8,1548.0,0.0663,61.9,,,,,,,,,,,,,,,
01/01/2022 00:00:00,716454,7,105,W,OR,,0,0,,,,,,,,,,,,,,,,,,,,,,,,,,,,,,,,,
01/01/2022 00:00:00,716455,7,105,W,OR,,0,0,,,,,,,,,,,,,,,,,,,,,,,,,,,,,,,,,
01/01/2022 00:00:00,716456,7,105,E,ML,0.47,0,0,5101.0,0.0643,67.9,0.0,0.0,0.0,0.0,0.0,0.0,1129.0,0.0514,72.2,1230.0,0.0697,69.8,1086.0,0.0761,67.9,1008.0,0.0725,65.3,648.0,0.0519,60.9,,,,,,,,,
01/01/2022 00:00:00,716457,7,105,W,ML,0.55,0,0,300.0,0.0126,65.7,0.0,0.0,0.0,0.0,0.0,0.0,66.0,0.0101,69.9,72.0,0.0136,67.6,64.0,0.0149,65.8,60.0,0.0142,63.2,38.0,0.0101,58.9,,,,,,,,,
01/01/2022 00:00:00,716458,7,105,E,OR,,0,0,,,,,,,,,,,,,,,,,,,,,,,,,,,,,,,,,
01/01/2022 00:00:00,716459,7,105,W,ML,0.45,0,0,2383.0,0.0616,63.5,0.0,0.0,0.0,0.0,0.0,0.1,793.0,0.0564,67.1,847.0,0.0623,63.9,743.0,0.066,59.4,,,,,,,,,,,,,,,
01/01/2022 00:00:00,716460,7,105,E,ML,0.4,0,0,2207.0,0.036,68.6,0.0,0.0,0.0,0.0,0.0,0.0,585.0,0.0256,72.4,952.0,0.0453,70.2,670.0,0.037,63.1,,,,,,,,,,,,,,,
01/01/2022 00:00:00,716461,7,105,W,ML,0.35,359,100,2029.0,0.0405,66.9,0.0,0.0,0.0,0.0,0.0,0.0,475.0,0.0244,71.5,719.0,0.0421,68.8,835.0,0.0551,62.6,,,,,,,,,,,,,,,
01/01/2022 00:00:00,716462,7,105,E,OR,,0,0,,,,,,,,,,,,,,,,,,,,,,,,,,,,,,,,,
01/01/2022 00:00:00,716463,7,105,W,OR,,0,0,,,,,,,,,,,,,,,,,,,,,,,,,,,,,,,,,
01/01/2022 00:00:00,716464,7,105,E,OR,,0,0,,,,,,,,,,,,,,,,,,,,,,,,,,,,,,,,,
01/01/2022 00:00:00,716466,7,105,E,ML,0.45,0,0,2207.0,0.036,68.6,0.0,0.0,0.0,0.0,0.0,0.0,585.0,0.0256,72.4,952.0,0.0453,70.2,670.0,0.037,63.1,,,,,,,,,,,,,,,
01/01/2022 00:00:00,716467,7,105,W,OR,,0,0,,,,,,,,,,,,,,,,,,,,,,,,,,,,,,,,,
01/01/2022 00:00:00,716468,7,105,E,OR,,0,0,,,,,,,,,,,,,,,,,,,,,,,,,,,,,,,,,
01/01/2022 00:00:00,716470,7,105,E,ML,0.665,480,0,2208.0,0.036,68.6,0.0,0.0,0.0,0.0,0.0,0.0,463.0,0.0255,74.3,670.0,0.0396,70.6,592.0,0.0412,67.0,483.0,0.0375,62.4,,,,,,,,,,,,
01/01/2022 00:00:00,716471,7,105,W,ML,0.55,0,0,296.0,0.0126,65.1,0.0,0.0,0.0,0.0,0.0,0.0,62.0,0.0089,70.6,89.0,0.0138,67.0,80.0,0.0144,63.6,65.0,0.0131,59.2,,,,,,,,,,,,
01/01/2022 00:00:00,716473,7,110,N,OR,,0,0,,,,,,,,,,,,,,,,,,,,,,,,,,,,,,,,,
01/01/2022 00:00:00,716474,7,110,N,OR,,120,0,,,,,,,,,,,,,,,,,,,,,,,,,,,,,,,,,
01/01/2022 00:00:00,716475,7,110,N,OR,,0,0,,,,,,,,,,,,,,,,,,,,,,,,,,,,,,,,,
01/01/2022 00:00:00,716476,7,110,N,OR,,0,0,,,,,,,,,,,,,,,,,,,,,,,,,,,,,,,,,
01/01/2022 00:00:00,716477,7,110,N,OR,,0,0,,,,,,,,,,,,,,,,,,,,,,,,,,,,,,,,,
01/01/2022 00:00:00,716478,7,110,N,OR,,0,0,,,,,,,,,,,,,,,,,,,,,,,,,,,,,,,,,
01/01/2022 00:00:00,716479,7,110,N,OR,,0,0,,,,,,,,,,,,,,,,,,,,,,,,,,,,,,,,,
01/01/2022 00:00:00,716480,7,110,N,OR,,119,100,48.0,0.0063,,,,,,,,48.0,0.0063,,,,,,,,,,,,,,,,,,,,,,
01/01/2022 00:00:00,716481,7,110,S,ML,0.67,0,0,296.0,0.0126,65.2,0.0,0.0,0.0,0.0,0.0,0.0,79.0,0.0089,68.7,128.0,0.0158,66.6,89.0,0.0129,59.9,,,,,,,,,,,,,,,
01/01/2022 00:00:00,716482,7,110,N,FF,,238,100,636.0,0.0112,,,,,,,,224.0,0.0079,,412.0,0.0146,,,,,,,,,,,,,,,,,,,
01/01/2022 00:00:00,716484,7,110,N,ML,0.77,119,0,2429.0,0.0442,64.7,0.0,0.0,0.0,0.0,0.0,0.0,477.0,0.0397,71.3,562.0,0.0454,67.8,495.0,0.0482,63.1,451.0,0.046,60.3,444.0,0.0419,60.0,,,,,,,,,
01/01/2022 00:00:00,716485,7,110,S,ML,0.555,0,0,1934.0,0.0382,69.8,0.0,0.0,0.0,0.0,0.0,0.0,375.0,0.0352,74.8,436.0,0.039,72.4,380.0,0.0407,70.4,390.0,0.0407,67.7,353.0,0.0354,63.1,,,,,,,,,
01/01/2022 00:00:00,716486,7,110,N,OR,,119,100,195.0,0.0242,,,,,,,,195.0,0.0242,,,,,,,,,,,,,,,,,,,,,,
01/01/2022 00:00:00,716487,7,110,S,OR,,119,0,,,,,,,,,,,,,,,,,,,,,,,,,,,,,,,,,
01/01/2022 00:00:00,716488,7,110,S,OR,,119,100,176.0,0.0161,,,,,,,,176.0,0.0161,,,,,,,,,,,,,,,,,,,,,,
01/01/2022 00:00:00,716489,7,110,N,OR,,119,100,71.0,0.0062,,,,,,,,71.0,0.0062,,,,,,,,,,,,,,,,,,,,,,
01/01/2022 00:00:00,716490,7,110,N,ML,0.445,0,0,1928.0,0.0377,70.3,0.0,0.0,0.0,0.0,0.0,0.0,490.0,0.0288,73.6,533.0,0.039,71.2,469.0,0.0425,69.3,436.0,0.0405,66.6,,,,,,,,,,,,
01/01/2022 00:00:00,716491,7,110,S,ML,0.515,0,0,2019.0,0.0392,66.4,0.0,0.0,0.0,0.0,0.0,0.0,406.0,0.0382,70.5,523.0,0.035,68.5,567.0,0.0415,65.0,523.0,0.0423,62.7,,,,,,,,,,,,
01/01/2022 00:00:00,716492,7,110,S,OR,,118,100,148.0,0.0135,,,,,,,,148.0,0.0135,,,,,,,,,,,,,,,,,,,,,,
01/01/2022 00:00:00,716493,7,110,N,OR,,119,0,,,,,,,,,,,,,,,,,,,,,,,,,,,,,,,,,
01/01/2022 00:00:00,716494,7,110,S,ML,0.32,592,100,1993.0,0.024,71.8,0.0,0.0,0.0,0.0,0.0,0.0,405.0,0.0221,76.4,524.0,0.0297,74.6,465.0,0.0293,70.7,365.0,0.0235,68.6,234.0,0.0151,64.2,,,,,,,,,
01/01/2022 00:00:00,716495,7,110,N,ML,0.27,594,100,1877.0,0.0246,70.8,0.0,0.0,0.0,0.0,0.0,0.0,263.0,0.0156,76.9,411.0,0.025,73.4,390.0,0.0249,72.7,392.0,0.028,68.9,421.0,0.0295,64.4,,,,,,,,,
01/01/2022 00:00:00,716496,7,110,N,OR,,0,0,,,,,,,,,,,,,,,,,,,,,,,,,,,,,,,,,
01/01/2022 00:00:00,716498,7,110,N,OR,,0,0,,,,,,,,,,,,,,,,,,,,,,,,,,,,,,,,,
01/01/2022 00:00:00,716499,7,110,N,ML,0.39,595,0,3296.0,0.0466,70.2,0.0,0.0,0.0,0.0,0.0,0.0,730.0,0.0372,74.6,795.0,0.0505,72.2,703.0,0.0551,70.2,650.0,0.0525,67.5,418.0,0.0376,62.9,,,,,,,,,
01/01/2022 00:00:00,716500,7,110,S,ML,0.795,714,50,4022.0,0.0526,67.3,0.0,0.0,0.0,0.0,0.0,0.1,872.0,0.0591,74.5,813.0,0.0566,71.5,561.0,0.0377,71.5,617.0,0.058,61.1,596.0,0.0533,60.2,563.0,0.0511,60.2,,,,,,
01/01/2022 00:00:00,716501,7,110,N,OR,,0,0,,,,,,,,,,,,,,,,,,,,,,,,,,,,,,,,,
01/01/2022 00:00:00,716502,7,110,S,OR,,0,0,,,,,,,,,,,,,,,,,,,,,,,,,,,,,,,,,
01/01/2022 00:00:00,716503,7,110,N,OR,,0,0,,,,,,,,,,,,,,,,,,,,,,,,,,,,,,,,,
01/01/2022 00:00:00,716504,7,110,S,OR,,0,0,,,,,,,,,,,,,,,,,,,,,,,,,,,,,,,,,
01/01/2022 00:00:00,716507,7,110,N,FR,,0,0,,,,,,,,,,,,,,,,,,,,,,,,,,,,,,,,,
01/01/2022 00:00:00,716508,7,110,N,OR,,0,0,,,,,,,,,,,,,,,,,,,,,,,,,,,,,,,,,
01/01/2022 00:00:00,716509,7,110,S,OR,,0,0,,,,,,,,,,,,,,,,,,,,,,,,,,,,,,,,,
01/01/2022 00:00:00,716510,7,110,S,OR,,0,0,,,,,,,,,,,,,,,,,,,,,,,,,,,,,,,,,
01/01/2022 00:00:00,716511,7,110,N,OR,,0,0,,,,,,,,,,,,,,,,,,,,,,,,,,,,,,,,,
01/01/2022 00:00:00,716512,7,110,N,OR,,0,0,,,,,,,,,,,,,,,,,,,,,,,,,,,,,,,,,
01/01/2022 00:00:00,716513,7,110,S,FR,,0,0,,,,,,,,,,,,,,,,,,,,,,,,,,,,,,,,,
01/01/2022 00:00:00,716514,7,110,S,OR,,0,0,,,,,,,,,,,,,,,,,,,,,,,,,,,,,,,,,
01/01/2022 00:00:00,716515,7,110,N,OR,,0,0,,,,,,,,,,,,,,,,,,,,,,,,,,,,,,,,,
01/01/2022 00:00:00,716516,7,110,S,OR,,0,0,,,,,,,,,,,,,,,,,,,,,,,,,,,,,,,,,
01/01/2022 00:00:00,716517,7,110,N,OR,,0,0,,,,,,,,,,,,,,,,,,,,,,,,,,,,,,,,,
01/01/2022 00:00:00,716518,7,110,N,OR,,0,0,,,,,,,,,,,,,,,,,,,,,,,,,,,,,,,,,
01/01/2022 00:00:00,716520,7,110,S,OR,,0,0,,,,,,,,,,,,,,,,,,,,,,,,,,,,,,,,,
01/01/2022 00:00:00,716521,7,110,S,OR,,0,0,,,,,,,,,,,,,,,,,,,,,,,,,,,,,,,,,
01/01/2022 00:00:00,716523,7,110,S,OR,,0,0,,,,,,,,,,,,,,,,,,,,,,,,,,,,,,,,,
01/01/2022 00:00:00,716524,7,110,S,OR,,0,0,,,,,,,,,,,,,,,,,,,,,,,,,,,,,,,,,
01/01/2022 00:00:00,716526,7,110,S,OR,,0,0,,,,,,,,,,,,,,,,,,,,,,,,,,,,,,,,,
01/01/2022 00:00:00,716527,7,118,W,OR,,119,100,119.0,0.0095,,,,,,,,119.0,0.0095,,,,,,,,,,,,,,,,,,,,,,
01/01/2022 00:00:00,716528,7,118,E,OR,,117,100,256.0,0.0201,,,,,,,,256.0,0.0201,,,,,,,,,,,,,,,,,,,,,,
01/01/2022 00:00:00,716529,7,118,E,OR,,119,100,216.0,0.0213,,,,,,,,216.0,0.0213,,,,,,,,,,,,,,,,,,,,,,
01/01/2022 00:00:00,716530,7,118,W,OR,,118,100,57.0,0.0062,,,,,,,,57.0,0.0062,,,,,,,,,,,,,,,,,,,,,,
01/01/2022 00:00:00,716531,7,118,W,OR,,118,100,85.0,0.0063,,,,,,,,85.0,0.0063,,,,,,,,,,,,,,,,,,,,,,
01/01/2022 00:00:00,716532,7,118,E,OR,,119,100,331.0,0.0264,,,,,,,,331.0,0.0264,,,,,,,,,,,,,,,,,,,,,,
01/01/2022 00:00:00,716533,7,118,W,OR,,119,100,81.0,0.0058,,,,,,,,81.0,0.0058,,,,,,,,,,,,,,,,,,,,,,
01/01/2022 00:00:00,716534,7,118,E,OR,,119,100,294.0,0.0229,,,,,,,,294.0,0.0229,,,,,,,,,,,,,,,,,,,,,,
01/01/2022 00:00:00,716535,7,118,W,OR,,119,100,142.0,0.0101,,,,,,,,142.0,0.0101,,,,,,,,,,,,,,,,,,,,,,
01/01/2022 00:00:00,716536,7,118,E,OR,,119,100,175.0,0.016,,,,,,,,175.0,0.016,,,,,,,,,,,,,,,,,,,,,,
01/01/2022 00:00:00,716537,7,118,E,OR,,119,100,157.0,0.0112,,,,,,,,157.0,0.0112,,,,,,,,,,,,,,,,,,,,,,
01/01/2022 00:00:00,716538,7,118,E,OR,,119,100,188.0,0.0146,,,,,,,,188.0,0.0146,,,,,,,,,,,,,,,,,,,,,,
01/01/2022 00:00:00,716540,7,118,W,OR,,119,100,47.0,0.0044,,,,,,,,47.0,0.0044,,,,,,,,,,,,,,,,,,,,,,
01/01/2022 00:00:00,716541,7,118,E,HV,0.495,119,100,24.0,0.0012,65.0,0.0,0.0,0.0,0.0,0.0,0.0,24.0,0.0012,65.0,,,,,,,,,,,,,,,,,,,,,
01/01/2022 00:00:00,716543,7,134,E,OR,,119,0,,,,,,,,,,,,,,,,,,,,,,,,,,,,,,,,,
01/01/2022 00:00:00,716544,7,134,W,OR,,119,0,,,,,,,,,,,,,,,,,,,,,,,,,,,,,,,,,
01/01/2022 00:00:00,716545,7,134,W,OR,,0,0,,,,,,,,,,,,,,,,,,,,,,,,,,,,,,,,,
01/01/2022 00:00:00,716546,7,134,E,OR,,0,0,,,,,,,,,,,,,,,,,,,,,,,,,,,,,,,,,
01/01/2022 00:00:00,716547,7,134,W,OR,,0,0,,,,,,,,,,,,,,,,,,,,,,,,,,,,,,,,,
01/01/2022 00:00:00,716548,7,134,E,OR,,0,0,,,,,,,,,,,,,,,,,,,,,,,,,,,,,,,,,
01/01/2022 00:00:00,716550,7,134,W,OR,,0,0,,,,,,,,,,,,,,,,,,,,,,,,,,,,,,,,,
01/01/2022 00:00:00,716551,7,134,W,ML,0.556,476,0,296.0,0.0126,65.1,0.0,0.0,0.0,0.0,0.0,0.0,62.0,0.0089,70.6,89.0,0.0138,67.0,80.0,0.0144,63.6,65.0,0.0131,59.2,,,,,,,,,,,,
01/01/2022 00:00:00,716552,7,134,E,OR,,119,0,,,,,,,,,,,,,,,,,,,,,,,,,,,,,,,,,
01/01/2022 00:00:00,716553,7,134,E,OR,,0,0,,,,,,,,,,,,,,,,,,,,,,,,,,,,,,,,,
01/01/2022 00:00:00,716554,7,134,W,ML,0.355,476,0,2208.0,0.036,68.6,0.0,0.0,0.0,0.0,0.0,0.0,463.0,0.0255,74.3,670.0,0.0396,70.6,592.0,0.0412,67.0,483.0,0.0375,62.4,,,,,,,,,,,,
01/01/2022 00:00:00,716555,7,134,W,OR,,0,0,,,,,,,,,,,,,,,,,,,,,,,,,,,,,,,,,
01/01/2022 00:00:00,716556,7,134,E,OR,,119,0,,,,,,,,,,,,,,,,,,,,,,,,,,,,,,,,,
01/01/2022 00:00:00,716557,7,134,W,OR,,119,0,,,,,,,,,,,,,,,,,,,,,,,,,,,,,,,,,
01/01/2022 00:00:00,716558,7,134,E,OR,,119,0,,,,,,,,,,,,,,,,,,,,,,,,,,,,,,,,,
01/01/2022 00:00:00,716559,7,134,E,OR,,119,0,,,,,,,,,,,,,,,,,,,,,,,,,,,,,,,,,
01/01/2022 00:00:00,716560,7,134,W,OR,,0,0,,,,,,,,,,,,,,,,,,,,,,,,,,,,,,,,,
01/01/2022 00:00:00,716561,7,134,E,OR,,119,0,,,,,,,,,,,,,,,,,,,,,,,,,,,,,,,,,
01/01/2022 00:00:00,716562,7,134,W,OR,,119,0,,,,,,,,,,,,,,,,,,,,,,,,,,,,,,,,,
01/01/2022 00:00:00,716563,7,134,E,OR,,0,0,,,,,,,,,,,,,,,,,,,,,,,,,,,,,,,,,
01/01/2022 00:00:00,716564,7,134,W,OR,,119,0,,,,,,,,,,,,,,,,,,,,,,,,,,,,,,,,,
01/01/2022 00:00:00,716565,7,134,E,OR,,119,0,,,,,,,,,,,,,,,,,,,,,,,,,,,,,,,,,
01/01/2022 00:00:00,716567,7,134,E,OR,,119,0,,,,,,,,,,,,,,,,,,,,,,,,,,,,,,,,,
01/01/2022 00:00:00,716568,7,170,S,OR,,0,0,,,,,,,,,,,,,,,,,,,,,,,,,,,,,,,,,
01/01/2022 00:00:00,716569,7,170,S,OR,,0,0,,,,,,,,,,,,,,,,,,,,,,,,,,,,,,,,,
01/01/2022 00:00:00,716570,7,170,S,OR,,0,0,,,,,,,,,,,,,,,,,,,,,,,,,,,,,,,,,
01/01/2022 00:00:00,716571,7,170,S,ML,1.16,0,0,296.0,0.0126,65.1,0.0,0.0,0.0,0.0,0.0,0.0,62.0,0.0089,70.6,89.0,0.0138,67.0,80.0,0.0144,63.6,65.0,0.0131,59.2,,,,,,,,,,,,
01/01/2022 00:00:00,716572,7,170,S,OR,,0,0,,,,,,,,,,,,,,,,,,,,,,,,,,,,,,,,,
01/01/2022 00:00:00,716573,7,170,S,ML,0.325,0,0,296.0,0.0126,65.2,0.0,0.0,0.0,0.0,0.0,0.0,79.0,0.0089,68.7,128.0,0.0158,66.6,89.0,0.0129,59.9,,,,,,,,,,,,,,,
01/01/2022 00:00:00,716574,7,170,S,OR,,0,0,,,,,,,,,,,,,,,,,,,,,,,,,,,,,,,,,
01/01/2022 00:00:00,716575,7,210,W,OR,,119,100,84.0,0.0069,,,,,,,,84.0,0.0069,,,,,,,,,,,,,,,,,,,,,,
01/01/2022 00:00:00,716576,7,210,E,OR,,119,100,59.0,0.005,,,,,,,,59.0,0.005,,,,,,,,,,,,,,,,,,,,,,
01/01/2022 00:00:00,716577,7,210,E,OR,,119,100,197.0,0.0191,,,,,,,,197.0,0.0191,,,,,,,,,,,,,,,,,,,,,,
01/01/2022 00:00:00,716578,7,210,W,OR,,118,100,44.0,0.0041,,,,,,,,44.0,0.0041,,,,,,,,,,,,,,,,,,,,,,
01/01/2022 00:00:00,716579,7,210,W,OR,,118,100,50.0,0.0043,,,,,,,,50.0,0.0043,,,,,,,,,,,,,,,,,,,,,,
01/01/2022 00:00:00,716580,7,210,E,OR,,118,100,137.0,0.0113,,,,,,,,137.0,0.0113,,,,,,,,,,,,,,,,,,,,,,
01/01/2022 00:00:00,716582,7,210,W,OR,,119,100,169.0,0.0154,,,,,,,,169.0,0.0154,,,,,,,,,,,,,,,,,,,,,,
01/01/2022 00:00:00,716583,7,210,W,OR,,119,100,263.0,0.0289,,,,,,,,263.0,0.0289,,,,,,,,,,,,,,,,,,,,,,
01/01/2022 00:00:00,716585,7,210,E,OR,,118,100,278.0,0.0197,,,,,,,,278.0,0.0197,,,,,,,,,,,,,,,,,,,,,,
01/01/2022 00:00:00,716586,7,210,W,OR,,119,100,230.0,0.0205,,,,,,,,230.0,0.0205,,,,,,,,,,,,,,,,,,,,,,
01/01/2022 00:00:00,716587,7,210,E,OR,,119,100,226.0,0.0169,,,,,,,,226.0,0.0169,,,,,,,,,,,,,,,,,,,,,,
01/01/2022 00:00:00,716588,7,210,W,OR,,119,100,264.0,0.0236,,,,,,,,264.0,0.0236,,,,,,,,,,,,,,,,,,,,,,
01/01/2022 00:00:00,716589,7,210,E,OR,,119,100,125.0,0.0049,,,,,,,,125.0,0.0049,,,,,,,,,,,,,,,,,,,,,,
01/01/2022 00:00:00,716590,7,210,E,OR,,119,100,240.0,0.0089,,,,,,,,240.0,0.0089,,,,,,,,,,,,,,,,,,,,,,
01/01/2022 00:00:00,716591,7,210,W,OR,,119,100,132.0,0.0117,,,,,,,,132.0,0.0117,,,,,,,,,,,,,,,,,,,,,,
01/01/2022 00:00:00,716592,7,210,W,OR,,119,100,108.0,0.0108,,,,,,,,108.0,0.0108,,,,,,,,,,,,,,,,,,,,,,
01/01/2022 00:00:00,716593,7,210,E,OR,,119,100,95.0,0.0074,,,,,,,,95.0,0.0074,,,,,,,,,,,,,,,,,,,,,,
01/01/2022 00:00:00,716594,7,210,W,OR,,119,100,107.0,0.0098,,,,,,,,107.0,0.0098,,,,,,,,,,,,,,,,,,,,,,
01/01/2022 00:00:00,716595,7,210,E,OR,,119,100,93.0,0.0086,,,,,,,,93.0,0.0086,,,,,,,,,,,,,,,,,,,,,,
01/01/2022 00:00:00,716596,7,210,W,OR,,119,100,18.0,0.0026,,,,,,,,18.0,0.0026,,,,,,,,,,,,,,,,,,,,,,
01/01/2022 00:00:00,716597,7,210,W,OR,,0,0,,,,,,,,,,,,,,,,,,,,,,,,,,,,,,,,,
01/01/2022 00:00:00,716598,7,210,E,OR,,119,100,67.0,0.0052,,,,,,,,67.0,0.0052,,,,,,,,,,,,,,,,,,,,,,
01/01/2022 00:00:00,716599,7,210,W,OR,,119,100,56.0,0.0076,,,,,,,,56.0,0.0076,,,,,,,,,,,,,,,,,,,,,,
01/01/2022 00:00:00,716600,7,210,E,OR,,119,100,44.0,0.0029,,,,,,,,44.0,0.0029,,,,,,,,,,,,,,,,,,,,,,
01/01/2022 00:00:00,716601,7,210,W,OR,,119,100,39.0,0.0038,,,,,,,,39.0,0.0038,,,,,,,,,,,,,,,,,,,,,,
01/01/2022 00:00:00,716602,7,210,W,OR,,119,100,71.0,0.0096,,,,,,,,71.0,0.0096,,,,,,,,,,,,,,,,,,,,,,
01/01/2022 00:00:00,716603,7,210,E,OR,,119,100,79.0,0.0072,,,,,,,,79.0,0.0072,,,,,,,,,,,,,,,,,,,,,,
01/01/2022 00:00:00,716604,7,210,W,OR,,119,100,74.0,0.0053,,,,,,,,74.0,0.0053,,,,,,,,,,,,,,,,,,,,,,
01/01/2022 00:00:00,716605,7,210,E,OR,,119,100,77.0,0.0071,,,,,,,,77.0,0.0071,,,,,,,,,,,,,,,,,,,,,,
01/01/2022 00:00:00,716606,7,210,E,OR,,119,100,123.0,0.0089,,,,,,,,123.0,0.0089,,,,,,,,,,,,,,,,,,,,,,
01/01/2022 00:00:00,716607,7,210,W,OR,,119,100,70.0,0.0048,,,,,,,,70.0,0.0048,,,,,,,,,,,,,,,,,,,,,,
01/01/2022 00:00:00,716608,7,210,W,OR,,119,100,39.0,0.0041,,,,,,,,39.0,0.0041,,,,,,,,,,,,,,,,,,,,,,
01/01/2022 00:00:00,716609,7,210,W,OR,,0,0,,,,,,,,,,,,,,,,,,,,,,,,,,,,,,,,,
01/01/2022 00:00:00,716610,7,210,W,OR,,119,100,71.0,0.0066,,,,,,,,71.0,0.0066,,,,,,,,,,,,,,,,,,,,,,
01/01/2022 00:00:00,716611,7,210,W,OR,,119,100,151.0,0.0185,,,,,,,,151.0,0.0185,,,,,,,,,,,,,,,,,,,,,,
01/01/2022 00:00:00,716612,7,210,W,OR,,119,100,192.0,0.0159,,,,,,,,192.0,0.0159,,,,,,,,,,,,,,,,,,,,,,
01/01/2022 00:00:00,716613,7,210,W,OR,,119,100,59.0,0.0045,,,,,,,,59.0,0.0045,,,,,,,,,,,,,,,,,,,,,,
01/01/2022 00:00:00,716614,7,210,W,OR,,119,100,86.0,0.0067,,,,,,,,86.0,0.0067,,,,,,,,,,,,,,,,,,,,,,
01/01/2022 00:00:00,716615,7,210,W,OR,,119,100,85.0,0.0076,,,,,,,,85.0,0.0076,,,,,,,,,,,,,,,,,,,,,,
01/01/2022 00:00:00,716616,7,210,E,OR,,119,100,76.0,0.0063,,,,,,,,76.0,0.0063,,,,,,,,,,,,,,,,,,,,,,
01/01/2022 00:00:00,716617,7,405,N,OR,,119,0,,,,,,,,,,,,,,,,,,,,,,,,,,,,,,,,,
01/01/2022 00:00:00,716619,7,405,S,OR,,119,0,,,,,,,,,,,,,,,,,,,,,,,,,,,,,,,,,
01/01/2022 00:00:00,716620,7,405,N,OR,,119,100,26.0,0.0042,,,,,,,,26.0,0.0042,,,,,,,,,,,,,,,,,,,,,,
01/01/2022 00:00:00,716621,7,405,S,OR,,119,100,29.0,0.0031,,,,,,,,29.0,0.0031,,,,,,,,,,,,,,,,,,,,,,
01/01/2022 00:00:00,716622,7,405,N,OR,,119,100,43.0,0.0054,,,,,,,,43.0,0.0054,,,,,,,,,,,,,,,,,,,,,,
01/01/2022 00:00:00,716623,7,405,S,OR,,118,100,66.0,0.0072,,,,,,,,66.0,0.0072,,,,,,,,,,,,,,,,,,,,,,
01/01/2022 00:00:00,716624,7,405,N,OR,,119,100,28.0,0.0041,,,,,,,,28.0,0.0041,,,,,,,,,,,,,,,,,,,,,,
01/01/2022 00:00:00,716625,7,405,S,OR,,119,100,31.0,0.006,,,,,,,,31.0,0.006,,,,,,,,,,,,,,,,,,,,,,
01/01/2022 00:00:00,716626,7,405,S,ML,0.26,595,60,1628.0,0.0199,69.8,0.0,0.0,0.0,0.0,0.0,0.0,341.0,0.0222,75.7,454.0,0.0287,69.9,348.0,0.0213,66.4,347.0,0.0176,69.6,138.0,0.0095,64.3,,,,,,,,,
01/01/2022 00:00:00,716628,7,405,S,OR,,119,100,128.0,0.0129,,,,,,,,128.0,0.0129,,,,,,,,,,,,,,,,,,,,,,
01/01/2022 00:00:00,716629,7,405,N,OR,,119,0,,,,,,,,,,,,,,,,,,,,,,,,,,,,,,,,,
01/01/2022 00:00:00,716630,7,405,N,OR,,119,100,32.0,0.003,,,,,,,,32.0,0.003,,,,,,,,,,,,,,,,,,,,,,
01/01/2022 00:00:00,716631,7,405,S,OR,,119,100,41.0,0.0062,,,,,,,,41.0,0.0062,,,,,,,,,,,,,,,,,,,,,,
01/01/2022 00:00:00,716632,7,405,N,ML,0.385,595,100,1520.0,0.0216,71.5,0.0,0.0,0.0,0.0,0.0,0.0,306.0,0.0201,76.2,370.0,0.026,72.6,387.0,0.0287,70.9,348.0,0.0261,69.2,109.0,0.0074,64.5,,,,,,,,,
01/01/2022 00:00:00,716634,7,405,S,OR,,119,0,,,,,,,,,,,,,,,,,,,,,,,,,,,,,,,,,
01/01/2022 00:00:00,716635,7,405,N,OR,,119,100,131.0,0.012,,,,,,,,131.0,0.012,,,,,,,,,,,,,,,,,,,,,,
01/01/2022 00:00:00,716636,7,405,N,OR,,117,100,137.0,0.026,,,,,,,,137.0,0.026,,,,,,,,,,,,,,,,,,,,,,
01/01/2022 00:00:00,716637,7,405,S,OR,,0,0,,,,,,,,,,,,,,,,,,,,,,,,,,,,,,,,,
01/01/2022 00:00:00,716638,7,405,N,OR,,119,100,25.0,0.0045,,,,,,,,25.0,0.0045,,,,,,,,,,,,,,,,,,,,,,
01/01/2022 00:00:00,716639,7,405,S,OR,,119,0,,,,,,,,,,,,,,,,,,,,,,,,,,,,,,,,,
01/01/2022 00:00:00,716640,7,405,N,OR,,117,100,48.0,0.006,,,,,,,,48.0,0.006,,,,,,,,,,,,,,,,,,,,,,
01/01/2022 00:00:00,716641,7,405,N,OR,,119,100,62.0,0.0114,,,,,,,,62.0,0.0114,,,,,,,,,,,,,,,,,,,,,,
01/01/2022 00:00:00,716642,7,405,S,OR,,118,100,45.0,0.0063,,,,,,,,45.0,0.0063,,,,,,,,,,,,,,,,,,,,,,
01/01/2022 00:00:00,716643,7,405,S,OR,,119,100,25.0,0.0046,,,,,,,,25.0,0.0046,,,,,,,,,,,,,,,,,,,,,,
01/01/2022 00:00:00,716644,7,405,N,FR,,119,100,105.0,0.013,,,,,,,,105.0,0.013,,,,,,,,,,,,,,,,,,,,,,
01/01/2022 00:00:00,716645,7,405,S,OR,,119,100,85.0,0.0102,,,,,,,,85.0,0.0102,,,,,,,,,,,,,,,,,,,,,,
01/01/2022 00:00:00,716646,7,405,N,OR,,119,100,122.0,0.0131,,,,,,,,122.0,0.0131,,,,,,,,,,,,,,,,,,,,,,
01/01/2022 00:00:00,716647,7,405,N,OR,,119,100,48.0,0.0069,,,,,,,,48.0,0.0069,,,,,,,,,,,,,,,,,,,,,,
01/01/2022 00:00:00,716649,7,405,N,OR,,119,100,120.0,0.0128,,,,,,,,120.0,0.0128,,,,,,,,,,,,,,,,,,,,,,
01/01/2022 00:00:00,716650,7,405,S,OR,,119,100,169.0,0.0206,,,,,,,,169.0,0.0206,,,,,,,,,,,,,,,,,,,,,,
01/01/2022 00:00:00,716651,7,405,S,OR,,119,100,39.0,0.0039,,,,,,,,39.0,0.0039,,,,,,,,,,,,,,,,,,,,,,
01/01/2022 00:00:00,716652,7,405,N,OR,,119,100,247.0,0.0118,,,,,,,,247.0,0.0118,,,,,,,,,,,,,,,,,,,,,,
01/01/2022 00:00:00,716653,7,405,N,OR,,119,100,13.0,0.0024,,,,,,,,13.0,0.0024,,,,,,,,,,,,,,,,,,,,,,
01/01/2022 00:00:00,716654,7,405,S,OR,,119,100,224.0,0.0191,,,,,,,,224.0,0.0191,,,,,,,,,,,,,,,,,,,,,,
01/01/2022 00:00:00,716655,7,405,S,OR,,119,100,113.0,0.0111,,,,,,,,113.0,0.0111,,,,,,,,,,,,,,,,,,,,,,
01/01/2022 00:00:00,716656,7,405,N,OR,,119,100,59.0,0.0072,,,,,,,,59.0,0.0072,,,,,,,,,,,,,,,,,,,,,,
01/01/2022 00:00:00,716657,7,405,S,OR,,119,100,21.0,0.0024,,,,,,,,21.0,0.0024,,,,,,,,,,,,,,,,,,,,,,
01/01/2022 00:00:00,716658,7,405,N,OR,,119,100,130.0,0.0117,,,,,,,,130.0,0.0117,,,,,,,,,,,,,,,,,,,,,,
01/01/2022 00:00:00,716659,7,405,N,ML,0.365,595,80,2156.0,0.0326,69.3,0.0,0.0,0.0,0.0,0.0,0.0,309.0,0.0195,76.2,505.0,0.033,74.0,537.0,0.0423,70.3,367.0,0.0266,66.7,438.0,0.0416,59.7,,,,,,,,,
01/01/2022 00:00:00,716660,7,405,S,ML,0.375,0,0,2387.0,0.0428,68.6,0.0,0.0,0.0,0.0,0.0,0.0,493.0,0.0393,75.1,570.0,0.0445,71.7,495.0,0.0468,67.2,438.0,0.0439,63.9,391.0,0.0394,62.5,,,,,,,,,
01/01/2022 00:00:00,716661,7,405,S,OR,,119,100,28.0,0.0026,,,,,,,,28.0,0.0026,,,,,,,,,,,,,,,,,,,,,,
01/01/2022 00:00:00,716663,7,405,N,ML,0.355,476,100,1395.0,0.026,67.7,0.0,0.0,0.0,0.0,0.0,0.0,273.0,0.0167,73.6,528.0,0.0428,68.3,399.0,0.0314,64.6,195.0,0.0131,63.2,,,,,,,,,,,,
01/01/2022 00:00:00,716664,7,405,N,OR,,118,100,41.0,0.0029,,,,,,,,41.0,0.0029,,,,,,,,,,,,,,,,,,,,,,
01/01/2022 00:00:00,716665,7,405,N,OR,,119,0,,,,,,,,,,,,,,,,,,,,,,,,,,,,,,,,,
01/01/2022 00:00:00,716666,7,405,S,OR,,0,0,,,,,,,,,,,,,,,,,,,,,,,,,,,,,,,,,
01/01/2022 00:00:00,716667,7,405,N,OR,,119,0,,,,,,,,,,,,,,,,,,,,,,,,,,,,,,,,,
01/01/2022 00:00:00,716668,7,405,S,OR,,0,0,,,,,,,,,,,,,,,,,,,,,,,,,,,,,,,,,
01/01/2022 00:00:00,716670,7,405,N,ML,0.545,0,0,1785.0,0.0459,64.3,0.0,0.0,0.0,0.0,0.0,0.1,441.0,0.0411,69.5,515.0,0.0465,66.2,434.0,0.0486,61.6,395.0,0.0473,58.8,,,,,,,,,,,,
01/01/2022 00:00:00,716671,7,405,N,OR,,0,0,,,,,,,,,,,,,,,,,,,,,,,,,,,,,,,,,
01/01/2022 00:00:00,716672,7,405,S,OR,,0,0,,,,,,,,,,,,,,,,,,,,,,,,,,,,,,,,,
01/01/2022 00:00:00,716674,7,405,S,ML,0.48,472,100,1637.0,0.0268,70.0,0.0,0.0,0.0,0.0,0.0,0.0,378.0,0.0224,73.1,477.0,0.0296,70.6,481.0,0.0345,70.5,301.0,0.0207,64.0,,,,,,,,,,,,
01/01/2022 00:00:00,716675,7,405,S,OR,,119,100,178.0,0.02,,,,,,,,178.0,0.02,,,,,,,,,,,,,,,,,,,,,,
01/01/2022 00:00:00,716676,7,405,N,OR,,119,0,,,,,,,,,,,,,,,,,,,,,,,,,,,,,,,,,
01/01/2022 00:00:00,716678,7,405,N,OR,,119,0,,,,,,,,,,,,,,,,,,,,,,,,,,,,,,,,,
01/01/2022 00:00:00,716680,7,405,N,OR,,119,0,,,,,,,,,,,,,,,,,,,,,,,,,,,,,,,,,
01/01/2022 00:00:00,716681,7,405,S,OR,,119,0,,,,,,,,,,,,,,,,,,,,,,,,,,,,,,,,,
01/01/2022 00:00:00,716682,7,405,S,OR,,119,100,77.0,0.008,,,,,,,,77.0,0.008,,,,,,,,,,,,,,,,,,,,,,
01/01/2022 00:00:00,716683,7,405,N,OR,,0,0,,,,,,,,,,,,,,,,,,,,,,,,,,,,,,,,,
01/01/2022 00:00:00,716684,7,405,S,OR,,119,100,61.0,0.0081,,,,,,,,61.0,0.0081,,,,,,,,,,,,,,,,,,,,,,
01/01/2022 00:00:00,716685,7,405,N,OR,,118,100,54.0,0.0059,,,,,,,,54.0,0.0059,,,,,,,,,,,,,,,,,,,,,,
01/01/2022 00:00:00,716686,7,405,S,OR,,119,0,,,,,,,,,,,,,,,,,,,,,,,,,,,,,,,,,
01/01/2022 00:00:00,716687,7,405,N,OR,,118,100,235.0,0.0371,,,,,,,,235.0,0.0371,,,,,,,,,,,,,,,,,,,,,,
01/01/2022 00:00:00,716688,7,405,N,OR,,119,0,,,,,,,,,,,,,,,,,,,,,,,,,,,,,,,,,
01/01/2022 00:00:00,716689,7,405,N,ML,0.385,594,80,1936.0,0.0267,69.3,0.0,0.0,0.0,0.0,0.0,0.0,264.0,0.0147,76.0,395.0,0.024,72.3,453.0,0.0297,73.2,417.0,0.0283,68.2,407.0,0.037,59.1,,,,,,,,,
01/01/2022 00:00:00,716691,7,405,S,OR,,118,100,57.0,0.0104,,,,,,,,57.0,0.0104,,,,,,,,,,,,,,,,,,,,,,
01/01/2022 00:00:00,716692,7,405,N,OR,,119,100,64.0,0.0051,,,,,,,,64.0,0.0051,,,,,,,,,,,,,,,,,,,,,,
01/01/2022 00:00:00,716693,7,405,S,OR,,119,100,36.0,0.0028,,,,,,,,36.0,0.0028,,,,,,,,,,,,,,,,,,,,,,
01/01/2022 00:00:00,716694,7,405,N,ML,0.488,594,80,1556.0,0.0209,69.9,0.0,0.0,0.0,0.0,0.0,0.0,243.0,0.0127,77.1,349.0,0.019,73.1,372.0,0.0218,73.0,233.0,0.0153,69.4,359.0,0.0354,59.0,,,,,,,,,
01/01/2022 00:00:00,716695,7,405,N,OR,,0,0,,,,,,,,,,,,,,,,,,,,,,,,,,,,,,,,,
01/01/2022 00:00:00,716696,7,405,N,OR,,0,0,,,,,,,,,,,,,,,,,,,,,,,,,,,,,,,,,
01/01/2022 00:00:00,716697,7,405,N,OR,,0,0,,,,,,,,,,,,,,,,,,,,,,,,,,,,,,,,,
01/01/2022 00:00:00,716698,7,405,N,OR,,0,0,,,,,,,,,,,,,,,,,,,,,,,,,,,,,,,,,
01/01/2022 00:00:00,716699,7,405,S,OR,,118,100,403.0,0.0317,,,,,,,,403.0,0.0317,,,,,,,,,,,,,,,,,,,,,,
01/01/2022 00:00:00,716700,7,405,S,OR,,119,100,88.0,0.009,,,,,,,,88.0,0.009,,,,,,,,,,,,,,,,,,,,,,
01/01/2022 00:00:00,716701,7,405,N,OR,,0,0,,,,,,,,,,,,,,,,,,,,,,,,,,,,,,,,,
01/01/2022 00:00:00,716709,7,405,S,OR,,118,100,117.0,0.0078,,,,,,,,117.0,0.0078,,,,,,,,,,,,,,,,,,,,,,
01/01/2022 00:00:00,716710,7,405,N,OR,,0,0,,,,,,,,,,,,,,,,,,,,,,,,,,,,,,,,,
01/01/2022 00:00:00,716712,7,405,S,OR,,119,100,195.0,0.0189,,,,,,,,195.0,0.0189,,,,,,,,,,,,,,,,,,,,,,
01/01/2022 00:00:00,716713,7,405,N,OR,,119,100,401.0,0.0506,,,,,,,,401.0,0.0506,,,,,,,,,,,,,,,,,,,,,,
01/01/2022 00:00:00,716714,7,405,N,ML,0.22,595,100,3555.0,0.0465,70.9,0.0,0.0,0.0,0.0,0.0,0.1,635.0,0.042,80.5,483.0,0.03,74.4,675.0,0.0403,77.8,896.0,0.0585,68.0,866.0,0.0617,59.5,,,,,,,,,
01/01/2022 00:00:00,716715,7,405,S,OR,,0,0,,,,,,,,,,,,,,,,,,,,,,,,,,,,,,,,,
01/01/2022 00:00:00,716716,7,405,N,FR,,0,0,,,,,,,,,,,,,,,,,,,,,,,,,,,,,,,,,
01/01/2022 00:00:00,716717,7,405,N,OR,,119,0,,,,,,,,,,,,,,,,,,,,,,,,,,,,,,,,,
01/01/2022 00:00:00,716719,7,405,S,ML,0.335,595,0,3060.0,0.0836,64.3,0.0,0.0,0.0,0.0,0.0,0.0,490.0,0.0858,69.0,566.0,0.0554,66.2,525.0,0.0872,64.5,561.0,0.0599,62.3,918.0,0.1299,61.6,,,,,,,,,
01/01/2022 00:00:00,716720,7,405,N,ML,0.41,595,0,3619.0,0.0543,63.7,0.0,0.0,0.0,0.0,0.0,0.4,613.0,0.0447,71.5,669.0,0.0493,68.7,620.0,0.0594,65.0,756.0,0.0819,60.8,703.0,0.0719,55.5,258.0,0.0187,59.2,,,,,,
01/01/2022 00:00:00,716721,7,405,S,OR,,119,100,403.0,0.0249,,,,,,,,403.0,0.0249,,,,,,,,,,,,,,,,,,,,,,
01/01/2022 00:00:00,716722,7,405,N,OR,,119,0,,,,,,,,,,,,,,,,,,,,,,,,,,,,,,,,,
01/01/2022 00:00:00,716723,7,405,S,OR,,118,100,177.0,0.0154,,,,,,,,177.0,0.0154,,,,,,,,,,,,,,,,,,,,,,
01/01/2022 00:00:00,716724,7,405,N,OR,,118,100,362.0,0.034,,,,,,,,362.0,0.034,,,,,,,,,,,,,,,,,,,,,,
01/01/2022 00:00:00,716725,7,405,S,OR,,119,100,147.0,0.011,,,,,,,,147.0,0.011,,,,,,,,,,,,,,,,,,,,,,
01/01/2022 00:00:00,716727,7,405,N,OR,,118,100,151.0,0.0161,,,,,,,,151.0,0.0161,,,,,,,,,,,,,,,,,,,,,,
01/01/2022 00:00:00,716728,7,405,S,OR,,119,100,103.0,0.0121,,,,,,,,103.0,0.0121,,,,,,,,,,,,,,,,,,,,,,
01/01/2022 00:00:00,716729,7,405,N,OR,,119,100,202.0,0.0205,,,,,,,,202.0,0.0205,,,,,,,,,,,,,,,,,,,,,,
01/01/2022 00:00:00,716731,7,405,N,OR,,119,100,15.0,0.0016,,,,,,,,15.0,0.0016,,,,,,,,,,,,,,,,,,,,,,
01/01/2022 00:00:00,716732,7,405,S,OR,,119,100,240.0,0.0172,,,,,,,,240.0,0.0172,,,,,,,,,,,,,,,,,,,,,,
01/01/2022 00:00:00,716733,7,405,N,ML,0.59,594,100,2738.0,0.0345,71.6,0.0,0.0,0.0,0.0,0.0,0.0,578.0,0.0343,76.0,593.0,0.0362,73.3,617.0,0.0439,72.2,578.0,0.0362,69.0,372.0,0.0219,65.0,,,,,,,,,
01/01/2022 00:00:00,716735,7,405,S,OR,,118,100,79.0,0.0066,,,,,,,,79.0,0.0066,,,,,,,,,,,,,,,,,,,,,,
01/01/2022 00:00:00,716736,7,405,N,OR,,119,100,80.0,0.0068,,,,,,,,80.0,0.0068,,,,,,,,,,,,,,,,,,,,,,
01/01/2022 00:00:00,716738,7,405,N,ML,0.605,714,100,2931.0,0.0352,68.3,0.0,0.0,0.0,0.0,0.0,0.0,445.0,0.0296,74.6,449.0,0.0306,72.3,533.0,0.0386,72.5,609.0,0.0457,65.6,582.0,0.0434,62.6,313.0,0.023,62.4,,,,,,
01/01/2022 00:00:00,716739,7,405,N,ML,0.425,0,0,2981.0,0.0427,65.8,0.0,0.0,0.0,0.0,0.0,0.1,503.0,0.0384,74.3,475.0,0.0354,71.1,398.0,0.0405,67.3,607.0,0.0382,63.3,598.0,0.0699,60.1,400.0,0.0335,59.5,,,,,,
01/01/2022 00:00:00,716740,7,405,S,FR,,118,100,109.0,0.0114,,,,,,,,109.0,0.0114,,,,,,,,,,,,,,,,,,,,,,
01/01/2022 00:00:00,716741,7,405,S,OR,,119,100,49.0,0.005,,,,,,,,49.0,0.005,,,,,,,,,,,,,,,,,,,,,,
01/01/2022 00:00:00,716742,7,101,S,OR,,117,100,112.0,0.0125,,,,,,,,112.0,0.0125,,,,,,,,,,,,,,,,,,,,,,
01/01/2022 00:00:00,716743,7,405,N,OR,,119,100,49.0,0.0048,,,,,,,,49.0,0.0048,,,,,,,,,,,,,,,,,,,,,,
01/01/2022 00:00:00,716744,7,405,S,OR,,117,100,123.0,0.0282,,,,,,,,123.0,0.0282,,,,,,,,,,,,,,,,,,,,,,
01/01/2022 00:00:00,716745,7,405,N,OR,,119,100,137.0,0.0111,,,,,,,,137.0,0.0111,,,,,,,,,,,,,,,,,,,,,,
01/01/2022 00:00:00,716746,7,405,N,OR,,119,100,185.0,0.0231,,,,,,,,185.0,0.0231,,,,,,,,,,,,,,,,,,,,,,
01/01/2022 00:00:00,716747,7,405,S,OR,,119,100,107.0,0.012,,,,,,,,107.0,0.012,,,,,,,,,,,,,,,,,,,,,,
01/01/2022 00:00:00,716748,7,405,S,OR,,119,100,120.0,0.01,,,,,,,,120.0,0.01,,,,,,,,,,,,,,,,,,,,,,
01/01/2022 00:00:00,716749,7,405,N,OR,,0,0,,,,,,,,,,,,,,,,,,,,,,,,,,,,,,,,,
01/01/2022 00:00:00,716750,7,405,S,OR,,0,0,,,,,,,,,,,,,,,,,,,,,,,,,,,,,,,,,
01/01/2022 00:00:00,716751,7,405,N,OR,,0,0,,,,,,,,,,,,,,,,,,,,,,,,,,,,,,,,,
01/01/2022 00:00:00,716752,7,405,S,OR,,0,0,,,,,,,,,,,,,,,,,,,,,,,,,,,,,,,,,
01/01/2022 00:00:00,716753,7,405,N,OR,,0,0,,,,,,,,,,,,,,,,,,,,,,,,,,,,,,,,,
01/01/2022 00:00:00,716754,7,405,S,OR,,119,100,109.0,0.0088,,,,,,,,109.0,0.0088,,,,,,,,,,,,,,,,,,,,,,
01/01/2022 00:00:00,716755,7,405,S,OR,,119,100,59.0,0.0078,,,,,,,,59.0,0.0078,,,,,,,,,,,,,,,,,,,,,,
01/01/2022 00:00:00,716756,7,605,N,OR,,119,100,110.0,0.0136,,,,,,,,110.0,0.0136,,,,,,,,,,,,,,,,,,,,,,
01/01/2022 00:00:00,716758,7,605,N,OR,,118,100,106.0,0.013,,,,,,,,106.0,0.013,,,,,,,,,,,,,,,,,,,,,,
01/01/2022 00:00:00,716759,7,605,N,OR,,0,0,,,,,,,,,,,,,,,,,,,,,,,,,,,,,,,,,
01/01/2022 00:00:00,716760,7,605,N,ML,0.47,476,100,1429.0,0.0206,67.7,0.0,0.0,0.0,0.0,0.0,0.0,236.0,0.0112,74.4,370.0,0.0187,70.5,373.0,0.0244,66.8,450.0,0.0279,62.5,,,,,,,,,,,,
01/01/2022 00:00:00,716761,7,605,N,OR,,119,100,86.0,0.0131,,,,,,,,86.0,0.0131,,,,,,,,,,,,,,,,,,,,,,
01/01/2022 00:00:00,716762,7,605,N,OR,,119,100,168.0,0.0139,,,,,,,,168.0,0.0139,,,,,,,,,,,,,,,,,,,,,,
01/01/2022 00:00:00,716763,7,605,N,OR,,118,100,47.0,0.0071,,,,,,,,47.0,0.0071,,,,,,,,,,,,,,,,,,,,,,
01/01/2022 00:00:00,716764,7,605,N,OR,,0,0,,,,,,,,,,,,,,,,,,,,,,,,,,,,,,,,,
01/01/2022 00:00:00,716767,7,57,S,OR,,120,100,398.0,0.0251,,,,,,,,398.0,0.0251,,,,,,,,,,,,,,,,,,,,,,
01/01/2022 00:00:00,716768,7,605,S,OR,,119,100,62.0,0.0024,,,,,,,,62.0,0.0024,,,,,,,,,,,,,,,,,,,,,,
01/01/2022 00:00:00,716769,7,605,S,OR,,119,100,189.0,0.0274,,,,,,,,189.0,0.0274,,,,,,,,,,,,,,,,,,,,,,
01/01/2022 00:00:00,716771,7,605,S,OR,,119,0,,,,,,,,,,,,,,,,,,,,,,,,,,,,,,,,,
01/01/2022 00:00:00,716772,7,605,S,OR,,119,100,183.0,0.0392,,,,,,,,183.0,0.0392,,,,,,,,,,,,,,,,,,,,,,
01/01/2022 00:00:00,716773,7,605,S,OR,,118,100,54.0,0.0044,,,,,,,,54.0,0.0044,,,,,,,,,,,,,,,,,,,,,,
01/01/2022 00:00:00,716774,7,605,S,OR,,117,100,40.0,0.0058,,,,,,,,40.0,0.0058,,,,,,,,,,,,,,,,,,,,,,
01/01/2022 00:00:00,716775,7,605,S,ML,0.535,0,0,2113.0,0.0393,62.1,0.0,0.0,0.0,0.0,0.1,0.3,438.0,0.0387,67.6,522.0,0.0449,64.2,470.0,0.0485,59.9,437.0,0.0462,57.3,246.0,0.0183,60.7,,,,,,,,,
01/01/2022 00:00:00,716776,7,605,S,ML,0.56,0,0,2208.0,0.036,68.6,0.0,0.0,0.0,0.0,0.0,0.0,463.0,0.0255,74.3,670.0,0.0396,70.6,592.0,0.0412,67.0,483.0,0.0375,62.4,,,,,,,,,,,,
01/01/2022 00:00:00,716778,7,605,S,ML,0.42,0,0,2806.0,0.0354,66.0,0.0,0.0,0.0,0.0,0.0,0.0,796.0,0.0568,71.2,325.0,0.0208,69.9,341.0,0.0228,67.8,488.0,0.042,62.3,446.0,0.0367,61.2,410.0,0.0329,61.0,,,,,,
01/01/2022 00:00:00,716779,7,605,S,OR,,118,100,99.0,0.0074,,,,,,,,99.0,0.0074,,,,,,,,,,,,,,,,,,,,,,
01/01/2022 00:00:00,716780,7,605,N,OR,,118,100,58.0,0.0066,,,,,,,,58.0,0.0066,,,,,,,,,,,,,,,,,,,,,,
01/01/2022 00:00:00,716781,7,605,S,OR,,0,0,,,,,,,,,,,,,,,,,,,,,,,,,,,,,,,,,
01/01/2022 00:00:00,716782,7,605,N,OR,,119,0,,,,,,,,,,,,,,,,,,,,,,,,,,,,,,,,,
01/01/2022 00:00:00,716784,7,605,N,ML,0.465,595,100,1909.0,0.0206,70.2,0.0,0.0,0.0,0.0,0.0,0.0,251.0,0.0118,75.8,378.0,0.0184,73.9,377.0,0.0194,72.3,430.0,0.0239,67.9,473.0,0.0293,64.5,,,,,,,,,
01/01/2022 00:00:00,716785,7,605,S,OR,,119,100,65.0,0.0043,,,,,,,,65.0,0.0043,,,,,,,,,,,,,,,,,,,,,,
01/01/2022 00:00:00,716786,7,605,S,OR,,0,0,,,,,,,,,,,,,,,,,,,,,,,,,,,,,,,,,
01/01/2022 00:00:00,716787,7,605,N,OR,,0,0,,,,,,,,,,,,,,,,,,,,,,,,,,,,,,,,,
01/01/2022 00:00:00,716788,7,605,N,ML,0.24,238,40,2028.0,0.0283,68.0,0.0,0.0,0.0,0.0,0.0,0.0,443.0,0.0287,74.6,356.0,0.0201,73.2,488.0,0.0402,64.1,335.0,0.0226,67.9,406.0,0.0299,60.7,,,,,,,,,
01/01/2022 00:00:00,716790,7,57,S,FR,,119,0,,,,,,,,,,,,,,,,,,,,,,,,,,,,,,,,,
01/01/2022 00:00:00,716791,7,605,N,OR,,0,0,,,,,,,,,,,,,,,,,,,,,,,,,,,,,,,,,
01/01/2022 00:00:00,716792,7,605,S,OR,,119,50,214.0,0.0041,,,,,,,,,,,214.0,0.0083,,,,,,,,,,,,,,,,,,,
01/01/2022 00:00:00,716793,7,605,S,OR,,0,0,,,,,,,,,,,,,,,,,,,,,,,,,,,,,,,,,
01/01/2022 00:00:00,716794,7,605,N,OR,,119,100,171.0,0.0151,,,,,,,,171.0,0.0151,,,,,,,,,,,,,,,,,,,,,,
01/01/2022 00:00:00,716795,7,605,S,OR,,118,100,218.0,0.0214,,,,,,,,218.0,0.0214,,,,,,,,,,,,,,,,,,,,,,
01/01/2022 00:00:00,716797,7,605,S,ML,0.598,0,0,2736.0,0.0507,68.1,0.0,0.0,0.0,0.0,0.0,0.0,727.0,0.0361,71.8,1180.0,0.0638,69.6,829.0,0.0522,62.6,,,,,,,,,,,,,,,
01/01/2022 00:00:00,716798,7,605,N,OR,,0,0,,,,,,,,,,,,,,,,,,,,,,,,,,,,,,,,,
01/01/2022 00:00:00,716799,7,605,S,OR,,119,0,,,,,,,,,,,,,,,,,,,,,,,,,,,,,,,,,
01/01/2022 00:00:00,716800,7,605,N,ML,0.557,476,100,2687.0,0.0444,67.6,0.0,0.0,0.0,0.0,0.0,0.0,676.0,0.0377,72.8,815.0,0.0578,68.0,724.0,0.0514,65.8,472.0,0.0309,62.0,,,,,,,,,,,,
01/01/2022 00:00:00,716802,7,605,S,OR,,0,0,,,,,,,,,,,,,,,,,,,,,,,,,,,,,,,,,
01/01/2022 00:00:00,716804,7,605,S,OR,,119,100,101.0,0.0114,,,,,,,,101.0,0.0114,,,,,,,,,,,,,,,,,,,,,,
01/01/2022 00:00:00,716805,7,605,N,OR,,0,0,,,,,,,,,,,,,,,,,,,,,,,,,,,,,,,,,
01/01/2022 00:00:00,716806,7,605,S,OR,,0,0,,,,,,,,,,,,,,,,,,,,,,,,,,,,,,,,,
01/01/2022 00:00:00,716807,7,605,N,OR,,119,100,100.0,0.0081,,,,,,,,100.0,0.0081,,,,,,,,,,,,,,,,,,,,,,
01/01/2022 00:00:00,716808,7,605,S,FR,,118,100,86.0,0.007,,,,,,,,86.0,0.007,,,,,,,,,,,,,,,,,,,,,,
01/01/2022 00:00:00,716810,7,605,S,ML,0.453,0,0,2818.0,0.0889,62.7,0.0,0.0,0.0,0.0,0.0,0.3,518.0,0.0397,69.7,894.0,0.1018,65.1,813.0,0.1124,60.3,593.0,0.1017,56.5,,,,,,,,,,,,
01/01/2022 00:00:00,716811,7,605,S,OR,,119,100,109.0,0.0038,,,,,,,,109.0,0.0038,,,,,,,,,,,,,,,,,,,,,,
01/01/2022 00:00:00,716812,7,605,N,OR,,117,100,82.0,0.0028,,,,,,,,82.0,0.0028,,,,,,,,,,,,,,,,,,,,,,
01/01/2022 00:00:00,716813,7,605,S,OR,,118,100,137.0,0.0207,,,,,,,,137.0,0.0207,,,,,,,,,,,,,,,,,,,,,,
01/01/2022 00:00:00,716814,7,605,N,OR,,0,0,,,,,,,,,,,,,,,,,,,,,,,,,,,,,,,,,
01/01/2022 00:00:00,716815,7,605,S,OR,,0,0,,,,,,,,,,,,,,,,,,,,,,,,,,,,,,,,,
01/01/2022 00:00:00,716817,7,605,S,OR,,0,0,,,,,,,,,,,,,,,,,,,,,,,,,,,,,,,,,
01/01/2022 00:00:00,716818,7,605,N,OR,,0,0,,,,,,,,,,,,,,,,,,,,,,,,,,,,,,,,,
01/01/2022 00:00:00,716819,7,605,N,ML,0.473,0,0,2208.0,0.036,68.6,0.0,0.0,0.0,0.0,0.0,0.0,463.0,0.0255,74.3,670.0,0.0396,70.6,592.0,0.0412,67.0,483.0,0.0375,62.4,,,,,,,,,,,,
01/01/2022 00:00:00,716821,7,605,S,OR,,119,100,76.0,0.0093,,,,,,,,76.0,0.0093,,,,,,,,,,,,,,,,,,,,,,
01/01/2022 00:00:00,716822,7,605,N,FR,,0,0,,,,,,,,,,,,,,,,,,,,,,,,,,,,,,,,,
01/01/2022 00:00:00,716823,7,605,N,OR,,119,100,59.0,0.0065,,,,,,,,59.0,0.0065,,,,,,,,,,,,,,,,,,,,,,
01/01/2022 00:00:00,716824,7,605,S,FR,,119,100,247.0,0.016,,,,,,,,247.0,0.016,,,,,,,,,,,,,,,,,,,,,,
01/01/2022 00:00:00,716825,7,605,S,OR,,0,0,,,,,,,,,,,,,,,,,,,,,,,,,,,,,,,,,
01/01/2022 00:00:00,716827,7,605,N,OR,,119,100,30.0,0.0038,,,,,,,,30.0,0.0038,,,,,,,,,,,,,,,,,,,,,,
01/01/2022 00:00:00,716828,7,605,S,OR,,119,100,60.0,0.0111,,,,,,,,60.0,0.0111,,,,,,,,,,,,,,,,,,,,,,
01/01/2022 00:00:00,716829,7,605,N,ML,0.97,0,0,1825.0,0.047,67.9,0.0,0.0,0.0,0.0,0.0,0.0,594.0,0.0423,71.7,658.0,0.0478,68.3,573.0,0.0508,63.6,,,,,,,,,,,,,,,
01/01/2022 00:00:00,716831,7,605,S,OR,,119,100,21.0,0.0024,,,,,,,,21.0,0.0024,,,,,,,,,,,,,,,,,,,,,,
01/01/2022 00:00:00,716832,7,605,S,OR,,0,0,,,,,,,,,,,,,,,,,,,,,,,,,,,,,,,,,
01/01/2022 00:00:00,716833,7,605,N,OR,,0,0,,,,,,,,,,,,,,,,,,,,,,,,,,,,,,,,,
01/01/2022 00:00:00,716834,7,605,N,ML,0.401,476,100,2051.0,0.0314,68.9,0.0,0.0,0.0,0.0,0.0,0.0,598.0,0.0396,73.7,556.0,0.0365,70.1,439.0,0.0222,67.7,458.0,0.0273,62.2,,,,,,,,,,,,
01/01/2022 00:00:00,716837,7,605,N,OR,,119,100,75.0,0.0075,,,,,,,,75.0,0.0075,,,,,,,,,,,,,,,,,,,,,,
01/01/2022 00:00:00,716838,7,605,S,OR,,119,100,217.0,0.0165,,,,,,,,217.0,0.0165,,,,,,,,,,,,,,,,,,,,,,
01/01/2022 00:00:00,716839,7,605,N,OR,,119,0,,,,,,,,,,,,,,,,,,,,,,,,,,,,,,,,,
01/01/2022 00:00:00,716841,7,605,N,ML,0.426,476,100,1277.0,0.0152,68.7,0.0,0.0,0.0,0.0,0.0,0.0,189.0,0.008,74.6,354.0,0.0168,71.3,435.0,0.0214,65.9,299.0,0.0147,65.9,,,,,,,,,,,,
01/01/2022 00:00:00,716842,7,605,N,OR,,119,100,53.0,0.0052,,,,,,,,53.0,0.0052,,,,,,,,,,,,,,,,,,,,,,
01/01/2022 00:00:00,716843,7,710,S,OR,,118,100,158.0,0.0271,,,,,,,,158.0,0.0271,,,,,,,,,,,,,,,,,,,,,,
01/01/2022 00:00:00,716844,7,710,N,OR,,119,100,85.0,0.0084,,,,,,,,85.0,0.0084,,,,,,,,,,,,,,,,,,,,,,
01/01/2022 00:00:00,716845,7,710,S,OR,,118,100,99.0,0.0078,,,,,,,,99.0,0.0078,,,,,,,,,,,,,,,,,,,,,,
01/01/2022 00:00:00,716846,7,710,N,OR,,0,0,,,,,,,,,,,,,,,,,,,,,,,,,,,,,,,,,
01/01/2022 00:00:00,716847,7,710,S,ML,0.665,357,0,1740.0,0.0384,67.9,0.0,0.0,0.0,0.0,0.0,0.0,394.0,0.0337,73.6,499.0,0.0389,70.2,445.0,0.0411,65.2,402.0,0.0399,62.2,,,,,,,,,,,,
01/01/2022 00:00:00,716849,7,710,S,OR,,118,100,169.0,0.0246,,,,,,,,169.0,0.0246,,,,,,,,,,,,,,,,,,,,,,
01/01/2022 00:00:00,716850,7,710,N,OR,,0,0,,,,,,,,,,,,,,,,,,,,,,,,,,,,,,,,,
01/01/2022 00:00:00,716851,7,710,S,OR,,119,0,,,,,,,,,,,,,,,,,,,,,,,,,,,,,,,,,
01/01/2022 00:00:00,716852,7,710,N,OR,,119,0,,,,,,,,,,,,,,,,,,,,,,,,,,,,,,,,,
01/01/2022 00:00:00,716853,7,710,S,OR,,119,100,35.0,0.0033,,,,,,,,35.0,0.0033,,,,,,,,,,,,,,,,,,,,,,
01/01/2022 00:00:00,716854,7,710,N,OR,,119,0,,,,,,,,,,,,,,,,,,,,,,,,,,,,,,,,,
01/01/2022 00:00:00,716855,7,710,S,OR,,119,0,,,,,,,,,,,,,,,,,,,,,,,,,,,,,,,,,
01/01/2022 00:00:00,716856,7,710,N,FF,,119,0,,,,,,,,,,,,,,,,,,,,,,,,,,,,,,,,,
01/01/2022 00:00:00,716857,7,710,S,ML,0.493,119,0,2030.0,0.0332,64.8,0.0,0.0,0.0,0.0,0.0,0.1,479.0,0.037,69.0,546.0,0.0423,65.8,302.0,0.0194,64.7,356.0,0.0323,64.9,347.0,0.0348,57.4,,,,,,,,,
01/01/2022 00:00:00,716858,7,710,N,OR,,0,0,,,,,,,,,,,,,,,,,,,,,,,,,,,,,,,,,
01/01/2022 00:00:00,716859,7,710,S,OR,,119,100,310.0,0.0332,,,,,,,,310.0,0.0332,,,,,,,,,,,,,,,,,,,,,,
01/01/2022 00:00:00,716860,7,710,S,OR,,0,0,,,,,,,,,,,,,,,,,,,,,,,,,,,,,,,,,
01/01/2022 00:00:00,716861,7,710,N,OR,,117,100,58.0,0.0062,,,,,,,,58.0,0.0062,,,,,,,,,,,,,,,,,,,,,,
01/01/2022 00:00:00,716862,7,710,N,OR,,0,0,,,,,,,,,,,,,,,,,,,,,,,,,,,,,,,,,
01/01/2022 00:00:00,716863,7,710,S,OR,,118,100,278.0,0.0208,,,,,,,,278.0,0.0208,,,,,,,,,,,,,,,,,,,,,,
01/01/2022 00:00:00,716864,7,710,N,OR,,0,0,,,,,,,,,,,,,,,,,,,,,,,,,,,,,,,,,
01/01/2022 00:00:00,716865,7,710,S,OR,,0,0,,,,,,,,,,,,,,,,,,,,,,,,,,,,,,,,,
01/01/2022 00:00:00,716866,7,710,N,OR,,119,100,181.0,0.0071,,,,,,,,181.0,0.0071,,,,,,,,,,,,,,,,,,,,,,
01/01/2022 00:00:00,716867,7,710,S,OR,,0,0,,,,,,,,,,,,,,,,,,,,,,,,,,,,,,,,,
01/01/2022 00:00:00,716868,7,710,S,OR,,119,100,61.0,0.0055,,,,,,,,61.0,0.0055,,,,,,,,,,,,,,,,,,,,,,
01/01/2022 00:00:00,716869,7,710,N,OR,,119,100,152.0,0.0134,,,,,,,,152.0,0.0134,,,,,,,,,,,,,,,,,,,,,,
01/01/2022 00:00:00,716870,7,710,S,OR,,119,0,,,,,,,,,,,,,,,,,,,,,,,,,,,,,,,,,
01/01/2022 00:00:00,716871,7,710,N,OR,,119,0,,,,,,,,,,,,,,,,,,,,,,,,,,,,,,,,,
01/01/2022 00:00:00,716872,7,57,S,OR,,119,100,108.0,0.0067,,,,,,,,108.0,0.0067,,,,,,,,,,,,,,,,,,,,,,
01/01/2022 00:00:00,716873,7,710,S,OR,,0,0,,,,,,,,,,,,,,,,,,,,,,,,,,,,,,,,,
01/01/2022 00:00:00,716875,7,710,S,ML,0.265,480,0,1579.0,0.0374,64.5,0.0,0.0,0.0,0.0,0.0,0.0,381.0,0.0321,69.9,449.0,0.0381,66.5,392.0,0.0409,62.0,357.0,0.0385,59.2,,,,,,,,,,,,
01/01/2022 00:00:00,716876,7,710,S,FF,,360,0,,,,,,,,,,,,,,,,,,,,,,,,,,,,,,,,,
01/01/2022 00:00:00,716878,7,710,S,OR,,0,0,,,,,,,,,,,,,,,,,,,,,,,,,,,,,,,,,
01/01/2022 00:00:00,716879,7,710,S,OR,,120,100,145.0,0.0131,,,,,,,,145.0,0.0131,,,,,,,,,,,,,,,,,,,,,,
01/01/2022 00:00:00,716880,7,60,W,OR,,119,100,120.0,0.0172,,,,,,,,120.0,0.0172,,,,,,,,,,,,,,,,,,,,,,
01/01/2022 00:00:00,716881,7,210,W,OR,,119,100,70.0,0.0054,,,,,,,,70.0,0.0054,,,,,,,,,,,,,,,,,,,,,,
01/01/2022 00:00:00,716882,7,710,S,FR,,119,0,,,,,,,,,,,,,,,,,,,,,,,,,,,,,,,,,
01/01/2022 00:00:00,716883,7,105,E,OR,,0,0,,,,,,,,,,,,,,,,,,,,,,,,,,,,,,,,,
01/01/2022 00:00:00,716884,7,405,S,OR,,0,0,,,,,,,,,,,,,,,,,,,,,,,,,,,,,,,,,
01/01/2022 00:00:00,716885,7,57,S,OR,,118,100,71.0,0.0081,,,,,,,,71.0,0.0081,,,,,,,,,,,,,,,,,,,,,,
01/01/2022 00:00:00,716887,7,10,E,OR,,119,0,,,,,,,,,,,,,,,,,,,,,,,,,,,,,,,,,
01/01/2022 00:00:00,716889,7,101,S,OR,,119,0,,,,,,,,,,,,,,,,,,,,,,,,,,,,,,,,,
01/01/2022 00:00:00,716890,7,10,W,OR,,0,0,,,,,,,,,,,,,,,,,,,,,,,,,,,,,,,,,
01/01/2022 00:00:00,716891,7,710,S,ML,0.435,0,0,1513.0,0.0424,66.0,0.0,0.0,0.0,0.0,0.0,0.0,479.0,0.0381,69.8,553.0,0.0434,66.5,481.0,0.0456,61.8,,,,,,,,,,,,,,,
01/01/2022 00:00:00,716893,7,60,E,OR,,120,100,14.0,0.0016,,,,,,,,14.0,0.0016,,,,,,,,,,,,,,,,,,,,,,
01/01/2022 00:00:00,716895,7,5,S,ML,0.575,453,50,2419.0,0.0438,66.8,0.0,0.0,0.0,0.0,0.0,0.0,853.0,0.0605,69.6,574.0,0.0498,63.7,642.0,0.0415,67.7,350.0,0.0236,63.2,,,,,,,,,,,,
01/01/2022 00:00:00,716896,7,5,N,ML,0.455,0,0,2208.0,0.036,68.6,0.0,0.0,0.0,0.0,0.0,0.0,463.0,0.0255,74.3,670.0,0.0396,70.6,592.0,0.0412,67.0,483.0,0.0375,62.4,,,,,,,,,,,,
01/01/2022 00:00:00,716898,7,5,S,ML,0.66,0,0,3299.0,0.0466,69.6,0.0,0.0,0.0,0.0,0.0,0.0,875.0,0.0331,73.4,1423.0,0.0587,71.1,1001.0,0.048,64.0,,,,,,,,,,,,,,,
01/01/2022 00:00:00,716899,7,5,N,ML,0.425,0,0,2207.0,0.036,68.6,0.0,0.0,0.0,0.0,0.0,0.0,585.0,0.0256,72.4,952.0,0.0453,70.2,670.0,0.037,63.1,,,,,,,,,,,,,,,
01/01/2022 00:00:00,716900,7,5,N,ML,0.46,0,0,2207.0,0.036,68.6,0.0,0.0,0.0,0.0,0.0,0.0,585.0,0.0256,72.4,952.0,0.0453,70.2,670.0,0.037,63.1,,,,,,,,,,,,,,,
01/01/2022 00:00:00,716902,7,5,S,ML,0.385,0,0,2709.0,0.0464,68.7,0.0,0.0,0.0,0.0,0.0,0.0,719.0,0.033,72.4,1169.0,0.0584,70.2,821.0,0.0478,63.2,,,,,,,,,,,,,,,
01/01/2022 00:00:00,716903,7,5,N,FR,,0,0,,,,,,,,,,,,,,,,,,,,,,,,,,,,,,,,,
01/01/2022 00:00:00,716904,7,5,N,ML,0.265,0,0,2709.0,0.0464,68.7,0.0,0.0,0.0,0.0,0.0,0.0,719.0,0.033,72.4,1169.0,0.0584,70.2,821.0,0.0478,63.2,,,,,,,,,,,,,,,
01/01/2022 00:00:00,716906,7,5,S,ML,0.5,0,0,3299.0,0.0466,69.6,0.0,0.0,0.0,0.0,0.0,0.0,875.0,0.0331,73.4,1423.0,0.0587,71.1,1001.0,0.048,64.0,,,,,,,,,,,,,,,
01/01/2022 00:00:00,716907,7,5,S,ML,0.41,0,0,3299.0,0.0466,69.6,0.0,0.0,0.0,0.0,0.0,0.0,875.0,0.0331,73.4,1423.0,0.0587,71.1,1001.0,0.048,64.0,,,,,,,,,,,,,,,
01/01/2022 00:00:00,716908,7,5,S,ML,0.635,0,0,3299.0,0.0466,69.6,0.0,0.0,0.0,0.0,0.0,0.0,875.0,0.0331,73.4,1423.0,0.0587,71.1,1001.0,0.048,64.0,,,,,,,,,,,,,,,
01/01/2022 00:00:00,716911,7,5,S,ML,0.47,0,0,2709.0,0.0464,68.7,0.0,0.0,0.0,0.0,0.0,0.0,719.0,0.033,72.4,1169.0,0.0584,70.2,821.0,0.0478,63.2,,,,,,,,,,,,,,,
01/01/2022 00:00:00,716912,7,5,S,ML,0.875,0,0,3299.0,0.0466,69.6,0.0,0.0,0.0,0.0,0.0,0.0,875.0,0.0331,73.4,1423.0,0.0587,71.1,1001.0,0.048,64.0,,,,,,,,,,,,,,,
01/01/2022 00:00:00,716916,7,5,S,ML,0.275,0,0,2684.0,0.0526,65.0,0.0,0.0,0.0,0.0,0.0,0.0,633.0,0.0418,69.7,904.0,0.0568,67.3,505.0,0.0479,62.6,642.0,0.0638,59.3,,,,,,,,,,,,
01/01/2022 00:00:00,716917,7,5,S,FR,,119,0,,,,,,,,,,,,,,,,,,,,,,,,,,,,,,,,,
01/01/2022 00:00:00,716918,7,5,S,ML,0.36,476,100,2520.0,0.0445,68.2,0.0,0.0,0.0,0.0,0.0,0.0,620.0,0.043,71.6,805.0,0.0599,68.9,664.0,0.0404,67.5,431.0,0.0347,63.0,,,,,,,,,,,,
01/01/2022 00:00:00,716919,7,5,S,FR,,119,0,,,,,,,,,,,,,,,,,,,,,,,,,,,,,,,,,
01/01/2022 00:00:00,716920,7,5,S,ML,0.415,476,100,2153.0,0.0295,68.2,0.0,0.0,0.0,0.0,0.0,0.0,551.0,0.0302,71.6,744.0,0.0358,69.3,605.0,0.0364,66.1,253.0,0.0158,62.6,,,,,,,,,,,,
01/01/2022 00:00:00,716921,7,5,N,ML,0.415,476,75,2513.0,0.0399,67.0,0.0,0.0,0.0,0.0,0.0,0.0,621.0,0.0341,71.9,861.0,0.0507,67.8,660.0,0.0494,65.6,371.0,0.0252,59.0,,,,,,,,,,,,
01/01/2022 00:00:00,716922,7,5,S,ML,0.485,476,100,2596.0,0.039,68.3,0.0,0.0,0.0,0.0,0.0,0.0,664.0,0.0387,72.0,948.0,0.0565,68.5,682.0,0.042,66.6,302.0,0.0188,63.6,,,,,,,,,,,,
01/01/2022 00:00:00,716923,7,5,N,ML,0.485,476,100,2089.0,0.0292,68.2,0.0,0.0,0.0,0.0,0.0,0.0,567.0,0.0299,71.9,761.0,0.0411,69.0,551.0,0.0322,65.7,210.0,0.0136,62.2,,,,,,,,,,,,
01/01/2022 00:00:00,716924,7,5,S,ML,0.44,476,100,2427.0,0.0386,68.5,0.0,0.0,0.0,0.0,0.0,0.0,664.0,0.0426,71.8,797.0,0.054,68.9,678.0,0.0359,66.8,288.0,0.0218,63.6,,,,,,,,,,,,
01/01/2022 00:00:00,716925,7,5,N,ML,0.44,476,100,2168.0,0.0359,69.6,0.0,0.0,0.0,0.0,0.0,0.0,563.0,0.035,72.6,754.0,0.0489,69.8,567.0,0.039,69.7,284.0,0.0206,62.8,,,,,,,,,,,,
01/01/2022 00:00:00,716928,7,5,S,ML,0.421,476,50,2531.0,0.0433,65.8,0.0,0.0,0.0,0.0,0.0,0.0,792.0,0.0563,68.5,618.0,0.0394,65.2,776.0,0.0538,64.0,345.0,0.0238,64.5,,,,,,,,,,,,
01/01/2022 00:00:00,716929,7,5,N,ML,0.421,475,100,2278.0,0.0349,68.2,0.0,0.0,0.0,0.0,0.0,0.0,779.0,0.0471,73.1,697.0,0.0405,68.6,218.0,0.0145,66.8,584.0,0.0373,61.9,,,,,,,,,,,,
01/01/2022 00:00:00,716930,7,5,S,ML,0.323,476,100,2715.0,0.0497,65.1,0.0,0.0,0.0,0.0,0.1,0.3,864.0,0.0594,71.5,439.0,0.03,68.6,490.0,0.0397,66.3,922.0,0.0697,56.7,,,,,,,,,,,,
01/01/2022 00:00:00,716933,7,5,N,ML,0.565,595,80,3247.0,0.0464,70.4,0.0,0.0,0.0,0.0,0.0,0.0,794.0,0.0524,73.3,946.0,0.0664,73.9,693.0,0.046,71.4,610.0,0.0537,61.8,204.0,0.0134,64.1,,,,,,,,,
01/01/2022 00:00:00,716934,7,5,S,ML,0.546,595,100,3492.0,0.0486,70.3,0.0,0.0,0.0,0.0,0.0,0.0,624.0,0.0428,73.5,989.0,0.0721,72.1,951.0,0.0698,70.2,549.0,0.0333,67.0,379.0,0.0253,64.7,,,,,,,,,
01/01/2022 00:00:00,716935,7,5,S,FR,,119,0,,,,,,,,,,,,,,,,,,,,,,,,,,,,,,,,,
01/01/2022 00:00:00,716936,7,5,S,ML,0.4,595,100,3501.0,0.0452,67.1,0.0,0.0,0.1,0.1,0.2,0.3,893.0,0.054,70.0,587.0,0.0337,71.6,775.0,0.0513,66.2,807.0,0.06,61.3,439.0,0.0269,64.2,,,,,,,,,
01/01/2022 00:00:00,716937,7,5,N,ML,0.495,0,0,2799.0,0.0423,69.7,0.0,0.0,0.0,0.0,0.0,0.0,620.0,0.0338,74.1,674.0,0.0458,71.7,597.0,0.05,69.7,554.0,0.0476,67.0,354.0,0.0341,62.5,,,,,,,,,
01/01/2022 00:00:00,716938,7,5,S,ML,0.835,0,0,2801.0,0.0423,69.2,0.0,0.0,0.0,0.0,0.0,0.0,1474.0,0.0435,72.1,1327.0,0.041,65.9,,,,,,,,,,,,,,,,,,
01/01/2022 00:00:00,716939,7,5,S,ML,0.72,0,0,2799.0,0.0423,69.7,0.0,0.0,0.0,0.0,0.0,0.0,620.0,0.0338,74.1,674.0,0.0458,71.7,597.0,0.05,69.7,554.0,0.0476,67.0,354.0,0.0341,62.5,,,,,,,,,
01/01/2022 00:00:00,716940,7,5,S,ML,0.575,119,0,2799.0,0.0423,69.7,0.0,0.0,0.0,0.0,0.0,0.0,620.0,0.0338,74.1,674.0,0.0458,71.7,597.0,0.05,69.7,554.0,0.0476,67.0,354.0,0.0341,62.5,,,,,,,,,
01/01/2022 00:00:00,716941,7,5,S,ML,0.39,0,0,1649.0,0.0376,63.9,0.0,0.0,0.0,0.0,0.0,0.1,434.0,0.0394,68.7,402.0,0.0206,67.4,435.0,0.046,61.0,378.0,0.0441,58.2,,,,,,,,,,,,
01/01/2022 00:00:00,716942,7,5,N,ML,1.935,595,80,2042.0,0.0225,70.6,0.0,0.0,0.0,0.0,0.0,0.0,373.0,0.0129,74.4,453.0,0.0205,72.5,492.0,0.0244,71.8,438.0,0.0315,69.0,286.0,0.0231,63.2,,,,,,,,,
01/01/2022 00:00:00,716943,7,5,S,ML,0.43,357,50,1503.0,0.0269,66.1,0.0,0.0,0.0,0.0,0.0,0.0,362.0,0.0251,69.0,400.0,0.028,66.2,515.0,0.0372,65.7,226.0,0.0172,62.2,,,,,,,,,,,,
01/01/2022 00:00:00,716944,7,5,S,ML,0.81,0,0,1783.0,0.0436,63.6,0.0,0.0,0.0,0.0,0.0,0.2,445.0,0.0388,68.7,510.0,0.0444,65.4,439.0,0.047,61.0,389.0,0.0441,58.3,,,,,,,,,,,,
01/01/2022 00:00:00,716945,7,57,S,FR,,240,100,74.0,0.0033,,,,,,,,46.0,0.0045,,28.0,0.0022,,,,,,,,,,,,,,,,,,,
01/01/2022 00:00:00,716946,7,5,S,ML,0.625,0,0,1207.0,0.0321,69.6,0.0,0.0,0.0,0.0,0.0,0.0,366.0,0.0283,73.6,454.0,0.0331,70.2,387.0,0.0348,65.2,,,,,,,,,,,,,,,
01/01/2022 00:00:00,716949,7,5,S,ML,0.57,595,80,1695.0,0.0187,71.1,0.0,0.0,0.0,0.0,0.0,0.0,295.0,0.0162,77.0,542.0,0.0331,74.2,342.0,0.0121,71.9,180.0,0.0062,69.1,336.0,0.026,61.4,,,,,,,,,
01/01/2022 00:00:00,716950,7,5,N,FR,,0,0,,,,,,,,,,,,,,,,,,,,,,,,,,,,,,,,,
01/01/2022 00:00:00,716951,7,5,N,ML,0.735,0,0,2799.0,0.0423,69.0,0.0,0.0,0.0,0.0,0.0,0.0,586.0,0.03,74.8,849.0,0.0466,71.0,749.0,0.0484,67.4,615.0,0.0441,62.8,,,,,,,,,,,,
01/01/2022 00:00:00,716952,7,5,N,FR,,238,50,73.0,0.0073,,,,,,,,,,,73.0,0.0146,,,,,,,,,,,,,,,,,,,
01/01/2022 00:00:00,716953,7,5,N,ML,0.465,595,80,2739.0,0.041,68.3,0.0,0.0,0.0,0.0,0.0,0.1,367.0,0.0254,73.3,685.0,0.0487,69.7,570.0,0.0426,71.3,584.0,0.0455,68.0,533.0,0.0431,60.0,,,,,,,,,
01/01/2022 00:00:00,716955,7,5,S,ML,0.465,0,0,2963.0,0.0506,62.7,0.0,0.0,0.0,0.0,0.0,0.3,618.0,0.0461,68.8,690.0,0.0516,65.6,600.0,0.0544,61.0,546.0,0.0526,58.3,509.0,0.0484,58.0,,,,,,,,,
01/01/2022 00:00:00,716956,7,5,N,ML,0.55,595,80,1783.0,0.0247,71.2,0.0,0.0,0.0,0.0,0.0,0.0,415.0,0.0269,75.3,525.0,0.0348,69.5,439.0,0.0316,72.7,298.0,0.0227,68.8,106.0,0.0076,64.2,,,,,,,,,
01/01/2022 00:00:00,716958,7,5,S,ML,0.704,476,0,1710.0,0.0429,65.6,0.0,0.0,0.0,0.0,0.0,0.1,319.0,0.0543,70.9,464.0,0.054,66.1,281.0,0.0333,67.8,270.0,0.0308,65.0,376.0,0.0421,59.2,,,,,,,,,
01/01/2022 00:00:00,716959,7,5,S,CD,,238,50,19.0,0.0007,,,,,,,,19.0,0.0013,,,,,,,,,,,,,,,,,,,,,,
01/01/2022 00:00:00,716960,7,5,S,ML,0.48,357,50,1227.0,0.0261,63.9,0.0,0.0,0.0,0.0,0.0,0.1,368.0,0.0285,72.4,228.0,0.0181,59.9,485.0,0.0507,59.8,146.0,0.0069,62.7,,,,,,,,,,,,
01/01/2022 00:00:00,716961,7,5,S,FR,,119,0,,,,,,,,,,,,,,,,,,,,,,,,,,,,,,,,,
01/01/2022 00:00:00,716962,7,5,N,FR,,119,0,,,,,,,,,,,,,,,,,,,,,,,,,,,,,,,,,
01/01/2022 00:00:00,716963,7,5,N,ML,0.36,238,25,1948.0,0.0366,65.8,0.0,0.0,0.0,0.0,0.0,0.0,491.0,0.0346,70.2,555.0,0.0396,66.9,464.0,0.043,62.0,438.0,0.0292,63.8,,,,,,,,,,,,
01/01/2022 00:00:00,716964,7,5,S,FR,,0,0,,,,,,,,,,,,,,,,,,,,,,,,,,,,,,,,,
01/01/2022 00:00:00,716965,7,5,S,ML,0.27,0,0,2098.0,0.0426,64.8,0.0,0.0,0.0,0.0,0.0,0.0,521.0,0.0377,70.2,595.0,0.0431,66.8,516.0,0.0455,62.0,466.0,0.044,59.3,,,,,,,,,,,,
01/01/2022 00:00:00,716966,7,5,S,FR,,0,0,,,,,,,,,,,,,,,,,,,,,,,,,,,,,,,,,
01/01/2022 00:00:00,716967,7,5,N,FR,,119,0,,,,,,,,,,,,,,,,,,,,,,,,,,,,,,,,,
01/01/2022 00:00:00,716968,7,5,N,ML,0.315,475,100,1354.0,0.0177,68.2,0.0,0.0,0.0,0.0,0.0,0.0,394.0,0.0189,74.2,42.0,0.0021,70.9,429.0,0.0252,68.7,489.0,0.0247,62.7,,,,,,,,,,,,
01/01/2022 00:00:00,716970,7,5,N,FR,,119,0,,,,,,,,,,,,,,,,,,,,,,,,,,,,,,,,,
01/01/2022 00:00:00,716971,7,5,N,ML,0.265,475,100,1586.0,0.023,69.7,0.0,0.0,0.0,0.0,0.0,0.0,372.0,0.0194,74.4,497.0,0.0273,70.7,431.0,0.0261,69.1,286.0,0.0192,62.5,,,,,,,,,,,,
01/01/2022 00:00:00,716972,7,5,N,FR,,119,0,,,,,,,,,,,,,,,,,,,,,,,,,,,,,,,,,
01/01/2022 00:00:00,716973,7,5,N,ML,0.435,476,75,1732.0,0.0274,67.8,0.0,0.0,0.0,0.0,0.0,0.0,355.0,0.0172,73.9,502.0,0.0257,70.8,413.0,0.0232,68.5,462.0,0.0434,59.5,,,,,,,,,,,,
01/01/2022 00:00:00,716974,7,5,N,ML,0.76,239,50,1776.0,0.0323,65.3,0.0,0.0,0.0,0.0,0.0,0.0,119.0,0.0063,74.5,631.0,0.043,67.3,517.0,0.0472,62.2,509.0,0.0326,63.8,,,,,,,,,,,,
01/01/2022 00:00:00,716975,7,5,S,ML,0.505,0,0,296.0,0.0126,65.1,0.0,0.0,0.0,0.0,0.0,0.0,62.0,0.0089,70.6,89.0,0.0138,67.0,80.0,0.0144,63.6,65.0,0.0131,59.2,,,,,,,,,,,,
01/01/2022 00:00:00,716976,7,5,N,FR,,0,0,,,,,,,,,,,,,,,,,,,,,,,,,,,,,,,,,
01/01/2022 00:00:00,716977,7,5,S,ML,0.495,0,0,2039.0,0.0459,63.9,0.0,0.0,0.0,0.0,0.0,0.1,504.0,0.0405,69.1,567.0,0.0464,65.7,505.0,0.0497,61.3,463.0,0.0468,58.6,,,,,,,,,,,,
01/01/2022 00:00:00,716978,7,5,N,ML,0.71,0,0,2404.0,0.0466,65.1,0.0,0.0,0.0,0.0,0.0,0.1,629.0,0.0429,70.2,683.0,0.0483,66.9,583.0,0.0492,62.5,509.0,0.046,59.5,,,,,,,,,,,,
01/01/2022 00:00:00,716979,7,5,S,ML,0.765,0,0,296.0,0.0126,65.1,0.0,0.0,0.0,0.0,0.0,0.0,62.0,0.0089,70.6,89.0,0.0138,67.0,80.0,0.0144,63.6,65.0,0.0131,59.2,,,,,,,,,,,,
01/01/2022 00:00:00,716980,7,5,N,FR,,0,0,,,,,,,,,,,,,,,,,,,,,,,,,,,,,,,,,
01/01/2022 00:00:00,716981,7,5,N,ML,0.72,0,0,296.0,0.0126,65.1,0.0,0.0,0.0,0.0,0.0,0.0,62.0,0.0089,70.6,89.0,0.0138,67.0,80.0,0.0144,63.6,65.0,0.0131,59.2,,,,,,,,,,,,
01/01/2022 00:00:00,716982,7,5,S,FR,,0,0,,,,,,,,,,,,,,,,,,,,,,,,,,,,,,,,,
01/01/2022 00:00:00,716983,7,5,S,ML,0.795,0,0,296.0,0.0126,65.1,0.0,0.0,0.0,0.0,0.0,0.0,62.0,0.0089,70.6,89.0,0.0138,67.0,80.0,0.0144,63.6,65.0,0.0131,59.2,,,,,,,,,,,,
01/01/2022 00:00:00,716984,7,5,N,FR,,0,0,,,,,,,,,,,,,,,,,,,,,,,,,,,,,,,,,
01/01/2022 00:00:00,716985,7,5,N,ML,0.86,0,0,296.0,0.0126,65.1,0.0,0.0,0.0,0.0,0.0,0.0,62.0,0.0089,70.6,89.0,0.0138,67.0,80.0,0.0144,63.6,65.0,0.0131,59.2,,,,,,,,,,,,
01/01/2022 00:00:00,716986,7,5,S,ML,0.905,0,0,296.0,0.0126,65.1,0.0,0.0,0.0,0.0,0.0,0.0,62.0,0.0089,70.6,89.0,0.0138,67.0,80.0,0.0144,63.6,65.0,0.0131,59.2,,,,,,,,,,,,
01/01/2022 00:00:00,716987,7,5,S,FR,,0,0,,,,,,,,,,,,,,,,,,,,,,,,,,,,,,,,,
01/01/2022 00:00:00,716988,7,5,N,ML,1.155,0,0,296.0,0.0126,65.1,0.0,0.0,0.0,0.0,0.0,0.0,62.0,0.0089,70.6,89.0,0.0138,67.0,80.0,0.0144,63.6,65.0,0.0131,59.2,,,,,,,,,,,,
01/01/2022 00:00:00,716989,7,5,S,ML,0.65,0,0,296.0,0.0126,65.1,0.0,0.0,0.0,0.0,0.0,0.0,62.0,0.0089,70.6,89.0,0.0138,67.0,80.0,0.0144,63.6,65.0,0.0131,59.2,,,,,,,,,,,,
01/01/2022 00:00:00,716990,7,5,N,ML,0.915,0,0,296.0,0.0126,65.1,0.0,0.0,0.0,0.0,0.0,0.0,62.0,0.0089,70.6,89.0,0.0138,67.0,80.0,0.0144,63.6,65.0,0.0131,59.2,,,,,,,,,,,,
01/01/2022 00:00:00,716991,7,5,S,ML,0.505,0,0,296.0,0.0126,65.1,0.0,0.0,0.0,0.0,0.0,0.0,62.0,0.0089,70.6,89.0,0.0138,67.0,80.0,0.0144,63.6,65.0,0.0131,59.2,,,,,,,,,,,,
01/01/2022 00:00:00,716992,7,5,S,FR,,0,0,,,,,,,,,,,,,,,,,,,,,,,,,,,,,,,,,
01/01/2022 00:00:00,716993,7,5,S,ML,0.65,0,0,296.0,0.0126,65.1,0.0,0.0,0.0,0.0,0.0,0.0,62.0,0.0089,70.6,89.0,0.0138,67.0,80.0,0.0144,63.6,65.0,0.0131,59.2,,,,,,,,,,,,
01/01/2022 00:00:00,716994,7,5,N,ML,0.51,0,0,296.0,0.0126,65.1,0.0,0.0,0.0,0.0,0.0,0.0,62.0,0.0089,70.6,89.0,0.0138,67.0,80.0,0.0144,63.6,65.0,0.0131,59.2,,,,,,,,,,,,
01/01/2022 00:00:00,716995,7,5,N,FR,,0,0,,,,,,,,,,,,,,,,,,,,,,,,,,,,,,,,,
01/01/2022 00:00:00,716996,7,5,S,ML,0.415,0,0,296.0,0.0126,65.1,0.0,0.0,0.0,0.0,0.0,0.0,62.0,0.0089,70.6,89.0,0.0138,67.0,80.0,0.0144,63.6,65.0,0.0131,59.2,,,,,,,,,,,,
01/01/2022 00:00:00,716997,7,5,N,ML,0.55,0,0,296.0,0.0126,65.1,0.0,0.0,0.0,0.0,0.0,0.0,62.0,0.0089,70.6,89.0,0.0138,67.0,80.0,0.0144,63.6,65.0,0.0131,59.2,,,,,,,,,,,,
01/01/2022 00:00:00,716998,7,5,S,FR,,0,0,,,,,,,,,,,,,,,,,,,,,,,,,,,,,,,,,
01/01/2022 00:00:00,716999,7,5,S,ML,0.48,0,0,296.0,0.0126,65.1,0.0,0.0,0.0,0.0,0.0,0.0,62.0,0.0089,70.6,89.0,0.0138,67.0,80.0,0.0144,63.6,65.0,0.0131,59.2,,,,,,,,,,,,
01/01/2022 00:00:00,717000,7,5,N,ML,0.84,0,0,1761.0,0.0341,66.4,0.0,0.0,0.0,0.0,0.0,0.3,484.0,0.0282,72.4,545.0,0.0349,68.8,447.0,0.0315,63.2,285.0,0.0416,56.5,,,,,,,,,,,,
01/01/2022 00:00:00,717001,7,5,S,ML,0.84,0,0,1870.0,0.0345,64.1,0.0,0.0,0.0,0.0,0.0,0.3,485.0,0.03,70.2,551.0,0.0382,66.1,530.0,0.0452,60.9,304.0,0.0248,56.2,,,,,,,,,,,,
01/01/2022 00:00:00,717002,7,5,S,ML,0.54,476,100,1605.0,0.0211,66.9,0.0,0.0,0.0,0.0,0.0,0.0,262.0,0.0116,74.6,378.0,0.0212,69.4,487.0,0.0194,67.2,478.0,0.032,60.5,,,,,,,,,,,,
01/01/2022 00:00:00,717004,7,5,S,ML,0.27,714,83,2339.0,0.0251,67.1,0.0,0.0,0.0,0.0,0.0,0.0,231.0,0.0123,76.3,376.0,0.0217,72.5,413.0,0.0255,70.6,481.0,0.0406,61.9,531.0,0.0321,62.6,307.0,0.0183,64.6,,,,,,
01/01/2022 00:00:00,717005,7,5,S,FR,,238,50,84.0,0.0053,,,,,,,,84.0,0.0106,,,,,,,,,,,,,,,,,,,,,,
01/01/2022 00:00:00,717006,7,5,S,ML,0.435,0,0,2757.0,0.0335,65.7,0.0,0.0,0.0,0.0,0.0,0.0,314.0,0.0097,75.0,599.0,0.0439,70.0,408.0,0.037,64.7,503.0,0.0371,64.3,468.0,0.0344,60.8,465.0,0.0391,61.2,,,,,,
01/01/2022 00:00:00,717008,7,10,E,ML,0.36,0,0,2209.0,0.036,69.3,0.0,0.0,0.0,0.0,0.0,0.0,490.0,0.0288,73.6,533.0,0.039,71.2,469.0,0.0425,69.3,436.0,0.0405,66.6,281.0,0.029,62.1,,,,,,,,,
01/01/2022 00:00:00,717009,7,10,E,ML,0.535,0,0,3461.0,0.0474,70.1,0.0,0.0,0.0,0.0,0.0,0.0,766.0,0.0379,74.5,836.0,0.0513,72.1,737.0,0.056,70.1,683.0,0.0534,67.4,439.0,0.0382,62.8,,,,,,,,,
01/01/2022 00:00:00,717011,7,10,E,ML,0.28,0,0,3244.0,0.0383,69.9,0.0,0.0,0.0,0.0,0.0,0.0,588.0,0.032,74.9,808.0,0.0458,72.0,728.0,0.0441,68.5,741.0,0.0468,67.6,379.0,0.0228,64.5,,,,,,,,,
01/01/2022 00:00:00,717012,7,10,W,ML,0.46,0,0,2799.0,0.0423,69.0,0.0,0.0,0.0,0.0,0.0,0.0,586.0,0.03,74.8,849.0,0.0466,71.0,749.0,0.0484,67.4,615.0,0.0441,62.8,,,,,,,,,,,,
01/01/2022 00:00:00,717014,7,10,E,ML,0.325,0,0,2208.0,0.036,68.6,0.0,0.0,0.0,0.0,0.0,0.0,463.0,0.0255,74.3,670.0,0.0396,70.6,592.0,0.0412,67.0,483.0,0.0375,62.4,,,,,,,,,,,,
01/01/2022 00:00:00,717015,7,10,W,ML,0.425,0,0,2342.0,0.0392,67.3,0.0,0.0,0.0,0.0,0.0,0.0,327.0,0.0155,74.4,693.0,0.0419,68.9,719.0,0.0522,66.5,603.0,0.0473,62.2,,,,,,,,,,,,
01/01/2022 00:00:00,717016,7,10,E,ML,0.23,0,0,2208.0,0.036,68.6,0.0,0.0,0.0,0.0,0.0,0.0,463.0,0.0255,74.3,670.0,0.0396,70.6,592.0,0.0412,67.0,483.0,0.0375,62.4,,,,,,,,,,,,
01/01/2022 00:00:00,717018,7,10,W,FR,,0,0,,,,,,,,,,,,,,,,,,,,,,,,,,,,,,,,,
01/01/2022 00:00:00,717019,7,10,W,ML,0.535,0,0,2799.0,0.0423,69.0,0.0,0.0,0.0,0.0,0.0,0.0,586.0,0.03,74.8,849.0,0.0466,71.0,749.0,0.0484,67.4,615.0,0.0441,62.8,,,,,,,,,,,,
01/01/2022 00:00:00,717020,7,10,E,ML,0.25,0,0,2208.0,0.036,68.6,0.0,0.0,0.0,0.0,0.0,0.0,463.0,0.0255,74.3,670.0,0.0396,70.6,592.0,0.0412,67.0,483.0,0.0375,62.4,,,,,,,,,,,,
01/01/2022 00:00:00,717022,7,10,E,ML,0.295,0,0,3461.0,0.0474,70.1,0.0,0.0,0.0,0.0,0.0,0.0,766.0,0.0379,74.5,836.0,0.0513,72.1,737.0,0.056,70.1,683.0,0.0534,67.4,439.0,0.0382,62.8,,,,,,,,,
01/01/2022 00:00:00,717024,7,10,E,FR,,0,0,,,,,,,,,,,,,,,,,,,,,,,,,,,,,,,,,
01/01/2022 00:00:00,717025,7,10,W,FR,,0,0,,,,,,,,,,,,,,,,,,,,,,,,,,,,,,,,,
01/01/2022 00:00:00,717026,7,10,W,ML,0.15,0,0,2799.0,0.0423,69.0,0.0,0.0,0.0,0.0,0.0,0.0,586.0,0.03,74.8,849.0,0.0466,71.0,749.0,0.0484,67.4,615.0,0.0441,62.8,,,,,,,,,,,,
01/01/2022 00:00:00,717027,7,10,E,FR,,0,0,,,,,,,,,,,,,,,,,,,,,,,,,,,,,,,,,
01/01/2022 00:00:00,717028,7,10,E,ML,0.2,0,0,2208.0,0.036,68.6,0.0,0.0,0.0,0.0,0.0,0.0,463.0,0.0255,74.3,670.0,0.0396,70.6,592.0,0.0412,67.0,483.0,0.0375,62.4,,,,,,,,,,,,
01/01/2022 00:00:00,717029,7,10,W,ML,0.265,0,0,2799.0,0.0423,69.0,0.0,0.0,0.0,0.0,0.0,0.0,586.0,0.03,74.8,849.0,0.0466,71.0,749.0,0.0484,67.4,615.0,0.0441,62.8,,,,,,,,,,,,
01/01/2022 00:00:00,717031,7,10,W,ML,0.25,0,0,2799.0,0.0423,69.7,0.0,0.0,0.0,0.0,0.0,0.0,620.0,0.0338,74.1,674.0,0.0458,71.7,597.0,0.05,69.7,554.0,0.0476,67.0,354.0,0.0341,62.5,,,,,,,,,
01/01/2022 00:00:00,717032,7,10,E,ML,0.585,0,0,2736.0,0.0507,68.7,0.0,0.0,0.0,0.0,0.0,0.0,605.0,0.0405,73.0,660.0,0.0549,70.6,584.0,0.06,68.7,541.0,0.0572,66.1,346.0,0.0409,61.6,,,,,,,,,
01/01/2022 00:00:00,717033,7,10,W,ML,0.515,0,0,2209.0,0.036,69.3,0.0,0.0,0.0,0.0,0.0,0.0,490.0,0.0288,73.6,533.0,0.039,71.2,469.0,0.0425,69.3,436.0,0.0405,66.6,281.0,0.029,62.1,,,,,,,,,
01/01/2022 00:00:00,717035,7,10,E,ML,0.455,0,0,2736.0,0.0507,68.7,0.0,0.0,0.0,0.0,0.0,0.0,605.0,0.0405,73.0,660.0,0.0549,70.6,584.0,0.06,68.7,541.0,0.0572,66.1,346.0,0.0409,61.6,,,,,,,,,
01/01/2022 00:00:00,717036,7,10,W,ML,0.235,0,0,2799.0,0.0423,69.0,0.0,0.0,0.0,0.0,0.0,0.0,586.0,0.03,74.8,849.0,0.0466,71.0,749.0,0.0484,67.4,615.0,0.0441,62.8,,,,,,,,,,,,
01/01/2022 00:00:00,717039,7,10,E,ML,0.43,0,0,2736.0,0.0507,68.7,0.0,0.0,0.0,0.0,0.0,0.0,605.0,0.0405,73.0,660.0,0.0549,70.6,584.0,0.06,68.7,541.0,0.0572,66.1,346.0,0.0409,61.6,,,,,,,,,
01/01/2022 00:00:00,717040,7,10,W,ML,0.255,0,0,2208.0,0.036,68.6,0.0,0.0,0.0,0.0,0.0,0.0,463.0,0.0255,74.3,670.0,0.0396,70.6,592.0,0.0412,67.0,483.0,0.0375,62.4,,,,,,,,,,,,
01/01/2022 00:00:00,717041,7,10,W,ML,0.29,0,0,2208.0,0.036,68.6,0.0,0.0,0.0,0.0,0.0,0.0,463.0,0.0255,74.3,670.0,0.0396,70.6,592.0,0.0412,67.0,483.0,0.0375,62.4,,,,,,,,,,,,
01/01/2022 00:00:00,717042,7,10,E,ML,0.255,0,0,3525.0,0.0504,68.7,0.0,0.0,0.0,0.0,0.0,0.0,737.0,0.0357,74.5,1069.0,0.0555,70.7,944.0,0.0577,67.1,775.0,0.0526,62.5,,,,,,,,,,,,
01/01/2022 00:00:00,717043,7,10,W,ML,0.21,0,0,2209.0,0.036,69.3,0.0,0.0,0.0,0.0,0.0,0.0,490.0,0.0288,73.6,533.0,0.039,71.2,469.0,0.0425,69.3,436.0,0.0405,66.6,281.0,0.029,62.1,,,,,,,,,
01/01/2022 00:00:00,717044,7,10,W,FR,,0,0,,,,,,,,,,,,,,,,,,,,,,,,,,,,,,,,,
01/01/2022 00:00:00,717045,7,10,W,ML,0.275,0,0,2209.0,0.036,69.0,0.0,0.0,0.0,0.0,0.0,0.0,375.0,0.0352,74.8,436.0,0.039,72.4,380.0,0.0407,70.4,390.0,0.0407,67.7,353.0,0.0354,63.1,275.0,0.0247,63.1,,,,,,
01/01/2022 00:00:00,717046,7,10,E,ML,0.145,0,0,3527.0,0.0504,69.4,0.0,0.0,0.0,0.0,0.0,0.0,779.0,0.0403,73.8,852.0,0.0546,71.4,751.0,0.0596,69.4,697.0,0.0568,66.7,448.0,0.0407,62.2,,,,,,,,,
01/01/2022 00:00:00,717047,7,10,W,ML,0.306,0,0,1095.0,0.0348,63.4,0.0,0.0,0.0,0.0,0.0,0.0,310.0,0.0305,67.2,416.0,0.0356,64.0,369.0,0.0381,59.5,,,,,,,,,,,,,,,
01/01/2022 00:00:00,717048,7,10,E,FR,,119,0,,,,,,,,,,,,,,,,,,,,,,,,,,,,,,,,,
01/01/2022 00:00:00,717049,7,10,W,ML,0.245,357,100,593.0,0.0104,67.5,0.0,0.0,0.0,0.0,0.0,0.0,107.0,0.0054,71.7,289.0,0.0146,69.6,197.0,0.0111,62.2,,,,,,,,,,,,,,,
01/01/2022 00:00:00,717052,7,10,W,ML,0.185,476,100,1014.0,0.0147,67.6,0.0,0.0,0.0,0.0,0.0,0.0,101.0,0.0053,74.6,287.0,0.0153,71.0,354.0,0.0208,67.0,272.0,0.0173,62.2,,,,,,,,,,,,
01/01/2022 00:00:00,717053,7,10,W,FR,,119,100,165.0,0.0138,,,,,,,,165.0,0.0138,,,,,,,,,,,,,,,,,,,,,,
01/01/2022 00:00:00,717055,7,10,W,ML,0.28,476,100,985.0,0.0141,67.4,0.0,0.0,0.0,0.0,0.0,0.0,114.0,0.0058,74.5,272.0,0.0154,70.7,337.0,0.0193,66.6,262.0,0.0161,62.1,,,,,,,,,,,,
01/01/2022 00:00:00,717056,7,10,W,HV,0.28,238,100,34.0,0.0012,65.1,0.0,0.0,0.0,0.0,0.0,0.0,20.0,0.0014,65.2,14.0,0.001,65.0,,,,,,,,,,,,,,,,,,
01/01/2022 00:00:00,717059,7,10,E,ML,0.315,637,67,2500.0,0.0259,69.2,0.0,0.0,0.0,0.0,0.0,0.0,521.0,0.0299,74.2,626.0,0.0373,72.3,381.0,0.0256,70.9,383.0,0.0252,69.3,215.0,0.0176,60.1,374.0,0.0199,60.3,,,,,,
01/01/2022 00:00:00,717060,7,10,W,ML,0.38,714,83,1519.0,0.0155,69.1,0.0,0.0,0.0,0.0,0.0,0.0,93.0,0.0049,76.2,319.0,0.0165,73.9,337.0,0.02,71.5,288.0,0.0184,68.4,296.0,0.0179,63.9,186.0,0.015,62.7,,,,,,
01/01/2022 00:00:00,717065,7,10,W,ML,0.19,476,50,1257.0,0.0244,64.3,0.0,0.0,0.0,0.0,0.0,0.1,289.0,0.016,74.6,80.0,0.0043,70.8,502.0,0.0396,62.8,386.0,0.0377,57.1,,,,,,,,,,,,
01/01/2022 00:00:00,717070,7,10,E,ML,0.25,475,100,2231.0,0.0315,67.8,0.0,0.0,0.0,0.0,0.0,0.0,556.0,0.03,72.8,702.0,0.0385,69.3,586.0,0.0333,65.0,387.0,0.024,62.4,,,,,,,,,,,,
01/01/2022 00:00:00,717071,7,10,W,ML,0.39,357,100,1032.0,0.0208,67.6,0.0,0.0,0.0,0.0,0.0,0.0,289.0,0.0175,70.8,458.0,0.0276,68.4,285.0,0.0174,63.1,,,,,,,,,,,,,,,
01/01/2022 00:00:00,717072,7,10,W,FR,,119,100,112.0,0.0154,,,,,,,,112.0,0.0154,,,,,,,,,,,,,,,,,,,,,,
01/01/2022 00:00:00,717073,7,10,W,ML,0.395,476,100,3058.0,0.2794,54.2,0.0,0.0,0.1,0.8,1.8,3.0,295.0,0.0164,74.2,1239.0,0.5234,49.0,1302.0,0.563,53.0,222.0,0.0148,62.9,,,,,,,,,,,,
01/01/2022 00:00:00,717074,7,10,E,FR,,119,100,113.0,0.012,,,,,,,,113.0,0.012,,,,,,,,,,,,,,,,,,,,,,
01/01/2022 00:00:00,717075,7,10,E,ML,0.32,476,100,2406.0,0.0308,68.5,0.0,0.0,0.0,0.0,0.0,0.0,613.0,0.0297,73.1,742.0,0.0399,69.3,685.0,0.0406,66.8,366.0,0.0128,62.7,,,,,,,,,,,,
01/01/2022 00:00:00,717076,7,10,E,FR,,119,100,44.0,0.0076,,,,,,,,44.0,0.0076,,,,,,,,,,,,,,,,,,,,,,
01/01/2022 00:00:00,717077,7,10,E,ML,0.235,476,100,2458.0,0.0348,68.4,0.0,0.0,0.0,0.0,0.0,0.0,620.0,0.0339,73.3,731.0,0.0378,69.5,714.0,0.0414,66.5,393.0,0.026,62.1,,,,,,,,,,,,
01/01/2022 00:00:00,717078,7,10,W,FR,,119,100,66.0,0.0119,,,,,,,,66.0,0.0119,,,,,,,,,,,,,,,,,,,,,,
01/01/2022 00:00:00,717079,7,10,W,ML,0.28,476,100,1380.0,0.0175,68.6,0.0,0.0,0.0,0.0,0.0,0.0,315.0,0.016,74.3,440.0,0.0155,71.1,197.0,0.0131,67.4,428.0,0.0252,62.3,,,,,,,,,,,,
01/01/2022 00:00:00,717080,7,10,W,FR,,119,100,86.0,0.0164,,,,,,,,86.0,0.0164,,,,,,,,,,,,,,,,,,,,,,
01/01/2022 00:00:00,717081,7,10,W,ML,0.33,475,100,1424.0,0.0251,68.9,0.0,0.0,0.0,0.0,0.0,0.0,316.0,0.0197,74.3,475.0,0.0319,70.2,426.0,0.0324,66.3,207.0,0.0163,62.8,,,,,,,,,,,,
01/01/2022 00:00:00,717082,7,10,E,FR,,118,100,158.0,0.029,,,,,,,,158.0,0.029,,,,,,,,,,,,,,,,,,,,,,
01/01/2022 00:00:00,717083,7,10,E,ML,0.195,476,100,2309.0,0.0361,68.8,0.0,0.0,0.0,0.0,0.0,0.0,616.0,0.0326,73.1,724.0,0.0409,69.4,657.0,0.0473,67.1,312.0,0.0239,62.6,,,,,,,,,,,,
01/01/2022 00:00:00,717084,7,10,E,ML,0.37,476,100,2580.0,0.0379,66.9,0.0,0.0,0.0,0.0,0.1,0.1,640.0,0.0413,67.9,733.0,0.0383,69.2,667.0,0.0382,66.3,540.0,0.0339,62.1,,,,,,,,,,,,
01/01/2022 00:00:00,717086,7,10,W,FR,,118,100,67.0,0.0119,,,,,,,,67.0,0.0119,,,,,,,,,,,,,,,,,,,,,,
01/01/2022 00:00:00,717087,7,10,W,ML,0.33,476,100,1376.0,0.0192,69.0,0.0,0.0,0.0,0.0,0.0,0.0,288.0,0.0142,74.7,443.0,0.0231,70.1,437.0,0.026,67.2,208.0,0.0133,62.6,,,,,,,,,,,,
01/01/2022 00:00:00,717088,7,10,E,FR,,119,100,111.0,0.0201,,,,,,,,111.0,0.0201,,,,,,,,,,,,,,,,,,,,,,
01/01/2022 00:00:00,717089,7,10,E,ML,0.325,476,100,2314.0,0.0328,68.7,0.0,0.0,0.0,0.0,0.0,0.0,618.0,0.0324,73.4,725.0,0.0396,69.4,651.0,0.0387,66.4,320.0,0.0205,62.8,,,,,,,,,,,,
01/01/2022 00:00:00,717090,7,10,W,FR,,119,100,111.0,0.0181,,,,,,,,111.0,0.0181,,,,,,,,,,,,,,,,,,,,,,
01/01/2022 00:00:00,717091,7,10,W,ML,0.18,476,100,1379.0,0.0224,67.8,0.0,0.0,0.0,0.0,0.0,0.0,288.0,0.0233,69.0,443.0,0.0244,69.9,442.0,0.0279,66.4,206.0,0.0138,62.7,,,,,,,,,,,,
01/01/2022 00:00:00,717092,7,10,E,FR,,119,100,89.0,0.0163,,,,,,,,89.0,0.0163,,,,,,,,,,,,,,,,,,,,,,
01/01/2022 00:00:00,717093,7,10,E,ML,0.275,476,100,2315.0,0.0332,68.8,0.0,0.0,0.0,0.0,0.0,0.0,620.0,0.0332,73.2,707.0,0.0398,70.3,607.0,0.0359,66.4,381.0,0.0239,62.7,,,,,,,,,,,,
01/01/2022 00:00:00,717094,7,10,W,FR,,119,100,75.0,0.0143,,,,,,,,75.0,0.0143,,,,,,,,,,,,,,,,,,,,,,
01/01/2022 00:00:00,717095,7,10,W,ML,0.29,412,75,1464.0,0.0231,66.5,0.0,0.0,0.0,0.0,0.0,0.0,281.0,0.0148,74.1,446.0,0.0306,63.4,421.0,0.0265,67.1,316.0,0.0208,63.1,,,,,,,,,,,,
01/01/2022 00:00:00,717096,7,10,E,FR,,119,100,87.0,0.0159,,,,,,,,87.0,0.0159,,,,,,,,,,,,,,,,,,,,,,
01/01/2022 00:00:00,717097,7,10,E,ML,0.245,96,44,9245.0,0.0645,68.2,0.0,0.0,0.0,0.0,0.0,0.1,4495.0,0.0958,70.2,543.0,0.0327,65.3,3559.0,0.0921,67.6,648.0,0.0376,57.9,,,,,,,,,,,,
01/01/2022 00:00:00,717098,7,134,E,OR,,119,0,,,,,,,,,,,,,,,,,,,,,,,,,,,,,,,,,
