SUMLEV,REGION,DIVISION,STATE,COUNTY,STNAME,CTYNAME,ESTIMATESBASE2020,POPESTIMATE2020,POPESTIMATE2021,POPESTIMATE2022,POPESTIMATE2023,NPOPCHG2020,NPOPCHG2021,NPOPCHG2022,NPOPCHG2023,BIRTHS2020,BIRTHS2021,BIRTHS2022,BIRTHS2023,DEATHS2020,DEATHS2021,DEATHS2022,DEATHS2023,NATURALCHG2020,NATURALCHG2021,NATURALCHG2022,NATURALCHG2023,INTERNATIONALMIG2020,INTERNATIONALMIG2021,INTERNATIONALMIG2022,INTERNATIONALMIG2023,DOMESTICMIG2020,DOMESTICMIG2021,DOMESTICMIG2022,DOMESTICMIG2023,NETMIG2020,NETMIG2021,NETMIG2022,NETMIG2023,RESIDUAL2020,RESIDUAL2021,RESIDUAL2022,RESIDUAL2023,GQESTIMATESBASE2020,GQESTIMATES2020,GQESTIMATES2021,GQESTIMATES2022,GQESTIMATES2023,RBIRTH2021,RBIRTH2022,RBIRTH2023,RDEATH2021,RDEATH2022,RDEATH2023,RNATURALCHG2021,RNATURALCHG2022,RNATURALCHG2023,RINTERNATIONALMIG2021,RINTERNATIONALMIG2022,RINTERNATIONALMIG2023,RDOMESTICMIG2021,RDOMESTICMIG2022,RDOMESTICMIG2023,RNETMIG2021,RNETMIG2022,RNETMIG2023
040,3,6,01,000,Alabama,Alabama,5024294,5031864,5050380,5073903,5108468,7570,18516,23523,34565,13867,57184,58106,58251,15165,69135,67208,59813,-1298,-11951,-9102,-1562,125,1806,4374,5384,9615,27715,28464,30744,9740,29521,32838,36128,-872,946,-213,-1,127914,131372,134653,141654,144014,11.343506465,11.478541246,11.4415395,13.714208861,13.276594501,11.748344271,-2.370702395,-1.798053255,-0.306804771,0.3582535793,0.8640611883,1.0575140112,5.4977840251,5.6229167043,6.0386721325,5.8560376043,6.4869778927,7.0961861437
050,3,6,01,001,Alabama,Autauga County,58809,58915,59203,59726,60342,106,288,523,616,162,686,706,714,176,696,687,621,-14,-10,19,93,0,15,22,34,100,242,507,491,100,257,529,525,20,41,-25,-2,484,484,484,484,484,11.615503141,11.872629888,11.893260486,11.784825344,11.55311152,10.344138322,-0.169322203,0.3195183681,1.5491221641,0.2539833048,0.3699686367,0.5663457374,4.0975973179,8.5260954015,8.1786987374,4.3515806228,8.8960640382,8.7450444748
050,3,6,01,003,Alabama,Baldwin County,231768,233227,239439,246531,253507,1459,6212,7092,6976,560,2337,2511,2531,602,2948,3022,2640,-42,-611,-511,-109,11,105,250,291,1613,6972,7036,6804,1624,7077,7286,7095,-123,-254,317,-10,3549,3448,3351,3468,3493,9.8885894056,10.333971233,10.123230634,12.473924505,12.436981707,10.559197501,-2.585335099,-2.103010474,-0.435966867,0.4442883558,1.0288700949,1.1639115427,29.500746828,28.95651995,27.213931741,29.945035183,29.985390045,28.377843284
050,3,6,01,005,Alabama,Barbour County,25229,24969,24533,24700,24585,-260,-436,167,-115,60,270,278,267,92,390,363,350,-32,-120,-85,-83,0,0,2,13,-186,-313,237,-45,-186,-313,239,-32,-42,-3,13,0,2721,2482,2248,2702,2702,10.908650156,11.293238275,10.834939637,15.756939114,14.746206813,14.203104393,-4.848288958,-3.452968537,-3.368164756,0,0.0812463185,0.5275438774,-12.6459537,9.6276887454,-1.826113422,-12.6459537,9.7089350639,-1.298569544
050,3,6,01,007,Alabama,Bibb County,22301,22188,22359,21986,21868,-113,171,-373,-118,56,240,236,240,55,325,314,290,1,-85,-78,-50,0,1,1,1,-101,254,-303,-69,-101,255,-302,-68,-13,1,7,0,2141,2060,1994,2025,1894,10.775136373,10.643815537,10.945409769,14.591330505,14.161686774,13.225703471,-3.816194132,-3.517871237,-2.280293702,0.0448964016,0.0451009133,0.045605874,11.403685995,-13.66557673,-3.146805309,11.448582396,-13.62047581,-3.101199434
050,3,6,01,009,Alabama,Blount County,59130,59107,59079,59516,59816,-23,-28,437,300,137,654,693,698,199,875,846,776,-62,-221,-153,-78,1,9,8,24,21,141,589,358,22,150,597,382,17,43,-7,-4,616,616,616,616,616,11.067300696,11.68683334,11.698454731,14.807168362,14.267043299,13.005731908,-3.739867666,-2.580209958,-1.307277176,0.1523023031,0.134912939,0.4022391312,2.386069416,9.9329651334,6.0000670399,2.5383717192,10.067878072,6.402306171
050,3,6,01,011,Alabama,Bullock County,10360,10229,10143,10143,9897,-131,-86,0,-246,24,111,103,102,41,160,138,133,-17,-49,-35,-31,0,1,5,6,-94,-42,32,-219,-94,-41,37,-213,-20,4,-2,-2,1705,1631,1578,1648,1615,10.897310033,10.154786552,10.179640719,15.707834282,13.605442177,13.273453094,-4.810524249,-3.450655625,-3.093812375,0.0981739643,0.4929508035,0.5988023952,-4.123306499,3.1548851425,-21.85628743,-4.025132535,3.647835946,-21.25748503
050,3,6,01,013,Alabama,Butler County,19046,19025,18890,18668,18382,-21,-135,-222,-286,47,227,207,212,88,297,312,299,-41,-70,-105,-87,0,5,6,8,15,-75,-117,-207,15,-70,-111,-199,5,5,-6,0,285,285,285,285,285,11.97415271,11.022951169,11.443994602,15.666622709,16.614303211,16.140350877,-3.692469999,-5.591352042,-4.696356275,0.263747857,0.319505831,0.4318488529,-3.956217856,-6.230363704,-11.17408907,-3.692469999,-5.910857873,-10.74224022
050,3,6,01,015,Alabama,Calhoun County,116441,116243,115678,115780,116429,-198,-565,102,649,305,1250,1334,1346,397,1843,1852,1649,-92,-593,-518,-303,0,12,22,29,-115,-70,635,923,-115,-58,657,952,9,86,-37,0,5632,5554,5407,5749,5936,10.779532686,11.526929292,11.593004578,15.893342992,16.002903335,14.202722547,-5.113810306,-4.475974043,-2.60971797,0.1034835138,0.1900992837,0.2497749872,-0.60365383,5.4869565969,7.9497349371,-0.500170317,5.6770558805,8.1995099242
050,3,6,01,017,Alabama,Chambers County,34772,34651,34488,34164,34079,-121,-163,-324,-85,87,392,401,398,167,592,558,511,-80,-200,-157,-113,2,22,49,55,-51,-6,-208,-26,-49,16,-159,29,8,21,-8,-1,860,860,856,860,860,11.339475549,11.682106858,11.664199991,17.124922258,16.255899318,14.975894964,-5.785446709,-4.573792461,-3.311694972,0.636399138,1.4274893667,1.6118869335,-0.173563401,-6.059546699,-0.761982914,0.4628357367,-4.632057333,0.8499040195
050,3,6,01,019,Alabama,Cherokee County,24973,24969,25074,25353,25666,-4,105,279,313,62,254,238,230,122,442,456,409,-60,-188,-218,-179,0,7,14,14,59,284,476,482,59,291,490,496,-3,2,7,-4,278,278,278,278,278,10.151269908,9.4393876296,9.0162488485,17.664808265,18.085549408,16.033242517,-7.513538357,-8.646161778,-7.016993669,0.2797594069,0.5552580959,0.5488151473,11.350238795,18.878775259,18.8949215,11.629998202,19.434033355,19.443736647
050,3,6,01,021,Alabama,Chilton County,45011,45057,45259,45848,46431,46,202,589,583,147,534,540,548,143,659,643,588,4,-125,-103,-40,1,20,26,49,26,289,656,577,27,309,682,626,15,18,10,-3,388,388,388,388,388,11.825147261,11.854193421,11.877025109,14.593206076,14.115271055,12.743961248,-2.768058816,-2.261077634,-0.866936139,0.4428894105,0.570757461,1.0619967707,6.3997519819,14.400649785,12.50555381,6.8426413924,14.971407246,13.56755058
050,3,6,01,023,Alabama,Choctaw County,12669,12626,12548,12431,12252,-43,-78,-117,-179,33,131,141,108,53,205,213,200,-20,-74,-72,-92,0,1,2,2,-22,-12,-41,-88,-22,-11,-39,-86,-1,7,-6,-1,66,66,66,66,66,10.407563359,11.289483166,8.7509622007,16.286644951,17.054325634,16.205485557,-5.879081592,-5.764842468,-7.454523356,0.0794470485,0.160134513,0.1620548556,-0.953364583,-3.282757516,-7.130413645,-0.873917534,-3.122623003,-6.968358789
050,3,6,01,025,Alabama,Clarke County,23091,22987,22740,22574,22337,-104,-247,-166,-237,57,300,289,293,101,435,390,366,-44,-135,-101,-73,0,0,0,0,-56,-120,-58,-165,-56,-120,-58,-165,-4,8,-7,1,372,372,372,372,372,13.121350624,12.75543982,13.048028323,19.025958405,17.213223286,16.298902273,-5.904607781,-4.457783466,-3.250873951,0,0,0,-5.24854025,-2.559915258,-7.347865779,-5.24854025,-2.559915258,-7.347865779
050,3,6,01,027,Alabama,Clay County,14237,14212,14170,14183,14111,-25,-42,13,-72,33,142,154,159,39,268,235,230,-6,-126,-81,-71,0,-1,-3,-3,-20,78,103,2,-20,77,100,-1,1,7,-6,0,258,258,258,258,258,10.006342048,10.863048002,11.239131971,18.885208935,16.576729094,16.257863858,-8.878866887,-5.713681092,-5.018731887,-0.070467198,-0.211617818,-0.212059094,5.4964414065,7.2655450922,0.1413727292,5.425974209,7.053927274,-0.070686365
050,3,6,01,029,Alabama,Cleburne County,15057,15064,15156,15372,15639,7,92,216,267,37,176,183,177,48,261,242,229,-11,-85,-59,-52,0,0,-1,-1,14,175,267,322,14,175,266,321,4,2,9,-2,174,174,174,174,174,11.647915288,11.988993711,11.415304247,17.273328921,15.854297694,14.768952952,-5.625413633,-3.865303983,-3.353648705,0,-0.065513627,-0.064493244,11.581733951,17.492138365,20.766824675,11.581733951,17.426624738,20.702331431
050,3,6,01,031,Alabama,Coffee County,53459,53549,54199,54840,55643,90,650,641,803,159,726,673,676,174,733,691,630,-15,-7,-18,46,1,26,57,68,91,618,602,695,92,644,659,763,13,13,0,-6,764,706,673,702,761,13.475888184,12.344207119,12.23717676,13.60582099,12.674364218,11.404469466,-0.129932806,-0.3301571,0.8327072943,0.4826075658,1.0454974826,1.230958609,11.471210603,11.041920781,12.581121077,11.953818168,12.087418263,13.812079686
050,3,6,01,033,Alabama,Colbert County,57232,57304,57644,57993,58361,72,340,349,368,166,656,633,636,176,880,891,801,-10,-224,-258,-165,2,10,11,47,68,542,590,489,70,552,601,536,12,12,6,-3,407,407,407,407,407,11.4138567,10.948052959,10.932155319,15.311271183,15.410292553,13.76832769,-3.897414483,-4.462239595,-2.836172371,0.173991718,0.1902505254,0.8078794025,9.4303511153,10.20434636,8.4053835708,9.6043428333,10.394596885,9.2132629733
050,3,6,01,035,Alabama,Conecuh County,11597,11554,11320,11224,11174,-43,-234,-96,-50,29,114,134,134,45,226,221,205,-16,-112,-87,-71,0,0,0,0,-27,-123,-4,20,-27,-123,-4,20,0,1,-5,1,128,128,128,128,128,9.967648859,11.887863733,11.965354049,19.760426685,19.60610362,18.305205822,-9.792777826,-7.718239886,-6.339851772,0,0,0,-10.75456851,-0.354861604,1.7858737387,-10.75456851,-0.354861604,1.7858737387
050,3,6,01,037,Alabama,Coosa County,10378,10335,10314,10307,10268,-43,-21,-7,-39,27,82,86,89,29,180,183,174,-2,-98,-97,-85,0,-1,-2,-1,-33,77,90,49,-33,76,88,48,-8,1,2,-2,312,262,186,286,310,7.9422732336,8.3410115901,8.6512758202,17.434258318,17.748896756,16.913730255,-9.491985084,-9.407885166,-8.262454435,-0.096856991,-0.193977014,-0.097205346,7.4579882803,8.7289656176,4.7630619684,7.3611312897,8.5349886039,4.6658566221
050,3,6,01,039,Alabama,Covington County,37563,37506,37570,37603,37952,-57,64,33,349,88,455,418,418,157,710,711,653,-69,-255,-293,-235,0,1,-1,-1,3,308,336,589,3,309,335,588,9,10,-9,-4,778,778,778,778,778,12.121050669,11.121014194,11.064787241,18.914166977,18.916366249,17.285421216,-6.793116309,-7.795352055,-6.220633975,0.0266396718,-0.026605297,-0.026470783,8.2050189142,8.9393798305,15.591291112,8.231658586,8.9127745334,15.56482033
050,3,6,01,041,Alabama,Crenshaw County,13193,13163,13069,13048,13101,-30,-94,-21,53,41,145,156,157,60,240,240,225,-19,-95,-84,-68,1,6,14,27,-13,-14,55,95,-12,-8,69,122,1,9,-6,-1,153,153,153,153,153,11.055199756,11.946241911,12.008107385,18.298261665,18.37883371,17.209071093,-7.243061909,-6.432591798,-5.200963708,0.4574565416,1.0720986331,2.0650885311,-1.067398597,4.2118160585,7.2660522391,-0.609942056,5.2839146916,9.3311407702
050,3,6,01,043,Alabama,Cullman County,87857,88136,89639,90663,92016,279,1503,1024,1353,252,998,1003,1015,254,1345,1300,1146,-2,-347,-297,-131,0,-6,-2,16,290,1909,1293,1471,290,1903,1291,1487,-9,-53,30,-3,1262,1244,1244,1244,1257,11.227675432,11.125777862,11.112388397,15.131486429,14.420250469,12.546598131,-3.903810997,-3.294472607,-1.434209734,-0.067501055,-0.022185001,0.1751706545,21.476585572,14.342602966,16.104752051,21.409084517,14.320417965,16.279922706
050,3,6,01,045,Alabama,Dale County,49322,49257,49395,49495,49871,-65,138,100,376,149,673,689,692,137,700,707,623,12,-27,-18,69,-1,10,29,49,-78,118,110,257,-79,128,139,306,2,37,-21,1,757,757,757,757,757,13.643920042,13.934674891,13.928305457,14.191298707,14.298715745,12.539500433,-0.547378664,-0.364040853,1.3888050239,0.2027328387,0.5865102639,0.986252843,2.3922474962,2.2246941046,5.1727955236,2.5949803349,2.8112043685,6.1590483666
050,3,6,01,047,Alabama,Dallas County,38458,38171,37515,36729,36165,-287,-656,-786,-564,101,437,428,428,162,686,625,572,-61,-249,-197,-144,1,10,34,37,-202,-417,-635,-458,-201,-407,-601,-421,-25,0,12,1,476,476,476,476,476,11.547710277,11.52955121,11.743078991,18.127526887,16.83637735,15.694021456,-6.579816611,-5.306826141,-3.950942464,0.2642496631,0.9158989279,1.0151727165,-11.01921095,-17.10575939,-12.566192,-10.75496129,-16.18986046,-11.55101929
050,3,6,01,049,Alabama,DeKalb County,71617,71659,71912,72082,72569,42,253,170,487,188,828,834,835,222,1071,1063,945,-34,-243,-229,-110,4,35,71,100,48,422,363,495,52,457,434,595,24,39,-35,2,848,848,848,848,848,11.534362789,11.583815992,11.54502907,14.919447521,14.764504077,13.065931103,-3.385084732,-3.180688084,-1.520902033,0.4875636445,0.9861522008,1.382638212,5.8786245133,5.0418767449,6.8440591493,6.3661881578,6.0280289457,8.2266973612
050,3,6,01,051,Alabama,Elmore County,87980,87861,88789,89600,90441,-119,928,811,841,213,914,931,935,245,1070,1051,942,-32,-156,-120,-7,0,16,21,29,-84,1055,915,822,-84,1071,936,851,-3,13,-5,-3,5795,5530,5293,5592,5429,10.348146052,10.437863321,10.38652307,12.11435041,11.783237756,10.464283136,-1.766204359,-1.345374435,-0.077760066,0.181149165,0.235440526,0.3221488439,11.944523068,10.258480063,9.1312534367,12.125672233,10.493920589,9.4534022806
050,3,6,01,053,Alabama,Escambia County,36768,36685,36660,36636,36558,-83,-25,-24,-78,93,441,420,428,132,659,644,582,-39,-218,-224,-154,0,0,1,2,-49,171,207,74,-49,171,208,76,5,22,-8,0,2067,2067,2067,2067,2067,12.025359602,11.46037983,11.694947673,17.96986843,17.572582406,15.902942864,-5.944508828,-6.112202576,-4.207995191,0,0.0272866186,0.0546492882,4.6628945395,5.6483300589,2.0220236631,4.6628945395,5.6756166776,2.0766729513
050,3,6,01,055,Alabama,Etowah County,103434,103453,103010,102903,103241,19,-443,-107,338,289,1097,1156,1170,362,1880,1813,1630,-73,-783,-657,-460,0,19,64,69,58,249,522,733,58,268,586,802,34,72,-36,-4,1592,1567,1531,1570,1592,10.626601377,11.228042911,11.35128842,18.211495522,17.609378718,15.81418814,-7.584894146,-6.381335807,-4.462899721,0.1840523484,0.6216217529,0.6694349581,2.4120544601,5.0701024219,7.1115336852,2.5961068085,5.6917241748,7.7809686433
050,3,6,01,057,Alabama,Fayette County,16326,16331,16127,16082,15967,5,-204,-45,-115,42,181,177,180,53,320,301,276,-11,-139,-124,-96,0,0,0,0,14,-72,84,-18,14,-72,84,-18,2,7,-5,-1,303,303,303,303,303,11.152874484,10.99071688,11.232799775,19.717789143,18.690428141,17.223626322,-8.564914659,-7.699711261,-5.990826547,0,0,0,-4.436502557,5.2159334348,-1.123279978,-4.436502557,5.2159334348,-1.123279978
050,3,6,01,059,Alabama,Franklin County,32112,32078,31998,31910,31802,-34,-80,-88,-108,97,388,430,430,107,486,491,449,-10,-98,-61,-19,1,33,37,54,-32,-38,-48,-144,-31,-5,-11,-90,7,23,-16,1,424,424,424,424,424,12.11061864,13.456844214,13.498242089,15.169486235,15.365838393,14.094676042,-3.058867595,-1.908994179,-0.596433953,1.0300268431,1.1579145021,1.6951280763,-1.186091516,-1.502159354,-4.520341537,-0.156064673,-0.344244852,-2.825213461
050,3,6,01,061,Alabama,Geneva County,26658,26698,26620,26760,26988,40,-78,140,228,69,271,289,294,94,531,491,451,-25,-260,-202,-157,0,6,14,17,64,165,328,369,64,171,342,386,1,11,0,-1,266,266,266,266,266,10.165422559,10.828025478,10.939941951,19.91822649,18.396403147,16.782019796,-9.752803931,-7.56837767,-5.842077845,0.2250647061,0.5245410266,0.6325816775,6.1892794178,12.289246909,13.73074347,6.4143441239,12.813787936,14.363325147
050,3,6,01,063,Alabama,Greene County,7731,7700,7614,7452,7341,-31,-86,-162,-111,28,110,84,84,36,151,135,126,-8,-41,-51,-42,0,0,0,0,-21,-49,-113,-68,-21,-49,-113,-68,-2,4,2,-1,60,60,60,60,60,14.365939663,11.150935882,11.356722774,19.720517174,17.921146953,17.035084161,-5.354577511,-6.770211071,-5.678361387,0,0,0,-6.399373123,-15.00066375,-9.193537484,-6.399373123,-15.00066375,-9.193537484
050,3,6,01,065,Alabama,Hale County,14788,14772,14726,14599,14888,-16,-46,-127,289,45,183,209,213,72,269,254,251,-27,-86,-45,-38,0,1,0,1,8,30,-77,327,8,31,-77,328,3,9,-5,-1,181,181,181,181,181,12.407620856,14.254049446,14.44704446,18.238524646,17.323103154,17.024451453,-5.83090379,-3.069053708,-2.577406993,0.0678012069,0,0.0678264998,2.0340362058,-5.251491901,22.179265439,2.1018374127,-5.251491901,22.247091939
050,3,6,01,067,Alabama,Henry County,17141,17169,17433,17670,17899,28,264,237,229,40,159,172,173,63,274,269,261,-23,-115,-97,-88,0,0,0,0,50,391,333,319,50,391,333,319,1,-12,1,-2,140,140,140,140,140,9.1902202185,9.7997322166,9.7275717619,15.837234842,15.326325385,14.675700751,-6.647014623,-5.526593169,-4.948128989,0,0,0,22.59984972,18.972737373,17.936967584,22.59984972,18.972737373,17.936967584
050,3,6,01,069,Alabama,Houston County,107202,107284,107470,108047,108462,82,186,577,415,312,1300,1299,1306,316,1579,1535,1349,-4,-279,-236,-43,0,21,64,83,54,385,766,374,54,406,830,457,32,59,-17,1,822,822,822,822,822,12.106875774,12.054733501,12.064163614,14.705197575,14.244815954,12.46137574,-2.598321801,-2.190082453,-0.397212125,0.1955726087,0.5939206652,0.7667117764,3.5854978254,7.1084879615,3.4548217395,3.7810704341,7.7024086267,4.2215335159
050,3,6,01,071,Alabama,Jackson County,52579,52545,52719,52923,53467,-34,174,204,544,127,526,559,549,201,963,957,841,-74,-437,-398,-292,0,12,27,29,25,594,566,809,25,606,593,838,15,5,9,-2,603,603,603,603,603,9.9939200486,10.582912099,10.320518846,18.296853625,18.117794059,15.809756556,-8.302933577,-7.53488196,-5.48923771,0.227998176,0.511160334,0.5451640192,11.285909713,10.715435149,15.208196259,11.513907889,11.226595483,15.753360278
050,3,6,01,073,Alabama,Jefferson County,674340,674717,669990,665084,662895,377,-4727,-4906,-2189,1919,7890,7899,7967,2031,9170,8754,7573,-112,-1280,-855,394,23,266,633,818,343,-4025,-4468,-3417,366,-3759,-3835,-2599,123,312,-216,16,17043,18263,19384,20559,20631,11.734898383,11.833051951,11.998683714,13.638658831,13.11387983,11.405300837,-1.903760447,-1.280827879,0.5933828773,0.395625218,0.9482620439,1.2319471919,-5.986434219,-6.693261947,-5.146165715,-5.590809002,-5.744999903,-3.914218523
050,3,6,01,075,Alabama,Lamar County,13972,13953,13736,13706,13661,-19,-217,-30,-45,29,167,168,155,51,262,241,238,-22,-95,-73,-83,0,0,-1,-1,-1,-122,52,38,-1,-122,51,37,4,0,-8,1,152,152,152,152,152,12.062551916,12.244005539,11.327511236,18.924482647,17.56431747,17.393210801,-6.861930731,-5.320311931,-6.065699565,0,-0.072880985,-0.073080718,-8.812163675,3.7898112382,2.7770672708,-8.812163675,3.7169302529,2.7039865531
050,3,6,01,077,Alabama,Lauderdale County,93562,94025,94853,95875,96814,463,828,1022,939,220,926,943,948,305,1425,1312,1183,-85,-499,-369,-235,1,32,51,58,607,1306,1323,1103,608,1338,1374,1161,-60,-11,17,13,3052,3414,3749,4139,4676,9.8052711274,9.8884274988,9.8396898629,15.089105137,13.757812172,12.278853489,-5.283834009,-3.869384673,-2.439163626,0.3388430627,0.5347930036,0.6020063418,13.829032497,13.873159683,11.448499914,14.16787556,14.407952687,12.050506256
050,3,6,01,079,Alabama,Lawrence County,33074,33089,33073,33187,33502,15,-16,114,315,76,370,383,386,112,607,543,492,-36,-237,-160,-106,0,0,0,-1,44,208,273,420,44,208,273,419,7,13,1,2,219,219,219,219,219,11.184667936,11.560519167,11.576121999,18.348901182,16.389978871,14.755057056,-7.164233246,-4.829459704,-3.178935057,0,0,-0.029989953,6.2875971101,8.2402656203,12.595780414,6.2875971101,8.2402656203,12.56579046
050,3,6,01,081,Alabama,Lee County,174247,174754,177596,180698,183215,507,2842,3102,2517,460,1786,1942,1899,324,1407,1461,1313,136,379,481,586,20,182,510,575,299,2258,2116,1357,319,2440,2626,1932,52,23,-5,-1,5377,5363,5366,5340,5213,10.137647226,10.840259675,10.436560387,7.9863771818,8.1553137926,7.2160104201,2.151270044,2.6849458824,3.2205499666,1.0330637151,2.8468241165,3.160095957,12.816801476,11.811529079,7.4578264585,13.849865191,14.658353196,10.617922416
050,3,6,01,083,Alabama,Limestone County,103565,104203,107303,110868,114654,638,3100,3565,3786,289,1098,1189,1204,214,1187,1142,1040,75,-89,47,164,2,19,99,104,575,3284,3255,3523,577,3303,3354,3627,-14,-114,164,-5,3116,2861,2624,3076,3054,10.382684179,10.89970711,10.677450537,11.224267869,10.468852414,9.2230469755,-0.84158369,0.4308546965,1.4544035615,0.1796639339,0.9075449991,0.9223046975,31.053492572,29.838979516,31.243071629,31.233156506,30.746524515,32.165376327
050,3,6,01,085,Alabama,Lowndes County,10321,10285,9945,9783,9717,-36,-340,-162,-66,32,125,121,120,62,181,187,169,-30,-56,-66,-49,0,0,0,1,-9,-274,-94,-17,-9,-274,-94,-16,3,-10,-2,-1,183,183,183,183,183,12.35788433,12.266828873,12.307692308,17.89421651,18.95782644,17.333333333,-5.53633218,-6.690997567,-5.025641026,0,0,0.1025641026,-27.08848245,-9.529602595,-1.743589744,-27.08848245,-9.529602595,-1.641025641
050,3,6,01,087,Alabama,Macon County,19527,19464,18905,18532,18370,-63,-559,-373,-162,29,193,162,162,77,294,257,241,-48,-101,-95,-79,0,1,8,24,-17,-438,-287,-107,-17,-437,-279,-83,2,-21,1,0,2069,2062,1995,2048,2053,10.060204853,8.6545396266,8.7800119235,15.324871641,13.729732617,13.061622676,-5.264666788,-5.075192991,-4.281610753,0.0521254137,0.4273846729,1.3007425072,-22.83093122,-15.33242514,-5.799143678,-22.77880581,-14.90504047,-4.498401171
050,3,6,01,089,Alabama,Madison County,388154,390503,396671,403605,412600,2349,6168,6934,8995,1076,4284,4412,4470,844,4100,4114,3616,232,184,298,854,9,212,690,789,2269,5814,5782,7340,2278,6026,6472,8129,-161,-42,164,12,9764,10157,10364,11112,11879,10.88450584,11.026195962,10.953130647,10.417010724,10.281452899,8.8605191098,0.4674951154,0.7447430636,2.0926115375,0.5386356765,1.7244050802,1.9333378257,14.771829354,14.450014745,17.985677618,15.310465031,16.174419825,19.919015443
050,3,6,01,091,Alabama,Marengo County,19325,19270,18985,18791,18684,-55,-285,-194,-107,56,247,226,220,86,353,324,301,-30,-106,-98,-81,0,0,2,14,-26,-181,-90,-41,-26,-181,-88,-27,1,2,-8,1,239,239,239,239,239,12.913344661,11.965268954,11.741160774,18.455103908,17.153748412,16.064042695,-5.541759247,-5.188479458,-4.322881921,0,0.1058873359,0.7471647765,-9.462815318,-4.764930114,-2.188125417,-9.462815318,-4.659042778,-1.44096064
050,3,6,01,093,Alabama,Marion County,29340,29176,29001,29182,29244,-164,-175,181,62,98,280,318,309,145,522,474,441,-47,-242,-156,-132,0,12,0,1,-100,35,335,192,-100,47,335,193,-17,20,2,1,776,649,544,722,734,9.6257971363,10.931027963,10.577482628,17.94523609,16.29341904,15.096018896,-8.319438954,-5.362391076,-4.518536268,0.412534163,0,0.0342313354,1.203224642,11.515391094,6.57241639,1.615758805,11.515391094,6.6066477253
050,3,6,01,095,Alabama,Marshall County,97611,97702,98286,99428,100756,91,584,1142,1328,340,1459,1514,1535,314,1506,1423,1256,26,-47,91,279,4,46,137,181,27,534,915,866,31,580,1052,1047,34,51,-1,2,962,962,962,1019,1020,14.888666653,15.315051033,15.33589098,15.368287854,14.394529472,12.548455421,-0.479621201,0.9205215614,2.7874355593,0.4694164949,1.3858401529,1.8083363306,5.4493132233,9.2557937222,8.6520401231,5.9187297181,10.641633875,10.460376454
050,3,6,01,097,Alabama,Mobile County,414809,414377,413383,411398,411640,-432,-994,-1985,242,1288,5197,5053,5075,1347,5456,5613,4765,-59,-259,-560,310,11,125,285,325,-457,-1131,-1528,-405,-446,-1006,-1243,-80,73,271,-182,12,7750,7570,7373,7686,7773,12.556779743,12.252949571,12.332358895,13.182564995,13.610885799,11.579052243,-0.625785252,-1.357936228,0.7533066517,0.3020199092,0.6910925446,0.7897569736,-2.732676138,-3.705225993,-0.98415869,-2.430656229,-3.014133449,-0.194401717
050,3,6,01,099,Alabama,Monroe County,19771,19706,19550,19412,19229,-65,-156,-138,-183,41,217,233,231,82,366,341,319,-41,-149,-108,-88,0,0,1,1,-26,-20,-21,-98,-26,-20,-20,-97,2,13,-10,2,193,193,193,193,193,11.055634807,11.960371644,11.956212313,18.646831058,17.504234896,16.510959861,-7.59119625,-5.543863251,-4.554747548,0,0.0513320671,0.0517584949,-1.018952517,-1.07797341,-5.072332497,-1.018952517,-1.026641343,-5.020574002
050,3,6,01,101,Alabama,Montgomery County,228952,228342,226935,226301,224980,-610,-1407,-634,-1321,782,3082,2997,3003,713,2918,2682,2360,69,164,315,643,7,129,358,439,-652,-1756,-1226,-2418,-645,-1627,-868,-1979,-34,56,-81,15,8397,8211,7999,8546,8732,13.539010317,13.224898287,13.308781003,12.818569794,11.834893963,10.459115274,0.720440523,1.3900043245,2.8496657293,0.5666879724,1.5797509465,1.9455727141,-7.713985112,-5.409985085,-10.71616133,-7.14729714,-3.830234139,-8.770588613
050,3,6,01,103,Alabama,Morgan County,123424,123288,123375,124231,125133,-136,87,856,902,343,1425,1437,1461,382,1813,1689,1506,-39,-388,-252,-45,1,18,79,106,-103,368,1043,840,-102,386,1122,946,5,89,-14,1,2287,2094,1934,2139,2229,11.554225806,11.607150069,11.717810109,14.700218517,13.642641939,12.078728285,-3.145992711,-2.03549187,-0.360918176,0.1459481154,0.6381105466,0.8501628142,2.983828138,8.4246746848,6.7371392823,3.1297762534,9.0627852314,7.5873020965
050,3,6,01,105,Alabama,Perry County,8513,8458,8328,7904,7738,-55,-130,-424,-166,30,100,91,89,31,168,152,141,-1,-68,-61,-52,0,0,1,1,-49,-65,-390,-114,-49,-65,-389,-113,-5,3,26,-1,543,536,523,302,314,11.914690814,11.212419911,11.379618975,20.016680567,18.728437654,18.028385117,-8.101989753,-7.516017743,-6.648766142,0,0.1232134056,0.1278608874,-7.744549029,-48.05322819,-14.57614116,-7.744549029,-47.93001479,-14.44828027
050,3,6,01,107,Alabama,Pickens County,19130,18969,18618,18749,18688,-161,-351,131,-61,33,169,181,186,78,341,308,283,-45,-172,-127,-97,0,3,11,14,-99,-182,233,22,-99,-179,244,36,-17,0,14,0,1772,1667,1573,1916,1983,8.9924708011,9.6876923489,9.9366936453,18.144571261,16.485133942,15.118732804,-9.15210046,-6.797441593,-5.182039159,0.1596296592,0.5887547836,0.7479231776,-9.684199324,12.470896781,1.1753078505,-9.524569665,13.059651564,1.9232310281
050,3,6,01,109,Alabama,Pike County,33002,32900,32746,33008,33137,-102,-154,262,129,89,355,359,360,100,454,439,396,-11,-99,-80,-36,2,26,63,66,-86,-100,278,100,-84,-74,341,166,-7,19,1,-1,2143,2067,1964,2118,2079,10.815586631,10.919487788,10.885176506,13.831764312,13.35279983,11.973694157,-3.01617768,-2.433312042,-1.088517651,0.7921274716,1.916233233,1.9956156928,-3.046644122,8.4557593454,3.0236601406,-2.25451665,10.371992578,5.0192758334
050,3,6,01,111,Alabama,Randolph County,21961,22086,22184,22460,22786,125,98,276,326,63,265,252,249,82,389,355,336,-19,-124,-103,-87,0,1,2,10,163,219,368,404,163,220,370,414,-19,2,9,-1,410,498,585,588,590,11.971990061,11.289310994,11.006497812,17.573977863,15.903592868,14.852141626,-5.601987802,-4.614281874,-3.845643814,0.045177321,0.0895977063,0.4420280246,9.8938332957,16.485977959,17.857932193,9.9390106167,16.575575665,18.299960217
050,3,6,01,113,Alabama,Russell County,59182,59258,58681,58594,58744,76,-577,-87,150,184,788,829,688,166,828,801,710,18,-40,28,-22,8,8,16,24,34,-555,-106,149,42,-547,-90,173,16,10,-25,-1,530,530,530,530,530,13.362840112,14.137710509,11.72680632,14.041156869,13.660200384,12.101791406,-0.678316757,0.4775101258,-0.374985086,0.1356633514,0.272862929,0.4090746391,-9.411645003,-1.807716905,2.5396717176,-9.275981652,-1.534853976,2.9487463567
050,3,6,01,115,Alabama,St. Clair County,91468,91657,92874,93881,95552,189,1217,1007,1671,233,959,1021,1032,265,1327,1294,1156,-32,-368,-273,-124,0,8,15,18,207,1597,1246,1777,207,1605,1261,1795,14,-20,19,0,2108,2027,1974,2029,2109,10.393917553,10.934111537,10.895672876,14.382407292,13.857728039,12.204842873,-3.988489739,-2.923616503,-1.309169997,0.0867062987,0.1606382694,0.190040806,17.308744872,13.343685577,18.76125068,17.395451171,13.504323847,18.951291486
050,3,6,01,117,Alabama,Shelby County,223038,223912,227453,230033,233000,874,3541,2580,2967,537,2243,2370,2390,444,1930,1941,1727,93,313,429,663,8,137,212,248,762,3075,2019,2078,770,3212,2231,2326,11,16,-80,-22,3253,3226,3214,3301,3330,9.9387413734,10.360972795,10.323238301,8.5518372049,8.4855055674,7.4595115251,1.3869041685,1.8754672274,2.8637267754,0.6070475114,0.9268043175,1.0711979492,13.625336479,8.8264996087,8.9756021709,14.232383991,9.7533039262,10.04680012
050,3,6,01,119,Alabama,Sumter County,12344,12191,11967,11889,11727,-153,-224,-78,-162,28,126,133,114,59,169,165,161,-31,-43,-32,-47,0,6,20,21,-101,-181,-61,-136,-101,-175,-41,-115,-21,-6,-5,0,1080,987,875,952,922,10.431327097,11.150234742,9.6544715447,13.991224439,13.832997988,13.634823848,-3.559897342,-2.682763246,-3.980352304,0.4967298617,1.6767270288,1.7784552846,-14.98468416,-5.114017438,-11.51761518,-14.4879543,-3.437290409,-9.739159892
050,3,6,01,121,Alabama,Talladega County,82149,81575,80734,80748,81132,-574,-841,14,384,219,881,868,871,265,1329,1302,1147,-46,-448,-434,-276,0,15,15,25,-444,-436,436,633,-444,-421,451,658,-84,28,-3,2,3241,2670,2353,2504,2516,10.855836707,10.750424196,10.761057574,16.376171377,16.125636294,14.170990857,-5.52033467,-5.375212098,-3.409933284,0.184832634,0.18577922,0.3088707685,-5.372468563,5.3999826606,7.8206078577,-5.187635929,5.5857618806,8.1294786261
050,3,6,01,123,Alabama,Tallapoosa County,41309,41284,41099,40913,40677,-25,-185,-186,-236,103,397,389,392,144,718,697,637,-41,-321,-308,-245,0,4,13,19,6,114,120,-11,6,118,133,8,10,18,-11,1,680,680,680,680,680,9.637910734,9.486416622,9.6090207133,17.430780622,16.997512559,15.614658659,-7.792869888,-7.511095937,-6.005637946,0.0971074129,0.3170267766,0.4657433509,2.7675612687,2.9264010145,-0.269640887,2.8646686816,3.2434277911,0.1961024635
050,3,6,01,125,Alabama,Tuscaloosa County,227037,231547,235670,236690,237373,4510,4123,1020,683,611,2486,2488,2510,511,2343,2292,2004,100,143,196,506,4,129,257,298,5189,3949,679,-128,5193,4078,936,170,-783,-98,-112,7,11131,15437,19630,20405,21021,10.641736067,10.534338217,10.58930986,10.029600806,9.7044626979,8.4545724935,0.6121352605,0.8298755187,2.1347373661,0.5522059343,1.0881531036,1.2572168678,16.904350655,2.874925904,-0.540012614,17.456556589,3.9630790075,0.7172042534
050,3,6,01,127,Alabama,Walker County,65344,65138,64636,64438,64728,-206,-502,-198,290,165,766,786,808,309,1391,1224,1096,-144,-625,-438,-288,1,18,37,39,-73,58,228,539,-72,76,265,578,10,47,-25,0,1081,1081,1081,1081,1081,11.805138163,12.179060074,12.511032315,21.437267866,18.965864543,16.97041017,-9.632129702,-6.786804469,-4.459377855,0.2774053354,0.5733145327,0.6038740845,0.8938616364,3.5328571207,8.345849527,1.1712669718,4.1061716535,8.9497236115
050,3,6,01,129,Alabama,Washington County,15389,15329,15223,15094,15022,-60,-106,-129,-72,48,187,190,187,52,236,241,229,-4,-49,-51,-42,0,1,-1,-1,-51,-65,-75,-29,-51,-64,-76,-30,-5,7,-2,0,125,125,125,125,125,12.241424457,12.534221724,12.418647895,15.449070437,15.898670713,15.20786293,-3.207645981,-3.364448989,-2.789215035,0.0654621629,-0.065969588,-0.066409882,-4.255040587,-4.947719101,-1.925886572,-4.189578424,-5.01368869,-1.992296454
050,3,6,01,131,Alabama,Wilcox County,10598,10534,10423,10139,9944,-64,-111,-284,-195,28,113,116,116,50,175,177,166,-22,-62,-61,-50,0,4,2,2,-38,-54,-232,-147,-38,-50,-230,-145,-4,1,7,0,228,228,228,228,228,10.783986258,11.282949129,11.552058955,16.700863673,17.216224103,16.531394712,-5.916877416,-5.933274973,-4.979335757,0.3817340268,0.1945336057,0.1991734303,-5.153409362,-22.56589826,-14.63924712,-4.771675335,-22.37136465,-14.44007369
050,3,6,01,133,Alabama,Winston County,23547,23493,23655,23741,23611,-54,162,86,-130,56,215,242,249,100,421,419,388,-44,-206,-177,-139,0,8,17,18,-15,363,247,-8,-15,371,264,10,5,-3,-1,-1,343,343,343,343,343,9.1202171884,10.211832222,10.516979219,17.858657843,17.680816947,16.387903362,-8.738440655,-7.468984724,-5.870924143,0.3393569186,0.7173601148,0.760263558,15.398320183,10.422820491,-0.337894915,15.737677102,11.140180606,0.4223686434
040,4,9,02,000,Alaska,Alaska,733374,732964,734923,733276,733406,-410,1959,-1647,130,2406,9453,9356,9266,1171,5330,6340,5581,1235,4123,3016,3685,63,873,2356,2004,-1663,-2948,-7202,-5543,-1600,-2075,-4846,-3539,-45,-89,183,-16,30285,30262,30654,29833,29815,12.879738018,12.744866329,12.635322449,7.2621393881,8.6364314374,7.6103749824,5.6175986299,4.108434892,5.0249474665,1.1894648566,3.2093742061,2.7326987036,-4.016657958,-9.810659182,-7.558557342,-2.827193101,-6.601284976,-4.825858639
050,4,9,02,013,Alaska,Aleutians East Borough,3421,3427,3417,3430,3461,6,-10,13,31,6,8,9,17,2,11,11,10,4,-3,-2,7,0,16,97,77,0,-26,-82,-53,0,-10,15,24,2,3,0,0,2216,2216,2216,2216,2216,2.3378141438,2.6288885643,4.9339718473,3.2144944477,3.2130860231,2.9023363808,-0.876680304,-0.584197459,2.0316354666,4.6756282876,28.333576749,22.347990132,-7.597895967,-23.95209581,-15.38238282,-2.92226768,4.3814809406,6.9656073139
050,4,9,02,016,Alaska,Aleutians West Census Area,5225,5214,5147,5090,5160,-11,-67,-57,70,12,28,25,25,5,18,19,16,7,10,6,9,0,65,155,131,-17,-138,-226,-67,-17,-73,-71,64,-1,-4,8,-3,2931,2931,2931,2933,2931,5.4048836985,4.8842434307,4.8780487805,3.4745680919,3.7120250073,3.1219512195,1.9303156066,1.1722184234,1.756097561,12.547051443,30.28230927,25.56097561,-26.63835537,-44.15356061,-13.07317073,-14.09130393,-13.87125134,12.487804878
050,4,9,02,020,Alaska,Anchorage Municipality,291244,290893,289169,286983,286075,-351,-1724,-2186,-908,966,3658,3600,3573,482,2090,2501,2177,484,1568,1099,1396,46,524,1298,1115,-881,-3816,-4631,-3412,-835,-3292,-3333,-2297,0,0,48,-7,9077,9071,9421,8922,8916,12.612444877,12.496702259,12.46994196,7.2061262417,8.6817367639,7.5978347741,5.4063186349,3.8149654952,4.8721071864,1.8067034214,4.5057554257,3.8914036625,-13.15721423,-16.07561893,-11.90804421,-11.35051081,-11.56986351,-8.016640549
050,4,9,02,050,Alaska,Bethel Census Area,18657,18661,18594,18259,18224,4,-67,-335,-35,109,394,400,389,31,165,168,155,78,229,232,234,0,2,6,5,-71,-292,-590,-276,-71,-290,-584,-271,-3,-6,17,2,456,455,481,485,486,21.151523285,21.707866388,21.325000685,8.8578714267,9.117303883,8.4971082422,12.293651859,12.590562505,12.827892443,0.1073681385,0.3256179958,0.2741002659,-15.67574822,-32.01910292,-15.13033468,-15.56838008,-31.69348493,-14.85623441
050,4,9,02,060,Alaska,Bristol Bay Borough,843,830,842,870,844,-13,12,28,-26,2,6,11,11,2,7,11,7,0,-1,0,4,0,3,8,6,-11,10,18,-34,-11,13,26,-28,-2,0,2,-2,27,27,27,27,27,7.1770334928,12.85046729,12.835472579,8.3732057416,12.85046729,8.1680280047,-1.196172249,0,4.6674445741,3.5885167464,9.3457943925,7.0011668611,11.961722488,21.028037383,-39.67327888,15.550239234,30.373831776,-32.67211202
050,4,9,02,063,Alaska,Chugach Census Area,7103,7080,6971,6899,6769,-23,-109,-72,-130,17,80,74,62,8,37,50,24,9,43,24,38,0,8,18,15,-29,-154,-117,-183,-29,-146,-99,-168,-3,-6,3,0,273,273,278,273,273,11.387089887,10.670511896,9.0722856307,5.2665290727,7.2098053353,3.5118525022,6.1205608142,3.4607065609,5.5604331285,1.1387089887,2.5955299207,2.1949078139,-21.92014803,-16.87094448,-26.77787533,-20.78143904,-14.27541456,-24.58296752
050,4,9,02,066,Alaska,Copper River Census Area,2616,2614,2621,2609,2674,-2,7,-12,65,4,25,25,32,6,30,39,18,-2,-5,-14,14,0,-1,-1,-1,0,11,3,53,0,10,2,52,0,2,0,-1,25,25,25,25,25,9.5510983763,9.5602294455,12.11432898,11.461318052,14.913957935,6.8143100511,-1.910219675,-5.353728489,5.3000189286,-0.382043935,-0.382409178,-0.378572781,4.2024832856,1.1472275335,20.064357373,3.8204393505,0.7648183556,19.685784592
050,4,9,02,068,Alaska,Denali Borough,1624,1614,1595,1575,1584,-10,-19,-20,9,3,21,21,20,0,11,9,9,3,10,12,11,0,9,6,6,-12,-35,-41,-9,-12,-26,-35,-3,-1,-3,3,1,23,23,23,23,23,13.088189467,13.249211356,12.662234884,6.8557182923,5.6782334385,5.698005698,6.2324711748,7.570977918,6.9642291865,5.6092240573,3.785488959,3.7986704653,-21.81364911,-25.86750789,-5.698005698,-16.20442505,-22.08201893,-1.899335233
050,4,9,02,070,Alaska,Dillingham Census Area,4856,4838,4796,4724,4607,-18,-42,-72,-117,19,89,79,75,8,42,55,47,11,47,24,28,0,2,12,12,-26,-89,-111,-156,-26,-87,-99,-144,-3,-2,3,-1,65,65,65,40,42,18.476230019,16.596638655,16.075447433,8.7191197841,11.554621849,10.073947058,9.7571102346,5.0420168067,6.0015003751,0.4151961802,2.5210084034,2.5720715893,-18.47623002,-23.31932773,-33.43693066,-18.06103384,-20.79831933,-30.86485907
050,4,9,02,090,Alaska,Fairbanks North Star Borough,95660,95337,95593,95202,94840,-323,256,-391,-362,336,1400,1448,1427,114,584,684,606,222,816,764,821,9,15,204,214,-519,-635,-1356,-1391,-510,-620,-1152,-1177,-35,60,-3,-6,3987,3984,3699,3300,3297,14.665060493,15.178594827,15.017732922,6.1174252344,7.1699992138,6.377537597,8.547635259,8.0085956131,8.6401953252,0.1571256481,2.1384208182,2.2521337389,-6.651652438,-14.21420897,-14.6388693,-6.49452679,-12.07578815,-12.38673556
050,4,9,02,100,Alaska,Haines Borough,2078,2084,2074,2070,2070,6,-10,-4,0,6,19,22,24,8,20,19,17,-2,-1,3,7,0,0,6,6,9,-10,-12,-12,9,-10,-6,-6,-1,1,-1,-1,22,22,22,22,22,9.139009139,10.617760618,11.594202899,9.62000962,9.1698841699,8.2125603865,-0.481000481,1.4478764479,3.3816425121,0,2.8957528958,2.8985507246,-4.81000481,-5.791505792,-5.797101449,-4.81000481,-2.895752896,-2.898550725
050,4,9,02,105,Alaska,Hoonah-Angoon Census Area,2360,2358,2330,2279,2262,-2,-28,-51,-17,5,26,18,18,7,33,21,28,-2,-7,-3,-10,0,1,4,3,-1,-21,-53,-9,-1,-20,-49,-6,1,-1,1,-1,28,28,28,28,28,11.092150171,7.8108049468,7.9277692138,14.078498294,9.1126057713,12.332085444,-2.986348123,-1.301800824,-4.40431623,0.4266211604,1.7357344326,1.321294869,-8.959044369,-22.99848123,-3.963884607,-8.532423208,-21.2627468,-2.642589738
050,4,9,02,110,Alaska,Juneau City and Borough,32256,32209,31979,31740,31555,-47,-230,-239,-185,70,278,286,284,46,208,237,214,24,70,49,70,2,43,124,58,-77,-344,-412,-314,-75,-301,-288,-256,4,1,0,1,934,933,885,901,902,8.6620552128,8.9769142642,8.973852595,6.4809621736,7.4389114707,6.7619875188,2.1810930392,1.5380027935,2.2118650762,1.3398142955,3.892088702,1.832688206,-10.71851436,-12.93177859,-9.921794771,-9.378700069,-9.039689888,-8.089106564
050,4,9,02,122,Alaska,Kenai Peninsula Borough,58801,58942,59946,60611,61223,141,1004,665,612,149,679,634,636,111,468,605,549,38,211,29,87,1,20,48,38,94,776,599,486,95,796,647,524,8,-3,-11,1,1964,1962,1931,1808,1802,11.422515309,10.51784633,10.440435346,7.8729560595,10.036746104,9.0122625868,3.549559249,0.4811002264,1.4281727597,0.3364511137,0.7963038231,0.6237995962,13.05430321,9.9372081256,7.9780685195,13.390754323,10.733511949,8.6018681156
050,4,9,02,130,Alaska,Ketchikan Gateway Borough,13953,13915,13866,13772,13738,-38,-49,-94,-34,42,137,121,119,30,87,121,109,12,50,0,10,0,15,32,29,-48,-118,-127,-72,-48,-103,-95,-43,-2,4,1,-1,345,345,385,381,380,9.8628559087,8.7560604964,8.6513994911,6.2632734603,8.7560604964,7.9243911305,3.5995824484,0,0.7270083606,1.0798747345,2.3156523627,2.1083242457,-8.495014578,-9.190245314,-5.234460196,-7.415139844,-6.874592952,-3.126135951
050,4,9,02,150,Alaska,Kodiak Island Borough,13100,13047,12878,12639,12565,-53,-169,-239,-74,43,166,160,158,13,86,85,88,30,80,75,70,5,62,98,91,-81,-301,-429,-234,-76,-239,-331,-143,-7,-10,17,-1,465,465,473,457,457,12.806171649,12.540659168,12.53769243,6.6345226615,6.6622251832,6.9830185685,6.1716489875,5.8784339852,5.5546738613,4.7830279653,7.6811537406,7.2210760197,-23.22082932,-33.6246424,-18.56848119,-18.43780135,-25.94348865,-11.34740517
050,4,9,02,158,Alaska,Kusilvak Census Area,8370,8371,8377,8214,8001,1,6,-163,-213,63,225,219,216,18,66,87,72,45,159,132,144,0,0,1,1,-41,-149,-307,-356,-41,-149,-306,-355,-3,-4,11,-2,14,14,14,14,14,26.868879866,26.399855343,26.64199815,7.8815380941,10.487613766,8.88066605,18.987341772,15.912241577,17.7613321,0,0.1205472847,0.123342584,-17.79316933,-37.00801639,-43.90995991,-17.79316933,-36.88746911,-43.78661733
050,4,9,02,164,Alaska,Lake and Peninsula Borough,1474,1450,1419,1377,1331,-24,-31,-42,-46,5,26,18,16,6,15,14,11,-1,11,4,5,0,0,1,1,-20,-41,-48,-51,-20,-41,-47,-50,-3,-1,1,-1,31,31,31,31,31,18.124782154,12.875536481,11.816838996,10.456605089,10.014306152,8.1240768095,7.6681770652,2.861230329,3.6927621861,0,0.7153075823,0.7385524372,-28.58138724,-34.33476395,-37.6661743,-28.58138724,-33.61945637,-36.92762186
050,4,9,02,170,Alaska,Matanuska-Susitna Borough,107068,107504,110998,113472,115239,436,3494,2474,1767,339,1323,1376,1370,164,810,1006,862,175,513,370,508,0,39,68,57,244,3044,1978,1198,244,3083,2046,1255,17,-102,58,4,2350,2340,2540,2825,2823,12.109728973,12.259990199,11.9801846,7.4141197792,8.9633358578,7.5378971715,4.6956091935,3.2966543413,4.4422874282,0.3569761375,0.6058716087,0.4984456366,27.862445195,17.623735911,10.47610303,28.219421333,18.22960752,10.974548666
050,4,9,02,180,Alaska,Nome Census Area,10050,10029,9894,9791,9763,-21,-135,-103,-28,48,182,172,169,25,89,99,84,23,93,73,85,0,2,9,8,-42,-226,-189,-124,-42,-224,-180,-116,-2,-4,4,3,269,269,275,283,283,18.270340812,17.47523495,17.285465889,8.9343974301,10.058420117,8.591592513,9.335943382,7.4168148336,8.6938733763,0.200772976,0.9144018288,0.818246906,-22.68734628,-19.2024384,-12.68282704,-22.48657331,-18.28803658,-11.86458014
050,4,9,02,185,Alaska,North Slope Borough,11032,11004,11054,10811,10603,-28,50,-243,-208,34,131,131,126,9,65,68,63,25,66,63,63,0,11,52,43,-51,-30,-368,-313,-51,-19,-316,-270,-2,3,10,-1,3179,3179,3232,3197,3193,11.87777677,11.982620627,11.768002242,5.8935533593,6.2199862794,5.8840011208,5.984223411,5.7626343471,5.8840011208,0.9973705685,4.756460096,4.016064257,-2.72010155,-33.66110222,-29.23321192,-1.722730982,-28.90464212,-25.21714766
050,4,9,02,188,Alaska,Northwest Arctic Borough,7796,7797,7635,7453,7361,1,-162,-182,-92,38,177,142,141,13,64,78,79,25,113,64,62,0,0,-1,-1,-24,-263,-259,-154,-24,-263,-260,-155,0,-12,14,1,221,221,267,237,237,22.939346812,18.82290562,19.036046983,8.2944530845,10.339342524,10.665586607,14.644893727,8.4835630965,8.3704603753,0,-0.132555673,-0.135007425,-34.08501814,-34.33191941,-20.79114351,-34.08501814,-34.46447508,-20.92615094
050,4,9,02,195,Alaska,Petersburg Borough,3397,3403,3381,3370,3427,6,-22,-11,57,13,30,27,25,9,25,30,28,4,5,-3,-3,0,10,27,25,2,-35,-35,37,2,-25,-8,62,0,-2,0,-2,186,186,187,186,186,8.8443396226,7.9988149904,7.3561865529,7.3702830189,8.8875722115,8.2389289392,1.4740566038,-0.888757221,-0.882742386,2.9481132075,7.9988149904,7.3561865529,-10.31839623,-10.36883425,10.887156098,-7.370283019,-2.370019256,18.243342651
050,4,9,02,198,Alaska,Prince of Wales-Hyder Census Area,5755,5741,5720,5650,5696,-14,-21,-70,46,11,66,74,73,9,77,74,76,2,-11,0,-3,0,0,3,2,-16,-11,-74,48,-16,-11,-71,50,0,1,1,-1,37,37,37,37,37,11.517319606,13.016710642,12.867971091,13.436872873,13.016710642,13.396791821,-1.919553268,0,-0.52882073,0,0.5277044855,0.3525471532,-1.919553268,-13.01671064,8.4611316764,-1.919553268,-12.48900616,8.8136788295
050,4,9,02,220,Alaska,Sitka City and Borough,8449,8426,8383,8353,8282,-23,-43,-30,-71,17,75,78,76,7,70,66,69,10,5,12,7,0,16,32,21,-29,-68,-66,-98,-29,-52,-34,-77,-4,4,-8,-1,329,329,310,331,330,8.9237908263,9.3212237094,9.1373609859,8.3288714379,7.8871892925,8.2957619477,0.5949193884,1.4340344168,0.8415990382,1.903742043,3.8240917782,2.5247971145,-8.090903683,-7.887189293,-11.78238653,-6.18716164,-4.063097514,-9.25758942
050,4,9,02,230,Alaska,Skagway Municipality,1240,1238,1147,1092,1095,-2,-91,-55,3,0,11,9,9,2,9,8,8,-2,2,1,1,0,1,4,4,-2,-88,-63,-4,-2,-87,-59,0,2,-6,3,2,29,29,29,29,29,9.2243186583,8.0393032604,8.2304526749,7.5471698113,7.1460473426,7.3159579332,1.677148847,0.8932559178,0.9144947417,0.8385744235,3.5730236713,3.6579789666,-73.79454927,-56.27512282,-3.657978967,-72.95597484,-52.70209915,0
050,4,9,02,240,Alaska,Southeast Fairbanks Census Area,6807,6821,7007,7016,7077,14,186,9,61,26,102,102,98,16,62,62,54,10,40,40,44,0,9,28,23,3,140,-59,-8,3,149,-31,15,1,-3,0,2,623,623,662,636,638,14.75267573,14.547529059,13.907613709,8.9673126989,8.8426157028,7.6633789825,5.7853630315,5.7049133566,6.2442347265,1.3017066821,3.9934393496,3.2640317888,20.24877061,-8.414747201,-1.135315405,21.550477292,-4.421307851,2.128716384
050,4,9,02,275,Alaska,Wrangell City and Borough,2125,2126,2102,2071,2064,1,-24,-31,-7,4,21,19,19,5,21,28,24,-1,0,-9,-5,0,1,0,0,2,-24,-22,-1,2,-23,-22,-1,0,-1,0,-1,22,22,23,24,25,9.9337748344,9.1061586389,9.1898428053,9.9337748344,13.419602205,11.608222491,0,-4.313443566,-2.418379686,0.4730368969,0,0,-11.35288553,-10.54397316,-0.483675937,-10.87984863,-10.54397316,-0.483675937
050,4,9,02,282,Alaska,Yakutat City and Borough,663,682,710,685,687,19,28,-25,2,1,10,2,3,0,1,6,2,1,9,-4,1,0,-1,1,1,21,20,-23,0,21,19,-22,1,-3,0,1,0,36,36,36,36,36,14.367816092,2.8673835125,4.3731778426,1.4367816092,8.6021505376,2.915451895,12.931034483,-5.734767025,1.4577259475,-1.436781609,1.4336917563,1.4577259475,28.735632184,-32.97491039,0,27.298850575,-31.54121864,1.4577259475
050,4,9,02,290,Alaska,Yukon-Koyukuk Census Area,5351,5309,5278,5169,5129,-42,-31,-109,-40,18,60,54,55,15,59,79,75,3,1,-25,-20,0,1,16,14,-40,-35,-100,-34,-40,-34,-84,-20,-5,2,0,0,121,121,121,126,126,11.33465571,10.337896047,10.681685764,11.145744781,15.123959031,14.565935133,0.1889109285,-4.786062985,-3.884249369,0.1889109285,3.0630803101,2.7189745582,-6.611882497,-19.14425194,-6.603223927,-6.422971569,-16.08117163,-3.884249369
040,4,8,04,000,Arizona,Arizona,7157902,7186683,7272487,7365684,7431344,28781,85804,93197,65660,18110,75693,79137,78494,18025,80276,79807,70792,85,-4583,-670,7702,253,8010,22296,21635,29980,82290,69798,36179,30233,90300,92094,57814,-1537,87,1773,144,166668,165653,150826,161194,162728,10.469895575,10.812416387,10.609427785,11.103818546,10.903957878,9.5684079262,-0.633922971,-0.091541491,1.0410198589,1.1079474133,3.0462822165,2.9242358668,11.382396085,9.5364373049,4.8900360262,12.490343498,12.582719521,7.814271893
050,4,8,04,001,Arizona,Apache County,66026,65913,65389,65533,65036,-113,-524,144,-497,233,734,762,724,314,1166,1071,975,-81,-432,-309,-251,0,23,53,56,-48,-154,418,-302,-48,-131,471,-246,16,39,-18,0,1198,1186,1137,1201,1203,11.180332364,11.640518782,11.089921804,17.760582474,16.360886635,14.934632263,-6.58025011,-4.720367853,-3.84471046,0.3503373901,0.8096423825,0.8577840069,-2.345737308,6.3854814317,-4.625906609,-1.995399918,7.1951238142,-3.768122602
050,4,8,04,003,Arizona,Cochise County,125445,125527,126119,125487,124640,82,592,-632,-847,319,1221,1249,1246,361,1782,1795,1612,-42,-561,-546,-366,9,120,260,228,97,1003,-331,-695,106,1123,-71,-467,18,30,-15,-14,5075,5075,5145,4129,3421,9.7041081519,9.9282211076,9.9629388271,14.162752438,14.268340183,12.889452158,-4.458644286,-4.340119075,-2.926513331,0.9537207029,2.0667233691,1.8230738785,7.9715155417,-2.631097828,-5.557176954,8.9252362446,-0.564374458,-3.734103076
050,4,8,04,005,Arizona,Coconino County,145104,145192,142897,144223,144472,88,-2295,1326,249,335,1336,1323,1315,289,1140,1126,1059,46,196,197,256,-4,99,286,292,-13,-2497,811,-296,-17,-2398,1097,-4,59,-93,32,-3,12049,12115,9671,10756,11776,9.2749115725,9.2156589579,9.1099603388,7.9142209526,7.8434104207,7.3364623565,1.3606906199,1.3722485372,1.7734979823,0.687287609,1.992198384,2.0228961361,-17.33492081,5.6492059069,-2.050607042,-16.6476332,7.6414042909,-0.027710906
050,4,8,04,007,Arizona,Gila County,53271,53351,53549,53922,54003,80,198,373,81,110,441,454,453,213,994,1006,931,-103,-553,-552,-478,1,9,-6,-6,206,761,898,562,207,770,892,556,-24,-19,33,3,843,843,773,825,829,8.2507015903,8.4487908366,8.3947185546,18.596819457,18.721329475,17.252721798,-10.34611787,-10.27253864,-8.858003243,0.1683816651,-0.111658029,-0.111188325,14.237605239,16.711484959,10.414639796,14.405986904,16.59982693,10.303451471
050,4,8,04,009,Arizona,Graham County,38541,38646,38921,38822,39525,105,275,-99,703,107,481,502,493,76,422,445,408,31,59,57,85,0,-1,-2,-2,64,197,-169,614,64,196,-171,612,10,20,15,6,2663,2678,2551,2021,2455,12.40218134,12.914345986,12.585038355,10.880915853,11.447976024,10.415204156,1.5212654866,1.4663699626,2.1698341991,-0.025784161,-0.051451578,-0.051054922,5.0794796756,-4.34765831,15.673861156,5.0536955148,-4.399109888,15.622806234
050,4,8,04,011,Arizona,Greenlee County,9562,9528,9400,9327,9369,-34,-128,-73,42,32,127,119,118,18,81,97,98,14,46,22,20,0,6,29,31,-44,-173,-124,-9,-44,-167,-95,22,-4,-7,0,0,19,19,18,18,1,13.419273035,12.708922945,12.623020967,8.5587489434,10.359374166,10.483525888,4.8605240913,2.3495487798,2.1394950792,0.6339814032,3.0971324825,3.3162173727,-18.27979713,-13.2429113,-0.962772786,-17.64581572,-10.14577882,2.3534445871
050,4,8,04,012,Arizona,La Paz County,16546,16569,16385,16535,16710,23,-184,150,175,39,157,165,165,78,392,400,376,-39,-235,-235,-211,1,12,84,78,71,36,294,312,72,48,378,390,-10,3,7,-4,176,176,176,176,176,9.5284335741,10.024301337,9.9263047075,23.790738605,24.301336574,22.619942849,-14.26230503,-14.27703524,-12.69363814,0.7282879165,5.1032806804,4.6924349526,2.1848637495,17.861482382,18.76973981,2.913151666,22.964763062,23.462174763
050,4,8,04,013,Arizona,Maricopa County,4425102,4445059,4499438,4555833,4585871,19957,54379,56395,30038,11597,48709,51145,50795,9639,43801,43452,38287,1958,4908,7693,12508,135,5514,15356,15217,18682,42990,32979,2179,18817,48504,48335,17396,-818,967,367,134,74597,74551,68677,77488,77694,10.891389421,11.296183184,11.112807853,9.7939548753,9.5970623077,8.3763377156,1.0974345455,1.6991208767,2.7364701373,1.2329368549,3.3916157783,3.3291386376,9.6126143259,7.2839344068,0.4767163759,10.845551181,10.675550185,3.8058550135
050,4,8,04,015,Arizona,Mohave County,213276,214185,217164,220905,223682,909,2979,3741,2777,400,1738,1802,1736,1016,4267,4460,3993,-616,-2529,-2658,-2257,2,33,90,81,1733,5700,5991,4952,1735,5733,6081,5033,-210,-225,318,1,4322,4330,3691,4209,4527,8.0584399176,8.2270144658,7.8094951044,19.784443687,20.362089077,17.962738452,-11.72600377,-12.13507461,-10.15324335,0.1530083529,0.4108941742,0.3643831241,26.428715495,27.35185553,22.276854699,26.581723848,27.762749704,22.641237823
050,4,8,04,017,Arizona,Navajo County,106714,106763,107726,108800,109175,49,963,1074,375,318,1265,1236,1228,435,1750,1754,1597,-117,-485,-518,-369,0,11,41,38,157,1450,1520,707,157,1461,1561,745,9,-13,31,-1,2038,2032,1880,1760,1550,11.795476691,11.416642805,11.267347173,16.31785313,16.201287605,14.653056543,-4.522376439,-4.7846448,-3.38570937,0.1025693625,0.378707407,0.3486638376,13.520506879,14.039884356,6.4869824521,13.623076242,14.418591763,6.8356462897
050,4,8,04,019,Arizona,Pima County,1043435,1045175,1048914,1057476,1063162,1740,3739,8562,5686,2351,9815,10093,10006,2994,12945,12750,11276,-643,-3130,-2657,-1270,66,1161,3224,3105,2257,5189,7927,3823,2323,6350,11151,6928,60,519,68,28,27486,26769,23654,27180,26988,9.3740046388,9.5832205812,9.4367827041,12.363371375,12.106020253,10.634535456,-2.989366737,-2.522799671,-1.197752752,1.1088353933,3.0611615133,2.9283640112,4.9558543118,7.5266213759,3.6055187165,6.0646897052,10.587782889,6.5338827277
050,4,8,04,021,Arizona,Pinal County,426000,430187,448993,465037,484239,4187,18806,16044,19202,1069,4667,5051,5015,1055,4661,4835,4293,14,6,216,722,14,340,1099,1033,4607,19359,14075,17463,4621,19699,15174,18496,-448,-899,654,-16,23521,23180,21834,21084,20632,10.616711026,11.052153649,10.565947101,10.603061944,10.57952146,9.0447878172,0.0136490821,0.4726321893,1.5211592835,0.7734479856,2.4047350743,2.1763954846,44.038763393,30.797676225,36.792250094,44.812211379,33.202411299,38.968645578
050,4,8,04,023,Arizona,Santa Cruz County,47668,47712,47956,48680,49158,44,244,724,478,148,503,550,554,94,500,405,382,54,3,145,172,4,164,420,332,-19,46,175,-27,-15,210,595,305,5,31,-16,1,114,114,116,114,115,10.515532885,11.382921479,11.324843108,10.452815989,8.3819694524,7.8088268362,0.0627168959,3.0009520262,3.5160162718,3.4285236443,8.6924127654,6.7867290828,0.961659071,3.6218386523,-0.551932787,4.3901827152,12.314251418,6.2347962959
050,4,8,04,025,Arizona,Yavapai County,236210,237217,242352,246230,249081,1007,5135,3878,2851,406,1658,1783,1777,871,3925,4082,3587,-465,-2267,-2299,-1810,1,74,184,153,1670,7677,5699,4514,1671,7751,5883,4667,-199,-349,294,-6,4062,4057,4058,4003,3989,6.9145420159,7.2986724849,7.1752898684,16.368864543,16.709579968,14.483829352,-9.454322527,-9.410907483,-7.308539483,0.3086104398,0.753200077,0.617793669,32.016247923,23.328734992,18.22693217,32.324858362,24.081935069,18.844725839
050,4,8,04,027,Arizona,Yuma County,205002,205659,207284,208874,213221,657,1625,1590,4347,646,2841,2903,2869,572,2450,2129,1918,74,391,774,951,24,445,1178,999,560,706,-365,2382,584,1151,813,3381,-1,83,3,15,8505,8528,7445,6230,7372,13.759768297,13.951431908,13.594096116,11.866044466,10.231690848,9.0880015162,1.8937238311,3.7197410599,4.5060945996,2.1552611377,5.6613113289,4.733531551,3.4193581196,-1.754141456,11.286558713,5.5746192574,3.907169873,16.020090264
040,3,7,05,000,Arkansas,Arkansas,3011490,3014348,3028443,3046404,3067732,2858,14095,17961,21328,8509,34927,36298,35566,8475,40180,40362,36473,34,-5253,-4064,-907,94,1346,3215,4096,2537,17806,18841,18106,2631,19152,22056,22202,193,196,-31,33,82490,82455,82617,84268,85120,11.559890124,11.950259817,11.634023188,13.298490714,13.288235901,11.930712696,-1.73860059,-1.337976084,-0.296689508,0.4454895097,1.0584628716,1.3398458916,5.8933032766,6.2029545765,5.9226683868,6.3387927863,7.261417448,7.2625142784
050,3,7,05,001,Arkansas,Arkansas County,17148,17107,16687,16498,16307,-41,-420,-189,-191,52,194,184,186,71,319,328,305,-19,-125,-144,-119,0,1,-1,-1,-22,-290,-38,-71,-22,-289,-39,-72,0,-6,-6,0,322,322,322,322,322,11.481328046,11.089347597,11.339734797,18.879090963,19.767967455,18.594726414,-7.397762916,-8.678619858,-7.254991617,0.0591821033,-0.060268193,-0.060966316,-17.16280997,-2.290191352,-4.328608444,-17.10362786,-2.350459545,-4.38957476
050,3,7,05,003,Arkansas,Ashley County,19058,18957,18654,18348,18262,-101,-303,-306,-86,40,216,205,199,62,328,327,315,-22,-112,-122,-116,0,-1,-2,-2,-69,-191,-178,36,-69,-192,-180,34,-10,1,-4,-4,154,154,154,154,154,11.486001436,11.080482136,10.871346627,17.441705884,17.674720285,17.208413002,-5.955704448,-6.594238149,-6.337066375,-0.053175933,-0.108102265,-0.109259765,-10.15660312,-9.621101562,1.9666757716,-10.20977905,-9.729203827,1.8574160066
050,3,7,05,005,Arkansas,Baxter County,41628,41686,42224,42485,42875,58,538,261,390,77,344,348,349,196,861,911,801,-119,-517,-563,-452,0,-1,-5,-4,198,1099,799,843,198,1098,794,839,-21,-43,30,3,522,522,522,522,522,8.1992611131,8.2163642588,8.1771321462,20.521987844,21.508930574,18.767572634,-12.32272673,-13.29256632,-10.59044049,-0.023835061,-0.118051211,-0.093720712,26.194732451,18.864583456,19.751640112,26.17089739,18.746532246,19.6579194
050,3,7,05,007,Arkansas,Benton County,284340,286618,294297,302822,311013,2278,7679,8525,8191,916,3564,3882,3908,491,2453,2551,2211,425,1111,1331,1697,34,329,885,1096,1954,6395,6089,5376,1988,6724,6974,6472,-135,-156,220,22,3026,3025,3043,3029,3030,12.27029772,13.002433351,12.733063445,8.4452975048,8.5443605044,7.2038902963,3.8250002152,4.4580728465,5.5291731491,1.1326958333,2.96423326,3.5709922047,22.016990437,20.394594712,17.516107749,23.149686271,23.358827972,21.087099954
050,3,7,05,009,Arkansas,Boone County,37367,37381,37894,38280,38530,14,513,386,250,91,381,406,406,121,566,583,526,-30,-185,-177,-120,0,4,-4,-2,37,706,568,376,37,710,564,374,7,-12,-1,-4,445,445,445,445,445,10.122882763,10.659805183,10.571540164,15.038193291,15.307060152,13.696133316,-4.915310528,-4.647254969,-3.124593152,0.1062769844,-0.105022711,-0.052076553,18.757887745,14.913224985,9.7903918761,18.864164729,14.808202274,9.7383153235
050,3,7,05,011,Arkansas,Bradley County,10545,10495,10343,10168,10104,-50,-152,-175,-64,28,110,118,118,44,174,163,154,-16,-64,-45,-36,0,-1,-4,-5,-33,-87,-127,-24,-33,-88,-131,-29,-1,0,1,1,218,218,216,207,218,10.55763509,11.506021159,11.641673244,16.700259142,15.893910585,15.193370166,-6.142624052,-4.387889425,-3.551696922,-0.095978501,-0.390034616,-0.493291239,-8.350129571,-12.38359904,-2.367797948,-8.446108072,-12.77363366,-2.861089187
050,3,7,05,013,Arkansas,Calhoun County,4740,4736,4728,4687,4641,-4,-8,-41,-46,16,41,52,51,22,86,89,88,-6,-45,-37,-37,0,0,0,0,0,39,-2,-8,0,39,-2,-8,2,-2,-2,-1,149,149,149,149,149,8.6644125106,11.046202868,10.934819897,18.174133559,18.906001062,18.867924528,-9.509721048,-7.859798194,-7.933104631,0,0,0,8.2417582418,-0.424853956,-1.715265866,8.2417582418,-0.424853956,-1.715265866
050,3,7,05,015,Arkansas,Carroll County,28257,28240,28539,28717,28814,-17,299,178,97,84,348,328,326,84,385,404,371,0,-37,-76,-45,0,41,26,36,-22,296,216,104,-22,337,242,140,5,-1,12,2,230,230,230,230,230,12.258053153,11.457314517,11.333020459,13.561351908,14.112058125,12.897394448,-1.303298755,-2.654743608,-1.56437399,1.4441959175,0.9082017605,1.2514991917,10.426390039,7.5450607797,3.6154421095,11.870585956,8.4532625402,4.8669413012
050,3,7,05,017,Arkansas,Chicot County,10211,10156,10052,9834,9538,-55,-104,-218,-296,28,99,91,88,37,185,182,173,-9,-86,-91,-85,0,0,-1,-1,-41,-26,-127,-209,-41,-26,-128,-210,-5,8,1,-1,681,681,688,690,690,9.7980997625,9.1521673539,9.0852777204,18.309580364,18.304334708,17.860830064,-8.511480602,-9.152167354,-8.775552344,0,-0.100573268,-0.103241792,-2.573238321,-12.77280499,-21.57753459,-2.573238321,-12.87337826,-21.68077638
050,3,7,05,019,Arkansas,Clark County,21445,21385,21244,21276,21274,-60,-141,32,-2,60,240,239,239,68,300,302,289,-8,-60,-63,-50,0,4,4,8,-50,-88,103,40,-50,-84,107,48,-2,3,-12,0,2857,2855,2731,2765,2767,11.259940416,11.241768579,11.233842538,14.07492552,14.205079962,13.584018801,-2.814985104,-2.963311383,-2.350176263,0.1876656736,0.1881467545,0.3760282021,-4.128644819,4.8447789276,1.8801410106,-3.940979146,5.032925682,2.2561692127
050,3,7,05,021,Arkansas,Clay County,14548,14529,14362,14271,14201,-19,-167,-91,-70,40,172,164,157,47,292,263,242,-7,-120,-99,-85,0,0,-2,-2,-14,-51,16,17,-14,-51,14,15,2,4,-6,0,151,151,151,151,151,11.906822194,11.455313799,11.028378758,20.213907445,18.370411763,16.999157067,-8.307085251,-6.915097964,-5.970778309,0,-0.139698949,-0.140488901,-3.530511232,1.1175915901,1.1941556617,-3.530511232,0.9778926414,1.0536667603
050,3,7,05,023,Arkansas,Cleburne County,24710,24704,25028,25253,25445,-6,324,225,192,48,212,219,223,89,474,466,427,-41,-262,-247,-204,0,-1,-3,-3,33,608,452,399,33,607,449,396,2,-21,23,0,259,259,259,259,259,8.5256977399,8.7110439331,8.7971912107,19.062173249,18.535828643,16.844845951,-10.53647551,-9.82478471,-8.04765474,-0.040215555,-0.119329369,-0.118347864,24.451057669,17.978958255,15.740265888,24.410842114,17.859628886,15.621918024
050,3,7,05,025,Arkansas,Cleveland County,7550,7552,7486,7467,7378,2,-66,-19,-89,16,74,81,82,28,136,135,129,-12,-62,-54,-47,0,0,1,1,14,-9,36,-41,14,-9,37,-40,0,5,-2,-2,72,72,72,72,72,9.8417342732,10.833946365,11.047490738,18.087511637,18.056577275,17.379589087,-8.245777364,-7.22263091,-6.33209835,0,0.1337524243,0.1347254968,-1.196967682,4.8150872735,-5.523745369,-1.196967682,4.9488396977,-5.389019872
050,3,7,05,027,Arkansas,Columbia County,22800,22744,22490,22286,22150,-56,-254,-204,-136,57,268,274,256,79,370,319,298,-22,-102,-45,-42,0,6,15,20,-36,-157,-165,-114,-36,-151,-150,-94,2,-1,-9,0,2012,2005,1823,1901,1902,11.849493744,12.238699303,11.522189216,16.359375691,14.248704663,13.412548384,-4.509881947,-2.01000536,-1.890359168,0.2652871734,0.6700017867,0.9001710325,-6.941681036,-7.370019653,-5.130974885,-6.676393863,-6.700017867,-4.230803853
050,3,7,05,029,Arkansas,Conway County,20710,20730,20902,21021,21077,20,172,119,56,46,208,232,228,61,309,316,298,-15,-101,-84,-70,0,11,18,26,34,260,187,98,34,271,205,124,1,2,-2,2,171,171,171,171,171,9.9923136049,11.067910216,10.831868497,14.8443505,15.075257019,14.157442159,-4.852036895,-4.007346802,-3.325573661,0.5284396618,0.858717172,1.2352130743,12.490392006,8.9211172865,4.655803126,13.018831668,9.7798344584,5.8910162003
050,3,7,05,031,Arkansas,Craighead County,111242,111619,111794,112863,113993,377,175,1069,1130,356,1511,1553,1540,264,1232,1219,1091,92,279,334,449,4,35,48,61,272,-180,721,617,276,-145,769,678,9,41,-34,3,3951,3944,3253,3178,3181,13.526518152,13.825520683,13.576894594,11.028901631,10.852098978,9.6184363649,2.4976165219,2.9734217051,3.958458229,0.3133210691,0.4273180894,0.5377860846,-1.611365498,6.4186738005,5.4395740029,-1.298044429,6.8459918899,5.9773600875
050,3,7,05,033,Arkansas,Crawford County,60119,60142,60430,61041,61891,23,288,611,850,172,726,725,727,168,857,875,779,4,-131,-150,-52,2,63,126,151,2,326,648,752,4,389,774,903,15,30,-13,-1,673,673,673,673,673,12.042596955,11.93700554,11.82767709,14.215572438,14.406730825,12.67367325,-2.172975484,-2.469725284,-0.84599616,1.045018744,2.0745692387,2.4566426968,5.4075573102,10.669213228,12.234406013,6.4525760541,12.743782467,14.69104871
050,3,7,05,035,Arkansas,Crittenden County,48156,48076,47438,47051,47139,-80,-638,-387,88,156,672,703,570,156,700,674,620,0,-28,29,-50,0,11,30,32,-85,-611,-436,106,-85,-600,-406,138,5,-10,-10,0,495,495,418,474,586,14.07123563,14.880038946,12.103195668,14.657537115,14.266210882,13.164879499,-0.586301485,0.6138280646,-1.061683831,0.2303327261,0.6349945496,0.6794776516,-12.79393597,-9.228587455,2.2507697208,-12.56360324,-8.593592905,2.9302473723
050,3,7,05,037,Arkansas,Cross County,16828,16795,16672,16590,16420,-33,-123,-82,-170,50,187,189,183,45,290,271,265,5,-103,-82,-82,0,3,30,30,-36,-32,-22,-120,-36,-29,8,-90,-2,9,-8,2,145,145,145,145,145,11.175187498,11.364319644,11.087549228,17.330504676,16.294871024,16.055740685,-6.155317178,-4.93055138,-4.968191457,0.1792810829,1.803860261,1.8176310209,-1.91233155,-1.322830858,-7.270524084,-1.733050468,0.4810294029,-5.452893063
050,3,7,05,039,Arkansas,Dallas County,6481,6444,6309,6196,6185,-37,-135,-113,-11,15,72,57,57,27,135,119,120,-12,-63,-62,-63,0,-1,-1,-1,-23,-70,-49,54,-23,-71,-50,53,-2,-1,-1,-1,232,232,232,232,232,11.291460833,9.1163534586,9.2076568936,21.171489061,19.032387045,19.384540829,-9.880028229,-9.916033587,-10.17688394,-0.156825845,-0.159936026,-0.16153784,-10.97780914,-7.836865254,8.7230433729,-11.13463499,-7.996801279,8.5615055327
050,3,7,05,041,Arkansas,Desha County,11398,11324,11048,10758,10479,-74,-276,-290,-279,27,115,111,113,39,194,178,164,-12,-79,-67,-51,1,12,6,9,-58,-203,-235,-235,-57,-191,-229,-226,-5,-6,6,-2,42,42,42,42,42,10.280708028,10.180684215,10.641804398,17.343107456,16.325781895,15.444742666,-7.062399428,-6.14509768,-4.802938268,1.0727695333,0.5503072549,0.8475773414,-18.14768461,-21.55370082,-22.13118614,-17.07491507,-21.00339356,-21.2836088
050,3,7,05,043,Arkansas,Drew County,17345,17313,17057,16912,16945,-32,-256,-145,33,64,199,195,193,65,268,233,226,-1,-69,-38,-33,0,-1,8,9,-34,-186,-112,56,-34,-187,-104,65,3,0,-3,1,616,615,589,588,590,11.579866162,11.481056257,11.400891987,15.594995636,13.718390297,13.350267301,-4.015129473,-2.23733404,-1.949375314,-0.058190282,0.4710176926,0.5316478129,-10.82339249,-6.594247696,3.3080308356,-10.88158278,-6.123230004,3.8396786484
050,3,7,05,045,Arkansas,Faulkner County,123493,123820,125608,127565,129951,327,1788,1957,2386,379,1434,1469,1468,250,1212,1247,1117,129,222,222,351,3,76,120,145,153,1475,1616,1892,156,1551,1736,2037,42,15,-1,-2,4738,4741,4950,5099,5105,11.498308129,11.604712983,11.401233321,9.7182353224,9.8509714701,8.6751891145,1.7800728066,1.7537415127,2.726044207,0.6093942941,0.9479683853,1.1261436183,11.827060314,12.765974255,14.694232591,12.436454608,13.71394264,15.82037621
050,3,7,05,047,Arkansas,Franklin County,17103,17139,17166,17270,17468,36,27,104,198,47,187,189,188,62,282,278,258,-15,-95,-89,-70,0,1,0,0,51,112,195,270,51,113,195,270,0,9,-2,-2,277,277,277,277,277,10.902200845,10.976884656,10.823881628,16.440752077,16.145893832,14.85405032,-5.538551232,-5.169009176,-4.030168691,0.0583005393,0,0,6.5296603994,11.325357184,15.544936381,6.5879609386,11.325357184,15.544936381
050,3,7,05,049,Arkansas,Fulton County,12074,12054,12147,12355,12421,-20,93,208,66,26,118,118,117,42,247,250,235,-16,-129,-132,-118,1,3,-1,-1,-7,223,328,184,-6,226,327,183,2,-4,13,1,162,162,162,162,162,9.7516631544,9.6318667864,9.4446238295,20.412379654,20.406497429,18.96997094,-10.6607165,-10.77463064,-9.52534711,0.2479236395,-0.08162599,-0.080723281,18.428990538,26.773324627,14.853083629,18.676914177,26.691698637,14.772360349
050,3,7,05,051,Arkansas,Garland County,100173,100258,100393,99982,99784,85,135,-411,-198,230,956,969,970,353,1690,1763,1535,-123,-734,-794,-565,2,40,55,74,204,806,372,295,206,846,427,369,2,23,-44,-2,1650,1650,1650,1652,1652,9.5289831598,9.6718652527,9.7113622939,16.845168975,17.597005614,15.367980537,-7.316185815,-7.925140362,-5.656618243,0.3987022243,0.54897068,0.7408668142,8.0338498188,3.7130380536,2.953455543,8.4325520431,4.2620087336,3.6943223572
050,3,7,05,053,Arkansas,Grant County,17960,18018,18123,18129,18383,58,105,6,254,46,205,183,184,39,291,284,258,7,-86,-101,-74,0,2,7,7,50,184,107,324,50,186,114,331,1,5,-7,-3,152,152,152,152,152,11.344456435,10.095994704,10.078878177,16.103594256,15.66810107,14.132340053,-4.759137821,-5.572106367,-4.053461876,0.1106776238,0.3861855898,0.3834355828,10.182341385,5.9031225863,17.747589833,10.293019009,6.2893081761,18.131025416
050,3,7,05,055,Arkansas,Greene County,45738,45864,46341,46408,46743,126,477,67,335,151,523,523,526,115,609,622,562,36,-86,-99,-36,0,-3,4,6,82,559,185,361,82,556,189,367,8,7,-23,4,849,849,849,849,849,11.344287186,11.277749625,11.293491213,13.209695787,13.412543531,12.066429775,-1.8654086,-2.134793906,-0.772938562,-0.065072393,0.0862542992,0.1288230937,12.125155903,3.9892613397,7.7508561368,12.06008351,4.075515639,7.8796792305
050,3,7,05,057,Arkansas,Hempstead County,20069,19989,19667,19481,19343,-80,-322,-186,-138,54,247,309,214,61,292,289,281,-7,-45,20,-67,0,2,6,17,-71,-277,-209,-91,-71,-275,-203,-74,-2,-2,-3,3,293,293,293,293,293,12.457131329,15.786247062,11.024108799,14.726649183,14.764483499,14.475582114,-2.269517854,1.0217635639,-3.451473315,0.1008674602,0.3065290692,0.8757469606,-13.97014323,-10.67742924,-4.687821966,-13.86927577,-10.37090017,-3.812075005
050,3,7,05,059,Arkansas,Hot Spring County,33044,33075,33079,33149,33258,31,4,70,109,74,298,308,304,101,552,529,475,-27,-254,-221,-171,0,4,-1,-1,52,245,292,279,52,249,291,278,6,9,0,2,2357,2353,2321,2414,2577,9.0092813738,9.3012019086,9.1556613008,16.688333283,15.975116265,14.305720782,-7.679051909,-6.673914356,-5.150059482,0.1209299513,-0.030198707,-0.030117307,7.4069595187,8.8180225886,8.402728628,7.52788947,8.7878238811,8.3726113211
050,3,7,05,061,Arkansas,Howard County,12786,12757,12695,12622,12533,-29,-62,-73,-89,30,159,202,139,38,190,182,175,-8,-31,20,-36,0,2,2,4,-22,-40,-95,-58,-22,-38,-93,-54,1,7,0,1,172,172,172,172,172,12.494106554,15.95765691,11.051480819,14.930064435,14.37769088,13.913734844,-2.435957882,1.5799660307,-2.862254025,0.157158573,0.1579966031,0.318028225,-3.14317146,-7.504838646,-4.611409263,-2.986012887,-7.346842043,-4.293381038
050,3,7,05,063,Arkansas,Independence County,37931,37940,38100,38254,38320,9,160,154,66,109,438,471,474,103,553,544,487,6,-115,-73,-13,0,2,1,2,-9,270,243,78,-9,272,244,80,12,3,-17,-1,850,850,1226,1183,1183,11.520252499,12.337271132,12.380181263,14.544976328,14.249417188,12.719722099,-3.02472383,-1.912146057,-0.339540836,0.0526038927,0.0261937816,0.0522370517,7.1015255129,6.3650889279,2.0372450179,7.1541294056,6.3912827095,2.0894820696
050,3,7,05,065,Arkansas,Izard County,13578,13602,13921,14029,14169,24,319,108,140,33,103,114,113,48,260,259,238,-15,-157,-145,-125,0,-1,-2,-2,43,500,253,266,43,499,251,264,-4,-23,2,1,1125,1125,1176,1162,1210,7.4846492025,8.1574239714,8.0147528193,18.893289249,18.533094812,16.880629832,-11.40864005,-10.37567084,-8.865877013,-0.072666497,-0.143112701,-0.141854032,36.333248556,18.103756708,18.866586283,36.260582059,17.960644007,18.724732251
050,3,7,05,067,Arkansas,Jackson County,16765,16761,16781,16654,16784,-4,20,-127,130,41,149,154,157,56,290,257,252,-15,-141,-103,-95,0,0,6,7,6,159,-20,217,6,159,-14,224,5,2,-10,1,2350,2350,2361,2377,2498,8.8843837577,9.2119036937,9.3905137867,17.291753622,15.373112008,15.072671811,-8.407369865,-6.161208315,-5.682158024,0,0.3589053387,0.4186853281,9.480651124,-1.196351129,12.97924517,9.480651124,-0.83744579,13.397930498
050,3,7,05,069,Arkansas,Jefferson County,67258,66830,65637,64295,63661,-428,-1193,-1342,-634,198,757,707,723,257,1044,997,916,-59,-287,-290,-193,2,24,54,83,-339,-915,-1133,-524,-337,-891,-1079,-441,-32,-15,27,0,5589,5584,5405,5437,5488,11.429261627,10.882615522,11.300759636,15.7624163,15.346488933,14.317421614,-4.333154672,-4.463873411,-3.016661978,0.3623543977,0.8312040144,1.2973209541,-13.81476141,-17.43989164,-8.190315421,-13.45240701,-16.60868762,-6.892994467
050,3,7,05,071,Arkansas,Johnson County,25749,25724,25957,25970,26129,-25,233,13,159,76,294,298,296,71,340,357,334,5,-46,-59,-38,0,11,18,20,-33,261,70,177,-33,272,88,197,3,7,-16,0,454,454,516,541,541,11.377488826,11.477651318,11.362982015,13.157640139,13.750072217,12.82174322,-1.780151313,-2.272420899,-1.458761205,0.4256883574,0.6932809521,0.7677690551,10.100423753,2.6960925915,6.7947561374,10.526112111,3.3893735436,7.5625251924
050,3,7,05,073,Arkansas,Lafayette County,6305,6293,6159,6129,6095,-12,-134,-30,-34,14,66,68,42,25,120,106,106,-11,-54,-38,-64,0,7,18,28,-1,-88,-6,3,-1,-81,12,31,0,1,-4,-1,59,59,59,59,59,10.600706714,11.067708333,6.8717277487,19.274012207,17.252604167,17.342931937,-8.673305493,-6.184895833,-10.47120419,1.1243173787,2.9296875,4.5811518325,-14.13427562,-0.9765625,0.4908376963,-13.00995824,1.953125,5.0719895288
050,3,7,05,075,Arkansas,Lawrence County,16221,16218,16329,16194,16318,-3,111,-135,124,38,174,198,192,62,259,254,239,-24,-85,-56,-47,0,3,8,9,19,193,-77,164,19,196,-69,173,2,0,-10,-2,601,601,595,548,549,10.692229699,12.175998524,11.811023622,15.915445356,15.619715278,14.70226378,-5.223215657,-3.443716754,-2.891240157,0.1843487879,0.4919595363,0.5536417323,11.859772022,-4.735110537,10.088582677,12.04412081,-4.243151001,10.642224409
050,3,7,05,077,Arkansas,Lee County,8593,8526,8560,8367,8201,-67,34,-193,-166,23,80,80,82,36,167,150,139,-13,-87,-70,-57,1,6,5,11,-51,119,-132,-118,-50,125,-127,-107,-4,-4,4,-2,1632,1632,1632,1641,1709,9.3643918998,9.452354227,9.8985997103,19.548168091,17.723164176,16.779333655,-10.18377619,-8.270809949,-6.880733945,0.7023293925,0.5907721392,1.3278609367,13.929532951,-15.59638447,-14.24432641,14.631862343,-15.00561234,-12.91646548
050,3,7,05,079,Arkansas,Lincoln County,12936,12890,13168,12910,12898,-46,278,-258,-12,27,109,101,100,51,176,178,170,-24,-67,-77,-70,0,2,-1,-2,-23,360,-187,59,-23,362,-188,57,1,-17,7,1,3732,3732,3850,3887,4001,8.3659528744,7.7459927909,7.7495350279,13.508327577,13.651353631,13.174209547,-5.142374703,-5.905360841,-5.42467452,0.1535037225,-0.076692998,-0.154990701,27.630670044,-14.34159061,4.5722256665,27.784173766,-14.41828361,4.4172349659
050,3,7,05,081,Arkansas,Little River County,12026,11974,11973,11865,11805,-52,-1,-108,-60,29,162,147,95,47,219,201,194,-18,-57,-54,-99,0,0,-2,-2,-33,53,-43,41,-33,53,-45,39,-1,3,-9,0,174,174,174,174,174,13.529878482,12.333249434,8.0270384453,18.290391281,16.863830858,16.392057457,-4.760512799,-4.530581425,-8.365019011,0,-0.167799312,-0.168990283,4.4264417255,-3.607685208,3.4643008027,4.4264417255,-3.775484521,3.2953105196
050,3,7,05,083,Arkansas,Logan County,21128,21100,21229,21258,21400,-28,129,29,142,44,250,258,260,75,361,386,362,-31,-111,-128,-102,0,1,1,2,0,235,153,244,0,236,154,246,3,4,3,-2,370,370,370,370,370,11.812232748,12.144891379,12.189976089,17.056864088,18.170263845,16.972197478,-5.24463134,-6.025372467,-4.782221389,0.047248931,0.0470732224,0.0937690468,11.103498783,7.2022030268,11.439823714,11.150747714,7.2492762492,11.533592761
050,3,7,05,085,Arkansas,Lonoke County,74012,74055,74770,75199,75944,43,715,429,745,175,844,891,886,194,829,861,789,-19,15,30,97,0,15,26,43,34,660,420,606,34,675,446,649,28,25,-47,-1,720,720,720,720,720,11.342180413,11.882455708,11.72399648,11.140601377,11.482373024,10.440443818,0.2015790358,0.4000826838,1.283552662,0.2015790358,0.3467383259,0.5689975718,8.8694775743,5.6011575726,8.0188960124,9.0710566101,5.9478958985,8.5878935842
050,3,7,05,087,Arkansas,Madison County,16519,16545,16944,17463,17775,26,399,519,312,39,231,219,217,39,231,260,248,0,0,-41,-31,0,3,13,13,24,407,530,331,24,410,543,344,2,-11,17,-1,149,149,149,149,149,13.795574666,12.729967739,12.316249503,13.795574666,15.113203709,14.075713718,0,-2.383235969,-1.759464215,0.1791633074,0.7556601854,0.737839832,24.306488698,30.807684483,18.786537261,24.485652005,31.563344668,19.524377093
050,3,7,05,089,Arkansas,Marion County,16828,16873,16984,17289,17514,45,111,305,225,26,131,139,137,62,312,316,301,-36,-181,-177,-164,0,0,-2,-2,89,303,462,392,89,303,460,390,-8,-11,22,-1,159,159,159,159,159,7.7384292761,8.1113412891,7.8728845214,18.430457512,18.440171564,17.297359423,-10.69202824,-10.32883027,-9.424474902,0,-0.116709947,-0.114932621,17.8988097,26.959997666,22.526793667,17.8988097,26.843287719,22.411861046
050,3,7,05,091,Arkansas,Miller County,42599,42588,42494,42608,42415,-11,-94,114,-193,132,499,621,356,139,628,641,573,-7,-129,-20,-217,0,-5,-29,-29,-16,13,174,52,-16,8,145,23,12,27,-11,1,1375,1375,1236,1467,1511,11.729860605,14.594251604,8.374204627,14.762229379,15.06427581,13.478705762,-3.032368774,-0.470024206,-5.104501135,-0.117533673,-0.681535099,-0.682168354,0.3055875508,4.0892105943,1.2231984287,0.1880538774,3.4076754953,0.5410300742
050,3,7,05,093,Arkansas,Mississippi County,40682,40538,39534,38863,38663,-144,-1004,-671,-200,139,536,530,526,135,682,610,571,4,-146,-80,-45,0,5,16,17,-141,-834,-617,-173,-141,-829,-601,-156,-7,-29,10,1,778,778,733,797,840,13.387950844,13.520925546,13.569641153,17.034668798,15.561819968,14.730542012,-3.646717954,-2.040894422,-1.160900859,0.1248876012,0.4081788844,0.4385625468,-20.83125187,-15.74039823,-4.463018858,-20.70636427,-15.33221935,-4.024456311
050,3,7,05,095,Arkansas,Monroe County,6802,6776,6648,6568,6512,-26,-128,-80,-56,24,69,85,86,21,153,137,134,3,-84,-52,-48,0,-1,0,0,-26,-42,-27,-8,-26,-43,-27,-8,-3,-1,-1,0,79,79,79,79,79,10.280095352,12.863196126,13.149847095,22.794994041,20.732445521,20.489296636,-12.51489869,-7.869249395,-7.339449541,-0.148986889,0,0,-6.257449344,-4.085956416,-1.22324159,-6.406436234,-4.085956416,-1.22324159
050,3,7,05,097,Arkansas,Montgomery County,8482,8485,8635,8543,8620,3,150,-92,77,23,95,78,80,30,180,175,162,-7,-85,-97,-82,0,0,-1,-1,10,246,9,163,10,246,8,162,0,-11,-3,-3,118,118,118,118,118,11.098130841,9.0813831645,9.3223795374,21.028037383,20.374898126,18.877818563,-9.929906542,-11.29351496,-9.555439026,0,-0.116427989,-0.116529744,28.738317757,1.0478519036,18.994348307,28.738317757,0.9314239143,18.877818563
050,3,7,05,099,Arkansas,Nevada County,8312,8284,8184,8179,8120,-28,-100,-5,-59,16,72,79,75,30,132,122,121,-14,-60,-43,-46,0,0,-2,-2,-14,-41,42,-10,-14,-41,40,-12,0,1,-2,-1,194,194,194,194,194,8.7442312363,9.655931064,9.2030185901,16.0310906,14.91169101,14.847536659,-7.286859364,-5.255759946,-5.644518069,0,-0.244453951,-0.245413829,-4.979353898,5.1335329707,-1.227069145,-4.979353898,4.8890790197,-1.472482974
050,3,7,05,101,Arkansas,Newton County,7228,7196,7167,7101,7071,-32,-29,-66,-30,15,59,67,67,33,144,132,123,-18,-85,-65,-56,0,0,0,0,-12,55,0,26,-12,55,0,26,-2,1,-1,0,65,65,65,65,65,8.2155538537,9.3916456406,9.4552639006,20.05152127,18.50294365,17.358171041,-11.83596742,-9.11129801,-7.902907141,0,0,0,7.6585671517,0,3.6692068868,7.6585671517,0,3.6692068868
050,3,7,05,103,Arkansas,Ouachita County,22647,22615,22312,21994,21793,-32,-303,-318,-201,70,235,249,247,84,423,402,370,-14,-188,-153,-123,0,0,0,0,-24,-125,-159,-79,-24,-125,-159,-79,6,10,-6,1,371,371,371,371,371,10.461415185,11.240012639,11.281887318,18.830547332,18.14652643,16.899993149,-8.369132148,-6.90651379,-5.61810583,0,0,0,-5.564582545,-7.177357469,-3.608376916,-5.564582545,-7.177357469,-3.608376916
050,3,7,05,105,Arkansas,Perry County,10018,9997,9995,10073,10184,-21,-2,78,111,23,84,99,99,37,131,155,151,-14,-47,-56,-52,0,1,5,6,-9,38,127,157,-9,39,132,163,2,6,2,0,90,90,90,90,90,8.4033613445,9.8664540562,9.7743989732,13.105242097,15.447478573,14.908426717,-4.701880752,-5.581024517,-5.134027743,0.100040016,0.4983057604,0.5923878166,3.8015206082,12.656966315,15.500814533,3.9015606242,13.155272075,16.09320235
050,3,7,05,107,Arkansas,Phillips County,16571,16440,15825,15350,14961,-131,-615,-475,-389,40,233,207,208,75,337,292,278,-35,-104,-85,-70,0,0,27,31,-85,-490,-428,-350,-85,-490,-401,-319,-11,-21,11,0,215,215,215,215,215,14.442894778,13.279871692,13.724390485,20.889508756,18.732959102,18.343175745,-6.446613978,-5.45308741,-4.618785259,0,1.7321571772,2.0454620435,-30.3734697,-27.45789896,-23.0939263,-30.3734697,-25.72574178,-21.04846425
050,3,7,05,109,Arkansas,Pike County,10169,10162,10114,10159,10208,-7,-48,45,49,27,122,115,113,31,168,180,170,-4,-46,-65,-57,0,0,2,2,-4,-5,114,105,-4,-5,116,107,1,3,-6,-1,221,221,221,221,221,12.033931742,11.345138855,11.096381401,16.571315841,17.757608642,16.693671135,-4.537384099,-6.412469787,-5.597289733,0,0.1973067627,0.196396131,-0.493193924,11.246485473,10.310796877,-0.493193924,11.443792236,10.507193008
050,3,7,05,111,Arkansas,Poinsett County,22965,22954,22691,22453,22397,-11,-263,-238,-56,81,272,292,292,67,452,425,398,14,-180,-133,-106,0,8,27,35,-26,-105,-130,15,-26,-97,-103,50,1,14,-2,0,309,309,309,309,313,11.918063315,12.936381357,13.021181717,19.805016979,18.82863725,17.748049052,-7.886953664,-5.892255892,-4.726867336,0.350531274,1.1961722488,1.5607580825,-4.600722971,-5.759347865,0.6688963211,-4.250191697,-4.563175616,2.2296544036
050,3,7,05,113,Arkansas,Polk County,19213,19177,19333,19334,19436,-36,156,1,102,52,204,204,202,65,340,357,316,-13,-136,-153,-114,0,2,5,11,-25,292,148,208,-25,294,153,219,2,-2,1,-3,96,96,96,96,96,10.59465074,10.551633176,10.420428166,17.657751233,18.465358057,16.301263864,-7.063100493,-7.913724882,-5.880835698,0.1038691249,0.2586184602,0.5674490586,15.164892236,7.6551064215,10.729945834,15.268761361,7.9137248817,11.297394893
050,3,7,05,115,Arkansas,Pope County,63384,63410,63778,64053,64593,26,368,275,540,175,696,730,729,182,770,760,682,-7,-74,-30,47,0,19,20,23,10,387,313,478,10,406,333,501,23,36,-28,-8,2770,2769,2606,2600,2603,10.94442872,11.421329724,11.333426613,12.108060509,11.890699439,10.6027393,-1.163631789,-0.469369715,0.7306873125,0.2987703242,0.3129131431,0.357570387,6.0854797622,4.8970906901,7.4312454332,6.3842500865,5.2100038332,7.7888158202
050,3,7,05,117,Arkansas,Prairie County,8287,8249,8095,8077,8036,-38,-154,-18,-41,15,69,79,79,33,152,151,143,-18,-83,-72,-64,0,0,-1,-1,-19,-72,57,23,-19,-72,56,22,-1,1,-2,1,135,135,135,135,135,8.4434654919,9.7699727925,9.8057469124,18.600097895,18.674251793,17.749643145,-10.1566324,-8.904279001,-7.943896233,0,-0.123670542,-0.124123379,-8.810572687,7.0492208756,2.8548377087,-8.810572687,6.9255503339,2.73071433
050,3,7,05,119,Arkansas,Pulaski County,399125,399274,398108,399387,400009,149,-1166,1279,622,1188,4935,4979,5002,1085,4723,4737,4064,103,212,242,938,17,167,378,489,-116,-1758,804,-804,-99,-1591,1182,-315,145,213,-145,-1,8904,8903,8810,9347,9372,12.378007028,12.486598662,12.514448409,11.846266908,11.879698305,10.167676596,0.5317401195,0.6069003567,2.3467718127,0.4188707545,0.9479683258,1.2234236849,-4.409429859,2.0163135819,-2.011518697,-3.990559105,2.9642819077,-0.788095012
050,3,7,05,121,Arkansas,Randolph County,18574,18595,18839,18852,18907,21,244,13,55,54,218,259,246,59,303,285,265,-5,-85,-26,-19,0,25,30,32,21,305,20,41,21,330,50,73,5,-1,-11,1,338,338,338,338,338,11.647165678,13.743333952,13.030006091,16.188491745,15.122973654,14.036388676,-4.541326067,-1.379639702,-1.006382584,1.3356841374,1.5918919636,1.694960142,16.295346476,1.0612613091,2.1716676819,17.631030614,2.6531532727,3.8666278238
050,3,7,05,123,Arkansas,St. Francis County,23094,23021,22715,22402,22101,-73,-306,-313,-301,60,300,282,269,79,321,344,329,-19,-21,-62,-60,0,24,38,42,-53,-308,-285,-282,-53,-284,-247,-240,-1,-1,-4,-1,3432,3432,3433,3432,3436,13.118768585,12.500831172,12.089072647,14.037082386,15.249240863,14.785520077,-0.918313801,-2.74840969,-2.696447431,1.0495014868,1.6845091651,1.8875132014,-13.46860241,-12.63381874,-12.67330292,-12.41910093,-10.94930957,-10.78578972
050,3,7,05,125,Arkansas,Saline County,123430,123826,125382,127415,129574,396,1556,2033,2159,332,1331,1417,1414,295,1472,1575,1385,37,-141,-158,29,1,14,58,86,352,1681,2114,2050,353,1695,2172,2136,6,2,19,-6,1289,1289,1251,1288,1290,10.681840069,11.210576075,11.004362054,11.81342493,12.460590909,10.778671461,-1.131584861,-1.250014834,0.2256905938,0.1123559436,0.4588662049,0.669289347,13.49073866,16.72488202,15.953990249,13.603094604,17.183748225,16.623279596
050,3,7,05,127,Arkansas,Scott County,9838,9834,9795,9796,9851,-4,-39,1,55,33,110,121,122,32,175,186,178,1,-65,-65,-56,0,0,1,1,-6,23,68,107,-6,23,69,108,1,3,-3,3,130,130,130,130,130,11.207906669,12.352610893,12.41919886,17.830760609,18.988310959,18.11981473,-6.622853941,-6.635700066,-5.70061587,0,0.1020876933,0.101796712,2.3434713944,6.9419631463,10.89224818,2.3434713944,7.0440508397,10.994044892
050,3,7,05,129,Arkansas,Searcy County,7828,7840,7893,7906,7806,12,53,13,-100,25,72,72,74,24,141,159,154,1,-69,-87,-80,0,1,1,1,10,124,99,-21,10,125,100,-20,1,-3,0,0,59,59,59,59,59,9.1527362868,9.1145009178,9.4195519348,17.924108562,20.127856193,19.602851324,-8.771372275,-11.01335528,-10.18329939,0.1271213373,0.1265902905,0.1272912424,15.763045827,12.532438762,-2.67311609,15.890167165,12.659029052,-2.545824847
050,3,7,05,131,Arkansas,Sebastian County,127797,127808,128342,129109,129098,11,534,767,-11,373,1545,1614,1604,336,1737,1692,1511,37,-192,-78,93,4,69,124,181,-66,587,736,-286,-62,656,860,-105,36,70,-15,1,1810,1810,1825,1997,2012,12.063244193,12.538308261,12.424140322,13.562365801,13.144248809,11.703788046,-1.499121608,-0.605940548,0.7203522755,0.538746828,0.9632901018,1.401975934,4.5832520008,5.7175928623,-2.21527689,5.1219988288,6.6808829641,-0.813300956
050,3,7,05,133,Arkansas,Sevier County,15839,15778,15714,15738,15632,-61,-64,24,-106,48,221,262,180,40,228,215,201,8,-7,47,-21,1,5,-2,5,-68,-69,-14,-91,-67,-64,-16,-86,-2,7,-7,1,110,110,110,110,110,14.035310555,16.660307771,11.47593242,14.479867903,13.671626606,12.814791202,-0.444557348,2.9886811649,-1.338858782,0.3175409628,-0.127177922,0.3187759005,-4.382065286,-0.890245453,-5.80172139,-4.064524324,-1.017423375,-5.482945489
050,3,7,05,135,Arkansas,Sharp County,17274,17314,17691,17836,17968,40,377,145,132,45,180,186,180,64,315,336,302,-19,-135,-150,-122,0,1,0,0,63,532,284,254,63,533,284,254,-4,-21,11,0,179,179,179,179,179,10.284245108,10.470909449,10.054742487,17.997428939,18.915191263,16.869623506,-7.713183831,-8.444281814,-6.814881019,0.057134695,0,0,30.395657763,15.987840234,14.188358843,30.452792458,15.987840234,14.188358843
050,3,7,05,137,Arkansas,Stone County,12354,12349,12441,12585,12671,-5,92,144,86,25,119,126,126,60,225,244,220,-35,-106,-118,-94,0,-2,-6,-6,32,204,262,188,32,202,256,182,-2,-4,6,-2,136,136,136,136,136,9.6006454215,10.069527691,9.977827051,18.152480839,19.499720291,17.421602787,-8.551835418,-9.4301926,-7.443775736,-0.161355385,-0.479501319,-0.475134621,16.458249294,20.938224247,14.887551473,16.296893909,20.458722928,14.412416851
050,3,7,05,139,Arkansas,Union County,39050,38931,38375,37813,37397,-119,-556,-562,-416,99,440,467,462,149,635,618,573,-50,-195,-151,-111,0,6,37,53,-71,-369,-458,-358,-71,-363,-421,-305,2,2,10,0,618,618,618,618,618,11.383333765,12.259148422,12.285600319,16.428220319,16.223027248,15.237335461,-5.044886555,-3.963878826,-2.951735142,0.1552272786,0.9712815667,1.4093870496,-9.546477634,-12.02289074,-9.520010637,-9.391250356,-11.05160918,-8.110623587
050,3,7,05,141,Arkansas,Van Buren County,15795,15799,15777,16103,16142,4,-22,326,39,36,137,141,140,64,270,324,298,-28,-133,-183,-158,0,2,7,7,33,105,485,189,33,107,492,196,-1,4,17,1,61,61,61,61,61,8.6774765645,8.8456712673,8.6835168243,17.101596149,20.326223338,18.483485812,-8.424119584,-11.48055207,-9.799968987,0.12667849,0.4391468005,0.4341758412,6.6506207246,30.426599749,11.722747713,6.7772992146,30.86574655,12.156923554
050,3,7,05,143,Arkansas,Washington County,245866,246774,251767,256682,261549,908,4993,4915,4867,741,3059,3244,3279,467,1987,2106,1869,274,1072,1138,1410,17,248,912,1125,591,3720,2788,2296,608,3968,3700,3421,26,-47,77,36,9553,9542,10788,11095,11102,12.271809139,12.76037518,12.654588398,7.9712601371,8.284016686,7.2129996083,4.300549002,4.4763584942,5.4415887896,0.9949031273,3.5873804452,4.3416931832,14.92354691,10.966684958,8.8609133765,15.918450037,14.554065403,13.20260656
050,3,7,05,145,Arkansas,White County,76824,76860,77109,77616,78452,36,249,507,836,200,831,898,902,225,1078,1119,990,-25,-247,-221,-88,2,24,37,42,33,428,711,886,35,452,748,928,26,44,-20,-4,2668,2670,2515,2495,2496,10.794380687,11.607691065,11.559063998,14.002818749,14.464372273,12.686777559,-3.208438062,-2.856681209,-1.127713561,0.3117510668,0.4782678947,0.5382269267,5.5595606908,9.1904992729,11.354025169,5.8713117576,9.6687671676,11.892252095
050,3,7,05,147,Arkansas,Woodruff County,6272,6224,6146,6057,5964,-48,-78,-89,-93,13,66,69,70,25,119,106,102,-12,-53,-37,-32,0,0,0,0,-32,-28,-53,-61,-32,-28,-53,-61,-4,3,1,0,108,108,108,108,108,10.670978173,11.308694583,11.646285667,19.240097009,17.372777186,16.970301972,-8.569118836,-6.064082603,-5.324016305,0,0,0,-4.527081649,-8.686388593,-10.14890608,-4.527081649,-8.686388593,-10.14890608
050,3,7,05,149,Arkansas,Yell County,20256,20212,20135,20091,20044,-44,-77,-44,-47,57,250,255,254,58,319,299,277,-1,-69,-44,-23,2,19,22,27,-44,-40,-11,-53,-42,-21,11,-26,-1,13,-11,2,242,242,242,242,242,12.392495105,12.678367225,12.657281674,15.812823754,14.86600706,13.80341348,-3.420328649,-2.187639835,-1.146131805,0.941829628,1.0938199175,1.3454590756,-1.982799217,-0.546909959,-2.641086334,-1.040969589,0.5469099587,-1.295627258
040,4,9,06,000,California,California,39538212,39503200,39145060,39040616,38965193,-35012,-358140,-104444,-75423,103133,412506,423922,414120,74587,345181,318145,302704,28546,67325,105777,111416,1383,44116,126517,150982,-67932,-458862,-332785,-338371,-66549,-414746,-206268,-187389,2991,-10719,-3953,550,917958,897669,771170,886334,891995,10.489895136,10.843981192,10.617670794,8.7778420018,8.1381914508,7.7610630254,1.7120531338,2.7057897408,2.8566077688,1.1218557156,3.2363217017,3.8710450397,-11.66871333,-8.5126846,-8.675533382,-10.54685762,-5.276362898,-4.804488343
050,4,9,06,001,California,Alameda County,1682349,1680466,1644047,1628259,1622188,-1883,-36419,-15788,-6071,4368,16743,16847,16418,2755,11819,11100,10571,1613,4924,5747,5847,160,4234,11409,12740,-3845,-43641,-33468,-24633,-3685,-39407,-22059,-11893,189,-1936,524,-25,53905,53651,44885,50948,50861,10.072452717,10.296714305,10.101995203,7.1102143382,6.7842066115,6.5043361728,2.962238379,3.5125076934,3.5976590297,2.5471399871,6.973064255,7.8389218467,-26.2540709,-20.45529972,-15.1566846,-23.70693091,-13.48223546,-7.317762757
050,4,9,06,003,California,Alpine County,1202,1205,1229,1190,1141,3,24,-39,-49,3,10,10,7,3,27,15,22,0,-17,-5,-15,0,0,1,1,3,45,-36,-33,3,45,-35,-32,0,-4,1,-2,53,53,53,53,53,8.2169268694,8.267879289,6.006006006,22.185702547,12.401818933,18.876018876,-13.96877568,-4.133939644,-12.87001287,0,0.8267879289,0.858000858,36.976170912,-29.76436544,-28.31402831,36.976170912,-28.93757751,-27.45602746
050,4,9,06,005,California,Amador County,40471,40525,41228,41493,41811,54,703,265,318,54,320,335,331,126,513,552,553,-72,-193,-217,-222,0,8,19,25,135,926,451,517,135,934,470,542,-9,-38,12,-2,4297,4274,4185,4155,4202,7.8284588945,8.099515238,7.9467972726,12.549998165,13.3460669,13.276673389,-4.721539271,-5.246551662,-5.329876116,0.1957114724,0.4593754911,0.6002112744,22.653602926,10.904123499,12.412369154,22.849314398,11.363498991,13.012580428
050,4,9,06,007,California,Butte County,211630,210151,206336,207369,207172,-1479,-3815,1033,-197,488,2006,2016,1947,514,2501,2500,2388,-26,-495,-484,-441,1,64,198,238,-1307,-3279,1289,12,-1306,-3215,1487,250,-147,-105,30,-6,4958,4864,2782,4823,4566,9.6329537296,9.7460751018,9.3935219918,12.009978703,12.085906624,11.521176434,-2.377024973,-2.339831522,-2.127654442,0.3073325218,0.9572038046,1.1482579528,-15.74598967,6.2314934555,0.057895359,-15.43865715,7.1886972601,1.2061533117
050,4,9,06,009,California,Calaveras County,45284,45348,46249,46556,46565,64,901,307,9,88,367,388,376,128,591,610,594,-40,-224,-222,-218,0,8,15,15,122,1165,496,214,122,1173,511,229,-18,-48,18,-2,442,442,421,398,399,8.0133628831,8.3616184473,8.075514653,12.904352763,13.145843435,12.757594957,-4.89098988,-4.784224988,-4.682080304,0.17467821,0.3232584451,0.3221614888,25.437514329,10.689079252,4.5961705738,25.612192539,11.012337697,4.9183320626
050,4,9,06,011,California,Colusa County,21836,21864,21919,21909,22037,28,55,-10,128,64,294,287,283,38,193,186,188,26,101,101,95,0,6,3,31,-4,-64,-114,2,-4,-58,-111,33,6,12,0,0,160,156,132,138,160,13.429870041,13.096650543,12.879442953,8.8162072037,8.4877247422,8.5559550357,4.6136628372,4.6089258009,4.323487917,0.2740789804,0.1368987862,1.4108223729,-2.923509125,-5.202153874,0.0910207983,-2.649430144,-5.065255088,1.5018431712
050,4,9,06,013,California,Contra Costa County,1165930,1166069,1163941,1157019,1155025,139,-2128,-6922,-1994,2939,11760,11774,11573,2151,9260,8998,8599,788,2500,2776,2974,131,1675,4660,5258,-1000,-6791,-14649,-10314,-869,-5116,-9989,-5056,220,488,291,88,11277,11156,10889,10905,11066,10.094377277,10.145801737,10.011055153,7.9484637405,7.7536881291,7.4384397529,2.1459135369,2.3921136082,2.5726154001,1.4377620697,4.0155797601,4.5483563462,-5.829159532,-12.62322487,-8.921975533,-4.391397462,-8.607645112,-4.373619187
050,4,9,06,015,California,Del Norte County,27745,27604,27584,27112,26589,-141,-20,-472,-523,72,260,261,236,72,330,343,359,0,-70,-82,-123,0,11,1,2,-119,25,-407,-404,-119,36,-406,-402,-22,14,16,2,3056,2893,2490,2376,1981,9.4223381895,9.5436594998,8.7894080185,11.959121548,12.542050607,13.370328299,-2.536783359,-2.998391107,-4.580920281,0.3986373849,0.0365657452,0.0744865086,0.9059940567,-14.8822583,-15.04627474,1.3046314416,-14.84569256,-14.97178823
050,4,9,06,017,California,El Dorado County,191189,191245,193704,192787,192215,56,2459,-917,-572,395,1512,1594,1495,408,1846,1808,1748,-13,-334,-214,-253,0,86,173,216,31,2758,-817,-530,31,2844,-644,-314,38,-51,-59,-5,1261,1241,1188,1160,1216,7.8555860646,8.2485749992,7.7661934224,9.5908808699,9.355974654,9.0804723092,-1.735294805,-1.107399655,-1.314278887,0.4468124349,0.8952343004,1.1220720931,14.329170877,-4.227782794,-2.753232451,14.775983312,-3.332548494,-1.631160358
050,4,9,06,019,California,Fresno County,1008646,1009552,1013103,1015359,1017162,906,3551,2256,1803,3319,13656,14101,13879,1874,9524,8900,8384,1445,4132,5201,5495,4,560,1710,2261,-827,-1833,-4302,-6015,-823,-1273,-2592,-3754,284,692,-353,62,18411,18280,16902,17863,18565,13.503044266,13.903144353,13.656931466,9.4173252483,8.7751212495,8.249853261,4.0857190178,5.1280231032,5.4070782049,0.55372765,1.6860064423,2.2248232614,-1.812469255,-4.24163726,-5.918758035,-1.258741604,-2.555630818,-3.693934774
050,4,9,06,021,California,Glenn County,28921,28904,28718,28360,28129,-17,-186,-358,-231,92,372,364,354,55,309,329,327,37,63,35,27,0,10,8,28,-53,-261,-415,-287,-53,-251,-407,-259,-1,2,14,1,278,278,190,168,162,12.911735101,12.754476331,12.533413585,10.725070286,11.528084376,11.577475261,2.1866648155,1.2263919549,0.9559383243,0.3470896533,0.2803181611,0.9913434474,-9.05903995,-14.54150461,-10.16127034,-8.711950297,-14.26118645,-9.169926888
050,4,9,06,023,California,Humboldt County,136462,136262,134897,134944,133985,-200,-1365,47,-959,298,1222,1239,1225,335,1510,1613,1566,-37,-288,-374,-341,0,40,111,131,-182,-1129,334,-744,-182,-1089,445,-613,19,12,-24,-5,4514,4427,3031,3982,4411,9.0131620193,9.1831856538,9.1102112453,11.137376963,11.955188426,11.64619658,-2.124214944,-2.772002772,-2.535985334,0.2950298533,0.8227067051,0.9742348352,-8.32721761,2.4755318873,-5.533058911,-8.032187757,3.2982385924,-4.558824076
050,4,9,06,025,California,Imperial County,179713,179612,179138,178940,179057,-101,-474,-198,117,536,2318,2487,2424,432,1795,1449,1403,104,523,1038,1021,7,53,182,493,-233,-1109,-1417,-1410,-226,-1056,-1235,-917,21,59,-1,13,8487,8526,7674,7752,7571,12.922648084,13.890828255,13.542012922,10.006968641,8.0932087422,7.8380545088,2.9156794425,5.7976195131,5.7039584131,0.2954703833,1.0165382961,2.7542130241,-6.182578397,-7.914476734,-7.877160982,-5.887108014,-6.897938438,-5.122947958
050,4,9,06,027,California,Inyo County,19018,18987,18924,18742,18527,-31,-63,-182,-215,28,175,166,161,55,212,188,222,-27,-37,-22,-61,0,2,0,1,-7,-41,-152,-154,-7,-39,-152,-153,3,13,-8,-1,592,566,550,569,553,9.2321489805,8.8143152976,8.6398883791,11.184089051,9.982477566,11.913386461,-1.95194007,-1.168162268,-3.273498082,0.1055102741,0,0.053663903,-2.162960618,-8.070939309,-8.264241058,-2.057450344,-8.070939309,-8.210577155
050,4,9,06,029,California,Kern County,909229,905910,912709,916751,913820,-3319,6799,4042,-2931,2944,12252,12751,12077,1721,8360,8070,7622,1223,3892,4681,4455,-17,320,1149,1659,-3897,1956,-1383,-9169,-3914,2276,-234,-7510,-628,631,-405,124,28724,24042,22931,24439,20400,13.473960186,13.93963246,13.194790041,9.1937893533,8.8222754255,8.3274562964,4.2801708329,5.1173570343,4.8673337445,0.3519153819,1.2561083598,1.8125491991,2.1510827721,-1.511921551,-10.0176393,2.5029981541,-0.255813191,-8.205090106
050,4,9,06,031,California,Kings County,152486,152844,152775,152987,152682,358,-69,212,-305,559,2174,2118,2084,249,1205,1184,1116,310,969,934,968,2,-1,55,188,-12,-1086,-691,-1465,-10,-1087,-636,-1277,58,49,-86,4,15491,15611,14690,15625,15626,14.226864167,13.85391252,13.635664722,7.8856353826,7.7445856581,7.3020162332,6.3412287849,6.1093268621,6.3336484891,-0.006544096,0.3597569351,1.2300887561,-7.106887988,-4.519855312,-9.585532062,-7.113432084,-4.160098377,-8.355443306
050,4,9,06,033,California,Lake County,68160,68199,68645,68172,67878,39,446,-473,-294,168,682,683,683,185,926,977,972,-17,-244,-294,-289,0,14,39,57,49,681,-183,-61,49,695,-144,-4,7,-5,-35,-1,689,661,540,561,601,9.9675542954,9.9841393979,10.040426314,13.533658765,14.28185094,14.288864388,-3.566104469,-4.297711542,-4.248438074,0.2046125515,0.5701045923,0.8379272326,9.9529391132,-2.675106164,-0.896729144,10.157551665,-2.105001571,-0.058801911
050,4,9,06,035,California,Lassen County,32733,32315,31885,30020,28861,-418,-430,-1865,-1159,67,302,289,264,58,224,234,287,9,78,55,-23,0,4,32,36,-351,-489,-2118,-1179,-351,-485,-2086,-1143,-76,-23,166,7,8816,8412,7508,6243,5483,9.4080996885,9.3368871658,8.9672390075,6.9781931464,7.5599709232,9.7484757392,2.4299065421,1.7769162426,-0.781236732,0.1246105919,1.0338421775,1.2228053192,-15.23364486,-68.42742913,-40.0468742,-15.10903427,-67.39358695,-38.82406888
050,4,9,06,037,California,Los Angeles County,10013976,9992813,9809462,9719765,9663345,-21163,-183351,-89697,-56420,23767,94553,96988,95354,19922,88930,77365,73138,3845,5623,19623,22216,156,12107,34341,40388,-25491,-194712,-143724,-119037,-25335,-182605,-109383,-78649,327,-6369,63,13,208714,206990,180225,203386,207185,9.5497108287,9.9325999949,9.8388751857,8.9817962835,7.922996645,7.546570184,0.5679145452,2.0096033499,2.2923050016,1.2227887957,3.5168826703,4.1673395033,-19.66561923,-14.71886214,-12.28254909,-18.44283043,-11.20197947,-8.115209582
050,4,9,06,039,California,Madera County,156258,156345,158966,160329,162858,87,2621,1363,2529,486,2079,2110,2078,283,1437,1458,1419,203,642,652,659,0,-26,30,119,-120,2025,736,1744,-120,1999,766,1863,4,-20,-55,7,7204,6860,6659,6555,6865,13.186980473,13.216617861,12.859428133,9.114810457,9.1326203041,8.781293802,4.0721700163,4.0839975571,4.0781343309,-0.164916543,0.187913998,0.7364157593,12.8444615,4.6101567516,10.792513313,12.679544957,4.7980707496,11.528929072
050,4,9,06,041,California,Marin County,262321,261306,259278,256154,254407,-1015,-2028,-3124,-1747,507,2185,2301,2255,529,2244,2168,2088,-22,-59,133,167,3,388,940,1038,-879,-2386,-4319,-2953,-876,-1998,-3379,-1915,-117,29,122,1,7753,7181,6135,6867,7595,8.3944185761,8.9284328486,8.8334204924,8.6210870868,8.4123608934,8.1792381322,-0.226668511,0.5160719552,0.6541823602,1.4906335961,3.6474258486,4.0661155082,-9.166628248,-16.7587577,-11.56766772,-7.675994652,-13.11133185,-7.501552214
050,4,9,06,043,California,Mariposa County,17126,17119,17127,17053,16919,-7,8,-74,-134,36,142,155,145,44,222,235,225,-8,-80,-80,-80,0,5,34,54,3,80,-23,-106,3,85,11,-52,-2,3,-5,-2,247,220,202,200,190,8.2929393214,9.0696313634,8.5364417756,12.965017812,13.750731422,13.246202755,-4.672078491,-4.681100059,-4.70976098,0.2920049057,1.9894675249,3.1790886613,4.6720784909,-1.345816267,-6.240433298,4.9640833966,0.643651258,-3.061344637
050,4,9,06,045,California,Mendocino County,91590,91367,91321,90007,89108,-223,-46,-1314,-899,219,906,907,856,232,1104,1047,1013,-13,-198,-140,-157,0,47,69,129,-199,65,-1258,-871,-199,112,-1189,-742,-11,40,15,0,1609,1571,1513,1478,1432,9.9185496584,10.003970705,9.558105128,12.086179716,11.548133769,11.311168802,-2.167630058,-1.544163064,-1.753063674,0.5145384481,0.7610517956,1.4404153756,0.711595726,-13.8754081,-9.725595288,1.2261341741,-13.1143563,-8.285179912
050,4,9,06,047,California,Merced County,281205,281830,284610,290210,291920,625,2780,5600,1710,906,3820,3897,3787,528,2364,2254,2169,378,1456,1643,1618,3,116,383,660,123,1053,3446,-593,126,1169,3829,67,121,155,128,25,5018,5017,2732,5333,5806,13.48774804,13.559027174,13.010839503,8.346868159,7.8424550294,7.4519437239,5.1408798814,5.7165721443,5.5588957793,0.4095755949,1.332591072,2.2675347431,3.7179577713,11.989840298,-2.03734561,4.1275333663,13.32243137,0.230189133
050,4,9,06,049,California,Modoc County,8703,8681,8641,8619,8500,-22,-40,-22,-119,15,70,71,34,27,111,103,115,-12,-41,-32,-81,0,3,10,13,-11,-6,6,-50,-11,-3,16,-37,1,4,-6,-1,254,253,177,173,164,8.0822075973,8.2271147161,3.9721946375,12.816072047,11.935110081,13.435364215,-4.73386445,-3.707995365,-9.463169578,0.3463803256,1.1587485516,1.5187803026,-0.692760651,0.6952491309,-5.841462702,-0.346380326,1.8539976825,-4.3226824
050,4,9,06,051,California,Mono County,13201,13228,13271,13002,13066,27,43,-269,64,44,114,129,114,7,49,51,61,37,65,78,53,1,19,66,90,-14,-48,-422,-78,-13,-29,-356,12,3,7,9,-1,306,295,291,300,292,8.6040982679,9.8199672668,8.7463556851,3.6982527643,3.8823126404,4.6800675157,4.9058455036,5.9376546264,4.0662881694,1.434016378,5.0241692993,6.9050176462,-3.622778218,-32.124234,-5.984348627,-2.18876184,-27.10006471,0.9206690195
050,4,9,06,053,California,Monterey County,439035,438322,437158,432884,430723,-713,-1164,-4274,-2161,1456,5374,5584,5548,693,3338,2982,2857,763,2036,2602,2691,8,247,816,1340,-1401,-3564,-7930,-6190,-1393,-3317,-7114,-4850,-83,117,238,-2,17837,17334,17150,16577,16757,12.276693928,12.836161932,12.848436847,7.6255311372,6.8548414904,6.6164354851,4.6511627907,5.981320442,6.2320013617,0.5642618906,1.8757715145,3.1032634057,-8.141819345,-18.22900504,-14.33522424,-7.577557454,-16.35323352,-11.23196083
050,4,9,06,055,California,Napa County,138013,137459,136265,134370,133216,-554,-1194,-1895,-1154,299,1212,1185,1167,330,1327,1309,1262,-31,-115,-124,-95,0,41,205,279,-474,-1148,-2021,-1339,-474,-1107,-1816,-1060,-49,28,45,1,5145,4958,4945,4950,4969,8.8556356037,8.7571821826,8.7224294246,9.6958980579,9.6735455503,9.43248152,-0.840262454,-0.916363368,-0.710052095,0.2995718315,1.5149555675,2.0853108907,-8.388011281,-14.93524489,-10.00799743,-8.08843945,-13.42028932,-7.922686538
050,4,9,06,057,California,Nevada County,102237,102265,103517,102401,102037,28,1252,-1116,-364,205,797,817,741,271,1216,1139,1110,-66,-419,-322,-369,0,2,33,50,117,1748,-788,-39,117,1750,-755,11,-23,-79,-39,-6,1949,1951,1924,1890,1891,7.7460613659,7.9351975058,7.249141549,11.818332021,11.062656009,10.859037948,-4.072270655,-3.127458503,-3.609896399,0.0194380461,0.3205159335,0.4891458535,16.988852281,-7.653531988,-0.381533766,17.008290327,-7.333016055,0.1076120878
050,4,9,06,059,California,Orange County,3186997,3185734,3160611,3150372,3135755,-1263,-25123,-10239,-14617,7632,30035,31084,30677,5294,26407,23944,22619,2338,3628,7140,8058,77,3839,11011,12859,-4224,-32784,-27681,-35597,-4147,-28945,-16670,-22738,546,194,-709,63,53489,53010,43127,51970,52887,9.4652906515,9.8507633438,9.760222789,8.3219553932,7.5880413558,7.196482031,1.1433352583,2.262721988,2.563740758,1.2098302251,3.4894722423,4.0912313735,-10.33161607,-8.772325959,-11.32557455,-9.121785847,-5.282853717,-7.234343181
050,4,9,06,061,California,Placer County,404745,405927,413047,418074,423561,1182,7120,5027,5487,888,3580,3816,3607,831,3803,3923,3803,57,-223,-107,-196,2,217,675,790,1075,7246,4590,4920,1077,7463,5265,5710,48,-120,-131,-27,4451,4411,4376,4352,4485,8.7426462867,9.1827784402,8.5714115977,9.2872301196,9.4402620076,9.0371716956,-0.544583833,-0.257483567,-0.465760098,0.5299313531,1.6243122241,1.8772983538,17.695311451,11.045323124,11.691528988,18.225242804,12.669635348,13.568827342
050,4,9,06,063,California,Plumas County,19794,19746,19958,19443,19131,-48,212,-515,-312,32,166,161,145,64,213,178,216,-32,-47,-17,-71,0,2,16,19,-17,274,-522,-257,-17,276,-506,-238,1,-17,8,-3,93,77,87,68,66,8.3618778964,8.1723814116,7.5180173174,10.729397542,9.0353036725,11.199253383,-2.367519645,-0.862922261,-3.681236066,0.1007455168,0.8121621279,0.9851195106,13.802135805,-26.49678942,-13.32503759,13.902881322,-25.68462729,-12.33991808
050,4,9,06,065,California,Riverside County,2418182,2422993,2453399,2474241,2492442,4811,30406,20842,18201,6377,27112,27814,27497,4826,23863,21705,20536,1551,3249,6109,6961,27,643,2275,3378,2407,25998,13039,7807,2434,26641,15314,11185,826,516,-581,55,35672,34385,28320,34438,36120,11.119696694,11.288974032,11.072581036,9.787154109,8.8094909531,8.2695030063,1.3325425848,2.4794830791,2.8030780301,0.2637195697,0.923362908,1.360263983,10.662801514,5.2921885527,3.1437480508,10.926521084,6.2155514607,4.5040120338
050,4,9,06,067,California,Sacramento County,1585045,1586566,1588810,1584380,1584288,1521,2244,-4430,-92,4497,17913,18391,17698,3077,14077,13765,13202,1420,3836,4626,4496,177,2428,6897,7784,-663,-5074,-15700,-12390,-486,-2646,-8803,-4606,587,1054,-253,18,34212,33508,30779,32448,33390,11.282443402,11.591489952,11.170624376,8.8663515754,8.6758120377,8.332838909,2.4160918266,2.915677914,2.837785467,1.5292677151,4.3470450871,4.9131054437,-3.195842004,-9.89540494,-7.820320715,-1.666574289,-5.548359852,-2.907215272
050,4,9,06,069,California,San Benito County,64210,64530,66709,67643,68175,320,2179,934,532,170,756,873,850,102,446,474,462,68,310,399,388,0,-12,-4,17,251,1945,534,126,251,1933,530,143,1,-64,5,1,445,445,445,445,445,11.520965567,12.995712755,12.516750357,6.7967601094,7.0560914612,6.8032219588,4.7242054572,5.9396212933,5.7135283983,-0.182872469,-0.059545076,0.2503350071,29.640579401,7.9492675956,1.8554241706,29.457706932,7.8897225199,2.1057591777
050,4,9,06,071,California,San Bernardino County,2181660,2183391,2193087,2194908,2195611,1731,9696,1821,703,6513,26277,26741,26188,4013,21385,18392,17486,2500,4892,8349,8702,12,607,2279,3211,-1347,2597,-7940,-11384,-1335,3204,-5661,-8173,566,1600,-867,174,42209,40760,39582,41219,40501,12.008286115,12.188254545,11.929341383,9.7726985032,8.3828719039,7.9653453271,2.2355876118,3.8053826406,3.963996056,0.2773920033,1.0387432073,1.4626972347,1.1867990654,-3.618964926,-5.185719501,1.4641910687,-2.580221719,-3.723022267
050,4,9,06,073,California,San Diego County,3298648,3295298,3274432,3277176,3269973,-3350,-20866,2744,-7203,9170,36651,38064,37145,5945,26911,25494,24263,3225,9740,12570,12882,161,2708,8431,10767,-6905,-33741,-15956,-30745,-6744,-31033,-7525,-19978,169,427,-2301,-107,115152,111259,98384,112588,112078,11.157536154,11.619742817,11.346923676,8.1924219108,7.7825169027,7.411775721,2.9651142437,3.8372259146,3.9351479552,0.8243869992,2.5737193068,3.2890652099,-10.271655,-4.87086529,-9.391874234,-9.447268,-2.297145983,-6.102809024
050,4,9,06,075,California,San Francisco County,873950,870518,811935,807774,808988,-3432,-58583,-4161,1214,2098,7532,7343,7240,1601,6790,6510,6200,497,742,833,1040,84,2041,5601,6201,-3744,-57177,-10206,-5925,-3660,-55136,-4605,276,-269,-4189,-389,-102,27872,27831,22406,25648,26584,8.9535933545,9.0670608115,8.9561728937,8.0715479125,8.0384809864,7.6696508206,0.882045442,1.0285798251,1.2865220731,2.4262193357,6.9160571436,7.670887861,-67.96861487,-12.60226374,-7.329464695,-65.54239554,-5.686206596,0.3414231656
050,4,9,06,077,California,San Joaquin County,779230,780617,788354,794293,800965,1387,7737,5939,6672,2394,9661,10133,9570,1502,7511,6690,6313,892,2150,3443,3257,35,678,2368,2983,175,4537,611,386,210,5215,2979,3369,285,372,-483,46,18089,17613,15959,15331,14988,12.315077844,12.805129634,11.998059248,9.5744280806,8.4541909851,7.9147072135,2.7406497634,4.350938649,4.0833520346,0.8642607161,2.9924550453,3.7398339328,5.7834083613,0.7721241692,0.4839342602,6.6476690774,3.7645792144,4.223768193
050,4,9,06,079,California,San Luis Obispo County,282443,281884,279464,282046,281639,-559,-2420,2582,-407,608,2372,2445,2389,609,2679,2676,2563,-1,-307,-231,-174,0,77,235,332,-515,-2210,2461,-568,-515,-2133,2696,-236,-43,20,117,3,16285,15740,12112,15498,15695,8.4510856011,8.7086605759,8.4763653459,9.5448812501,9.5314420046,9.093731428,-1.093795649,-0.822781429,-0.617366082,0.2743396253,0.8370287261,1.1779628693,-7.873903532,8.7656497658,-2.015309969,-7.599563907,9.6026784919,-0.8373471
050,4,9,06,081,California,San Mateo County,764432,762479,739149,728929,726353,-1953,-23330,-10220,-2576,1890,7437,7537,7394,1319,5299,5131,4872,571,2138,2406,2522,101,1716,4718,5269,-2538,-25829,-17841,-10335,-2437,-24113,-13123,-5066,-87,-1355,497,-32,9360,9146,8968,9076,9331,9.9052495025,10.267846804,10.161604418,7.0576734051,6.9900918071,6.6956095107,2.8475760974,3.2777549967,3.4659949068,2.2855194496,6.4274514024,7.2412082332,-34.40132976,-24.30524809,-14.20343274,-32.11581031,-17.87779668,-6.962224504
050,4,9,06,083,California,Santa Barbara County,448220,448424,437521,443915,441257,204,-10903,6394,-2658,1328,5305,5599,5560,819,3733,3547,3423,509,1572,2052,2137,22,440,1074,1424,-445,-12215,3061,-6246,-423,-11775,4135,-4822,118,-700,207,27,20708,20847,11052,20312,20051,11.975912726,12.704268943,12.56253022,8.4271596995,8.0482303877,7.7340900977,3.5487530264,4.6560385553,4.8284401224,0.9932896512,2.4369324602,3.217453783,-27.5750752,6.9454844141,-14.11251147,-26.58178555,9.3824168743,-10.89505768
050,4,9,06,085,California,Santa Clara County,1936279,1931168,1885173,1878335,1877592,-5111,-45995,-6838,-743,4882,18827,19424,18707,2763,12068,11300,10741,2119,6759,8124,7966,191,6704,18322,20405,-7099,-56757,-33302,-29077,-6908,-50053,-14980,-8672,-322,-2701,18,-37,39638,39251,33899,45751,46758,9.8665187414,10.322284422,9.9613224645,6.3243824386,6.0050357273,5.7194934832,3.5421363028,4.3172486946,4.2418289812,3.5133128827,9.7366605837,10.865493392,-29.74419739,-17.69731857,-15.48326152,-26.2308845,-7.960657982,-4.61776813
050,4,9,06,087,California,Santa Cruz County,270870,270474,260475,264240,261547,-396,-9999,3765,-2693,552,2184,2301,2261,404,2127,1989,1903,148,57,312,358,4,94,283,396,-556,-9536,2898,-3455,-552,-9442,3181,-3059,8,-614,272,8,14565,14527,6796,14088,14292,8.2267788432,8.7704754009,8.6004408629,8.0120689558,7.5812583974,7.2386726945,0.2147098874,1.1892170035,1.3617681685,0.3540829722,1.0786808077,1.5063133931,-35.92058748,11.045996398,-13.14220397,-35.5665045,12.124677206,-11.63589058
050,4,9,06,089,California,Shasta County,182158,182002,182135,180937,180366,-156,133,-1198,-571,460,1806,1806,1734,563,2616,2675,2543,-103,-810,-869,-809,1,95,220,254,-92,761,-457,-15,-91,856,-237,239,38,87,-92,-1,3023,2993,2886,2881,2831,9.9193435438,9.9484399788,9.5985917637,14.368218555,14.735369293,14.076827483,-4.448875011,-4.786929314,-4.478235719,0.5217816371,1.2118808391,1.4060220923,4.1797455353,-2.517407016,-0.083032801,4.7015271725,-1.305526177,1.3229892915
050,4,9,06,091,California,Sierra County,3231,3225,3294,3222,3200,-6,69,-72,-22,6,24,25,23,8,35,32,34,-2,-11,-7,-11,0,0,0,0,-4,84,-64,-11,-4,84,-64,-11,0,-4,-1,0,29,29,29,29,29,7.3630924988,7.6734192756,7.1628776082,10.737843227,9.8219766728,10.588601682,-3.374750729,-2.148557397,-3.425724073,0,0,0,25.770823746,-19.64395335,-3.425724073,25.770823746,-19.64395335,-3.425724073
050,4,9,06,093,California,Siskiyou County,44077,43995,44139,43786,42905,-82,144,-353,-881,92,428,370,323,139,637,638,644,-47,-209,-268,-321,0,7,17,22,-37,344,-76,-579,-37,351,-59,-557,2,2,-26,-3,554,554,471,504,483,9.7124832641,8.4162638612,7.4517539306,14.455261307,14.512368496,14.85736697,-4.742778043,-6.096104635,-7.405613039,0.1588490253,0.3866932044,0.5075498033,7.8062949599,-1.72874609,-13.35778801,7.9651439853,-1.342052886,-12.8502382
050,4,9,06,095,California,Solano County,453491,452723,450653,448885,449218,-768,-2070,-1768,333,1209,4911,4960,4792,950,3995,4007,3819,259,916,953,973,0,315,1101,1312,-991,-3420,-3754,-1965,-991,-3105,-2653,-653,-36,119,-68,13,11123,10418,9279,9489,9751,10.872549193,11.027883202,10.67138179,8.8446006978,8.9090177402,8.5045924577,2.0279484954,2.118865462,2.1667893326,0.697384035,2.4479232673,2.9217138791,-7.571598094,-8.346506762,-4.375890071,-6.874214059,-5.898583495,-1.454176191
050,4,9,06,097,California,Sonoma County,488850,488282,484519,482669,481812,-568,-3763,-1850,-857,1151,4420,4543,4480,1076,4657,4595,4388,75,-237,-52,92,5,228,579,813,-668,-3858,-2089,-1765,-663,-3630,-1510,-952,20,104,-288,3,8841,8492,6274,8255,8311,9.0871617114,9.3942439319,9.2899704608,9.5744145,9.5017721477,9.0991942817,-0.487252789,-0.107528216,0.1907761791,0.4687495181,1.1972853261,1.6858808001,-7.931735268,-4.319739285,-3.659999523,-7.462985749,-3.122453959,-1.974118723
050,4,9,06,099,California,Stanislaus County,552882,553257,552723,551226,551430,375,-534,-1497,204,1761,6906,7253,7077,1051,5765,5252,5013,710,1141,2001,2064,6,321,931,1229,-466,-2280,-4404,-3144,-460,-1959,-3473,-1915,125,284,-25,55,6513,6521,5949,6299,6478,12.488471763,13.140099769,12.836278948,10.425143312,9.5149323021,9.0925909803,2.0633284508,3.625167467,3.743687968,0.5804806597,1.6866721198,2.2291630391,-4.1230402,-7.978629448,-5.702594463,-3.54255954,-6.291957328,-3.473431424
050,4,9,06,101,California,Sutter County,99636,99479,99152,98569,97948,-157,-327,-583,-621,295,1237,1231,1181,225,958,972,945,70,279,259,236,3,90,254,307,-225,-718,-1096,-1167,-222,-628,-842,-860,-5,22,0,3,983,950,879,935,931,12.455256229,12.451889278,12.019316395,9.6460270552,9.8320360508,9.6174885633,2.8092291737,2.6198532275,2.4018278317,0.9062029593,2.5692769104,3.1244116285,-7.229485831,-11.08632872,-11.87683508,-6.323282871,-8.517051805,-8.752423454
050,4,9,06,103,California,Tehama County,65832,65687,65446,65299,64896,-145,-241,-147,-403,171,738,769,745,175,876,900,870,-4,-138,-131,-125,0,-11,-23,-7,-136,-132,48,-274,-136,-143,25,-281,-5,40,-41,3,803,803,759,728,764,11.255747981,11.763356151,11.444371904,13.360481343,13.767256874,13.364568532,-2.104733362,-2.003900723,-1.920196628,-0.167768601,-0.351829898,-0.107531011,-2.013223216,0.7342537,-4.209071009,-2.180991817,0.3824238021,-4.31660202
050,4,9,06,105,California,Trinity County,16114,16091,16082,15778,15670,-23,-9,-304,-108,18,122,105,100,35,177,193,188,-17,-55,-88,-88,0,-2,-6,-5,-5,50,-207,-14,-5,48,-213,-19,-1,-2,-3,-1,226,226,210,195,215,7.5839990054,6.5913370998,6.3597049097,11.00301495,12.115505336,11.95624523,-3.419015945,-5.524168236,-5.596540321,-0.124327853,-0.376647834,-0.317985245,3.1081963137,-12.99435028,-0.890358687,2.9838684611,-13.37099812,-1.208343933
050,4,9,06,107,California,Tulare County,473116,473914,477176,477884,479468,798,3262,708,1584,1600,6583,6846,6746,919,4164,3977,3712,681,2419,2869,3034,0,46,219,616,-46,423,-2273,-2119,-46,469,-2054,-1503,163,374,-107,53,5245,5210,4960,4969,4829,13.843064274,14.336272067,14.093039969,8.7562691228,8.3282725693,7.7547234455,5.0867951508,6.0079994974,6.3383165231,0.096731119,0.4586099303,1.2868829856,0.889505725,-4.759910372,-4.426793907,0.986236844,-4.301300442,-3.139910921
050,4,9,06,109,California,Tuolumne County,55624,55379,55131,54587,54204,-245,-248,-544,-383,105,403,453,437,193,783,825,791,-88,-380,-372,-354,0,7,19,23,-132,100,-158,-50,-132,107,-139,-27,-25,25,-33,-2,3742,3567,3103,3084,3186,7.2934576056,8.2575329481,8.0337527921,14.170663288,15.038553382,14.54164407,-6.877205683,-6.781020434,-6.507891278,0.1266853678,0.3463424415,0.4228290943,1.8097909691,-2.88011083,-0.919193683,1.936476337,-2.533768388,-0.496364589
050,4,9,06,111,California,Ventura County,843840,843371,839471,832871,829590,-469,-3900,-6600,-3281,2023,8390,8823,8581,1533,7387,6873,6524,490,1003,1950,2057,-1,259,923,1390,-1078,-5456,-9549,-6754,-1079,-5197,-8626,-5364,120,294,76,26,12157,12048,10534,11248,11360,9.9712272453,10.551669455,10.323249688,8.7791961456,8.219610582,7.8486051703,1.1920310998,2.3320588731,2.474644518,0.307812617,1.1038411999,1.6722196791,-6.484268874,-11.41991291,-8.125303391,-6.176456257,-10.31607171,-6.453083711
050,4,9,06,113,California,Yolo County,216409,216291,213141,222018,220544,-118,-3150,8877,-1474,503,1947,1946,1900,378,1550,1541,1507,125,397,405,393,15,513,1321,1523,-297,-3893,6521,-3414,-282,-3380,7842,-1891,39,-167,630,24,8630,8531,4325,12389,11795,9.0677918739,8.9438573027,8.5863675598,7.2188379068,7.0824687068,6.8103452172,1.8489539671,1.8613885959,1.7760223426,2.3892024814,6.0713440375,6.8826514703,-18.13092643,29.970654404,-15.42834676,-15.74172395,36.041998442,-8.545695292
050,4,9,06,115,California,Yuba County,81578,81958,83227,84353,85722,380,1269,1126,1369,286,1106,1212,1177,148,782,780,746,138,324,432,431,2,23,89,130,233,919,606,805,235,942,695,935,7,3,-1,3,2402,2354,2226,2230,2339,13.391046403,14.464733262,13.840952521,9.4681720495,9.3089867526,8.7726003234,3.922874353,5.1557465091,5.0683521976,0.2784756485,1.0621792577,1.5287373218,11.126918304,7.2323666309,9.4664118771,11.405393952,8.2945458885,10.995149199
040,4,8,08,000,Colorado,Colorado,5773707,5785219,5811596,5841039,5877610,11512,26377,29443,36571,15593,62137,62682,62498,11914,46481,49599,45099,3679,15656,13083,17399,244,3913,10413,11931,7169,5404,6772,7236,7413,9317,17185,19167,420,1404,-825,5,126857,124881,114634,123235,125069,10.716218203,10.758425026,10.666417264,8.0161665078,8.51292433,7.6969623376,2.7000516952,2.2455006958,2.9694549261,0.6748404627,1.7872352476,2.0362415497,0.9319800307,1.1623122152,1.2349546437,1.6068204934,2.9495474629,3.2711961933
050,4,8,08,001,Colorado,Adams County,519578,520500,523544,527509,533365,922,3044,3965,5856,1643,6631,6838,6534,965,3869,4209,3680,678,2762,2629,2854,36,481,1130,1241,53,-535,348,1717,89,-54,1478,2958,155,336,-142,44,4470,4470,4475,4499,4519,12.702529778,13.011713015,12.318145227,7.4115650298,8.0091108631,6.9376759163,5.2909647486,5.0026021523,5.3804693112,0.921417105,2.1502245843,2.3395803837,-1.024861021,0.6621930578,3.2369536816,-0.103443916,2.8124176421,5.5765340653
050,4,8,08,003,Colorado,Alamosa County,16380,16377,16579,16587,16655,-3,202,8,68,54,192,189,191,42,166,193,183,12,26,-4,8,0,10,25,24,-18,161,-5,35,-18,171,20,59,3,5,-8,1,959,958,991,963,957,11.651899502,11.397214014,11.491486673,10.074038111,11.638424893,11.01016786,1.5778613909,-0.241210879,0.4813188135,0.6068697657,1.5075679913,1.4439564406,9.7706032285,-0.301513598,2.1057698093,10.377472994,1.2060543931,3.5497262499
050,4,8,08,005,Colorado,Arapahoe County,655075,655272,656855,656269,656061,197,1583,-586,-208,1904,7592,7677,7639,1484,4703,5154,4633,420,2889,2523,3006,89,968,2683,3029,-536,-2683,-5566,-6254,-447,-1715,-2883,-3225,224,409,-226,11,5397,5395,5304,5423,5476,11.572050571,11.692726658,11.641888854,7.1685134137,7.8499821799,7.0607240557,4.4035371576,3.8427444781,4.5811647985,1.4754669327,4.0864381429,4.6162169576,-4.089543162,-8.477493367,-9.531139271,-2.614076229,-4.391055224,-4.914922314
050,4,8,08,007,Colorado,Archuleta County,13355,13424,13806,13989,14189,69,382,183,200,28,119,102,104,24,126,142,146,4,-7,-40,-42,0,2,8,7,73,406,202,236,73,408,210,243,-8,-19,13,-1,97,97,97,97,97,8.7403598972,7.3394495413,7.3816452552,9.2544987147,10.217665048,10.362694301,-0.514138817,-2.878215506,-2.981049045,0.146896805,0.5756431013,0.4968415076,29.820051414,14.534988307,16.750656541,29.966948219,15.110631409,17.247498048
050,4,8,08,009,Colorado,Baca County,3508,3480,3490,3435,3344,-28,10,-55,-91,5,35,37,30,20,72,76,75,-15,-37,-39,-45,0,1,6,7,-13,46,-20,-52,-13,47,-14,-45,0,0,-2,-1,54,54,51,51,44,10.043041607,10.685920578,8.8508629591,20.659971306,21.949458484,22.127157398,-10.6169297,-11.26353791,-13.27629444,0.2869440459,1.7328519856,2.0652013571,13.199426112,-5.776173285,-15.3414958,13.486370158,-4.0433213,-13.27629444
050,4,8,08,011,Colorado,Bent County,5648,5473,5339,5439,5681,-175,-134,100,242,7,36,36,39,21,77,77,73,-14,-41,-41,-34,0,0,0,0,-132,-84,131,273,-132,-84,131,273,-29,-9,10,3,1561,1406,1173,1326,1500,6.6592674806,6.6802746335,7.0143884892,14.243433222,14.288365188,13.129496403,-7.584165742,-7.608090555,-6.115107914,0,0,0,-15.53829079,24.308777139,49.100719424,-15.53829079,24.308777139,49.100719424
050,4,8,08,013,Colorado,Boulder County,330759,330938,327084,327339,326831,179,-3854,255,-508,623,2481,2478,2486,571,2144,2270,2038,52,337,208,448,23,334,819,960,-23,-4415,-538,-1919,0,-4081,281,-959,127,-110,-234,3,15316,15284,12079,14534,15232,7.5407813113,7.5730834644,7.6004708256,6.5164994483,6.9374089847,6.2307962762,1.0242818629,0.6356744797,1.3696745494,1.0151636267,2.5029682636,2.9350168916,-13.41900423,-1.644196491,-5.866976474,-12.4038406,0.858771773,-2.931959582
050,4,8,08,014,Colorado,Broomfield County,74105,74490,75411,76195,76860,385,921,784,665,150,654,651,643,149,452,469,461,1,202,182,182,1,58,126,142,409,643,482,341,410,701,608,483,-26,18,-6,0,482,482,428,456,477,8.7257590009,8.5880506049,8.4022083565,6.0306468936,6.1870902207,6.0239783085,2.6951121073,2.4009603842,2.378230048,0.7738440704,1.6622033429,1.8555421254,8.5789954703,6.358587391,4.4559145405,9.3528395408,8.0207907339,6.3114566659
050,4,8,08,015,Colorado,Chaffee County,19476,19484,19741,20265,20617,8,257,524,352,33,149,151,150,67,172,187,184,-34,-23,-36,-34,0,4,4,5,44,287,510,379,44,291,514,384,-2,-11,46,2,1313,1239,936,1213,1239,7.597195666,7.5488676698,7.3381928477,8.7699171447,9.3485977103,9.0015165599,-1.172721479,-1.79973004,-1.663323712,0.2039515615,0.1999700045,0.2446064283,14.633524538,25.496175574,18.541167262,14.837476099,25.696145578,18.78577369
050,4,8,08,017,Colorado,Cheyenne County,1749,1746,1719,1731,1727,-3,-27,12,-4,8,21,14,14,5,24,26,26,3,-3,-12,-12,0,4,10,10,-7,-27,15,-3,-7,-23,25,7,1,-1,-1,1,23,23,25,24,21,12.121212121,8.115942029,8.0971659919,13.852813853,15.072463768,15.037593985,-1.731601732,-6.956521739,-6.940427993,2.3088023088,5.7971014493,5.7836899942,-15.58441558,8.6956521739,-1.735106998,-13.27561328,14.492753623,4.048582996
050,4,8,08,019,Colorado,Clear Creek County,9394,9393,9457,9367,9147,-1,64,-90,-220,15,72,67,54,19,65,71,69,-4,7,-4,-15,0,3,2,2,6,60,-80,-206,6,63,-78,-204,-3,-6,-8,-1,83,83,83,83,83,7.6392572944,7.1185720357,5.8334233553,6.8965517241,7.543561411,7.4538187318,0.7427055703,-0.424989375,-1.620395376,0.3183023873,0.2124946876,0.2160527169,6.3660477454,-8.499787505,-22.25342984,6.6843501326,-8.287292818,-22.03737712
050,4,8,08,021,Colorado,Conejos County,7459,7451,7582,7587,7521,-8,131,5,-66,29,99,101,99,30,107,113,107,-1,-8,-12,-8,0,0,-1,-1,-9,142,21,-56,-9,142,20,-57,2,-3,-3,-1,57,57,57,57,57,13.171023748,13.316632606,13.105639396,14.235348899,14.898806777,14.164680964,-1.064325151,-1.582174171,-1.059041567,0,-0.131847848,-0.132380196,18.891771436,2.7688047993,-7.413290972,18.891771436,2.6369569517,-7.545671168
050,4,8,08,023,Colorado,Costilla County,3497,3502,3613,3615,3628,5,111,2,13,6,41,35,33,11,43,59,60,-5,-2,-24,-27,0,-1,0,0,10,122,27,39,10,121,27,39,0,-8,-1,1,13,13,13,13,13,11.524947294,9.6845600443,9.1122463068,12.087139845,16.325401217,16.567720558,-0.562192551,-6.640841173,-7.455474251,-0.281096275,0,0,34.293745608,7.4709463199,10.769018363,34.012649332,7.4709463199,10.769018363
050,4,8,08,025,Colorado,Crowley County,5919,5688,5735,5627,5636,-231,47,-108,9,4,30,29,29,17,65,68,67,-13,-35,-39,-38,0,-1,-1,-1,-177,87,-71,48,-177,86,-72,47,-41,-4,3,0,2881,2669,2609,2531,2612,5.2525606233,5.1047350819,5.149604901,11.380548017,11.96972364,11.897363047,-6.127987394,-6.864988558,-6.747758146,-0.175085354,-0.176025348,-0.177572583,15.232425808,-12.49779968,8.5234839741,15.057340453,-12.67382503,8.3459113913
050,4,8,08,027,Colorado,Custer County,4706,4723,5063,5337,5534,17,340,274,197,8,40,38,41,10,59,61,61,-2,-19,-23,-20,0,0,1,2,23,384,279,215,23,384,280,217,-4,-25,17,0,4,4,4,4,4,8.1749437973,7.3076923077,7.5430043234,12.058042101,11.730769231,11.222518628,-3.883098304,-4.423076923,-3.679514304,0,0.1923076923,0.3679514304,78.479460454,53.653846154,39.554778769,78.479460454,53.846153846,39.9227302
050,4,8,08,029,Colorado,Delta County,31201,31056,31392,31560,31746,-145,336,168,186,66,304,261,273,103,495,516,475,-37,-191,-255,-202,0,8,11,11,-82,532,400,378,-82,540,411,389,-26,-13,12,-1,770,569,465,518,240,9.7361004356,8.2920320244,8.6247749029,15.853189854,16.393442623,15.006476479,-6.117089418,-8.101410599,-6.381701576,0.2562131694,0.3494726141,0.3475184027,17.038175762,12.708095057,11.941996019,17.294388932,13.057567671,12.289514422
050,4,8,08,031,Colorado,Denver County,715524,717606,711467,713453,716577,2082,-6139,1986,3124,2139,8580,8332,8632,1589,5138,5433,4981,550,3442,2899,3651,49,703,1882,2150,1558,-10331,-2552,-2599,1607,-9628,-670,-449,-75,47,-243,-78,15932,15609,13955,15470,15890,12.007784067,11.694691632,12.072474004,7.1906753539,7.6256912669,6.9662874205,4.8171087131,4.0690003649,5.1061865835,0.9838545687,2.6415518064,3.0069299245,-14.45832368,-3.581955478,-3.634888779,-13.47446911,-0.940403672,-0.627958854
050,4,8,08,033,Colorado,Dolores County,2325,2331,2375,2460,2513,6,44,85,53,3,16,16,19,10,30,36,35,-7,-14,-20,-16,0,0,0,0,14,61,100,69,14,61,100,69,-1,-3,5,0,260,260,260,260,260,6.7998300042,6.6184074457,7.6412628192,12.749681258,14.891416753,14.076010456,-5.949851254,-8.273009307,-6.434747637,0,0,0,25.924351891,41.365046536,27.749849186,25.924351891,41.365046536,27.749849186
050,4,8,08,035,Colorado,Douglas County,357998,360323,369783,375937,383906,2325,9460,6154,7969,924,3529,3835,3812,525,1899,2132,1954,399,1630,1703,1858,19,248,562,660,1984,7759,3942,5465,2003,8007,4504,6125,-77,-177,-53,-14,1643,1643,1608,1626,1660,9.6670894363,10.285361798,10.033651689,5.2019843694,5.717963847,5.1431677333,4.4651050669,4.567397951,4.8904839552,0.679353409,1.5072681435,1.7372009744,21.254447984,10.572332779,14.384550493,21.933801393,12.079600923,16.121751467
050,4,8,08,037,Colorado,Eagle County,55718,55657,55774,55218,54381,-61,117,-556,-837,126,518,520,515,40,170,187,185,86,348,333,330,5,38,68,75,-149,-303,-975,-1242,-144,-265,-907,-1167,-3,34,18,0,99,99,99,100,100,9.2972332654,9.3700446879,9.3978959662,3.0512155504,3.3696122243,3.3759432112,6.246017715,6.0004324636,6.021952755,0.6820364172,1.2253135361,1.3686256261,-5.43834301,-17.56883379,-22.66444037,-4.756306593,-16.34352025,-21.29581474
050,4,8,08,039,Colorado,Elbert County,26056,26216,27159,27842,28806,160,943,683,964,50,224,263,263,39,189,219,219,11,35,44,44,0,4,1,2,162,935,629,924,162,939,630,926,-13,-31,9,-6,64,64,65,63,65,8.393442623,9.5634624825,9.285411665,7.0819672131,7.9634915729,7.7319587629,1.3114754098,1.5999709096,1.5534529021,0.149882904,0.0363629752,0.0706114956,35.035128806,22.872311413,32.622510945,35.18501171,22.908674388,32.69312244
050,4,8,08,041,Colorado,El Paso County,730405,732384,737287,740596,744215,1979,4903,3309,3619,2203,9301,9193,9147,1331,5877,6161,5702,872,3424,3032,3445,-13,53,538,777,974,911,9,-619,961,964,547,158,146,515,-270,16,20495,20482,18304,19642,19524,12.657254583,12.440768315,12.320760016,7.9977083306,8.3376018264,7.6804387899,4.6595462522,4.1031664888,4.6403212261,0.0721249858,0.7280684601,1.0465978498,1.2397332464,0.0121795839,-0.833776151,1.3118582322,0.740248044,0.2128216992
050,4,8,08,043,Colorado,Fremont County,48934,48878,49237,49616,50318,-56,359,379,702,98,383,366,351,147,680,743,676,-49,-297,-377,-325,0,7,1,6,-12,653,703,1014,-12,660,704,1020,5,-4,52,7,8016,7868,7568,8013,8740,7.8071650614,7.4049345999,7.0246362599,13.861285227,15.032421879,13.528929093,-6.054120165,-7.627487279,-6.504292833,0.1426897009,0.0202320617,0.1200792523,13.310910666,14.223139409,20.29339364,13.453600367,14.243371471,20.413472892
050,4,8,08,045,Colorado,Garfield County,61686,61794,62107,62256,62707,108,313,149,451,180,732,717,714,84,431,438,412,96,301,279,302,3,47,148,155,-12,-73,-249,-6,-9,-26,-101,149,21,38,-29,0,1068,1052,915,1032,1037,11.815885263,11.530760757,11.427382505,6.9571674159,7.0438956924,6.5939518097,4.8587178473,4.4868650644,4.8334306955,0.7586702287,2.3801291381,2.4807342974,-1.178360142,-4.004406455,-0.096028424,-0.419689914,-1.624277317,2.3847058729
050,4,8,08,047,Colorado,Gilpin County,5806,5820,5893,5886,5926,14,73,-7,40,17,35,45,48,9,34,41,41,8,1,4,7,1,8,25,28,6,65,-32,5,7,73,-7,33,-1,-1,-4,0,42,42,42,42,42,5.9762656877,7.6407165294,8.1273281409,5.8055152395,6.9615417268,6.942092787,0.1707504482,0.6791748026,1.1852353539,1.3660035858,4.2448425163,4.7409414155,11.098779134,-5.433398421,0.8465966813,12.46478272,-1.188555905,5.5875380969
050,4,8,08,049,Colorado,Grand County,15715,15747,15851,15734,15935,32,104,-117,201,39,113,118,121,13,100,108,103,26,13,10,18,0,9,27,29,7,83,-146,152,7,92,-119,181,-1,-1,-8,2,212,212,213,213,213,7.1523514146,7.4719012189,7.6415422022,6.3295145262,6.8386892512,6.504783858,0.8228368884,0.6332119677,1.1367583441,0.5696563074,1.7096723128,1.8314439989,5.2534970568,-9.244894729,9.5992926837,5.8231533641,-7.535222416,11.430736683
050,4,8,08,051,Colorado,Gunnison County,16921,16950,17294,17320,17321,29,344,26,1,30,132,137,134,26,79,89,85,4,53,48,49,0,1,4,6,24,300,-18,-53,24,301,-14,-47,1,-10,-8,-1,1023,1021,998,1059,1037,7.7093797454,7.9158721904,7.7364972143,4.6139469688,5.1424279193,4.9074795762,3.0954327765,2.7734442711,2.8290176381,0.058404392,0.2311203559,0.346410323,17.521317603,-1.040041602,-3.059957853,17.579721995,-0.808921246,-2.71354753
050,4,8,08,053,Colorado,Hinsdale County,784,788,773,771,765,4,-15,-2,-6,0,2,2,4,2,5,8,5,-2,-3,-6,-1,0,0,0,0,7,-11,3,-5,7,-11,3,-5,-1,-1,1,0,0,0,0,0,0,2.5624599616,2.5906735751,5.2083333333,6.4061499039,10.362694301,6.5104166667,-3.843689942,-7.772020725,-1.302083333,0,0,0,-14.09352979,3.8860103627,-6.510416667,-14.09352979,3.8860103627,-6.510416667
050,4,8,08,055,Colorado,Huerfano County,6817,6827,6934,7097,7055,10,107,163,-42,16,42,44,40,28,134,140,135,-12,-92,-96,-95,0,-1,-1,-1,25,211,244,53,25,210,243,52,-3,-11,16,1,120,120,120,120,120,6.1042075431,6.2718266695,5.6529112493,19.475328828,19.95581213,19.078575466,-13.37112128,-13.68398546,-13.42566422,-0.145338275,-0.142541515,-0.141322781,30.66637599,34.780129713,7.4901074053,30.521037715,34.637588198,7.3487846241
050,4,8,08,057,Colorado,Jackson County,1381,1379,1359,1314,1309,-2,-20,-45,-5,3,6,11,6,3,16,12,13,0,-10,-1,-7,0,0,0,0,-2,-9,-46,2,-2,-9,-46,2,0,-1,2,0,1,1,1,1,1,4.3827611395,8.2304526749,4.5749142204,11.687363039,8.9786756453,9.9123141441,-7.304601899,-0.74822297,-5.337399924,0,0,0,-6.574141709,-34.41825664,1.5249714068,-6.574141709,-34.41825664,1.5249714068
050,4,8,08,059,Colorado,Jefferson County,582886,583081,580703,575811,576366,195,-2378,-4892,555,1460,5396,5474,5493,1336,5402,5617,4997,124,-6,-143,496,11,225,580,662,-75,-2960,-5000,-584,-64,-2735,-4420,78,135,363,-329,-19,8797,8689,9147,9467,9341,9.2731984629,9.4663791359,9.5349933213,9.2835096547,9.7136740238,8.674014496,-0.010311192,-0.247294888,0.8609788253,0.3866696913,1.0030142307,1.1491289967,-5.086854605,-8.646674403,-1.013733133,-4.700184914,-7.643660172,0.1353958637
050,4,8,08,061,Colorado,Kiowa County,1448,1455,1454,1434,1384,7,-1,-20,-50,0,19,18,20,3,20,21,21,-3,-1,-3,-1,0,0,1,1,8,0,-18,-50,8,0,-17,-49,2,0,0,0,31,31,31,31,31,13.062908216,12.465373961,14.194464159,13.750429701,14.542936288,14.904187367,-0.687521485,-2.077562327,-0.709723208,0,0.6925207756,0.7097232079,0,-12.46537396,-35.4861604,0,-11.77285319,-34.77643719
050,4,8,08,063,Colorado,Kit Carson County,7081,7062,6927,6983,6994,-19,-135,56,11,20,82,96,93,26,95,99,95,-6,-13,-3,-2,0,0,30,31,-13,-119,33,-17,-13,-119,63,14,0,-3,-4,-1,91,91,89,91,91,11.723497033,13.80301941,13.307576733,13.582100222,14.234363767,13.593761179,-1.858603188,-0.431344357,-0.286184446,0,4.3134435658,4.4358589111,-17.01336765,4.7447879224,-2.43256779,-17.01336765,9.0582314881,2.0032911211
050,4,8,08,065,Colorado,Lake County,7432,7408,7395,7346,7365,-24,-13,-49,19,15,71,85,85,8,51,45,46,7,20,40,39,0,1,12,12,-30,-38,-97,-31,-30,-37,-85,-19,-1,4,-4,-1,103,103,103,112,120,9.5926501385,11.532460484,11.555978519,6.8904951699,6.1054202564,6.2538236694,2.7021549686,5.4270402279,5.3021548501,0.1351077484,1.6281120684,1.6314322616,-5.13409444,-13.16057255,-4.214533342,-4.998986692,-11.53246048,-2.583101081
050,4,8,08,067,Colorado,La Plata County,55637,55673,56169,56553,56407,36,496,384,-146,119,435,426,414,103,442,462,455,16,-7,-36,-41,0,10,27,29,1,482,371,-134,1,492,398,-105,19,11,22,0,1743,1735,1573,1879,1884,7.7788308507,7.558418055,7.3300283286,7.9040074391,8.197157609,8.0559490085,-0.125176588,-0.638739554,-0.72592068,0.1788236977,0.4790546655,0.5134560907,8.6193022299,6.5825659587,-2.372521246,8.7981259276,7.0616206242,-1.859065156
050,4,8,08,069,Colorado,Larimer County,359074,359923,362747,367577,370771,849,2824,4830,3194,790,3039,3111,3094,652,2753,2968,2638,138,286,143,456,3,180,400,471,656,2202,4148,2249,659,2382,4548,2720,52,156,139,18,11706,11682,11266,12156,12321,8.4104778114,8.5195064109,8.3808718924,7.6189685472,8.1278993981,7.1456819819,0.7915092643,0.3916070128,1.2351899104,0.4981526838,1.0954042315,1.2758211575,6.0940678318,11.359341881,6.0919783083,6.5922205156,12.454746113,7.3677994658
050,4,8,08,071,Colorado,Las Animas County,14559,14490,14334,14311,14348,-69,-156,-23,37,30,130,113,111,56,207,248,243,-26,-77,-135,-132,0,4,17,19,-36,-84,91,147,-36,-80,108,166,-7,1,4,3,714,633,400,399,486,9.0202608937,7.8896840635,7.7462577201,14.363030808,17.315412812,16.958023657,-5.342769914,-9.425728748,-9.211765937,0.277546489,1.1869436202,1.3259360061,-5.82847627,6.3536393786,10.258557521,-5.550929781,7.5405829988,11.584493527
050,4,8,08,073,Colorado,Lincoln County,5674,5662,5473,5510,5480,-12,-189,37,-30,10,40,50,52,17,62,67,69,-7,-22,-17,-17,0,2,4,4,-6,-159,51,-18,-6,-157,55,-14,1,-10,-1,1,980,980,784,857,860,7.1845532106,9.1049804243,9.4631483167,11.136057476,12.200673769,12.556869882,-3.951504266,-3.095693344,-3.093721565,0.3592276605,0.7283984339,0.7279344859,-28.55859901,9.2870800328,-3.275705187,-28.19937135,10.015478467,-2.547770701
050,4,8,08,075,Colorado,Logan County,21536,21210,21006,20792,20619,-326,-204,-214,-173,60,188,192,192,55,307,282,270,5,-119,-90,-78,0,7,24,26,-268,-100,-143,-121,-268,-93,-119,-95,-63,8,-5,0,3173,2846,2695,2740,2709,8.9065757059,9.1870424422,9.2728985052,14.544248626,13.493468587,13.040013523,-5.63767292,-4.306426145,-3.767115018,0.3316278188,1.1483803053,1.2557050059,-4.737540269,-6.842432652,-5.843857912,-4.40591245,-5.694052347,-4.588152906
050,4,8,08,077,Colorado,Mesa County,155706,156011,157439,158531,159681,305,1428,1092,1150,395,1525,1445,1454,425,1903,2004,1780,-30,-378,-559,-326,1,30,55,68,334,1769,1561,1405,335,1799,1616,1473,0,7,35,3,3956,3951,3887,4132,4128,9.7304195246,9.146437953,9.1385617136,12.142287446,12.684748552,11.187510213,-2.411867922,-3.538310599,-2.0489485,0.191418089,0.3481343165,0.4273880306,11.287286649,9.8806848751,8.8305909268,11.478704738,10.228819192,9.2579789574
050,4,8,08,079,Colorado,Mineral County,868,874,929,931,944,6,55,2,13,1,4,9,7,2,7,10,11,-1,-3,-1,-4,0,0,0,0,8,62,3,19,8,62,3,19,-1,-4,0,-2,0,0,0,0,0,4.4370493622,9.6774193548,7.4666666667,7.7648363838,10.752688172,11.733333333,-3.327787022,-1.075268817,-4.266666667,0,0,0,68.774265114,3.2258064516,20.266666667,68.774265114,3.2258064516,20.266666667
050,4,8,08,081,Colorado,Moffat County,13295,13269,13165,13205,13327,-26,-104,40,122,31,148,132,135,33,159,137,113,-2,-11,-5,22,1,0,-2,-3,-25,-97,53,105,-24,-97,51,102,0,4,-6,-2,120,120,114,113,116,11.197699932,10.011376564,10.176390773,12.029961413,10.390595374,8.5180159807,-0.832261481,-0.379218809,1.6583747927,0,-0.151687524,-0.226142017,-7.339033063,4.0197193781,7.9149706015,-7.339033063,3.8680318544,7.6888285844
050,4,8,08,083,Colorado,Montezuma County,25849,25887,26234,26467,26531,38,347,233,64,62,261,243,240,57,352,379,357,5,-91,-136,-117,0,16,51,57,31,432,313,124,31,448,364,181,2,-10,5,0,262,262,260,259,262,10.015157038,9.2218363978,9.0569455451,13.507031715,14.383028785,13.472206498,-3.491874676,-5.161192387,-4.415260953,0.613955987,1.9354471452,2.151024567,16.57681165,11.878332479,4.679421865,17.190767637,13.813779625,6.8304464319
050,4,8,08,085,Colorado,Montrose County,42677,42818,43236,43807,44156,141,418,571,349,95,381,397,395,120,532,597,542,-25,-151,-200,-147,1,24,68,72,176,552,682,424,177,576,750,496,-11,-7,21,0,684,684,689,686,684,8.8549050596,9.1219282424,8.9810488501,12.364329375,13.717358087,12.323363232,-3.509424315,-4.595429845,-3.342314382,0.5577892951,1.5624461473,1.6370519423,12.829153787,15.670415772,9.6404169935,13.386943082,17.232861919,11.277468936
050,4,8,08,087,Colorado,Morgan County,29108,29076,29006,29266,29524,-32,-70,260,258,119,382,407,407,103,310,320,303,16,72,87,104,2,94,198,218,-51,-245,-9,-64,-49,-151,189,154,1,9,-16,0,471,471,414,414,408,13.153817017,13.968973092,13.845892159,10.674563548,10.982976387,10.307875489,2.4792534692,2.9859967051,3.5380166695,3.2368031404,6.7957166392,7.4162272495,-8.436348611,-0.308896211,-2.177241027,-5.19954547,6.4868204283,5.2389862221
050,4,8,08,089,Colorado,Otero County,18687,18664,18527,18311,18136,-23,-137,-216,-175,32,206,203,203,56,322,285,279,-24,-116,-82,-76,0,2,-2,-2,-4,-32,-132,-98,-4,-30,-134,-100,5,9,0,1,405,405,356,338,307,11.077948966,11.02122808,11.139462782,17.316017316,15.473152723,15.30990205,-6.23806835,-4.451924643,-4.170439268,0.1075529026,-0.108583528,-0.109748402,-1.720846441,-7.16651284,-5.377671688,-1.613293539,-7.275096368,-5.487420089
050,4,8,08,091,Colorado,Ouray County,4880,4882,5063,5103,5176,2,181,40,73,10,39,32,32,9,31,39,40,1,8,-7,-8,0,1,9,10,2,182,37,71,2,183,46,81,-1,-10,1,0,0,0,0,0,0,7.8431372549,6.2954947865,6.2262866038,6.2342885872,7.6726342711,7.7828582547,1.6088486677,-1.377139485,-1.556571651,0.2011060835,1.7706079087,1.9457145637,36.60130719,7.2791658469,13.814573402,36.802413273,9.0497737557,15.760287966
050,4,8,08,093,Colorado,Park County,17392,17418,17744,17921,18117,26,326,177,196,41,127,138,138,31,127,131,132,10,0,7,6,0,2,11,11,18,351,143,177,18,353,154,188,-2,-27,16,2,25,25,25,25,25,7.2237074114,7.7386793775,7.6585826072,7.2237074114,7.34613767,7.3256007548,0,0.3925417076,0.3329818525,0.1137591718,0.6168512547,0.6104667296,19.964734657,8.0190663115,9.8229646484,20.078493829,8.6359175662,10.433431378
050,4,8,08,095,Colorado,Phillips County,4533,4527,4502,4448,4476,-6,-25,-54,28,12,58,50,51,15,80,72,70,-3,-22,-22,-19,0,10,35,36,-4,-15,-67,13,-4,-5,-32,49,1,2,0,-2,69,69,60,60,60,12.847491417,11.173184358,11.429852084,17.720677816,16.089385475,15.688032273,-4.873186399,-4.916201117,-4.258180188,2.215084727,7.8212290503,8.068130883,-3.32262709,-14.97206704,2.9134917078,-1.107542363,-7.150837989,10.981622591
050,4,8,08,097,Colorado,Pitkin County,17358,17355,17337,16847,16640,-3,-18,-490,-207,38,127,128,130,16,82,69,68,22,45,59,62,1,18,25,29,-27,-90,-600,-299,-26,-72,-575,-270,1,9,26,1,49,49,49,49,49,7.3215726969,7.4888836883,7.7642070057,4.7273146547,4.0369763632,4.0612775107,2.5942580422,3.4519073251,3.702929495,1.0377032169,1.4626725954,1.732015409,-5.188516084,-35.10414229,-17.85767611,-4.150812868,-33.64146969,-16.1256607
050,4,8,08,099,Colorado,Prowers County,12001,12017,11990,11873,11751,16,-27,-117,-122,50,147,145,142,33,179,157,135,17,-32,-12,7,0,12,22,22,-2,-15,-129,-151,-2,-3,-107,-129,1,8,2,0,363,363,345,323,336,12.246428125,12.152705025,12.021672875,14.912317241,13.15844613,11.429055198,-2.665889116,-1.005741105,0.5926176769,0.9997084184,1.8438586934,1.862512699,-1.249635523,-10.81171688,-12.78360989,-0.249927105,-8.967858191,-10.92109719
050,4,8,08,101,Colorado,Pueblo County,168165,168337,169316,169472,169422,172,979,156,-50,396,1695,1692,1646,518,2370,2517,2232,-122,-675,-825,-586,0,27,44,47,250,1596,953,485,250,1623,997,532,44,31,-16,4,3580,3344,3168,3432,3535,10.039893026,9.9885474102,9.7139518552,14.038080515,14.858849782,13.172260353,-3.998187488,-4.870302372,-3.458308498,0.1599274995,0.2597494598,0.2773728659,9.4534921946,5.6259371642,2.8622519136,9.6134196942,5.8856866241,3.1396247794
050,4,8,08,103,Colorado,Rio Blanco County,6526,6520,6442,6549,6569,-6,-78,107,20,13,57,60,58,16,66,71,70,-3,-9,-11,-12,0,7,7,7,-5,-74,108,27,-5,-67,115,34,2,-2,3,-2,216,216,190,210,210,8.7949390526,9.2371641906,8.8428114042,10.18361364,10.930644292,10.672358591,-1.388674587,-1.693480102,-1.829547187,1.0800802345,1.0776691556,1.0672358591,-11.41799105,16.626895543,4.1164811709,-10.33791082,17.704564699,5.18371703
050,4,8,08,105,Colorado,Rio Grande County,11541,11541,11406,11337,11188,0,-135,-69,-149,28,122,124,121,40,166,179,168,-12,-44,-55,-47,0,1,-2,-2,11,-97,-11,-97,11,-96,-13,-99,1,5,-1,-3,134,134,131,115,128,10.633198239,10.904454118,10.743618202,14.468122195,15.741107154,14.916759156,-3.834923955,-4.836653036,-4.173140954,0.0871573626,-0.175878292,-0.177580466,-8.454264174,-0.967330607,-8.612652608,-8.367106811,-1.143208899,-8.790233074
050,4,8,08,107,Colorado,Routt County,24825,24832,25058,25072,25064,7,226,14,-8,61,181,203,206,42,119,137,137,19,62,66,69,0,10,22,26,-19,144,-58,-103,-19,154,-36,-77,7,10,-16,0,350,350,290,346,359,7.2559631189,8.0989427489,8.2176479974,4.7704950892,5.4657889487,5.4651348333,2.4854680297,2.6331538001,2.7525131642,0.4008819403,0.8777179334,1.0371788735,5.7726999399,-2.313983643,-4.108823999,6.1735818801,-1.436265709,-3.071645125
050,4,8,08,109,Colorado,Saguache County,6368,6389,6511,6627,6688,21,122,116,61,8,65,60,61,14,68,73,76,-6,-3,-13,-15,0,0,1,2,34,130,122,73,34,130,123,75,-7,-5,6,1,13,13,13,13,13,10.07751938,9.1338103212,9.162598573,10.542635659,11.112802557,11.415696583,-0.465116279,-1.978992236,-2.25309801,0,0.152230172,0.300413068,20.15503876,18.572080986,10.965076981,20.15503876,18.724311158,11.265490049
050,4,8,08,111,Colorado,San Juan County,704,711,741,806,802,7,30,65,-4,1,5,8,6,2,7,7,7,-1,-2,1,-1,0,0,0,0,9,35,59,-4,9,35,59,-4,-1,-3,5,1,0,0,0,0,0,6.8870523416,10.342598578,7.4626865672,9.6418732782,9.0497737557,8.7064676617,-2.754820937,1.2928248222,-1.243781095,0,0,0,48.209366391,76.276664512,-4.975124378,48.209366391,76.276664512,-4.975124378
050,4,8,08,113,Colorado,San Miguel County,8070,8054,8080,8008,7868,-16,26,-72,-140,13,55,49,48,8,25,30,35,5,30,19,13,0,4,13,15,-20,-10,-102,-169,-20,-6,-89,-154,-1,2,-2,1,5,5,5,5,5,6.8179000868,6.0914967678,6.0468631897,3.099045494,3.729487817,4.4091710758,3.7188545928,2.3620089508,1.6376921139,0.495847279,1.6161113874,1.8896447468,-1.239618198,-12.68025858,-21.28999748,-0.743770919,-11.06414719,-19.40035273
050,4,8,08,115,Colorado,Sedgwick County,2401,2389,2326,2286,2299,-12,-63,-40,13,6,15,15,14,16,46,49,40,-10,-31,-34,-26,0,0,0,0,-1,-32,-8,40,-1,-32,-8,40,-1,0,2,-1,35,35,34,29,27,6.3626723224,6.5047701648,6.106870229,19.512195122,21.248915872,17.448200654,-13.1495228,-14.74414571,-11.34133043,0,0,0,-13.57370095,-3.469210755,17.448200654,-13.57370095,-3.469210755,17.448200654
050,4,8,08,117,Colorado,Summit County,31055,31001,30998,30636,30465,-54,-3,-362,-171,64,251,258,262,24,73,89,89,40,178,169,173,1,13,82,84,-95,-213,-619,-423,-94,-200,-537,-339,0,19,6,-5,578,578,580,579,579,8.0969047888,8.3720024662,8.5759643868,2.3548766916,2.8880163546,2.9132092764,5.7420280972,5.4839861116,5.6627551104,0.4193616026,2.6608690009,2.7495458339,-6.871078566,-20.08631599,-13.84592724,-6.451716963,-17.42544699,-11.0963814
050,4,8,08,119,Colorado,Teller County,24707,24744,24945,24860,24617,37,201,-85,-243,44,167,181,179,57,241,262,243,-13,-74,-81,-64,0,5,9,9,55,282,-8,-184,55,287,1,-175,-5,-12,-5,-4,164,164,164,164,115,6.7218096561,7.2683465516,7.2356852679,9.7003360905,10.521032025,9.8227459223,-2.978526434,-3.252685473,-2.587060654,0.2012517861,0.361409497,0.3638054045,11.350600737,-0.321252886,-7.437799382,11.551852523,0.0401566108,-7.073993977
050,4,8,08,121,Colorado,Washington County,4817,4813,4868,4847,4855,-4,55,-21,8,7,49,53,52,16,70,68,66,-9,-21,-15,-14,0,1,5,7,3,75,-9,15,3,76,-4,22,2,0,-2,0,169,169,169,169,169,10.122921186,10.910962429,10.719439291,14.46131598,13.998970664,13.605442177,-4.338394794,-3.088008235,-2.886002886,0.2065902283,1.0293360782,1.443001443,15.494267121,-1.852804941,3.0921459493,15.700857349,-0.823468863,4.5351473923
050,4,8,08,123,Colorado,Weld County,328987,331458,339897,350266,359442,2471,8439,10369,9176,1126,4429,4649,4658,593,2263,2566,2286,533,2166,2083,2372,9,179,480,527,2057,6209,7480,6254,2066,6388,7960,6781,-128,-115,326,23,5202,5194,4488,4459,4304,13.194211706,13.47217976,13.126525275,6.7415897699,7.435924557,6.442086041,6.4526219362,6.0362552035,6.6844392342,0.5332499199,1.390975755,1.4851178231,18.496920407,21.676038849,17.62414965,19.030170327,23.067014604,19.109267473
050,4,8,08,125,Colorado,Yuma County,9981,9971,9925,9895,9862,-10,-46,-30,-33,25,132,133,134,28,123,104,102,-3,9,29,32,1,40,109,111,-10,-96,-173,-176,-9,-56,-64,-65,2,1,5,0,214,214,177,150,147,13.268998794,13.420787084,13.564812472,12.364294331,10.49445005,10.325454269,0.9047044632,2.9263370333,3.2393582022,4.0209087254,10.998990918,11.236523764,-9.650180941,-17.45711403,-17.81647011,-5.629272216,-6.458123108,-6.579946348
040,1,1,09,000,Connecticut,Connecticut,3605912,3577586,3603691,3608706,3617176,-28326,26105,5015,8470,8465,33942,35572,34957,11938,34571,34833,32842,-3473,-629,739,2115,410,6217,15562,15264,-21420,19032,-10081,-9016,-21010,25249,5481,6248,-3843,1485,-1205,107,107997,86236,98801,103248,103382,9.4529148507,9.8641270024,9.6754970535,9.628092608,9.6592020656,9.0901013883,-0.175177757,0.2049249369,0.5853956652,1.7314469279,4.3153475883,4.2248129709,5.3004500453,-2.795464531,-2.495473909,7.0318969732,1.5198830569,1.729339062
050,1,1,09,110,Connecticut,Capitol Planning Region,976275,962436,970142,972068,975328,-13839,7706,1926,3260,2313,9219,9541,9391,3372,9494,9687,9135,-1059,-275,-146,256,137,1697,4448,4344,-10649,5949,-1900,-1356,-10512,7646,2548,2988,-2268,335,-476,16,36374,24447,31086,33597,33794,9.5406239748,9.8248902024,9.6446742214,9.8252179213,9.9752343979,9.3817590259,-0.284593947,-0.150344196,0.2629151955,1.7562033719,4.5803491898,4.4613422232,6.1565432288,-1.956534051,-1.392628926,7.9127466007,2.6238151384,3.0687132971
050,1,1,09,120,Connecticut,Greater Bridgeport Planning Region,325774,324387,326752,327125,327651,-1387,2365,373,526,820,3246,3429,3374,1004,2551,2568,2400,-184,695,861,974,37,902,2117,2075,-1135,552,-2603,-2558,-1098,1454,-486,-483,-105,216,-2,35,9813,9202,10202,10550,10471,9.970221412,10.488211086,10.305814508,7.8355005613,7.8546882671,7.3307512798,2.1347208507,2.6335228185,2.9750632277,2.7705297947,6.4752239336,6.3380453774,1.6954905174,-7.96174204,-7.813359072,4.4660203121,-1.486518107,-1.475313695
050,1,1,09,130,Connecticut,Lower Connecticut River Valley Planning Region,174225,173268,175430,175982,176215,-957,2162,552,233,351,1355,1442,1432,559,1780,1800,1723,-208,-425,-358,-291,3,130,383,368,-653,2485,620,162,-650,2615,1003,530,-99,-28,-93,-6,6493,5826,6548,6521,6535,7.7717681203,8.2068910567,8.1318125935,10.209407568,10.244385508,9.7842968566,-2.437639447,-2.037494451,-1.652484263,0.7456308898,2.179777583,2.0897395492,14.253021239,3.5286216748,0.9199396928,14.998652129,5.7083992579,3.009679242
050,1,1,09,140,Connecticut,Naugatuck Valley Planning Region,450435,449285,452281,453590,456128,-1150,2996,1309,2538,1047,4287,4447,4388,1524,4490,4503,4215,-477,-203,-56,173,22,516,1428,1370,-674,2450,196,1016,-652,2966,1624,2386,-21,233,-259,-21,6973,6252,6644,6851,6855,9.5101190595,9.818174994,9.646945537,9.9604466007,9.9418129071,9.2666078939,-0.450327541,-0.123637913,0.3803376431,1.1446749323,3.1527667847,3.0119223759,5.4349875661,0.4327326959,2.2336592219,6.5796624984,3.5854994806,5.2455815978
050,1,1,09,150,Connecticut,Northeastern Connecticut Planning Region,95336,95222,95605,96148,96692,-114,383,543,544,211,789,888,827,266,1065,1057,1015,-55,-276,-169,-188,0,27,102,97,-66,594,640,631,-66,621,742,728,7,38,-30,4,1764,1657,1591,1672,1732,8.2692700718,9.2619150678,8.5770587015,11.161942492,11.024599354,10.526861647,-2.892672421,-1.762684287,-1.949802945,0.2829788238,1.0638686227,1.0060153495,6.2255341225,6.6752541029,6.544285418,6.5085129463,7.7391227256,7.5503007675
050,1,1,09,160,Connecticut,Northwest Hills Planning Region,112465,112202,112953,113277,113463,-263,751,324,186,219,874,935,921,402,1220,1233,1192,-183,-346,-298,-271,0,70,224,214,-89,995,480,249,-89,1065,704,463,9,32,-82,-6,2352,2282,2357,2366,2365,7.763540672,8.2659240596,8.1238422863,10.83697897,10.900411086,10.514245391,-3.073438298,-2.634487026,-2.390403105,0.6217938753,1.9802855501,1.887624592,8.8383557993,4.2434690359,2.1963482403,9.4601496747,6.223754586,4.0839728323
050,1,1,09,170,Connecticut,South Central Connecticut Planning Region,570455,564076,568450,568402,568158,-6379,4374,-48,-244,1345,5574,5745,5674,2025,5871,5829,5462,-680,-297,-84,212,70,1001,2235,2246,-4809,3509,-1976,-2722,-4739,4510,259,-476,-960,161,-223,20,23587,18400,21893,22530,22486,9.843482622,10.106856477,9.9845146759,10.367973892,10.254632969,9.6114591399,-0.52449127,-0.147776492,0.373055536,1.7677298358,3.9319102223,3.9522770465,6.1967672265,-3.47626604,-4.789892307,7.9644970623,0.4556441824,-0.83761526
050,1,1,09,180,Connecticut,Southeastern Connecticut Planning Region,280428,278342,278820,279257,279634,-2086,478,437,377,619,2483,2686,2595,788,3077,3103,2962,-169,-594,-417,-367,17,340,598,583,-1640,543,411,157,-1623,883,1009,740,-294,189,-155,4,12278,10605,10752,11266,11350,8.9130270909,9.6259118365,9.2862472289,11.045261522,11.120329274,10.599562348,-2.132234431,-1.494417437,-1.313315119,1.2204708864,2.1430734469,2.0862744256,1.949163798,1.4729150279,0.5618269036,3.1696346843,3.6159884747,2.6481013292
050,1,1,09,190,Connecticut,Western Connecticut Planning Region,620519,618368,623258,622857,623907,-2151,4890,-401,1050,1540,6115,6459,6355,1998,5023,5053,4738,-458,1092,1406,1617,124,1534,4027,3967,-1705,1955,-5949,-4595,-1581,3489,-1922,-628,-112,309,115,61,8363,7565,7728,7895,7794,9.8499870331,10.366619453,10.19439124,8.091003249,8.1100058983,7.6004761126,1.7589837842,2.2566135549,2.5939151275,2.4709534111,6.4632878988,6.36367428,3.1490964268,-9.548075418,-7.371082258,5.6200498379,-3.08478752,-1.007407978
040,3,5,10,000,Delaware,Delaware,989946,991862,1004881,1019459,1031890,1916,13019,14578,12431,2579,10174,10883,10725,2959,11228,11488,10897,-380,-1054,-605,-172,62,939,2378,2277,2195,13284,12669,10320,2257,14223,15047,12597,39,-150,136,6,22718,22409,22717,23809,23737,10.190595385,10.752146379,10.456533725,11.246314623,11.349872057,10.624228252,-1.055719239,-0.597725678,-0.167694527,0.9405316558,2.3494077082,2.2200025447,13.305668281,12.516672101,10.061671612,14.246199937,14.866079809,12.281674157
050,3,5,10,001,Delaware,Kent County,181858,182315,185043,187758,189789,457,2728,2715,2031,522,2002,2157,2153,516,2180,2274,2169,6,-178,-117,-16,9,106,283,263,422,2835,2541,1788,431,2941,2824,2051,20,-35,8,-4,4072,4007,4825,5266,5279,10.899449583,11.571857372,11.405202531,11.868531514,12.199538091,11.48996019,-0.969081931,-0.62768072,-0.084757659,0.5770937342,1.5182362708,1.3932040249,15.434535249,13.631937683,9.471668428,16.011628983,15.150173953,10.864872453
050,3,5,10,003,Delaware,New Castle County,570713,570918,572029,575254,578592,205,1111,3225,3338,1513,6025,6240,6080,1556,5801,5829,5527,-43,224,411,553,47,695,1613,1582,-9,-249,1531,1203,38,446,3144,2785,210,441,-330,0,15883,15889,15129,15734,15686,10.542921063,10.877874073,10.538668072,10.150951881,10.161398713,9.5801346107,0.3919691814,0.7164753596,0.9585334611,1.2161543799,2.8118607179,2.742133699,-0.435715742,2.6689142958,2.085200278,0.780438638,5.4807750137,4.827333977
050,3,5,10,005,Delaware,Sussex County,237375,238629,247809,256447,263509,1254,9180,8638,7062,544,2147,2486,2492,887,3247,3385,3201,-343,-1100,-899,-709,6,138,482,432,1782,10698,8597,7329,1788,10836,9079,7761,-191,-556,458,10,2763,2513,2763,2809,2772,8.8274353566,9.860071075,9.5854264592,13.350108339,13.425720269,12.312580295,-4.522672982,-3.565649194,-2.727153836,0.5673898832,1.9117273766,1.6616790652,43.98505051,34.097759868,28.190846918,44.552440393,36.009487245,29.852525983
040,3,5,11,000,District of Columbia,District of Columbia,689548,670839,669037,670949,678972,-18709,-1802,1912,8023,2187,8508,8399,7627,2004,5837,5572,5020,183,2671,2827,2607,50,1745,4527,6969,-15475,-6551,-4917,-1509,-15425,-4806,-390,5460,-3467,333,-525,-44,40699,21719,38289,36723,37601,12.699682657,12.535951868,11.299920514,8.7127465527,8.3165047993,7.4374722669,3.9869361045,4.2194470688,3.862448247,2.6047186456,6.7567870112,10.325048651,-9.778516818,-7.338882645,-2.235686385,-7.173798172,-0.582095634,8.0893622664
050,3,5,11,001,District of Columbia,District of Columbia,689548,670839,669037,670949,678972,-18709,-1802,1912,8023,2187,8508,8399,7627,2004,5837,5572,5020,183,2671,2827,2607,50,1745,4527,6969,-15475,-6551,-4917,-1509,-15425,-4806,-390,5460,-3467,333,-525,-44,40699,21719,38289,36723,37601,12.699682657,12.535951868,11.299920514,8.7127465527,8.3165047993,7.4374722669,3.9869361045,4.2194470688,3.862448247,2.6047186456,6.7567870112,10.325048651,-9.778516818,-7.338882645,-2.235686385,-7.173798172,-0.582095634,8.0893622664
040,3,5,12,000,Florida,Florida,21538216,21591299,21830708,22245521,22610726,53083,239409,414813,365205,50294,207942,222003,223578,56383,250389,260220,231181,-6089,-42447,-38217,-7603,2840,46865,121233,178432,61782,244619,317923,194438,64622,291484,439156,372870,-5450,-9628,13874,-62,464639,470385,475056,479972,480002,9.5777240329,10.073593183,9.968644947,11.532815607,11.807725203,10.307638978,-1.955091574,-1.734132019,-0.338994031,2.1585828587,5.5010604469,7.9557257655,11.267051751,14.426052646,8.6693833303,13.42563461,19.927113093,16.625109096
050,3,5,12,001,Florida,Alachua County,278474,279737,281889,284041,285994,1263,2152,2152,1953,597,2521,2649,2679,540,2340,2456,2249,57,181,193,430,15,429,1075,1606,1279,1384,1058,-95,1294,1813,2133,1511,-88,158,-174,12,17636,18551,19775,19402,19394,8.9775046027,9.3615818211,9.3994228425,8.3329475487,8.6795186684,7.8907435508,0.644557054,0.6820631527,1.5086792916,1.5277070506,3.7990564204,5.6347417264,4.9285467553,3.7389783189,-0.333312867,6.4562538059,7.5380347393,5.3014288596
050,3,5,12,003,Florida,Baker County,28255,28116,28669,27786,28368,-139,553,-883,582,103,342,356,354,72,321,364,345,31,21,-8,9,0,4,12,20,-141,539,-980,553,-141,543,-968,573,-29,-11,93,0,3064,2835,2988,1529,1538,12.045434534,12.61181472,12.608184635,11.305802589,12.895226286,12.287637568,0.7396319451,-0.283411567,0.320547067,0.1408822752,0.4251173501,0.7123268155,18.98388659,-34.71791692,19.69583645,19.124768865,-34.29279957,20.408163265
050,3,5,12,005,Florida,Bay County,175208,174525,179520,185210,190769,-683,4995,5690,5559,424,2017,2119,2127,471,2397,2442,2188,-47,-380,-323,-61,4,181,459,707,-616,5406,5293,4911,-612,5587,5752,5618,-24,-212,261,2,3064,3026,3144,3179,3180,11.394031832,11.619554191,11.314461712,13.540651612,13.390727387,11.63894792,-2.14661978,-1.771173197,-0.324486208,1.0224688952,2.516930332,3.7608483453,30.53849087,29.024209689,26.123799468,31.560959765,31.541140021,29.884647813
050,3,5,12,007,Florida,Bradford County,28302,28222,28050,27296,27858,-80,-172,-754,562,76,293,306,306,83,377,392,367,-7,-84,-86,-61,0,0,-7,-7,-64,-90,-718,632,-64,-90,-725,625,-9,2,57,-2,4293,4133,3767,2621,2618,10.413704862,11.057709681,11.096203358,13.399203867,14.16543201,13.308191609,-2.985499005,-3.107722329,-2.211988251,0,-0.252954143,-0.253834717,-3.198748934,-25.94586781,22.917648765,-3.198748934,-26.19882196,22.663814048
050,3,5,12,009,Florida,Brevard County,606621,608775,617900,630707,643979,2154,9125,12807,13272,1162,4860,5173,5217,1924,8826,9349,8261,-762,-3966,-4176,-3044,15,376,913,1440,3160,13112,15452,14886,3175,13488,16365,16326,-259,-397,618,-10,8007,8242,8459,8537,8543,7.9238592129,8.2860339562,8.1855453029,14.390119632,14.975088238,12.96162349,-6.466260419,-6.689054282,-4.776078187,0.6130393136,1.4624297317,2.2593799571,21.378115638,24.750782272,23.356340307,21.991154951,26.213212003,25.615720264
050,3,5,12,011,Florida,Broward County,1944381,1943398,1935575,1946889,1962531,-983,-7823,11314,15642,4890,19378,20964,21028,4277,18326,18740,16483,613,1052,2224,4545,383,6714,17333,25427,-2367,-16080,-7209,-14303,-1984,-9366,10124,11124,388,491,-1034,-27,14950,15250,15608,15759,15749,9.9913043994,10.799327437,10.757605988,9.4488927868,9.6536632407,8.4324528958,0.5424116126,1.1456641968,2.3251530918,3.461741033,8.9288657924,13.008067693,-8.290854306,-3.713621041,-7.317197948,-4.829113273,5.2152447518,5.6908697454
050,3,5,12,013,Florida,Calhoun County,13644,13707,13518,13465,13470,63,-189,-53,5,28,143,132,138,52,225,234,225,-24,-82,-102,-87,0,5,8,9,98,-107,47,83,98,-102,55,92,-11,-5,-6,0,1824,1912,1682,1567,1564,10.505050505,9.7839380351,10.246890663,16.52892562,17.344253789,16.70688695,-6.023875115,-7.560315754,-6.459996287,0.3673094582,0.5929659415,0.668275478,-7.860422406,3.4836749064,6.1629849638,-7.493112948,4.0766408479,6.8312604418
050,3,5,12,015,Florida,Charlotte County,186825,187995,194934,202582,206134,1170,6939,7648,3552,255,1039,1087,1095,784,3285,3462,3103,-529,-2246,-2375,-2008,1,114,307,492,1965,9586,9164,5057,1966,9700,9471,5549,-267,-515,552,11,3906,3867,3624,3766,3763,5.4265934416,5.4689622556,5.3582438662,17.15722758,17.418166816,15.184137641,-11.73063414,-11.94920456,-9.825893775,0.5954106375,1.5445919158,2.4075397097,50.066722552,46.106320249,24.745789252,50.662133189,47.650912165,27.153328962
050,3,5,12,017,Florida,Citrus County,153849,154568,158167,162508,166696,719,3599,4341,4188,256,1017,1026,1045,763,3385,3561,3149,-507,-2368,-2535,-2104,0,20,63,113,1399,6262,6452,6183,1399,6282,6515,6296,-173,-315,361,-4,2841,2841,2843,2843,2843,6.5039090604,6.3990021049,6.3486470395,21.647720914,22.209402043,19.130994763,-15.14381185,-15.81039994,-12.78234772,0.1279038163,0.3929211819,0.6865044167,40.046684893,40.2401185,37.563334589,40.174588709,40.633039682,38.249839006
050,3,5,12,019,Florida,Clay County,218248,218951,222648,226634,232439,703,3697,3986,5805,513,2129,2277,2303,526,2421,2665,2355,-13,-292,-388,-52,7,108,198,333,679,3927,4109,5550,686,4035,4307,5883,30,-46,67,-26,2456,2456,2457,2457,2456,9.6422319797,10.136172827,10.033262684,10.964698743,11.863373115,10.259806175,-1.322466763,-1.727200288,-0.226543491,0.4891315424,0.8814063328,1.4507496629,17.785366362,18.291407179,24.179161048,18.274497904,19.172813511,25.629910711
050,3,5,12,021,Florida,Collier County,375760,377310,387226,397516,404310,1550,9916,10290,6794,743,3084,3355,3388,962,4274,4641,4166,-219,-1190,-1286,-778,53,890,2231,3382,1930,10651,8969,4197,1983,11541,11200,7579,-214,-435,376,-7,4834,4905,4988,4937,4934,8.0676384107,8.5505809553,8.4507112516,11.180637668,11.828091271,10.391281899,-3.112999257,-3.277510315,-1.940570647,2.3282095284,5.6859451896,8.4357454111,27.862651334,22.858468133,10.468605408,30.190860862,28.544413323,18.904350819
050,3,5,12,023,Florida,Columbia County,69694,69740,69932,71870,73063,46,192,1938,1193,196,740,749,751,189,1042,1144,1045,7,-302,-395,-294,0,45,110,163,40,416,2099,1324,40,461,2209,1487,-1,33,124,0,3638,3405,3043,4100,4099,10.596254081,10.564025895,10.363409299,14.920671287,16.135174398,14.420456349,-4.324417206,-5.571148503,-4.057047049,0.6443668022,1.5514590767,2.2493152008,5.956813105,29.604660019,18.270511202,6.6011799072,31.156119096,20.519826403
050,3,5,12,027,Florida,DeSoto County,33976,34086,34333,35320,35979,110,247,987,659,79,361,402,409,115,459,465,435,-36,-98,-63,-26,0,39,75,132,158,302,939,548,158,341,1014,680,-12,4,36,5,3109,3116,3034,3123,3129,10.552624271,11.54293426,11.47281168,13.417325597,13.351901569,12.202134672,-2.864701326,-1.808967309,-0.729322992,1.140034201,2.1535325112,3.7027167281,8.8279571464,26.96222704,15.371884599,9.9679913474,29.115759551,19.074601327
050,3,5,12,029,Florida,Dixie County,16756,16687,16933,17120,17465,-69,246,187,345,21,189,155,156,59,272,304,285,-38,-83,-149,-129,0,0,1,2,-22,337,326,470,-22,337,327,472,-9,-8,9,2,1887,1788,1731,1652,1647,11.243307555,9.1034563768,9.0212519879,16.180844735,17.854520894,16.481133439,-4.93753718,-8.751064517,-7.459881451,0,0.0587319766,0.1156570768,20.04759072,19.14662438,27.17941304,20.04759072,19.205356356,27.295070117
050,3,5,12,031,Florida,Duval County,995566,997784,1002774,1017011,1030822,2218,4990,14237,13811,2968,12449,12724,12873,2309,10777,11195,9766,659,1672,1529,3107,89,1355,3680,5507,1341,1399,8817,5112,1430,2754,12497,10619,129,564,211,85,22929,23597,24143,24374,24378,12.445527698,12.599360823,12.572314246,10.773994056,11.085338291,9.5378871226,1.6715336421,1.5140225321,3.0344271237,1.3546220604,3.6439522028,5.3783682556,1.3986097879,8.7306322208,4.992594611,2.7532318483,12.374584424,10.370962867
050,3,5,12,033,Florida,Escambia County,321900,322568,323459,323860,326928,668,891,401,3068,921,3715,3757,3761,980,4464,4502,4012,-59,-749,-745,-251,13,160,507,823,697,1364,762,2464,710,1524,1269,3287,17,116,-123,32,18744,18626,19469,18437,18440,11.501067293,11.607878032,11.558295482,13.819855826,13.909679771,12.329668033,-2.318788534,-2.301801739,-0.771372551,0.4953353343,1.5664610493,2.5292414734,4.2227337248,2.3543260742,7.5723584332,4.718069059,3.9207871235,10.101599907
050,3,5,12,035,Florida,Flagler County,115372,116028,120974,126758,131439,656,4946,5784,4681,152,769,865,874,418,1672,1864,1695,-266,-903,-999,-821,2,58,125,219,1041,6107,6313,5286,1043,6165,6438,5505,-121,-316,345,-3,781,781,781,781,781,6.489396714,6.9833529782,6.7700244387,14.109585573,15.048520175,13.129509638,-7.620188859,-8.065167197,-6.359485199,0.4894473464,1.0091550547,1.6963791214,51.535430081,50.96636688,40.945479614,52.024877427,51.975521935,42.641858736
050,3,5,12,037,Florida,Franklin County,12452,12468,12183,12492,12594,16,-285,309,102,15,109,89,88,30,177,202,188,-15,-68,-113,-100,0,0,1,8,33,-208,388,194,33,-208,389,202,-2,-9,33,0,1444,1435,1036,1159,1159,8.8434546266,7.2137791287,7.0158654229,14.360472192,16.372847011,14.988439767,-5.517017565,-9.159067882,-7.972574344,0,0.0810536981,0.6378059475,-16.87558314,31.448834853,15.466794228,-16.87558314,31.529888551,16.104600175
050,3,5,12,039,Florida,Gadsden County,43819,43411,43599,43393,43833,-408,188,-206,440,109,513,487,486,147,596,649,605,-38,-83,-162,-119,1,22,43,67,-317,250,-59,493,-316,272,-16,560,-54,-1,-28,-1,2051,1756,1897,2044,2036,11.791748075,11.196431856,11.143466398,13.699574762,14.920912268,13.872010639,-1.907826687,-3.724480412,-2.728544241,0.5056890013,0.9885966526,1.5362391947,5.7464659235,-1.35644657,11.303969,6.2521549247,-0.367849917,12.840208195
050,3,5,12,041,Florida,Gilchrist County,17858,17882,18316,19002,19587,24,434,686,585,50,187,207,209,53,254,279,260,-3,-67,-72,-51,0,17,39,63,27,501,692,575,27,518,731,638,0,-17,27,-2,984,924,920,999,998,10.332062545,11.093842114,10.832102413,14.033924526,14.952569805,13.475342714,-3.701861981,-3.858727692,-2.643240302,0.9392784132,2.0901441664,3.2651791961,27.681087353,37.086660593,29.801238695,28.620365766,39.176804759,33.066417891
050,3,5,12,043,Florida,Glades County,12128,12078,12266,12463,12786,-50,188,197,323,15,61,71,72,34,164,165,162,-19,-103,-94,-90,1,6,24,40,-18,297,255,371,-17,303,279,411,-14,-12,12,2,1938,1831,1939,1938,1939,5.0115018074,5.7422459461,5.7031961662,13.473545843,13.344656072,12.832191374,-8.462044035,-7.602410126,-7.128995208,0.492934604,1.9410408832,3.1684423145,24.400262898,20.623559384,29.387302467,24.893197502,22.564600267,32.555744782
050,3,5,12,045,Florida,Gulf County,14199,14259,14462,15299,15693,60,203,837,394,32,121,110,113,50,247,247,242,-18,-126,-137,-129,0,2,10,19,89,340,885,502,89,342,895,521,-11,-13,79,2,1222,1267,1317,1803,1799,8.4258904634,7.3922247236,7.2922044399,17.199958219,16.598904607,15.616933402,-8.774067755,-9.206679883,-8.324728962,0.1392709168,0.6720204294,1.2261228704,23.676055848,59.473808004,32.395456892,23.815326764,60.145828433,33.621579763
050,3,5,12,047,Florida,Hamilton County,14003,13729,13072,13194,13471,-274,-657,122,277,42,156,167,167,42,211,220,207,0,-55,-53,-40,0,3,1,2,-221,-563,171,315,-221,-560,172,317,-53,-42,3,0,2449,2165,1532,1541,1540,11.641356666,12.716058783,12.525782861,15.745681131,16.751694205,15.525970373,-4.104324466,-4.035635422,-3.000187512,0.2238722436,0.0761440646,0.1500093756,-42.01335771,13.020635041,23.626476655,-41.78948547,13.096779106,23.77648603
050,3,5,12,049,Florida,Hardee County,25330,25339,25322,25651,25760,9,-17,329,109,81,354,358,361,57,297,351,328,24,57,7,33,1,15,31,53,-23,-97,287,23,-22,-82,318,76,7,8,4,0,1893,1887,1800,1917,1922,13.975247232,14.046652149,14.043687149,11.724995559,13.77199694,12.759915193,2.2502516729,0.2746552096,1.2837719554,0.5921714929,1.216330214,2.0618155648,-3.829375654,11.260863594,0.8947501507,-3.237204161,12.477193808,2.9565657155
050,3,5,12,051,Florida,Hendry County,39621,39723,40215,41391,43333,102,492,1176,1942,121,514,558,562,94,424,433,412,27,90,125,150,4,96,256,404,62,293,760,1392,66,389,1016,1796,9,13,35,-4,2257,2257,2258,2258,2257,12.859966474,13.675465039,13.266606865,10.608221372,10.611964807,9.7256975591,2.2517451025,3.0635002328,3.5409093055,2.4018614426,6.2740484768,9.5368490628,7.330681278,18.626081416,32.859638355,9.7325427206,24.900129892,42.396487418
050,3,5,12,053,Florida,Hernando County,194508,195624,200693,206935,212807,1116,5069,6242,5872,383,1562,1656,1649,746,3414,3617,3199,-363,-1852,-1961,-1550,3,75,221,345,1647,7164,7594,7086,1650,7239,7815,7431,-171,-318,388,-9,2104,2048,1995,2099,2099,7.8825788447,8.1250551974,7.8572075227,17.228632635,17.746572856,15.242696704,-9.34605379,-9.621517658,-7.385489181,0.3784848997,1.0843219798,1.6438669468,36.152877621,37.259462059,33.763597639,36.53136252,38.343784038,35.407464585
050,3,5,12,055,Florida,Highlands County,101239,101349,103279,105649,107614,110,1930,2370,1965,183,794,857,870,439,2041,2092,1907,-256,-1247,-1235,-1037,6,65,204,307,404,3255,3261,2700,410,3320,3465,3007,-44,-143,140,-5,1412,1412,1413,1413,1413,7.7604237934,8.2037831215,8.1589399005,19.948394159,20.026037678,17.884021138,-12.18797037,-11.82225456,-9.725081238,0.635299177,1.9528258539,2.8790741948,31.81382802,31.216495635,25.320847967,32.449127197,33.169321489,28.199922162
050,3,5,12,057,Florida,Hillsborough County,1459779,1466255,1484607,1513473,1535564,6476,18352,28866,22091,3982,16541,17359,17429,3021,13609,14113,12440,961,2932,3246,4989,273,3311,9297,13707,5444,11610,15989,3301,5717,14921,25286,17008,-202,499,334,94,30530,32324,33745,33896,33899,11.210961407,11.580077917,11.432462118,9.2237454683,9.4146920696,8.1599534542,1.9872159389,2.1653858469,3.2725086642,2.244090032,6.2019692603,8.9910355302,7.8688871252,10.666159676,2.1652738225,10.112977157,16.868128936,11.156309353
050,3,5,12,059,Florida,Holmes County,19659,19578,19309,19653,19944,-81,-269,344,291,41,212,204,229,70,347,347,320,-29,-135,-143,-91,0,0,0,0,-44,-123,455,381,-44,-123,455,381,-8,-11,32,1,1896,1833,1422,1662,1658,10.903386736,10.471741697,11.566532818,17.84658112,17.812227298,16.162840619,-6.943194384,-7.340485601,-4.596307801,0,0,0,-6.32602155,23.35609055,19.243882112,-6.32602155,23.35609055,19.243882112
050,3,5,12,061,Florida,Indian River County,159791,160446,163869,167267,169795,655,3423,3398,2528,278,1212,1256,1273,599,2518,2770,2501,-321,-1306,-1514,-1228,6,124,286,465,1097,4810,4435,3296,1103,4934,4721,3761,-127,-205,191,-5,1440,1441,1446,1441,1441,7.4742148837,7.5860069579,7.5535064766,15.5281131,16.730286046,14.839999763,-8.053898216,-9.144279088,-7.286493286,0.7646886515,1.7273869347,2.7591363013,29.662519464,26.786577116,19.557232794,30.427208116,28.513964051,22.316369095
050,3,5,12,063,Florida,Jackson County,47314,47096,47119,48255,48622,-218,23,1136,367,114,457,492,521,163,815,761,715,-49,-358,-269,-194,0,13,36,50,-145,352,1280,511,-145,365,1316,561,-24,16,89,0,6494,6305,5904,6738,6736,9.7012153054,10.317277245,10.755906975,17.300854429,15.958227609,14.76098558,-7.599639123,-5.640950364,-4.005078605,0.2759645492,0.7549227253,1.0322367538,7.4722708698,26.841696899,10.549459624,7.748235419,27.596619624,11.581696378
050,3,5,12,065,Florida,Jefferson County,14513,14399,14494,15069,15450,-114,95,575,381,31,128,134,136,59,212,220,209,-28,-84,-86,-73,0,10,19,31,-65,175,596,423,-65,185,615,454,-21,-6,46,0,1008,841,937,1205,1205,8.8602775759,9.0653857863,8.9124807497,14.674834735,14.883469201,13.696385858,-5.814557159,-5.818083415,-4.783905108,0.6922091856,1.2853905219,2.0315213474,12.113660748,40.320671109,27.720436449,12.805869934,41.606061631,29.751957797
050,3,5,12,067,Florida,Lafayette County,8225,8218,7952,7777,8078,-7,-266,-175,301,16,67,72,71,14,128,119,112,2,-61,-47,-41,0,0,1,5,-6,-187,-140,338,-6,-187,-139,343,-3,-18,11,-1,1542,1506,1135,934,934,8.2869511441,9.1550638947,8.9561652476,15.83178726,15.131286159,14.12803532,-7.544836116,-5.976222265,-5.171870073,0,0.1271536652,0.6307158625,-23.1292517,-17.80151313,42.636392305,-23.1292517,-17.67435946,43.267108168
050,3,5,12,069,Florida,Lake County,383962,386216,396352,410090,424462,2254,10136,13738,14372,806,3358,3654,3689,1183,5429,5785,5126,-377,-2071,-2131,-1437,21,340,779,1150,2904,12372,14409,14670,2925,12712,15188,15820,-294,-505,681,-11,4841,4841,4624,4375,4373,8.5820018197,9.0620280194,8.8406714021,13.874832602,14.346971016,12.284435242,-5.292830783,-5.284942997,-3.44376384,0.8689340735,1.9319430288,2.75596967,31.61897752,35.734745958,35.156587007,32.487911594,37.666688987,37.912556677
050,3,5,12,071,Florida,Lee County,760814,765547,790888,822391,834573,4733,25341,31503,12182,1644,6785,7434,7477,2069,8930,9721,8597,-425,-2145,-2287,-1120,84,1199,3220,4906,5743,27550,28916,8374,5827,28749,32136,13280,-669,-1263,1654,22,13146,13549,13984,14017,14019,8.7186422819,9.2160128533,9.0249395883,11.474941131,12.051232304,10.376809635,-2.75629885,-2.835219451,-1.351870047,1.5407003826,3.9918699741,5.9216736151,35.401414129,35.847488252,10.107642652,36.942114512,39.839358226,16.029316268
050,3,5,12,073,Florida,Leon County,292206,293955,296007,297282,296913,1749,2052,1275,-369,727,2827,2805,2791,541,2581,2563,2309,186,246,242,482,3,289,711,1075,1706,1343,527,-1941,1709,1632,1238,-866,-146,174,-205,15,14924,16229,17626,17867,17867,9.5836681007,9.4557627059,9.3942224354,8.7497160834,8.6399714136,7.7718594064,0.8339520172,0.8157912923,1.622363029,0.9797241178,2.3968083008,3.6183407804,4.5528356064,1.7765372356,-6.533208795,5.5325597242,4.1733455365,-2.914868015
050,3,5,12,075,Florida,Levy County,42909,43059,44156,45253,46545,150,1097,1097,1292,98,397,391,395,153,702,732,670,-55,-305,-341,-275,1,17,53,75,226,1449,1318,1491,227,1466,1371,1566,-22,-64,67,1,279,279,279,279,279,9.1039385427,8.7463230771,8.6058519793,16.098148254,16.374190518,14.597267914,-6.994209712,-7.627867441,-5.991415935,0.389841197,1.1855629746,1.6340225277,33.228229089,29.482490577,32.484367851,33.618070286,30.668053552,34.118390379
050,3,5,12,077,Florida,Liberty County,7978,7804,7290,7613,7706,-174,-514,323,93,21,60,73,74,19,109,84,78,2,-49,-11,-4,0,0,0,0,-141,-431,307,96,-141,-431,307,96,-35,-34,27,1,1869,1682,1267,1539,1537,7.950178879,9.7966852312,9.6612050395,14.442824964,11.272898074,10.183432339,-6.492646085,-1.476212843,-0.522227299,0,0,0,-57.10878495,41.199758438,12.533455186,-57.10878495,41.199758438,12.533455186
050,3,5,12,079,Florida,Madison County,17972,17869,18099,18230,18519,-103,230,131,289,52,210,178,173,73,294,309,302,-21,-84,-131,-129,0,15,40,57,-66,304,213,360,-66,319,253,417,-16,-5,9,1,1718,1598,1503,1554,1555,11.677046263,9.7993338655,9.4152221829,16.347864769,17.011203171,16.435821383,-4.670818505,-7.211869306,-7.0205992,0.8340747331,2.2020974979,3.1021252279,16.903914591,11.726169176,19.59236986,17.737989324,13.928266674,22.694495088
050,3,5,12,081,Florida,Manatee County,399714,401619,413716,429169,441095,1905,12097,15453,11926,826,3480,3716,3761,1226,4965,5348,4744,-400,-1485,-1632,-983,14,445,976,1597,2548,13765,15268,11300,2562,14210,16244,12897,-257,-628,841,12,6260,6232,6259,6249,6250,8.5363684866,8.8173356982,8.6433542006,12.17904297,12.689750085,10.9024388,-3.642674483,-3.872414386,-2.2590846,1.0915758553,2.3158556624,3.6701506669,33.765262132,36.227955178,25.969131206,34.856837987,38.54381084,29.639281873
050,3,5,12,083,Florida,Marion County,375904,377472,385135,396437,409959,1568,7663,11302,13522,817,3449,3603,3638,1350,6628,6975,6118,-533,-3179,-3372,-2480,14,191,594,848,2296,11095,13409,15167,2310,11286,14003,16015,-209,-444,671,-13,9714,9320,8563,9104,9084,9.0452880711,9.2198799343,9.0228622166,17.382478787,17.848643503,15.173686377,-8.337190716,-8.628763569,-6.150824161,0.5009133145,1.5200135112,2.1031850356,29.097556146,34.312897596,37.616754051,29.598469461,35.832911107,39.719939087
050,3,5,12,085,Florida,Martin County,158434,158671,160197,161987,163315,237,1526,1790,1328,303,1249,1278,1294,539,2473,2465,2241,-236,-1224,-1187,-947,2,103,292,441,506,2719,2607,1838,508,2822,2899,2279,-35,-72,78,-4,4794,4797,4693,4791,4789,7.8339626428,7.9333548531,7.9556842565,15.511120589,15.301815112,13.777966321,-7.677157946,-7.368460259,-5.822282064,0.6460353501,1.8126288084,2.7113267056,17.054078804,16.183298984,11.300268673,17.700114154,17.995927793,14.011595379
050,3,5,12,086,Florida,Miami-Dade County,2701776,2695685,2669748,2673056,2686867,-6091,-25937,3308,13811,6613,26905,29159,29339,6052,25913,25316,22335,561,992,3843,7004,739,15109,37480,54457,-7286,-41367,-38132,-47597,-6547,-26258,-652,6860,-105,-671,117,-53,38741,40210,41676,42167,42193,10.029013502,10.915242259,10.947545329,9.6592390586,9.4766718001,8.3340749485,0.3697744432,1.4385704585,2.6134703801,5.6319778851,14.030086075,20.320068031,-15.41981793,-14.27415267,-17.76032977,-9.787840049,-0.244066599,2.5597382649
050,3,5,12,087,Florida,Monroe County,82872,82847,82220,81618,80614,-25,-627,-602,-1004,170,647,726,734,193,813,846,799,-23,-166,-120,-65,0,139,307,482,0,-629,-745,-1413,0,-490,-438,-931,-2,29,-44,-8,1011,1012,988,986,984,7.8392410355,8.8624128713,9.0487696632,9.8505455361,10.327274503,9.8500912274,-2.011304501,-1.464861632,-0.801321564,1.6841646119,3.7476043409,5.942107599,-7.621147776,-9.094349296,-17.419498,-5.936983164,-5.346744955,-11.4773904
050,3,5,12,089,Florida,Nassau County,90353,91031,94399,97826,101501,678,3368,3427,3675,200,793,840,851,244,1128,1224,1126,-44,-335,-384,-275,-1,16,-3,15,800,3867,3638,3940,799,3883,3635,3955,-77,-180,176,-5,733,733,733,733,733,8.5530928113,8.739758096,8.538732836,12.16631613,12.735076083,11.29801783,-3.613223319,-3.995317987,-2.759284994,0.17257186,-0.031213422,0.1505064542,41.708461414,37.851476135,39.533028641,41.881033274,37.820262713,39.683535096
050,3,5,12,091,Florida,Okaloosa County,211666,212085,213641,216464,218464,419,1556,2823,2000,640,2637,2660,2686,470,2355,2363,2136,170,282,297,550,18,143,618,962,184,1058,1841,473,202,1201,2459,1435,47,73,67,15,4359,4357,4277,4340,4341,12.388249719,12.369072668,12.351469669,11.063453959,10.988014555,9.8223154177,1.3247957607,1.3810581137,2.5291542508,0.6717935949,2.8737168831,4.4237207078,4.9703330311,8.5607002941,2.1750726557,5.642126626,11.434417177,6.5987933635
050,3,5,12,093,Florida,Okeechobee County,39642,39652,40031,40373,41427,10,379,342,1054,149,501,552,552,122,602,642,586,27,-101,-90,-34,1,35,33,59,-21,436,400,1029,-20,471,433,1088,3,9,-1,0,2624,2573,2326,2157,2160,12.574827755,13.730660166,13.496332518,15.109872871,15.969354758,14.327628362,-2.535045116,-2.238694592,-0.831295844,0.8784809809,0.8208546838,1.4425427873,10.943363076,9.9497537436,25.158924205,11.821844057,10.770608427,26.601466993
050,3,5,12,095,Florida,Orange County,1429908,1431679,1427761,1451761,1471416,1771,-3918,24000,19655,3770,15347,16563,16620,2201,10339,10830,9597,1569,5008,5733,7023,437,5211,13460,19160,-850,-14408,5184,-6560,-413,-9197,18644,12600,615,271,-377,32,36633,37432,38561,39516,39527,10.734269647,11.503992677,11.371189634,7.2314858853,7.52208179,6.566143617,3.5027837619,3.9819108866,4.8050460167,3.6447696052,9.348773859,13.109024873,-10.07749769,3.6005975992,-4.488267389,-6.432728087,12.949371458,8.6207574841
050,3,5,12,097,Florida,Osceola County,388664,391141,403990,422543,437784,2477,12849,18553,15241,1077,4449,4866,4916,665,3270,3446,3104,412,1179,1420,1812,155,1608,4348,5994,1985,10349,12308,7418,2140,11957,16656,13412,-75,-287,477,17,2891,2878,2879,2871,2871,11.190608843,11.774484503,11.428212761,8.22505977,8.338445047,7.2158609459,2.965549073,3.4360394564,4.2123518151,4.0446165475,10.521056026,13.934236633,26.030930752,29.78223495,17.24460583,30.0755473,40.303290976,31.178842463
050,3,5,12,099,Florida,Palm Beach County,1492199,1494282,1503435,1519867,1533801,2083,9153,16432,13934,3324,13946,15109,15166,4269,17492,17867,15837,-945,-3546,-2758,-671,268,3771,10022,14841,2717,8316,9520,-162,2985,12087,19542,14679,43,612,-352,-74,27355,28322,29503,30339,30346,9.3044139924,9.9950319221,9.9329724122,11.670214366,11.819527126,10.372443894,-2.365800374,-1.824495204,-0.439471482,2.515914611,6.629837178,9.7201136469,5.5482221971,6.2977499436,-0.106101908,8.0641368081,12.927587122,9.6140117393
050,3,5,12,101,Florida,Pasco County,561893,566156,585191,609141,632996,4263,19035,23950,23855,1169,5081,5534,5625,1708,7649,8166,7184,-539,-2568,-2632,-1559,7,399,1104,1691,5311,22180,24283,23750,5318,22579,25387,25441,-516,-976,1195,-27,7958,8068,8152,8225,8227,8.8261835919,9.2671049591,9.0569719765,13.287045521,13.674589645,11.567162076,-4.46086193,-4.407484686,-2.5101901,0.693101211,1.8487321783,2.7227270422,38.528784111,40.663735042,38.240548345,39.221885322,42.51246722,40.963275387
050,3,5,12,103,Florida,Pinellas County,959111,959793,959583,961792,961596,682,-210,2209,-196,1752,7201,7444,7488,3194,13706,14098,12433,-1442,-6505,-6654,-4945,27,796,1971,3087,2219,5308,6747,1693,2246,6104,8718,4780,-122,191,145,-31,20387,20715,21180,21294,21292,7.5034802978,7.7486175265,7.7862604945,14.281724894,14.674907293,12.92822873,-6.778244596,-6.926289766,-5.141968235,0.8294362334,2.0516557153,3.2099607567,5.53096423,7.0230954395,1.760435232,6.3604004635,9.0747511548,4.9703959887
050,3,5,12,105,Florida,Polk County,725048,730158,755598,788382,818330,5110,25440,32784,29948,1854,8175,8854,8932,2000,9119,9537,8352,-146,-944,-683,580,88,826,2340,3335,5696,26681,29606,26029,5784,27507,31946,29364,-528,-1123,1521,4,15449,15805,16356,16842,16855,11.00449872,11.46906048,11.118358486,12.275232272,12.353786966,10.396387156,-1.270733552,-0.884726486,0.7219713303,1.1118918584,3.0311273462,4.151335149,35.915722366,38.350237697,32.400330613,37.027614225,41.381365044,36.551665762
050,3,5,12,107,Florida,Putnam County,73319,73372,74095,74736,75955,53,723,641,1219,188,816,815,821,273,1308,1390,1233,-85,-492,-575,-412,0,25,50,82,133,1216,1116,1542,133,1241,1166,1624,5,-26,50,7,1270,1200,1161,1270,1270,11.06688276,10.952019405,10.89647026,17.739562072,18.678904261,16.36461368,-6.672679311,-7.726884856,-5.468143419,0.3390589081,0.671903031,1.0883198068,16.49182529,14.996875651,20.465721244,16.830884198,15.668778682,21.554041051
050,3,5,12,109,Florida,St. Johns County,273422,277099,293251,307072,320110,3677,16152,13821,13038,504,2220,2449,2469,558,2532,2760,2486,-54,-312,-311,-17,2,133,485,804,4142,17181,13171,12309,4144,17314,13656,13113,-413,-850,476,-58,3706,3828,3969,3981,3979,7.7846936092,8.1589411034,7.8733126907,8.878758657,9.1950499981,7.9275234302,-1.094065048,-1.036108895,-0.054210739,0.4663802928,1.6157968294,2.5638490901,60.247216621,43.879711422,39.251764241,60.713596914,45.495508251,41.815613331
050,3,5,12,111,Florida,St. Lucie County,329226,331441,344246,358886,373586,2215,12805,14640,14700,719,3086,3552,3605,944,4241,4475,4021,-225,-1155,-923,-416,12,263,737,1125,2681,14359,14146,14011,2693,14622,14883,15136,-253,-662,680,-20,2917,2885,2919,2917,2917,9.1344069073,10.103366082,9.8433796787,12.553149609,12.728762167,10.979259275,-3.418742702,-2.625396085,-1.135879597,0.7784669529,2.0963346854,3.0717897749,42.501927668,40.237110528,38.256752477,43.280394621,42.333445214,41.328542251
050,3,5,12,113,Florida,Santa Rosa County,187999,189011,193750,198199,203162,1012,4739,4449,4963,460,1904,2057,2075,381,2057,2149,1929,79,-153,-92,146,10,-2,54,128,940,5053,4362,4703,950,5051,4416,4831,-17,-159,125,-14,6197,5904,5638,5432,5434,9.9487669851,10.496263544,10.339818767,10.748221475,10.965712376,9.6122941691,-0.79945449,-0.469448831,0.7275245976,-0.010450385,0.2755460532,0.6378297842,26.402898937,22.257997852,23.435261523,26.392448551,22.533543905,24.073091307
050,3,5,12,115,Florida,Sarasota County,434010,436237,448636,462552,469013,2227,12399,13916,6461,674,2731,2969,3003,1662,7005,7225,6402,-988,-4274,-4256,-3399,0,290,819,1354,3686,17249,16521,8526,3686,17539,17340,9880,-471,-866,832,-20,7960,8213,8505,8572,8576,6.1726372033,6.5167671216,6.4472151702,15.832780523,15.858417802,13.744612561,-9.66014332,-9.34165068,-7.29739739,0.6554612922,1.7976531737,2.9069361773,38.986385617,36.262549551,18.304680833,39.641846909,38.060202724,21.21161701
050,3,5,12,117,Florida,Seminole County,470857,471455,470857,478623,484271,598,-598,7766,5648,1136,4255,4649,4677,932,4270,4430,3987,204,-15,219,690,37,774,2075,3039,179,-1614,5481,1923,216,-840,7556,4962,178,257,-9,-4,4935,4935,4945,4939,4938,9.0309791237,9.7927286515,9.7144649359,9.0628157128,9.331423516,8.2812853751,-0.031836589,0.4613051354,1.4331795608,1.6427680004,4.3708134979,6.3122212829,-3.425616993,11.545266883,3.9942091237,-1.782848993,15.916080381,10.306430407
050,3,5,12,119,Florida,Sumter County,129745,130290,134870,144767,151565,545,4580,9897,6798,105,483,532,541,573,2598,2830,2530,-468,-2115,-2298,-1989,2,32,51,104,1176,7073,11472,8684,1178,7105,11523,8788,-165,-410,672,-1,8542,7838,7476,8378,8389,3.6430834213,3.8049328236,3.6513100171,19.595715794,20.240526111,17.075442409,-15.95263237,-16.43559329,-13.42413239,0.2413637049,0.3647585978,0.7019154192,53.348921406,82.049228106,58.609937503,53.590285111,82.413986704,59.311852922
050,3,5,12,121,Florida,Suwannee County,43472,43524,44125,45405,46130,52,601,1280,725,97,430,438,442,157,692,783,709,-60,-262,-345,-267,0,4,12,15,109,871,1523,977,109,875,1535,992,3,-12,90,0,2635,2589,2235,2619,2618,9.8118632272,9.7844298001,9.657508057,15.79025431,17.491343684,15.49134211,-5.978391083,-7.706913884,-5.833834053,0.0912731463,0.2680665699,0.3277434861,19.874727607,34.022115492,21.347025728,19.966000753,34.290182062,21.674769214
050,3,5,12,123,Florida,Taylor County,21799,21743,20807,21313,21582,-56,-936,506,269,47,211,224,223,75,329,338,329,-28,-118,-114,-106,0,24,57,80,-28,-785,535,294,-28,-761,592,374,0,-57,28,1,2509,2452,1443,1633,1635,9.9177438308,10.636277303,10.397482224,15.464159812,16.049382716,15.339783192,-5.546415981,-5.413105413,-4.942300967,1.1280846063,2.7065527066,3.730038466,-36.89776733,25.403608737,13.707891363,-35.76968273,28.110161443,17.437929829
050,3,5,12,125,Florida,Union County,16143,15425,15850,15514,15532,-718,425,-336,18,38,145,149,152,57,280,250,248,-19,-135,-101,-96,0,1,-1,0,-563,584,-256,114,-563,585,-257,114,-136,-25,22,0,4774,4052,4229,3859,3857,9.2725819345,9.5013391149,9.7919216646,17.90567546,15.941844153,15.976293242,-8.633093525,-6.440505038,-6.184371578,0.0639488409,-0.063767377,0,37.346123102,-16.32444841,7.3439412485,37.410071942,-16.38821579,7.3439412485
050,3,5,12,127,Florida,Volusia County,553537,555776,566368,579665,590357,2239,10592,13297,10692,1100,4783,5011,5051,1984,8662,9174,8054,-884,-3879,-4163,-3003,22,396,921,1398,3449,14623,15795,12284,3471,15019,16716,13682,-348,-548,744,13,16753,17282,17955,17940,17947,8.5247526164,8.7449488802,8.634025685,15.438303818,16.010010183,13.767262496,-6.913551202,-7.265061303,-5.133236811,0.70579177,1.6072835599,2.3896986552,26.06260872,27.56465128,20.997895766,26.76840049,29.17193484,23.387594421
050,3,5,12,129,Florida,Wakulla County,33763,33893,34270,35169,36449,130,377,899,1280,88,306,342,342,84,404,418,410,4,-98,-76,-68,0,2,-1,1,125,465,946,1349,125,467,945,1350,1,8,30,-2,3382,3328,2914,2857,2852,8.9784780599,9.8503722692,9.5506716189,11.853938354,12.039343885,11.449635566,-2.875460294,-2.188971615,-1.898963948,0.0586828631,-0.028802258,0.0279259404,13.643765679,27.24693616,37.672093608,13.702448542,27.218133902,37.700019548
050,3,5,12,131,Florida,Walton County,75307,75941,80021,83404,86354,634,4080,3383,2950,197,814,944,958,199,818,920,863,-2,-4,24,95,0,4,40,94,708,4305,3133,2761,708,4309,3173,2855,-72,-225,186,0,2355,2355,2151,2146,2143,10.438440133,11.552700015,11.286655121,10.489734679,11.258987303,10.16741479,-0.051294546,0.2937127123,1.1192403304,0.0512945461,0.4895211871,1.1074588532,55.205755248,38.341746979,32.528658443,55.257049794,38.831268166,33.636117296
050,3,5,12,133,Florida,Washington County,25323,25320,24867,25405,25602,-3,-453,538,197,52,227,260,278,91,379,396,370,-39,-152,-136,-92,0,10,30,42,27,-302,612,247,27,-292,642,289,9,-9,32,0,2391,2329,1855,2073,2074,9.0461673342,10.343730108,10.900464642,15.103512862,15.754296626,14.507812653,-6.057345528,-5.410566518,-3.607348011,0.3985095742,1.1935073202,1.6468327877,-12.03498914,24.347549332,9.6849452036,-11.63647957,25.541056652,11.331777991
040,3,5,13,000,Georgia,Georgia,10713771,10732390,10790385,10913150,11029227,18619,57995,122765,116077,29847,121276,125599,125664,24771,109501,110380,97847,5076,11775,15219,27817,730,10161,27010,30119,11606,35341,80599,58206,12336,45502,107609,88325,1207,718,-63,-65,257042,255871,234733,251794,254664,11.269550511,11.574059249,11.454000631,10.175360752,10.171614901,8.9185415053,1.0941897595,1.4024443484,2.5354591255,0.9442090994,2.4889954563,2.7452814251,3.2840560755,7.4272693365,5.3053504641,4.2282651749,9.9162647928,8.0506318892
050,3,5,13,001,Georgia,Appling County,18445,18376,18423,18437,18457,-69,47,14,20,39,203,215,207,72,263,270,238,-33,-60,-55,-31,0,2,10,34,-38,96,68,16,-38,98,78,50,2,9,-9,1,392,363,361,374,368,11.032908503,11.665762344,11.221336803,14.293866681,14.65002713,12.901826855,-3.260958178,-2.984264786,-1.680490053,0.1086986059,0.5425935974,1.8431181222,5.2175330851,3.6896364623,0.8673497046,5.3262316911,4.2322300597,2.7104678267
050,3,5,13,003,Georgia,Atkinson County,8286,8308,8348,8160,8293,22,40,-188,133,30,121,125,131,22,123,134,125,8,-2,-9,6,0,18,53,85,14,19,-234,41,14,37,-181,126,0,5,2,1,10,10,10,10,20,14.529298751,15.144172522,15.924147572,14.76945245,16.234552944,15.194797301,-0.240153698,-1.090380422,0.7293502705,2.1613832853,6.4211291495,10.332462165,2.2814601345,-28.34989096,4.9838935149,4.4428434198,-21.92876181,15.31635568
050,3,5,13,005,Georgia,Bacon County,11142,11112,11068,11173,11124,-30,-44,105,-49,33,161,140,133,46,181,175,166,-13,-20,-35,-33,0,2,2,2,-18,-31,136,-18,-18,-29,138,-16,1,5,2,0,265,265,260,330,391,14.517583408,12.589361989,11.929856034,16.321009919,15.736702486,14.889895502,-1.80342651,-3.147340497,-2.960039467,0.180342651,0.1798480284,0.1793963313,-2.795311091,12.229665932,-1.614566982,-2.61496844,12.409513961,-1.435170651
050,3,5,13,007,Georgia,Baker County,2875,2852,2824,2792,2743,-23,-28,-32,-49,8,19,29,27,14,39,48,43,-6,-20,-19,-16,0,0,1,5,-15,-9,-15,-38,-15,-9,-14,-33,-2,1,1,0,0,0,0,0,0,6.6948555321,10.327635328,9.756097561,13.742071882,17.094017094,15.537488708,-7.04721635,-6.766381766,-5.781391147,0,0.3561253561,1.8066847335,-3.171247357,-5.341880342,-13.73080397,-3.171247357,-4.985754986,-11.92411924
050,3,5,13,009,Georgia,Baldwin County,43789,43790,43695,43633,43396,1,-95,-62,-237,98,433,390,386,148,602,600,525,-50,-169,-210,-139,0,10,10,13,37,30,149,-110,37,40,159,-97,14,34,-11,-1,5254,5241,5101,5167,4892,9.8988398011,8.931843166,8.8706063496,13.762359262,13.741297178,12.064943869,-3.86351946,-4.809454012,-3.19433752,0.228610619,0.2290216196,0.298750991,0.6858318569,3.4124221326,-2.527893001,0.9144424759,3.6414437523,-2.22914201
050,3,5,13,011,Georgia,Banks County,18035,18081,18538,19342,19789,46,457,804,447,50,211,246,245,45,243,268,241,5,-32,-22,4,0,0,-2,0,44,509,783,444,44,509,781,444,-3,-20,45,-1,0,0,0,28,15,11.524072203,12.988384372,12.522041348,13.271798793,14.149947202,12.317599857,-1.74772659,-1.16156283,0.2044414914,0,-0.105596621,0,27.799776073,41.341077086,22.693005545,27.799776073,41.235480465,22.693005545
050,3,5,13,013,Georgia,Barrow County,83504,83981,86727,89245,92792,477,2746,2518,3547,241,1099,1141,1151,181,822,882,800,60,277,259,351,0,49,79,109,438,2508,2078,3087,438,2557,2157,3196,-21,-88,102,0,450,450,459,450,425,12.875787895,12.967972177,12.645780803,9.6304801181,10.024322051,8.7894219307,3.245307777,2.9436501262,3.8563588721,0.5740797151,0.8978701157,1.1975587381,29.383508681,23.617393676,33.916181875,29.957588397,24.515263792,35.113740613
050,3,5,13,015,Georgia,Bartow County,108897,109314,110936,112815,115041,417,1622,1879,2226,309,1313,1364,1326,317,1280,1291,1139,-8,33,73,187,1,43,71,79,436,1551,1691,1953,437,1594,1762,2032,-12,-5,44,7,1025,1025,1009,1020,1019,11.922814983,12.192124281,11.63892985,11.623155505,11.539613231,9.9975423074,0.2996594779,0.6525110502,1.641387543,0.3904653802,0.6346340352,0.6934204059,14.08399546,15.115016246,17.14240573,14.47446084,15.749650281,17.835826136
050,3,5,13,017,Georgia,Ben Hill County,17194,17168,17128,17057,17128,-26,-40,-71,71,51,201,206,211,64,324,291,273,-13,-123,-85,-62,0,4,4,4,-15,67,19,128,-15,71,23,132,2,12,-9,1,278,278,278,273,332,11.721483555,12.052069621,12.344595583,18.8943317,17.02501097,15.971917508,-7.172848146,-4.972941349,-3.627321925,0.2332633543,0.2340207693,0.2340207693,3.907161185,1.1115986544,7.488664619,4.1404245393,1.3456194237,7.7226853883
050,3,5,13,019,Georgia,Berrien County,18159,18144,18117,18215,18570,-15,-27,98,355,54,194,212,229,60,289,279,259,-6,-95,-67,-30,0,0,0,1,-13,55,161,387,-13,55,161,388,4,13,4,-3,150,125,136,136,136,10.700201318,11.670153033,12.450727199,15.939990624,15.358361775,14.081826832,-5.239789305,-3.688208742,-1.631099633,0,0,0.0543699878,3.0335622294,8.8627105582,21.041185266,3.0335622294,8.8627105582,21.095555254
050,3,5,13,021,Georgia,Bibb County,157347,157035,155980,156126,156512,-312,-1055,146,386,495,1933,1981,2060,476,2217,2180,1916,19,-284,-199,144,0,49,101,106,-360,-886,345,133,-360,-837,446,239,29,66,-101,3,6179,5956,5365,5284,5195,12.350845806,12.694405106,13.178180515,14.16545533,13.969612888,12.256987314,-1.814609524,-1.275207782,0.9211932011,0.3130840375,0.6472160099,0.6781005508,-5.661070556,2.2107873607,0.850824276,-5.347986518,2.8580033706,1.5289248268
050,3,5,13,023,Georgia,Bleckley County,12585,12523,12270,12279,12465,-62,-253,9,186,32,132,123,128,47,189,189,171,-15,-57,-66,-43,0,2,-2,-2,-39,-190,86,232,-39,-188,84,230,-8,-8,-9,-1,1188,1134,859,826,867,10.648166821,10.020774777,10.345942451,15.246238858,15.397775877,13.821532493,-4.598072036,-5.3770011,-3.475590042,0.1613358609,-0.162939427,-0.161655351,-15.32690679,7.0063953725,18.752020692,-15.16557093,6.8434559453,18.590365341
050,3,5,13,025,Georgia,Brantley County,18021,18044,18119,18210,18401,23,75,91,191,50,191,211,208,57,265,275,246,-7,-74,-64,-38,0,0,23,23,25,142,138,206,25,142,161,229,5,7,-6,0,58,58,63,59,64,10.563282913,11.616064301,11.362705198,14.655863728,15.139420298,13.438584032,-4.092580815,-3.523355997,-2.075878834,0,1.2662060613,1.2564529786,7.8533307524,7.5972363676,11.253448417,7.8533307524,8.8634424289,12.509901396
050,3,5,13,027,Georgia,Brooks County,16301,16272,16276,16284,16245,-29,4,8,-39,49,164,176,161,54,254,240,220,-5,-90,-64,-59,1,4,36,36,-27,85,43,-15,-26,89,79,21,2,5,-7,-1,386,386,386,417,415,10.077424112,10.810810811,9.8988594792,15.607717832,14.742014742,13.526391835,-5.53029372,-3.931203931,-3.627532356,0.245790832,2.2113022113,2.213409573,5.22305518,2.6412776413,-0.922253989,5.468846012,4.8525798526,1.2911555842
050,3,5,13,029,Georgia,Bryan County,44741,45043,46974,48218,49739,302,1931,1244,1521,141,577,611,628,82,362,372,340,59,215,239,288,4,2,30,62,240,1781,966,1172,244,1783,996,1234,-1,-67,9,-1,174,174,175,179,234,12.541160872,12.837213211,12.821952489,7.8681113273,7.8157828389,6.9418214114,4.6730495452,5.0214303723,5.8801310779,0.0434702283,0.6303050677,1.2658615515,38.710238326,20.295823178,23.928866748,38.753708554,20.926128246,25.194728299
050,3,5,13,031,Georgia,Bulloch County,79646,79922,80671,83038,84327,276,749,2367,1289,216,873,875,855,158,703,757,674,58,170,118,181,0,28,54,60,205,505,2085,1047,205,533,2139,1107,13,46,110,1,5839,5823,5421,6121,5986,10.872204891,10.689699406,10.217189974,8.75505159,9.2481170858,8.0542526813,2.1171533006,1.4415823198,2.1629372927,0.3487076024,0.6597071633,0.7169957876,6.289190687,25.472026584,12.511576494,6.6378982895,26.131733747,13.228572282
050,3,5,13,033,Georgia,Burke County,24594,24635,24362,24434,24438,41,-273,72,4,72,287,283,270,72,294,306,276,0,-7,-23,-6,0,1,3,3,36,-270,102,6,36,-269,105,9,5,3,-10,1,229,229,211,222,206,11.715002959,11.599311419,11.049271567,12.000734739,12.54201164,11.294810935,-0.285731779,-0.942700221,-0.245539368,0.0408188256,0.1229608984,0.1227696841,-11.02108292,4.1806705468,0.2455393681,-10.9802641,4.3036314452,0.3683090522
050,3,5,13,035,Georgia,Butts County,25436,25549,26164,26745,26887,113,615,581,142,71,272,280,293,95,334,364,343,-24,-62,-84,-50,0,10,21,22,147,695,614,170,147,705,635,192,-10,-28,30,0,2895,2895,3229,3137,2930,10.519598554,10.584210626,10.926312649,12.917448224,13.759473814,12.790871122,-2.39784967,-3.175263188,-1.864558473,0.3867499468,0.7938157969,0.8204057279,26.879121304,23.209661872,6.3394988067,27.265871251,24.003477669,7.1599045346
050,3,5,13,037,Georgia,Calhoun County,5575,5574,5541,5474,5457,-1,-33,-67,-17,13,37,36,45,19,66,68,65,-6,-29,-32,-20,0,0,1,3,6,-6,-34,0,6,-6,-33,3,-1,2,-2,0,1618,1610,1661,1679,1683,6.6576698156,6.5365410803,8.2334644589,11.875843455,12.346799818,11.892781996,-5.218173639,-5.810258738,-3.659317537,0,0.1815705856,0.5488976306,-1.079622132,-6.173399909,0,-1.079622132,-5.991829324,0.5488976306
050,3,5,13,039,Georgia,Camden County,54772,54931,55786,56971,58118,159,855,1185,1147,170,713,732,767,99,469,529,491,71,244,203,276,1,2,14,35,78,599,961,832,79,601,975,867,9,10,7,4,2202,2200,2277,2257,2243,12.87968424,12.983672854,13.328815091,8.4720503626,9.3830094806,8.5325270008,4.4076338774,3.6006633734,4.7962880901,0.0361281465,0.248321612,0.608224939,10.820379887,17.045504935,14.458375692,10.856508034,17.293826547,15.066600631
050,3,5,13,043,Georgia,Candler County,10988,11022,10947,10962,11059,34,-75,15,97,27,138,148,145,36,242,211,195,-9,-104,-63,-50,0,2,-2,-2,42,21,87,148,42,23,85,146,1,6,-7,1,303,303,260,258,280,12.563157176,13.510429504,13.169247536,22.031043743,19.261490712,17.710367377,-9.467886567,-5.751061208,-4.54111984,0.1820747417,-0.182573372,-0.181644794,1.9117847877,7.9419416678,13.441714727,2.0938595293,7.7593682961,13.260069933
050,3,5,13,045,Georgia,Carroll County,119151,119498,121595,124530,127098,347,2097,2935,2568,395,1490,1522,1567,320,1398,1437,1270,75,92,85,297,0,36,135,143,250,1983,2631,2131,250,2019,2766,2274,22,-14,84,-3,3352,3302,2956,3132,3061,12.360375457,12.36769934,12.454893732,11.597184489,11.676993398,10.094266139,0.7631909678,0.6907059421,2.3606275931,0.2986399439,1.0970035551,1.1365984708,16.450083578,21.379380396,16.937701687,16.748723522,22.476383951,18.074300157
050,3,5,13,047,Georgia,Catoosa County,67874,68006,68436,68836,68910,132,430,400,74,169,692,738,573,192,927,929,816,-23,-235,-191,-243,0,-11,-15,-13,143,649,612,327,143,638,597,314,12,27,-6,3,377,377,380,484,485,10.1435042,10.752374847,8.319660825,13.588191319,13.535171047,11.84789395,-3.44468712,-2.7827962,-3.528233125,-0.161240674,-0.218544204,-0.188753212,9.5131997479,8.9166035317,4.7478692666,9.3519590742,8.6980593275,4.5591160542
050,3,5,13,049,Georgia,Charlton County,12516,12534,12820,12788,12934,18,286,-32,146,18,113,117,122,34,173,171,154,-16,-60,-54,-32,0,5,1,1,33,355,30,174,33,360,31,175,1,-14,-9,3,2419,2420,2498,2505,2507,8.913780863,9.137769447,9.486043076,13.646761852,13.3552015,11.974185522,-4.732980989,-4.217432052,-2.488142446,0.3944150824,0.0781005936,0.0777544514,28.003470853,2.3430178069,13.529274551,28.397885935,2.4211184005,13.607029002
050,3,5,13,051,Georgia,Chatham County,295291,295089,295690,301025,303655,-202,601,5335,2630,853,3412,3644,3676,705,3060,3235,2829,148,352,409,847,23,235,739,811,-439,-173,3968,972,-416,62,4707,1783,66,187,219,0,13974,13955,13001,13150,13396,11.550850657,12.213535775,12.158497056,10.359203695,10.8426971,9.3570152808,1.191646961,1.3708386751,2.8014817755,0.7955597609,2.4768943298,2.6824105312,-0.585667398,13.299481327,3.214923596,0.2098923625,15.776375657,5.8973341271
050,3,5,13,053,Georgia,Chattahoochee County,9566,9475,9044,8746,8661,-91,-431,-298,-85,44,162,178,174,15,33,39,38,29,129,139,136,15,-19,25,46,-120,-515,-478,-262,-105,-534,-453,-216,-15,-26,16,-5,2208,2205,2195,2114,2112,17.495545116,20.011242271,19.991957259,3.5639073384,4.3844856661,4.3660596312,13.931637777,15.626756605,15.625897627,-2.051946649,2.8105677347,5.2852300799,-55.61855392,-53.73805509,-30.10283219,-57.67050057,-50.92748735,-24.81760211
050,3,5,13,055,Georgia,Chattooga County,24970,24925,24844,24962,25222,-45,-81,118,260,57,258,256,247,87,390,400,375,-30,-132,-144,-128,0,9,33,33,-19,26,234,353,-19,35,267,386,4,16,-5,2,1226,1204,1159,1222,1241,10.367899697,10.279885958,9.8437749083,15.672406518,16.062321809,14.945002391,-5.304506822,-5.782435851,-5.101227483,0.3616709196,1.3251415492,1.3151602104,1.0448271012,9.396458258,14.068228918,1.4064980209,10.721599807,15.383389128
050,3,5,13,057,Georgia,Cherokee County,266594,268156,274732,281194,286602,1562,6576,6462,5408,692,2770,3021,2944,451,2208,2298,1984,241,562,723,960,7,169,407,450,1363,5990,5206,3993,1370,6159,5613,4443,-49,-145,126,5,2244,2244,1912,2161,2219,10.204683102,10.868352982,10.369921592,8.1342744728,8.2672873728,6.9884254204,2.0704086294,2.6010656095,3.3814961712,0.6225961893,1.4642236557,1.5850763302,22.067166708,18.729111428,14.064910637,22.689762898,20.193335084,15.649986967
050,3,5,13,059,Georgia,Clarke County,128670,128551,129206,129726,129933,-119,655,520,207,319,1295,1296,1331,206,906,979,888,113,389,317,443,2,162,403,443,-258,39,-120,-672,-256,201,283,-229,24,65,-80,-7,10084,10076,10308,10855,11360,10.048223715,10.010350208,10.251907309,7.0298769772,7.5618309054,6.8397398126,3.0183467374,2.4485193024,3.4121674966,1.2569978701,3.1127863686,3.4121674966,0.3026105984,-0.926884278,-5.176019318,1.5596084684,2.1859020901,-1.763851821
050,3,5,13,061,Georgia,Clay County,2845,2828,2867,2853,2853,-17,39,-14,0,5,21,27,28,17,40,55,45,-12,-19,-28,-17,0,3,6,6,-3,55,10,10,-3,58,16,16,-2,0,-2,1,54,54,54,54,54,7.3748902546,9.4405594406,9.8142306344,14.047410009,19.230769231,15.772870662,-6.672519754,-9.79020979,-5.958640028,1.0535557507,2.0979020979,2.1030494217,19.315188762,3.4965034965,3.5050823694,20.368744513,5.5944055944,5.6081317911
050,3,5,13,063,Georgia,Clayton County,299403,299439,299210,298399,298300,36,-229,-811,-99,1004,3894,3895,3596,567,2507,2615,2194,437,1387,1280,1402,9,283,717,859,-493,-2022,-2734,-2364,-484,-1739,-2017,-1505,83,123,-74,4,4999,4996,5026,5171,5101,13.00929259,13.03527892,12.052978135,8.3755255584,8.7515415598,7.3537914426,4.6337670321,4.28373736,4.6991866921,0.9454621991,2.3995622556,2.8791735867,-6.755210482,-9.149795267,-7.923592967,-5.809748283,-6.750233012,-5.044419381
050,3,5,13,065,Georgia,Clinch County,6741,6720,6702,6679,6746,-21,-18,-23,67,21,94,92,94,24,119,96,85,-3,-25,-4,9,0,2,4,4,-17,-1,-18,55,-17,1,-14,59,-1,6,-5,-1,163,163,163,163,163,14.006854418,13.750840744,14.003724395,17.732081657,14.348703385,12.662942272,-3.725227239,-0.597862641,1.3407821229,0.2980181791,0.5978626411,0.5959031657,-0.14900909,-2.690381885,8.1936685289,0.1490090896,-2.092519244,8.7895716946
050,3,5,13,067,Georgia,Cobb County,766112,766378,766662,771840,776743,266,284,5178,4903,2064,8411,8758,8847,1359,5523,5594,4858,705,2888,3164,3989,77,1256,3432,3861,-745,-4232,-937,-3010,-668,-2976,2495,851,229,372,-481,63,9755,9697,8219,10078,10307,10.972968742,11.385100572,11.425929382,7.2052914471,7.2720087462,6.2741228594,3.7676772948,4.1130918257,5.1518065225,1.638574336,4.461482663,4.9864941046,-5.521056202,-1.218067965,-3.887424826,-3.882481866,3.2434146982,1.0990692782
050,3,5,13,069,Georgia,Coffee County,43092,43060,43046,43247,43317,-32,-14,201,70,126,577,575,566,135,564,551,498,-9,13,24,68,0,20,56,86,-36,-68,134,-88,-36,-48,190,-2,13,21,-13,4,3096,3096,2712,3037,2897,13.402085801,13.326689303,13.077029712,13.100132395,12.77044488,11.505937803,0.3019534063,0.5562444231,1.5710919089,0.4645437019,1.2979036538,1.9869691789,-1.579448587,3.1056980288,-2.033177764,-1.114904885,4.4036016826,-0.046208586
050,3,5,13,071,Georgia,Colquitt County,45892,45891,45763,45830,46167,-1,-128,67,337,148,598,622,622,143,646,630,577,5,-48,-8,45,2,60,175,208,-20,-162,-70,84,-18,-102,105,292,12,22,-30,0,866,866,736,955,907,13.049075872,13.581823939,13.522180071,14.096493334,13.756509777,12.543887301,-1.047417461,-0.174685838,0.9782927704,1.3092718267,3.8212527158,4.5218865833,-3.535033932,-1.528501086,1.8261465048,-2.225762105,2.2927516295,6.348033088
050,3,5,13,073,Georgia,Columbia County,156013,156865,159662,162471,165162,852,2797,2809,2691,448,1781,1865,1835,296,1341,1364,1211,152,440,501,624,13,64,218,246,686,2286,2110,1840,699,2350,2328,2086,1,7,-20,-19,1237,1237,984,1221,1257,11.253384387,11.579068273,11.201557841,8.4732108161,8.4685518093,7.3924177357,2.7801735713,3.1105164637,3.8091401049,0.4043888831,1.3534782217,1.5016802337,14.444265418,13.100179119,11.232079797,14.848654301,14.45365734,12.73376003
050,3,5,13,075,Georgia,Cook County,17232,17236,17262,17409,17714,4,26,147,305,47,191,217,222,62,241,236,238,-15,-50,-19,-16,0,23,58,57,17,41,110,264,17,64,168,321,2,12,-2,0,273,273,274,273,272,11.073105687,12.517666061,12.641289184,13.971824454,13.613682905,13.552373089,-2.898718766,-1.096016844,-0.911083905,1.3334106325,3.3457356292,3.245736412,2.3769493884,6.3453606761,15.032884435,3.7103600209,9.6910963053,18.278620847
050,3,5,13,077,Georgia,Coweta County,146163,146747,149973,152879,155892,584,3226,2906,3013,380,1513,1658,1688,306,1453,1527,1321,74,60,131,367,6,107,189,203,505,3117,2515,2452,511,3224,2704,2655,-1,-58,71,-9,855,855,767,997,951,10.198166622,10.949242534,10.933669289,9.7937449447,10.084133504,8.5565030395,0.404421677,0.8651090302,2.3771662494,0.7212186573,1.2481344023,1.3148903232,21.00970612,16.608772602,15.882320555,21.730924778,17.856907004,17.197210878
050,3,5,13,079,Georgia,Crawford County,12128,12103,12139,12169,12277,-25,36,30,108,34,93,118,100,49,192,218,202,-15,-99,-100,-102,0,0,-1,0,-11,132,130,211,-11,132,129,211,1,3,1,-1,152,152,152,125,125,7.6726342711,9.7087378641,8.1812975538,15.840277205,17.936481817,16.526221059,-8.167642934,-8.227743953,-8.344923505,0,-0.08227744,0,10.890190578,10.696067138,17.262537839,10.890190578,10.613789699,17.262537839
050,3,5,13,081,Georgia,Crisp County,20128,20053,20000,19729,19631,-75,-53,-271,-98,61,249,236,242,83,402,305,282,-22,-153,-69,-40,0,0,-3,-3,-50,89,-197,-53,-50,89,-200,-56,-3,11,-2,-2,413,413,583,421,413,12.433525579,11.880490322,12.296747967,20.073402741,15.354023509,14.329268293,-7.639877163,-3.473533187,-2.032520325,0,-0.151023182,-0.152439024,4.4441115522,-9.917188955,-2.693089431,4.4441115522,-10.06821214,-2.845528455
050,3,5,13,083,Georgia,Dade County,16249,16239,16221,16090,16165,-10,-18,-131,75,36,139,151,126,53,262,238,230,-17,-123,-87,-104,0,2,6,6,4,92,-41,176,4,94,-35,182,3,11,-9,-3,808,808,696,633,567,8.5643869378,9.3466621274,7.8127422105,16.142945163,14.731825075,14.261354829,-7.578558226,-5.385162948,-6.448612618,0.123228589,0.3713905481,0.3720353434,5.6685150955,-2.537835412,10.913036738,5.7917436845,-2.166444864,11.285072082
050,3,5,13,085,Georgia,Dawson County,26796,27059,28498,30189,31732,263,1439,1691,1543,64,309,325,333,63,301,317,298,1,8,8,35,0,1,19,21,290,1508,1572,1489,290,1509,1591,1510,-28,-78,92,-2,117,117,117,125,119,11.123710784,11.075706715,10.755640251,10.835718271,10.803073935,9.6251675522,0.2879925122,0.2726327807,1.1304726991,0.035999064,0.6475028541,0.6782836195,54.286588549,53.572341404,48.093538541,54.322587613,54.219844259,48.77182216
050,3,5,13,087,Georgia,Decatur County,29368,29326,29091,29019,29087,-42,-235,-72,68,59,372,338,351,98,416,404,377,-39,-44,-66,-26,0,4,5,10,-10,-205,5,84,-10,-201,10,94,7,10,-16,0,817,817,815,780,911,12.736018625,11.63310962,12.081368533,14.24242943,13.904663569,12.976284721,-1.506410805,-2.271553949,-0.894916188,0.1369464368,0.1720874204,0.3441985337,-7.018504887,0.1720874204,2.8912676832,-6.88155845,0.3441748408,3.2354662169
050,3,5,13,089,Georgia,DeKalb County,764425,764489,759113,761779,762992,64,-5376,2666,1213,2506,9888,10058,10127,1441,6060,6125,5199,1065,3828,3933,4928,150,1754,4197,4427,-1407,-10973,-5019,-8049,-1257,-9219,-822,-3622,256,15,-445,-93,10897,10952,11146,11733,12451,12.979767682,13.226448689,13.283306149,7.9548333489,8.0544838161,6.8193846814,5.0249343332,5.1719648732,6.4639214676,2.3024385634,5.5191295634,5.8067736073,-14.40402415,-6.600074167,-10.55765095,-12.10158558,-1.080944604,-4.750877345
050,3,5,13,091,Georgia,Dodge County,20001,19949,19734,19873,19776,-52,-215,139,-97,40,189,187,182,64,346,320,291,-24,-157,-133,-109,0,3,16,20,-31,-70,252,-7,-31,-67,268,13,3,9,4,-1,1761,1761,1661,1834,1803,9.5254895043,9.442775267,9.1805594088,17.438197717,16.158759815,14.678806527,-7.912708213,-6.715984548,-5.498247118,0.1511982461,0.8079379908,1.0088526823,-3.527959076,12.725023354,-0.353098439,-3.37676083,13.532961345,0.6557542435
050,3,5,13,093,Georgia,Dooly County,11209,11156,10869,10585,10981,-53,-287,-284,396,21,91,97,98,56,192,169,158,-35,-101,-72,-60,0,5,15,39,-15,-187,-242,411,-15,-182,-227,450,-3,-4,15,6,1774,1794,1749,1462,1772,8.2633371169,9.042602778,9.0883798572,17.434733258,15.75463783,14.652694055,-9.171396141,-6.712035052,-5.564314198,0.4540295119,1.3983406358,3.6168042289,-16.98070375,-22.55989559,38.115552258,-16.52667423,-21.16155495,41.732356487
050,3,5,13,095,Georgia,Dougherty County,85793,85155,82235,82895,82645,-638,-2920,660,-250,268,1108,1061,1101,383,1147,1186,1066,-115,-39,-125,35,1,14,49,70,-471,-2715,681,-359,-470,-2701,730,-289,-53,-180,55,4,3230,3053,621,2356,2432,13.238544716,12.850481439,13.301920986,13.704522373,14.364440138,12.879062462,-0.465977657,-1.513958699,0.4228585236,0.1672740307,0.5934718101,0.8457170472,-32.43921381,8.2480469933,-4.337320285,-32.27193978,8.8415188034,-3.491603238
050,3,5,13,097,Georgia,Douglas County,144310,144648,145748,147453,149160,338,1100,1705,1707,390,1636,1700,1698,302,1295,1302,1142,88,341,398,556,1,75,218,233,200,593,1129,932,201,668,1347,1165,49,91,-40,-14,887,887,571,823,781,11.267372829,11.596140532,11.44926217,8.9188556316,8.8812793954,7.7002693746,2.3485171972,2.7148611362,3.7489927953,0.5165360404,1.4870344917,1.5710707218,4.0840782931,7.7012015648,6.2842828871,4.6006143335,9.1882360565,7.8553536089
050,3,5,13,099,Georgia,Early County,10849,10794,10635,10560,10563,-55,-159,-75,3,33,98,113,117,63,187,187,175,-30,-89,-74,-58,0,0,0,0,-25,-67,4,60,-25,-67,4,60,0,-3,-5,1,100,100,178,181,183,9.146483737,10.662892192,11.077971879,17.452984274,17.645671149,16.569616058,-8.306500537,-6.982778957,-5.491644179,0,0,0,-6.253208269,0.3774475112,5.68101122,-6.253208269,0.3774475112,5.68101122
050,3,5,13,101,Georgia,Echols County,3704,3721,3698,3686,3709,17,-23,-12,23,14,46,49,49,5,55,36,35,9,-9,13,14,0,1,2,3,7,-18,-26,7,7,-17,-24,10,1,3,-1,-1,0,0,0,0,0,12.400593072,13.271939328,13.252197431,14.826796064,9.7508125677,9.4658553076,-2.426202992,3.5211267606,3.7863421231,0.2695781103,0.5417118093,0.8113590264,-4.852405985,-7.042253521,1.8931710615,-4.582827874,-6.500541712,2.7045300879
050,3,5,13,103,Georgia,Effingham County,64771,65169,66764,69034,71541,398,1595,2270,2507,194,836,848,847,110,611,666,597,84,225,182,250,1,4,11,10,314,1388,2008,2250,315,1392,2019,2260,-1,-22,69,-3,313,313,239,335,366,12.673099225,12.489138279,12.050506847,9.2622770649,9.8086864313,8.4936866441,3.4108221597,2.6804518476,3.5568202027,0.0606368384,0.1620053314,0.1422728081,21.040982923,29.573336868,32.011381825,21.101619762,29.735342199,32.153654633
050,3,5,13,105,Georgia,Elbert County,19638,19668,19571,19873,20013,30,-97,302,140,47,206,224,223,75,355,331,306,-28,-149,-107,-83,0,0,-3,3,58,40,402,220,58,40,399,223,0,12,10,0,217,217,181,217,218,10.499757894,11.357874455,11.181868325,18.094242973,16.783287699,15.343729629,-7.594485079,-5.425413244,-4.161861305,0,-0.15211439,0.1504287219,2.0387879406,20.383328263,11.031439603,2.0387879406,20.231213873,11.181868325
050,3,5,13,107,Georgia,Emanuel County,22770,22893,22899,22946,23119,123,6,47,173,65,297,287,288,72,388,385,338,-7,-91,-98,-50,0,3,10,21,148,78,132,200,148,81,142,221,-18,16,3,2,1150,1292,1305,1380,1495,12.971698113,12.52044934,12.504070335,16.946191474,16.795724725,14.67491588,-3.974493361,-4.275275384,-2.170845544,0.1310272537,0.4362525902,0.9117551286,3.4067085954,5.7585341913,8.6833821774,3.5377358491,6.1947867815,9.595137306
050,3,5,13,109,Georgia,Evans County,10773,10792,10697,10659,10754,19,-95,-38,95,46,118,120,122,21,177,146,133,25,-59,-26,-11,0,2,3,3,-8,-42,-10,104,-8,-40,-7,107,2,4,-5,-1,461,461,483,556,618,10.982363069,11.238059562,11.394946995,16.473544604,13.672972467,12.422360248,-5.491181535,-2.434912905,-1.027413254,0.1861417469,0.280951489,0.2802036146,-3.908976686,-0.936504963,9.7137253071,-3.722834939,-0.655553474,9.9939289217
050,3,5,13,111,Georgia,Fannin County,25321,25436,25797,25733,25955,115,361,-64,222,37,177,185,186,86,431,476,434,-49,-254,-291,-248,0,-1,-6,-3,188,643,222,476,188,642,216,473,-24,-27,11,-3,131,131,90,83,82,6.909609041,7.1802833301,7.1970283238,16.825093202,18.474674947,16.793066089,-9.915484161,-11.29439162,-9.596037765,-0.039037339,-0.232874054,-0.116081102,25.101009115,8.6163399961,18.418201517,25.061971776,8.3834659422,18.302120415
050,3,5,13,113,Georgia,Fayette County,119181,119491,120715,121981,123351,310,1224,1266,1370,214,828,906,916,266,1099,1169,1061,-52,-271,-263,-145,1,139,294,307,337,1306,1339,1236,338,1445,1633,1543,24,50,-104,-28,587,587,577,632,703,6.8940825791,7.4661304677,7.4674318882,9.150479172,9.6334509015,8.6495035299,-2.256396593,-2.167320434,-1.182071642,1.1573399499,2.4227840591,2.5027309931,10.873999817,11.03438046,10.076141718,12.031339767,13.457164519,12.578872711
050,3,5,13,115,Georgia,Floyd County,98582,98583,98487,99437,100113,1,-96,950,676,260,1104,1109,1119,293,1449,1431,1267,-33,-345,-322,-148,3,69,199,216,4,101,1057,608,7,170,1256,824,27,79,16,0,4431,4344,4104,4196,4200,11.204140661,11.206321618,11.215234277,14.705434617,14.460095794,12.698571787,-3.501293956,-3.253774176,-1.483337509,0.7002587913,2.0108728603,2.1648709597,1.0250164916,10.680867404,6.0937108494,1.7252752829,12.691740264,8.2585818091
050,3,5,13,117,Georgia,Forsyth County,251287,252901,260783,267312,272887,1614,7882,6529,5575,556,2341,2466,2411,340,1641,1769,1559,216,700,697,852,12,359,970,1061,1410,7002,4845,3704,1422,7361,5815,4765,-24,-179,17,-42,1284,1284,1278,1280,1298,9.1145529158,9.3392287373,8.926340108,6.3891419628,6.6995521639,5.7719470047,2.725410953,2.6396765733,3.1543931033,1.3977464745,3.6735814579,3.9281820218,27.261896419,18.348971303,13.713464853,28.659642893,22.02255276,17.641646875
050,3,5,13,119,Georgia,Franklin County,23424,23471,23510,24146,24782,47,39,636,636,67,265,276,279,76,382,367,341,-9,-117,-91,-62,0,10,36,36,54,133,654,668,54,143,690,704,2,13,37,-6,798,798,506,797,798,11.281156212,11.583011583,11.404512753,16.261893106,15.402048011,13.938848921,-4.980736894,-3.819036428,-2.534336167,0.425704008,1.5108275978,1.4715500327,5.6618633064,27.44670136,27.305428385,6.0875673144,28.957528958,28.776978417
050,3,5,13,121,Georgia,Fulton County,1066675,1069394,1062451,1073698,1079105,2719,-6943,11247,5407,2800,11142,11526,11842,2024,8215,8125,7153,776,2927,3401,4689,135,1886,4745,4986,1669,-11771,3366,-4327,1804,-9885,8111,659,139,15,-265,59,34137,34002,29220,32768,33461,10.452917543,10.791382062,11.001471105,7.7069392944,7.6071472542,6.6452898849,2.7459782489,3.1842348076,4.3561812205,1.7693594046,4.4425739965,4.6321005684,-11.04301673,3.1514655579,-4.019875483,-9.273657325,7.5940395544,0.6122250852
050,3,5,13,123,Georgia,Gilmer County,31349,31427,32106,32403,32860,78,679,297,457,80,293,304,297,91,464,490,424,-11,-171,-186,-127,0,18,21,20,102,868,439,563,102,886,460,583,-13,-36,23,1,208,170,257,242,249,9.2235531141,9.4250414671,9.1016349233,14.606582406,15.19167868,12.993579823,-5.383029292,-5.766637213,-3.8919449,0.5666346623,0.6510719434,0.6129047086,27.324382604,13.610503961,17.253267548,27.891017267,14.261575904,17.866172257
050,3,5,13,125,Georgia,Glascock County,2887,2899,2901,2928,2954,12,2,27,26,7,30,31,32,3,54,51,50,4,-24,-20,-18,0,0,0,0,9,26,47,45,9,26,47,45,-1,0,0,-1,73,73,54,51,56,10.344827586,10.636472808,10.880652839,18.620689655,17.49871333,17.001020061,-8.275862069,-6.862240522,-6.120367222,0,0,0,8.9655172414,16.126265226,15.300918055,8.9655172414,16.126265226,15.300918055
050,3,5,13,127,Georgia,Glynn County,84500,84482,84786,85145,86172,-18,304,359,1027,184,881,880,900,252,1124,1160,1032,-68,-243,-280,-132,0,51,93,114,37,455,559,1045,37,506,652,1159,13,41,-13,0,2323,2273,2176,2120,2267,10.409528086,10.357144959,10.506838201,13.280714606,13.652600173,12.047841137,-2.871186521,-3.295455214,-1.541002936,0.6025947019,1.0945619104,1.3308661721,5.3760899875,6.5791409454,12.199606577,5.9786846894,7.6737028559,13.530472749
050,3,5,13,129,Georgia,Gordon County,57544,57722,58239,58855,59757,178,517,616,902,147,640,655,660,155,739,759,688,-8,-99,-104,-28,3,45,46,64,182,556,673,867,185,601,719,931,1,15,1,-1,489,489,492,491,490,11.038193876,11.187592874,11.12872222,12.745664491,12.963943498,11.60084983,-1.707470615,-1.776350624,-0.472127609,0.7761230069,0.7856935454,1.0791488214,9.5894309294,11.495038174,14.619094189,10.365553936,12.28073172,15.698243011
050,3,5,13,131,Georgia,Grady County,26236,26224,25850,25994,26066,-12,-374,144,72,74,293,298,298,66,359,351,328,8,-66,-53,-30,0,2,17,37,-22,-308,192,64,-22,-306,209,101,2,-2,-12,1,183,183,133,150,158,11.253216576,11.496026541,11.448328851,13.788070822,13.540621866,12.600845179,-2.534854246,-2.044595324,-1.152516327,0.076813765,0.6558135946,1.4214368037,-11.82931981,7.4068358923,2.4587014983,-11.75250605,8.0626494869,3.880138302
050,3,5,13,133,Georgia,Greene County,18913,19028,19544,20111,20722,115,516,567,611,27,143,139,141,53,280,275,254,-26,-137,-136,-113,0,11,19,30,164,676,650,691,164,687,669,721,-23,-34,34,3,102,102,99,99,94,7.4147049673,7.0104652629,6.9061788259,14.518303433,13.86962552,12.440917885,-7.103598465,-6.859160257,-5.534739059,0.5703619206,0.9582650359,1.4693997502,35.051332573,32.782751229,33.845174246,35.621694493,33.741016265,35.314573997
050,3,5,13,135,Georgia,Gwinnett County,957306,958359,965338,976173,983526,1053,6979,10835,7353,2647,10737,11385,11245,1361,6043,5929,5081,1286,4694,5456,6164,186,1907,5591,6165,-599,-107,276,-5069,-413,1800,5867,1096,180,485,-488,93,6130,5977,4916,5531,5934,11.162880641,11.727978878,11.47625222,6.2826942081,6.1076141212,5.1854902207,4.8801864327,5.6203647571,6.2907619997,1.9826407173,5.7594317004,6.2917825646,-0.11124413,0.2843146395,-5.173243442,1.8713965869,6.0437463398,1.1185391226
050,3,5,13,137,Georgia,Habersham County,46034,46142,46748,47465,48757,108,606,717,1292,134,489,530,526,160,569,601,552,-26,-80,-71,-26,3,42,82,107,130,647,707,1212,133,689,789,1319,1,-3,-1,-1,2904,2904,2814,2505,2739,10.528582194,11.251101228,10.933050654,12.251049629,12.758324223,11.473467606,-1.722467435,-1.507222995,-0.540416952,0.9042954032,1.7407364164,2.2240236121,13.930455377,15.008544468,25.191744092,14.83475078,16.749280885,27.415767704
050,3,5,13,139,Georgia,Hall County,202889,203473,207080,212621,217267,584,3607,5541,4646,613,2507,2698,2694,475,2052,2012,1758,138,455,686,936,4,122,477,671,417,3062,4217,3027,421,3184,4694,3698,25,-32,161,12,2606,2606,2296,2453,2396,12.212795912,12.856771845,12.533497097,9.9962733192,9.5877779657,8.1788744975,2.2165225927,3.268993879,4.3546225994,0.5943203435,2.2730467642,3.1217433378,14.916466327,20.095258291,14.082737829,15.510786671,22.368305055,17.204481167
050,3,5,13,141,Georgia,Hancock County,8736,8711,8677,8417,8676,-25,-34,-260,259,12,51,51,51,65,183,159,148,-53,-132,-108,-97,0,0,1,2,30,98,-159,353,30,98,-158,355,-2,0,6,1,1281,1281,1351,1152,1315,5.8661145618,5.967005967,5.9673550576,21.04899931,18.603018603,17.317030363,-15.18288475,-12.63601264,-11.34967531,0,0.117000117,0.2340139238,11.272141707,-18.6030186,41.303457556,11.272141707,-18.48601849,41.53747148
050,3,5,13,143,Georgia,Haralson County,29917,30036,30595,31355,32038,119,559,760,683,83,359,346,345,102,465,447,418,-19,-106,-101,-73,0,-2,-2,-1,144,685,832,759,144,683,830,758,-6,-18,31,-2,149,149,148,179,179,11.842126965,11.170298628,10.884482514,15.33868813,14.430992736,13.187575915,-3.496561165,-3.260694108,-2.303093401,-0.065972852,-0.0645682,-0.031549225,22.595701869,26.860371267,23.94586153,22.529729017,26.795803067,23.914312306
050,3,5,13,145,Georgia,Harris County,34666,34898,35589,36257,36654,232,691,668,397,69,302,311,305,95,372,364,334,-26,-70,-53,-29,2,6,17,19,273,768,689,410,275,774,706,429,-17,-13,15,-3,471,471,389,433,453,8.5689559777,8.6574061186,8.3663644718,10.555137827,10.13278401,9.1618548641,-1.986181849,-1.475377892,-0.795490392,0.1702441585,0.4732344181,0.5211833605,21.791252288,19.179912591,11.246588306,21.961496446,19.653147009,11.767771667
050,3,5,13,147,Georgia,Hart County,25829,25878,26319,26886,27556,49,441,567,670,63,256,285,266,84,411,424,392,-21,-155,-139,-126,0,2,7,7,72,611,656,790,72,613,663,797,-2,-17,43,-1,661,661,533,684,688,9.808992854,10.713278827,9.7718673083,15.748031496,15.938351659,14.40064656,-5.939038642,-5.225072832,-4.628779251,0.0766327567,0.2631331642,0.2571544029,23.411307163,24.659336529,29.021711179,23.48793992,24.922469693,29.278865582
050,3,5,13,149,Georgia,Heard County,11409,11444,11532,11716,12034,35,88,184,318,34,125,123,114,44,162,180,167,-10,-37,-57,-53,0,0,0,0,47,122,241,371,47,122,241,371,-2,3,0,0,108,108,101,104,105,10.88091922,10.581555403,9.6,14.101671309,15.485203028,14.063157895,-3.220752089,-4.903647626,-4.463157895,0,0,0,10.619777159,20.732966277,31.242105263,10.619777159,20.732966277,31.242105263
050,3,5,13,151,Georgia,Henry County,240703,241852,245085,248472,254613,1149,3233,3387,6141,574,2582,2718,2777,475,2150,2194,1922,99,432,524,855,1,71,222,252,1020,2630,2747,5076,1021,2701,2969,5328,29,100,-106,-42,689,689,369,648,1334,10.605068007,11.013925443,11.039883916,8.8307111598,8.8905638052,7.640855919,1.774356847,2.1233616381,3.3990279973,0.2916188336,0.8995921444,1.0018187781,10.802218768,11.131439732,20.179492531,11.093837601,12.031031877,21.181311309
050,3,5,13,153,Georgia,Houston County,163642,164356,167228,169775,171974,714,2872,2547,2199,465,1996,2024,2033,359,1684,1690,1454,106,312,334,579,2,86,122,131,595,2474,2096,1496,597,2560,2218,1627,11,0,-5,-7,1548,1548,1686,1840,1887,12.039181625,12.011762507,11.897620768,10.157305539,10.029584306,8.50916901,1.8818760857,1.9821782002,3.3884517585,0.5187222544,0.7240291629,0.7666445257,14.922312295,12.439058406,8.7549634381,15.441034549,13.163087569,9.5216079637
050,3,5,13,155,Georgia,Irwin County,9663,9647,9369,9114,9120,-16,-278,-255,6,30,100,99,99,37,156,155,150,-7,-56,-56,-51,0,0,2,2,-11,-212,-221,57,-11,-212,-219,59,2,-10,20,-2,796,796,567,320,264,10.517458982,10.712546665,10.858835143,16.407236012,16.77216902,16.45278052,-5.88977703,-6.059622356,-5.593945377,0,0.2164150841,0.2193704069,-22.29701304,-23.9138668,6.2520565976,-22.29701304,-23.69745171,6.4714270045
050,3,5,13,157,Georgia,Jackson County,75912,76731,80374,84009,88615,819,3643,3635,4606,206,949,1014,1040,191,811,845,756,15,138,169,284,0,35,84,126,877,3627,3234,4209,877,3662,3318,4335,-73,-157,148,-13,612,612,578,592,603,12.081092263,12.337042152,12.049309482,10.324305401,10.28086846,8.7589211234,1.7567868623,2.0561736919,3.2903883585,0.4455618854,1.0220034918,1.4598201872,46.172941663,39.347134436,48.764945778,46.618503549,40.369137928,50.224765965
050,3,5,13,159,Georgia,Jasper County,14590,14662,15263,15979,16455,72,601,716,476,29,159,177,180,32,215,212,197,-3,-56,-35,-17,0,2,9,13,78,688,706,484,78,690,715,497,-3,-33,36,-4,84,84,50,73,73,10.626566416,11.330900711,11.099463526,14.369256475,13.571474297,12.147746192,-3.742690058,-2.240573587,-1.048282666,0.1336675021,0.5761474938,0.8016279213,45.981620718,45.195570066,29.845224147,46.115288221,45.77171756,30.646852069
050,3,5,13,161,Georgia,Jeff Davis County,14777,14800,14860,14891,14906,23,60,31,15,45,158,166,163,48,205,220,212,-3,-47,-54,-49,0,2,2,3,22,100,87,61,22,102,89,64,4,5,-4,0,104,104,106,104,105,10.654079568,11.159288763,10.940698728,13.823331086,14.789418843,14.229620432,-3.169251517,-3.63013008,-3.288921704,0.1348617667,0.1344492622,0.2013625533,6.7430883345,5.8485429061,4.0943719166,6.8779501011,5.9829921683,4.2957344699
050,3,5,13,163,Georgia,Jefferson County,15710,15676,15476,15294,15183,-34,-200,-182,-111,29,164,160,166,61,312,280,266,-32,-148,-120,-100,0,4,3,8,-7,-65,-61,-18,-7,-61,-58,-10,5,9,-4,-1,525,525,510,516,527,10.529019004,10.399740006,10.893460642,20.030816641,18.199545011,17.455786331,-9.501797637,-7.799805005,-6.562325688,0.2568053416,0.1949951251,0.5249860551,-4.1730868,-3.964900877,-1.181218624,-3.916281459,-3.769905752,-0.656232569
050,3,5,13,165,Georgia,Jenkins County,8676,8663,8764,8655,8627,-13,101,-109,-28,16,93,96,94,35,129,137,129,-19,-36,-41,-35,0,8,7,7,3,132,-74,-1,3,140,-67,6,3,-3,-1,1,1115,1115,1234,1223,1130,10.673093476,11.022446754,10.878370559,14.804613531,15.729950055,14.928827682,-4.131520055,-4.707503301,-4.050457123,0.9181155678,0.8037200758,0.8100914246,15.148906869,-8.496469373,-0.115727346,16.067022436,-7.692749297,0.6943640782
050,3,5,13,167,Georgia,Johnson County,9188,9183,8999,9211,9282,-5,-184,212,71,22,82,95,97,27,169,146,138,-5,-87,-51,-41,0,0,1,4,-1,-96,244,107,-1,-96,245,111,1,-1,18,1,1705,1705,1584,1766,1853,9.0199098009,10.433827567,10.490455848,18.589814102,16.035145524,14.924566052,-9.569904301,-5.601317957,-4.434110204,0,0.1098297639,0.4325961174,-10.5598944,26.798462383,11.571946142,-10.5598944,26.908292147,12.004542259
050,3,5,13,169,Georgia,Jones County,28353,28402,28406,28512,28969,49,4,106,457,66,254,282,253,76,399,395,354,-10,-145,-113,-101,0,1,0,0,51,132,227,562,51,133,227,562,8,16,-8,-4,283,283,281,283,303,8.9424024785,9.9089918831,8.8029087873,14.047317279,13.87961629,12.317113481,-5.104914801,-3.970624407,-3.514204694,0.035206309,0,0,4.6472327841,7.9763870832,19.554287504,4.6824390931,7.9763870832,19.554287504
050,3,5,13,171,Georgia,Lamar County,18498,18549,18697,19473,20401,51,148,776,928,46,230,214,222,64,294,284,254,-18,-64,-70,-32,0,2,6,6,71,201,795,952,71,203,801,958,-2,9,45,2,948,945,545,606,740,12.350319497,11.212994498,11.135075488,15.78693014,14.880796437,12.740131414,-3.436610643,-3.667801939,-1.605055926,0.1073940826,0.3143830233,0.3009479862,10.7931053,41.655750589,47.750413803,10.900499382,41.970133613,48.05136179
050,3,5,13,173,Georgia,Lanier County,9883,9929,10051,10177,10452,46,122,126,275,29,136,142,129,22,108,121,114,7,28,21,15,2,22,65,74,38,72,44,187,40,94,109,261,-1,0,-4,-1,272,272,347,352,356,13.613613614,14.039944631,12.506665374,10.810810811,11.963614791,11.052401958,2.8028028028,2.0763298398,1.4542634156,2.2022022022,6.4267352185,7.1743661835,7.2072072072,4.3504053787,18.129817248,9.4094094094,10.777140597,25.304183431
050,3,5,13,175,Georgia,Laurens County,49570,49535,49524,49710,49941,-35,-11,186,231,139,603,596,609,179,783,777,675,-40,-180,-181,-66,1,26,69,69,-8,107,308,229,-7,133,377,298,12,36,-10,-1,928,928,864,910,875,12.174562634,12.012012012,12.222657073,15.808760436,15.659955257,13.547280007,-3.634197801,-3.647943245,-1.324622934,0.5249396824,1.3906523974,1.3848330674,2.160328693,6.2075498317,4.5960401802,2.6852683754,7.5982022291,5.9808732476
050,3,5,13,177,Georgia,Lee County,33164,33222,33209,33678,33872,58,-13,469,194,93,298,318,315,85,301,316,299,8,-3,2,16,0,4,26,26,39,-22,445,154,39,-18,471,180,11,8,-4,-2,975,975,739,961,988,8.9717150126,9.5085741624,9.3264248705,9.0620342912,9.4487718092,8.8527017024,-0.090319279,0.0598023532,0.473723168,0.1204257049,0.7774305919,0.769800148,-0.662341377,13.306023592,4.5595854922,-0.541915672,14.083454184,5.3293856403
050,3,5,13,179,Georgia,Liberty County,65271,65317,66800,67919,69210,46,1483,1119,1291,336,1285,1356,1382,99,551,575,518,237,734,781,864,11,-8,148,175,-216,789,195,251,-205,781,343,426,14,-32,-5,1,3141,3138,4358,4364,4433,19.452455021,20.130790757,20.156203283,8.3410916082,8.5362866411,7.5549300294,11.111363413,11.594504116,12.601273254,-0.121104778,2.1971659528,2.5523412261,11.943958764,2.8949146,3.6607865586,11.822853985,5.0920805529,6.2131277848
050,3,5,13,181,Georgia,Lincoln County,7689,7702,7749,7859,7879,13,47,110,20,13,75,85,87,24,126,120,113,-11,-51,-35,-26,0,0,3,3,27,99,141,43,27,99,144,46,-3,-1,1,0,67,67,67,42,26,9.7081095075,10.891850333,11.056042699,16.309623973,15.376729882,14.360147414,-6.601514465,-4.484879549,-3.304104715,0,0.3844182471,0.3812428517,12.81470455,18.067657611,5.4644808743,12.81470455,18.452075859,5.845723726
050,3,5,13,183,Georgia,Long County,16158,16270,17108,18395,19594,112,838,1287,1199,60,280,298,278,35,139,153,145,25,141,145,133,2,-3,9,12,88,729,1074,1055,90,726,1083,1067,-3,-29,59,-1,323,323,253,295,300,16.777518126,16.787313748,14.635815631,8.3288393553,8.6189899445,7.6337887283,8.4486787704,8.1683238036,7.0020269025,-0.179759123,0.5069994085,0.6317618258,43.681466834,60.501929414,55.542393851,43.501707712,61.008928823,56.174155677
050,3,5,13,185,Georgia,Lowndes County,118247,118416,118916,119499,120712,169,500,583,1213,364,1598,1573,1618,237,1211,1207,1088,127,387,366,530,4,13,73,97,-2,13,212,579,2,26,285,676,40,87,-68,7,5455,5444,4966,4838,4791,13.466367789,13.195478472,13.471489649,10.205113512,10.125201854,9.0587025573,3.2612542767,3.0702766185,4.4127870913,0.1095511773,0.6123775769,0.8076232979,0.1095511773,1.7784115932,4.820761747,0.2191023545,2.3907891701,5.6283850448
050,3,5,13,187,Georgia,Lumpkin County,33488,33641,32843,34706,35258,153,-798,1863,552,74,288,333,324,61,425,420,373,13,-137,-87,-49,1,48,77,74,145,-644,1721,526,146,-596,1798,600,-6,-65,152,1,4048,4044,2587,3872,3924,8.6637386439,9.8595093932,9.2619061231,12.785030985,12.435417253,10.662626494,-4.121292341,-2.575907859,-1.40072037,1.4439564406,2.2798264963,2.1153736207,-19.37308225,50.9556026,15.036304385,-17.9291258,53.235429096,17.151678006
050,3,5,13,189,Georgia,McDuffie County,21628,21607,21619,21690,21799,-21,12,71,109,74,238,266,265,70,315,314,298,4,-77,-48,-33,0,-6,-6,-6,-28,84,125,147,-28,78,119,141,3,11,0,1,132,132,126,216,198,11.011890992,12.283820915,12.186989814,14.574561606,14.500450253,13.70461496,-3.562670615,-2.216629338,-1.517625147,-0.277610697,-0.277078667,-0.275931845,3.8865497617,5.7724722344,6.7603301984,3.6089390645,5.4953935672,6.4843983536
050,3,5,13,191,Georgia,McIntosh County,10973,10985,11054,11183,11501,12,69,129,318,20,95,89,96,35,208,211,193,-15,-113,-122,-97,0,1,1,1,30,186,242,415,30,187,243,416,-3,-5,8,-1,55,55,1,55,55,8.6210808113,8.0046768899,8.4641156762,18.875629566,18.977380042,17.016399224,-10.25454875,-10.97270315,-8.552283548,0.0907482191,0.0899401898,0.0881678716,16.879168746,21.765525925,36.589666725,16.969916965,21.855466115,36.677834597
050,3,5,13,193,Georgia,Macon County,12080,12021,11852,11777,11817,-59,-169,-75,40,34,125,123,124,57,167,180,175,-23,-42,-57,-51,0,0,1,9,-35,-127,-12,83,-35,-127,-11,92,-1,0,-7,-1,1881,1881,1737,1798,2009,10.472081431,10.410935715,10.511146902,13.990700792,15.23551568,14.834279902,-3.518619361,-4.824579965,-4.323133,0,0.0846417538,0.7629058235,-10.63963473,-1.015701045,7.0356870391,-10.63963473,-0.931059292,7.7985928626
050,3,5,13,195,Georgia,Madison County,30128,30276,30887,31450,32191,148,611,563,741,85,366,401,403,74,380,403,382,11,-14,-2,21,0,6,-2,-1,142,633,549,721,142,639,547,720,-5,-14,18,0,144,144,144,144,144,11.968019881,12.865553363,12.664791565,12.425812992,12.929720712,12.004839647,-0.45779311,-0.064167348,0.6599519178,0.1961970472,-0.064167348,-0.031426282,20.698788483,17.613937148,22.658349177,20.89498553,17.5497698,22.626922896
050,3,5,13,197,Georgia,Marion County,7505,7530,7434,7436,7440,25,-96,2,4,14,75,65,71,20,124,128,122,-6,-49,-63,-51,0,7,13,15,34,-55,58,40,34,-48,71,55,-3,1,-6,0,92,92,92,76,76,10.024057739,8.7424344317,9.5455767679,16.573108794,17.215870881,16.402258672,-6.549051056,-8.473436449,-6.856681904,0.9355787223,1.7484868863,2.0166711482,-7.350975675,7.8009414929,5.3777897284,-6.415396953,9.5494283793,7.3944608766
050,3,5,13,199,Georgia,Meriwether County,20620,20617,20725,20890,20931,-3,108,165,41,64,249,259,241,89,401,364,327,-25,-152,-105,-86,0,0,0,0,23,266,263,126,23,266,263,126,-1,-6,7,1,91,76,76,64,70,12.045861352,12.447434819,11.525310251,19.399158241,17.493692178,15.638076564,-7.353296889,-5.046257359,-4.112766314,0,0,0,12.868269556,12.639673195,6.025680878,12.868269556,12.639673195,6.025680878
050,3,5,13,201,Georgia,Miller County,6000,5992,5853,5774,5747,-8,-139,-79,-27,19,47,56,56,24,133,120,114,-5,-86,-64,-58,0,0,-1,-1,-5,-49,-11,35,-5,-49,-12,34,2,-4,-3,-3,171,171,155,174,156,7.9358379063,9.6327513546,9.7213783526,22.456732799,20.641610046,19.789948789,-14.52089489,-11.00885869,-10.06857044,0,-0.172013417,-0.173596042,-8.273533136,-1.892147588,6.0758614704,-8.273533136,-2.064161005,5.9022654283
050,3,5,13,205,Georgia,Mitchell County,21763,21671,21318,21192,21114,-92,-353,-126,-78,50,264,234,234,97,310,298,282,-47,-46,-64,-48,0,-1,-3,-3,-47,-296,-53,-24,-47,-297,-56,-27,2,-10,-6,-3,1686,1686,1438,1404,1319,12.282211729,11.009174312,11.062260672,14.422294075,14.020230534,13.331442349,-2.140082347,-3.011056222,-2.269181676,-0.046523529,-0.14114326,-0.141823855,-13.77096467,-2.493530934,-1.134590838,-13.81748819,-2.634674194,-1.276414693
050,3,5,13,207,Georgia,Monroe County,27956,28057,28753,29469,30625,101,696,716,1156,69,266,281,268,98,390,396,359,-29,-124,-115,-91,0,-1,5,5,131,849,801,1247,131,848,806,1252,-1,-28,25,-5,1297,1297,1271,1283,1377,9.364548495,9.6527085981,8.9193596699,13.729977117,13.603105355,11.947948214,-4.365428622,-3.950396757,-3.028588545,-0.03520507,0.1717563807,0.166405964,29.889104031,27.515372196,41.501647419,29.853898961,27.687128577,41.668053383
050,3,5,13,209,Georgia,Montgomery County,8610,8576,8646,8643,8761,-34,70,-3,118,22,105,110,107,25,141,140,134,-3,-36,-30,-27,0,3,6,17,-28,100,22,128,-28,103,28,145,-3,3,-1,0,704,704,700,722,714,12.193705725,12.724853953,12.296023903,16.374404831,16.195268668,15.398758906,-4.180699106,-3.470414715,-3.102735003,0.3483915921,0.6940829429,1.9535738911,11.613053072,2.5449707907,14.709262239,11.961444664,3.2390537336,16.66283613
050,3,5,13,211,Georgia,Morgan County,20097,20201,20650,21024,21460,104,449,374,436,54,199,209,210,49,280,281,257,5,-81,-72,-47,0,0,1,3,104,546,428,483,104,546,429,486,-5,-16,17,-3,177,177,202,195,198,9.7427235563,10.030234679,9.8860747576,13.708354753,13.48562653,12.098672441,-3.965631196,-3.455391851,-2.212597684,0,0.0479915535,0.1412296394,26.731291768,20.540384892,22.737971942,26.731291768,20.588376446,22.879201582
050,3,5,13,213,Georgia,Murray County,39976,40012,39975,40410,41035,36,-37,435,625,117,397,471,454,103,538,547,490,14,-141,-76,-36,0,8,-6,1,8,66,520,660,8,74,514,661,14,30,-3,0,254,254,254,245,239,9.9266130746,11.718604217,11.148627908,13.45218598,13.609504261,12.032660077,-3.525572906,-1.890900044,-0.884032169,0.2000325053,-0.149281582,0.0245564491,1.6502681686,12.93773714,16.207256431,1.8503006739,12.788455558,16.23181288
050,3,5,13,215,Georgia,Muscogee County,206919,207006,205060,202432,201877,87,-1946,-2628,-555,665,2738,2653,2700,561,2528,2451,2140,104,210,202,560,28,86,312,368,-126,-2246,-3179,-1488,-98,-2160,-2867,-1120,81,4,37,5,6283,6279,5786,6192,6235,13.289133294,13.021114525,13.356121185,12.269879097,12.029684018,10.585962717,1.0192541971,0.9914305066,2.7701584679,0.4174088617,1.5313184063,1.8203898503,-10.90116632,-15.6027603,-7.360706786,-10.48375746,-14.07144189,-5.540316936
050,3,5,13,217,Georgia,Newton County,112527,112890,115341,117752,120135,363,2451,2411,2383,321,1258,1303,1306,266,1273,1219,1055,55,-15,84,251,1,57,225,280,282,2454,2077,1859,283,2511,2302,2139,25,-45,25,-7,1525,1528,1443,1477,1526,11.023918749,11.180086918,10.980003111,11.155364521,10.459344553,8.8697574899,-0.131445772,0.7207423646,2.1102456208,0.4994939338,1.9305599053,2.3540588599,21.504528307,17.821212992,15.629269359,22.004022241,19.751772898,17.983328219
050,3,5,13,219,Georgia,Oconee County,41798,42016,43034,43624,44182,218,1018,590,558,82,336,359,356,81,347,352,333,1,-11,7,23,1,18,53,54,212,1023,562,491,213,1041,615,545,4,-12,-32,-10,114,114,98,150,148,7.9012345679,8.285443929,8.1087852766,8.1599059377,8.123889312,7.5849030818,-0.25867137,0.161554617,0.5238821948,0.4232804233,1.223199243,1.2299842835,24.05643739,12.970527822,11.183745985,24.479717813,14.193727065,12.413730269
050,3,5,13,221,Georgia,Oglethorpe County,14826,14869,15187,15531,15754,43,318,344,223,40,158,179,162,52,187,204,187,-12,-29,-25,-25,0,6,4,4,57,350,360,245,57,356,364,249,-2,-9,5,-1,82,82,73,71,72,10.513707746,11.654404584,10.356400831,12.443438914,13.282114721,11.954610836,-1.929731168,-1.627710137,-1.598210005,0.3992547245,0.260433622,0.2557136008,23.28985893,23.439025978,15.662458047,23.689113655,23.6994596,15.918171648
050,3,5,13,223,Georgia,Paulding County,168666,169580,173989,178753,183164,914,4409,4764,4411,475,1996,2114,2007,319,1344,1425,1223,156,652,689,784,5,60,301,320,740,3764,3729,3326,745,3824,4030,3646,13,-67,45,-19,671,507,480,673,648,11.619208951,11.986097488,11.090940741,7.8237559268,8.0795595648,6.758455668,3.795453024,3.9065379229,4.3324850725,0.3492748182,1.7066297747,1.7683612541,21.911173592,21.142931661,18.379904785,22.260448411,22.849561436,20.148266039
050,3,5,13,225,Georgia,Peach County,27986,28036,28245,28486,28805,50,209,241,319,76,288,275,310,87,359,377,362,-11,-71,-102,-52,0,-1,-4,4,58,274,338,366,58,273,334,370,3,7,9,1,1447,1440,1349,1419,1459,10.234359731,9.6948758175,10.82194411,12.757413692,13.290793393,12.637237961,-2.523053961,-3.595917576,-1.815293851,-0.035535971,-0.141016376,0.1396379885,9.7368561326,11.915883732,12.776875949,9.7013201613,11.774867356,12.916513938
050,3,5,13,227,Georgia,Pickens County,33212,33337,34021,34825,35969,125,684,804,1144,75,283,316,317,108,430,500,456,-33,-147,-184,-139,0,1,-7,-5,177,861,939,1287,177,862,932,1282,-19,-31,56,1,336,336,289,298,303,8.4028623178,9.1799087819,8.9555612058,12.767599988,14.525172123,12.882447665,-4.36473767,-5.345263341,-3.926886459,0.029692093,-0.20335241,-0.141254909,25.564892069,27.278273248,36.359013476,25.594584162,27.074920838,36.217758567
050,3,5,13,229,Georgia,Pierce County,19715,19747,19975,20190,20425,32,228,215,235,57,235,249,253,54,323,318,276,3,-88,-69,-23,0,-1,-1,-1,23,319,288,258,23,318,287,257,6,-2,-3,1,124,124,124,159,193,11.832234026,12.398854724,12.458451311,16.263028045,15.834681937,13.591037794,-4.430794018,-3.435827213,-1.132586483,-0.050349932,-0.049794597,-0.049242891,16.061628317,14.340844018,12.704665764,16.011278385,14.291049421,12.655422873
050,3,5,13,231,Georgia,Pike County,18889,18946,19540,19955,20461,57,594,415,506,47,199,187,196,43,241,265,245,4,-42,-78,-49,0,2,3,3,47,657,487,554,47,659,490,557,6,-23,3,-2,230,230,296,228,230,10.341422855,9.469553108,9.6991290578,12.524034714,13.41942018,12.123911322,-2.182611859,-3.949867072,-2.424782264,0.103933898,0.1519179643,0.148456057,34.142285506,24.661349538,27.414885194,34.246219404,24.813267502,27.563341251
050,3,5,13,233,Georgia,Polk County,42851,42924,43316,43669,44223,73,392,353,554,126,530,566,584,119,631,650,574,7,-101,-84,10,0,15,21,22,58,470,415,519,58,485,436,541,8,8,1,3,372,372,236,274,269,12.291280148,13.013738001,13.289036545,14.633580705,14.945105478,13.061484549,-2.342300557,-1.931367477,0.2275519956,0.3478664193,0.4828418693,0.5006143904,10.899814471,9.5418750359,11.809948573,11.247680891,10.024716905,12.310562964
050,3,5,13,235,Georgia,Pulaski County,9854,9870,9570,9963,10095,16,-300,393,132,30,97,92,96,33,157,163,158,-3,-60,-71,-62,0,0,1,1,18,-228,427,195,18,-228,428,196,1,-12,36,-2,1304,1304,958,1332,1304,9.9794238683,9.4199559719,9.5722405025,16.152263374,16.689704602,15.754312494,-6.172839506,-7.269748631,-6.182071991,0,0.1023908258,0.0997108386,-23.45679012,43.720882609,19.443613521,-23.45679012,43.823273435,19.543324359
050,3,5,13,237,Georgia,Putnam County,22049,22170,22614,22933,23129,121,444,319,196,52,208,220,211,65,357,364,339,-13,-149,-144,-128,0,8,7,7,149,612,439,317,149,620,446,324,-15,-27,17,0,171,171,171,156,151,9.2890317971,9.6603508464,9.1615648474,15.943193998,15.983489582,14.71929139,-6.654162201,-6.323138736,-5.557726542,0.3572704537,0.3073747997,0.3039381703,27.331189711,19.276791007,13.76405714,27.688460164,19.584165807,14.067995311
050,3,5,13,239,Georgia,Quitman County,2237,2227,2242,2259,2280,-10,15,17,21,6,24,22,18,15,39,45,43,-9,-15,-23,-25,0,0,0,0,-2,30,39,46,-2,30,39,46,1,0,1,0,0,0,0,0,0,10.740657865,9.775605421,7.9312623926,17.453569031,19.995556543,18.946904605,-6.712911166,-10.21995112,-11.01564221,0,0,0,13.425822332,17.329482337,20.26878167,13.425822332,17.329482337,20.26878167
050,3,5,13,241,Georgia,Rabun County,16878,16912,17120,17267,17442,34,208,147,175,35,159,154,151,69,289,281,256,-34,-130,-127,-105,1,6,25,28,73,342,233,254,74,348,258,282,-6,-10,16,-2,136,136,87,216,187,9.3441466855,8.956873237,8.7009133078,16.984015045,16.343385582,14.751217264,-7.639868359,-7.386512345,-6.050303956,0.3526093089,1.4540378631,1.6134143882,20.098730606,13.551632885,14.635973379,20.451339915,15.005670748,16.249387767
050,3,5,13,243,Georgia,Randolph County,6421,6368,6263,6126,6078,-53,-105,-137,-48,18,63,57,57,50,112,112,106,-32,-49,-55,-49,0,0,1,3,-19,-58,-88,-1,-19,-58,-87,2,-2,2,5,-1,232,232,230,141,146,9.9754572085,9.2017111954,9.3411996067,17.734146148,18.080555331,17.371353655,-7.75868894,-8.878844136,-8.030154048,0,0.1614335297,0.4916420846,-9.183754255,-14.20615062,-0.163880695,-9.183754255,-14.04471709,0.3277613897
050,3,5,13,245,Georgia,Richmond County,206603,206524,205274,206344,205414,-79,-1250,1070,-930,691,2575,2620,2688,554,2638,2567,2245,137,-63,53,443,2,42,141,163,-279,-1319,893,-1550,-277,-1277,1034,-1387,61,90,-17,14,10883,10909,10523,11722,10973,12.506131647,12.730249892,13.05621263,12.812106907,12.47272957,10.904463301,-0.30597526,0.2575203222,2.1517493285,0.2039835065,0.6851012346,0.7917271796,-6.406053453,4.3389744861,-7.528694039,-6.202069947,5.0240757207,-6.736966859
050,3,5,13,247,Georgia,Rockdale County,93513,93611,93888,94945,95987,98,277,1057,1042,235,939,961,974,215,993,922,833,20,-54,39,141,0,45,107,122,49,220,939,784,49,265,1046,906,29,66,-28,-5,883,883,676,902,899,10.016053419,10.178305699,10.202585214,10.592056491,9.765242304,8.7256195923,-0.576003072,0.4130633946,1.4769656213,0.48000256,1.133276493,1.2779418851,2.3466791823,9.9452955786,8.2123478516,2.8266817423,11.078572072,9.4902897367
050,3,5,13,249,Georgia,Schley County,4548,4536,4486,4497,4526,-12,-50,11,29,14,59,48,50,11,52,56,57,3,7,-8,-7,0,0,0,0,-13,-55,21,35,-13,-55,21,35,-2,-2,-2,1,0,0,0,0,0,13.07913988,10.686852944,11.08278843,11.527377522,12.467995102,12.63437881,1.5517623587,-1.781142157,-1.55159038,0,0,0,-12.19241853,4.6754981632,7.7579519007,-12.19241853,4.6754981632,7.7579519007
050,3,5,13,251,Georgia,Screven County,14065,14077,14062,13970,14174,12,-15,-92,204,34,176,152,153,47,234,237,211,-13,-58,-85,-58,0,0,-1,0,24,33,2,264,24,33,1,264,1,10,-8,-2,244,244,209,244,245,12.50932869,10.844748858,10.872654918,16.631721099,16.909246575,14.994314952,-4.122392409,-6.064497717,-4.121660034,0,-0.071347032,0,2.3454991293,0.1426940639,18.760659466,2.3454991293,0.071347032,18.760659466
050,3,5,13,253,Georgia,Seminole County,9152,9133,9162,9144,9092,-19,29,-18,-52,16,97,90,96,37,145,157,143,-21,-48,-67,-47,0,1,2,2,1,73,49,-7,1,74,51,-5,1,3,-2,0,98,98,76,121,121,10.603990161,9.8328416912,10.528624698,15.851325499,17.152846061,15.683263874,-5.247335338,-7.32000437,-5.154639175,0.1093194862,0.2185075931,0.2193463479,7.9803224925,5.3534360319,-0.767712218,8.0896419787,5.571943625,-0.54836587
050,3,5,13,255,Georgia,Spalding County,67312,67471,67765,69008,69946,159,294,1243,938,213,832,863,848,229,1046,1071,927,-16,-214,-208,-79,0,3,37,50,175,486,1343,968,175,489,1380,1018,0,19,71,-1,783,783,574,921,858,12.304415984,12.619449745,12.205478072,15.469253749,15.660985721,13.342545015,-3.164837765,-3.041535976,-1.137066943,0.0443668846,0.5410424572,0.7196626222,7.1874352983,19.63837892,13.932668365,7.2318021829,20.179421377,14.652330987
050,3,5,13,257,Georgia,Stephens County,26779,26818,26765,26746,27228,39,-53,-19,482,74,268,291,297,85,433,474,422,-11,-165,-183,-125,0,7,5,9,47,95,170,593,47,102,175,602,3,10,-11,5,834,834,751,542,768,10.003172648,10.876268431,11.005298848,16.161842375,17.71598363,15.637158632,-6.158669727,-6.839715199,-4.631859784,0.2612768975,0.1868774644,0.3334939045,3.5459007521,6.3538337912,21.973542817,3.8071776496,6.5407112556,22.307036721
050,3,5,13,259,Georgia,Stewart County,5314,5303,4915,4604,4674,-11,-388,-311,70,10,26,33,33,17,73,79,80,-7,-47,-46,-47,0,68,105,109,-6,-378,-407,9,-6,-310,-302,118,2,-31,37,-1,1584,1590,1182,767,776,5.0890585242,6.9335014182,7.1136020694,14.288510472,16.598382183,17.245095926,-9.199451948,-9.664880765,-10.13149386,13.309845371,22.061140876,23.496443199,-73.98708162,-85.51318416,1.9400732917,-60.67723625,-63.45204328,25.436516491
050,3,5,13,261,Georgia,Sumter County,29615,29520,28981,28864,28890,-95,-539,-117,26,86,332,343,349,113,423,424,390,-27,-91,-81,-41,0,12,16,17,-71,-445,-34,49,-71,-433,-18,66,3,-15,-18,1,1726,1675,1427,1473,1557,11.350233329,11.859279108,12.085742979,14.46129126,14.659866886,13.505558057,-3.111057931,-2.800587778,-1.419815078,0.4102493974,0.553202524,0.5887038127,-15.21341516,-1.175555363,1.6968521661,-14.80316576,-0.622352839,2.2855559788
050,3,5,13,263,Georgia,Talbot County,5735,5726,5755,5757,5718,-9,29,2,-39,11,48,43,46,21,97,98,93,-10,-49,-55,-47,0,0,0,0,1,79,53,9,1,79,53,9,0,-1,4,-1,0,0,0,0,0,8.361640972,7.4704656011,8.0174291939,16.897482798,17.0257123,16.209150327,-8.535841826,-9.555246699,-8.191721133,0,0,0,13.761867433,9.2077831828,1.568627451,13.761867433,9.2077831828,1.568627451
050,3,5,13,265,Georgia,Taliaferro County,1559,1559,1569,1608,1609,0,10,39,1,2,17,15,13,9,25,37,32,-7,-8,-22,-19,0,0,0,0,8,18,58,22,8,18,58,22,-1,0,3,-2,19,19,19,19,19,10.869565217,9.4428706327,8.0820640348,15.984654731,23.292414227,19.89431147,-5.115089514,-13.84954359,-11.81224744,0,0,0,11.508951407,36.512433113,13.677339136,11.508951407,36.512433113,13.677339136
050,3,5,13,267,Georgia,Tattnall County,24284,24321,24092,23988,24296,37,-229,-104,308,72,235,271,290,56,328,329,283,16,-93,-58,7,0,6,-7,-7,14,-145,-24,307,14,-139,-31,300,7,3,-15,1,4375,4375,3968,3896,4111,9.7081362444,11.272878536,12.01226079,13.550079524,13.685524126,11.722309668,-3.84194328,-2.412645591,0.2899511225,0.2478673084,-0.291181364,-0.289951123,-5.990126619,-0.998336106,12.716427802,-5.742259311,-1.289517471,12.42647668
050,3,5,13,269,Georgia,Taylor County,7814,7818,7769,7762,7758,4,-49,-7,-4,22,86,75,69,28,128,136,129,-6,-42,-61,-60,0,-1,9,9,9,-11,46,48,9,-12,55,57,1,5,-1,-1,232,232,218,218,232,11.034836723,9.6581031485,8.8917525773,16.423943029,17.513360376,16.62371134,-5.389106307,-7.855257227,-7.731958763,-0.128312055,1.1589723778,1.1597938144,-1.411432604,5.9236365978,6.1855670103,-1.539744659,7.0826089756,7.3453608247
050,3,5,13,271,Georgia,Telfair County,12476,12465,12317,12378,10920,-11,-148,61,-1458,29,125,120,126,55,226,184,177,-26,-101,-64,-51,0,19,24,32,14,-71,100,-1455,14,-52,124,-1423,1,5,1,16,3035,3048,2964,3099,1635,10.087967073,9.7185665114,10.816379088,18.239044468,14.901801984,15.194437291,-8.151077395,-5.183235473,-4.378058202,1.5333709951,1.9437133023,2.7470169113,-5.729965297,8.0988054262,-124.9034252,-4.196594302,10.042518728,-122.1564083
050,3,5,13,273,Georgia,Terrell County,9184,9140,8924,8792,8718,-44,-216,-132,-74,17,84,87,88,52,129,139,137,-35,-45,-52,-49,0,0,1,1,-11,-165,-80,-25,-11,-165,-79,-24,2,-6,-1,-1,292,292,293,293,296,9.3002657219,9.8216301648,10.0513992,14.28255093,15.692029804,15.648201028,-4.982285208,-5.870399639,-5.596801828,0,0.1128923007,0.1142204455,-18.2683791,-9.03138406,-2.855511136,-18.2683791,-8.918491759,-2.741290691
050,3,5,13,275,Georgia,Thomas County,45791,45775,45818,45551,45649,-16,43,-267,98,133,520,506,526,164,653,664,602,-31,-133,-158,-76,0,-3,-1,6,3,149,-92,168,3,146,-93,174,12,30,-16,0,481,481,485,481,487,11.354579498,11.075966685,11.535087719,14.258731562,14.534470116,13.201754386,-2.904152064,-3.458503431,-1.666666667,-0.065507189,-0.021889262,0.1315789474,3.2535237409,-2.013812124,3.6842105263,3.1880165515,-2.035701387,3.8157894737
050,3,5,13,277,Georgia,Tift County,41357,41387,41082,41335,41554,30,-305,253,219,139,498,502,513,122,569,546,491,17,-71,-44,22,0,3,20,29,-2,-254,286,165,-2,-251,306,194,15,17,-9,3,918,918,845,976,1014,12.077265397,12.181952752,12.377999493,13.79912452,13.249693631,11.847169106,-1.721859123,-1.067740879,0.5308303876,0.0727546108,0.485336763,0.6997309655,-6.159890383,6.9403157116,3.9812279072,-6.087135772,7.4256524746,4.6809588727
050,3,5,13,279,Georgia,Toombs County,27026,27078,26847,26813,27040,52,-231,-34,227,105,362,377,384,96,458,429,382,9,-96,-52,2,2,17,38,56,35,-165,-8,168,37,-148,30,224,6,13,-12,1,593,593,537,557,540,13.426054706,14.051434961,14.261043953,16.986555401,15.989563921,14.186767682,-3.560500695,-1.93812896,0.0742762706,0.6305053315,1.4163250093,2.0797355765,-6.11961057,-0.298173686,6.2392067294,-5.489105239,1.1181513231,8.3189423059
050,3,5,13,281,Georgia,Towns County,12488,12547,12880,12961,13035,59,333,81,74,17,105,94,99,45,236,245,226,-28,-131,-151,-127,0,7,5,5,100,483,233,196,100,490,238,201,-13,-26,-6,0,898,896,878,578,570,8.2589373501,7.2752602453,7.6165563933,18.562944901,18.962114469,17.387290352,-10.30400755,-11.68685422,-9.770733959,0.5505958233,0.3869819279,0.3846745653,37.99111181,18.033357842,15.07924296,38.541707634,18.42033977,15.463917526
050,3,5,13,283,Georgia,Treutlen County,6401,6397,6365,6359,6341,-4,-32,-6,-18,19,59,77,79,20,118,119,97,-1,-59,-42,-18,0,0,0,0,-5,28,36,2,-5,28,36,2,2,-1,0,-2,419,419,491,468,482,9.2461996552,12.103112229,12.440944882,18.49239931,18.704809808,15.275590551,-9.246199655,-6.601697579,-2.834645669,0,0,0,4.388026955,5.6585979252,0.3149606299,4.388026955,5.6585979252,0.3149606299
050,3,5,13,285,Georgia,Troup County,69426,69333,69518,70247,70742,-93,185,729,495,184,858,900,920,238,918,907,795,-54,-60,-7,125,0,37,71,86,-47,159,661,283,-47,196,732,369,8,49,4,1,1563,1504,1353,1351,1280,12.358571418,12.878760777,13.050663527,13.222807182,12.978928916,11.277475548,-0.864235764,-0.100168139,1.7731879792,0.5329453875,1.015991128,1.2199533297,2.2902247733,9.458734304,4.0144975849,2.8231701608,10.474725432,5.2344509146
050,3,5,13,287,Georgia,Turner County,9003,8986,8919,8836,8909,-17,-67,-83,73,25,98,110,115,33,139,135,131,-8,-41,-25,-16,0,0,-1,-1,-11,-31,-53,90,-11,-31,-54,89,2,5,-4,0,266,266,266,310,326,10.946662943,12.39087581,12.961397577,15.526389277,15.206983948,14.764722457,-4.579726333,-2.816108139,-1.80332488,0,-0.112644326,-0.112707805,-3.462719911,-5.970149254,10.143702451,-3.462719911,-6.082793579,10.030994646
050,3,5,13,289,Georgia,Twiggs County,8024,8013,7881,7676,7691,-11,-132,-205,15,20,73,69,56,34,174,161,153,-14,-101,-92,-97,0,0,0,0,2,-34,-114,113,2,-34,-114,113,1,3,1,-1,104,104,104,104,104,9.185856298,8.8706048724,7.2883451552,21.895054738,20.698078036,19.912800156,-12.70919844,-11.82747316,-12.624455,0,0,0,-4.278344029,-14.65578196,14.706839331,-4.278344029,-14.65578196,14.706839331
050,3,5,13,291,Georgia,Union County,24628,24802,25552,26390,27124,174,750,838,734,40,159,176,175,94,445,445,399,-54,-286,-269,-224,0,7,22,28,260,1081,1034,932,260,1088,1056,960,-32,-52,51,-2,457,457,470,518,527,6.3152877626,6.776789496,6.5403445827,17.674861977,17.134496169,14.911985649,-11.35957421,-10.35770667,-8.371641066,0.2780315367,0.847098687,1.0464551332,42.936013028,39.813638289,34.832006578,43.214044564,40.660736976,35.878461711
050,3,5,13,293,Georgia,Upson County,27700,27745,27689,28093,28263,45,-56,404,170,88,325,331,329,119,515,514,451,-31,-190,-183,-122,0,6,-4,-5,76,111,567,296,76,117,563,291,0,17,24,1,321,321,260,370,367,11.725655735,11.86762755,11.675775428,18.580654472,18.428883869,16.005394279,-6.854998737,-6.561256319,-4.329618852,0.2164736443,-0.143415439,-0.177443396,4.0047624202,20.329138432,10.504649017,4.2212360645,20.185722993,10.327205621
050,3,5,13,295,Georgia,Walker County,67653,67738,68417,68965,69489,85,679,548,524,188,684,776,603,243,971,1002,879,-55,-287,-226,-276,0,7,7,7,135,962,751,794,135,969,758,801,5,-3,16,-1,1253,1253,1148,1420,1293,10.04737248,11.296967579,8.7104742369,14.263155962,14.587063807,12.697357967,-4.215783482,-3.290096228,-3.98688373,0.1028239874,0.1019056354,0.1011166163,14.130953692,10.933018882,11.46951334,14.23377768,11.034924517,11.570629957
050,3,5,13,297,Georgia,Walton County,96664,97158,99814,103064,106702,494,2656,3250,3638,245,1036,1093,1146,265,1181,1194,1035,-20,-145,-101,111,1,25,88,89,538,2864,3145,3455,539,2889,3233,3544,-25,-88,118,-17,766,766,769,978,912,10.519261621,10.774948491,10.926460914,11.991552099,11.770620767,9.8681387832,-1.472290478,-0.995672276,1.0583221304,0.2538431858,0.8675164385,0.848564591,29.080275369,31.003854533,32.941468112,29.334118555,31.871370972,33.790032703
050,3,5,13,299,Georgia,Ware County,36247,36229,35545,35597,36243,-18,-684,52,646,120,444,441,459,148,617,613,547,-28,-173,-172,-88,0,3,21,34,-2,-502,213,696,-2,-499,234,730,12,-12,-10,4,2258,2258,1833,1886,2264,12.372168195,12.397739732,12.778396437,17.192855352,17.233139355,15.228285078,-4.820687157,-4.835399623,-2.449888641,0.083595731,0.5903685587,0.9465478842,-13.98835233,5.9880239521,19.376391982,-13.9047566,6.5783925108,20.322939866
050,3,5,13,301,Georgia,Warren County,5210,5207,5208,5157,5106,-3,1,-51,-51,9,57,51,51,20,109,93,84,-11,-52,-42,-33,0,0,1,1,8,51,-10,-20,8,51,-9,-19,0,2,0,1,75,75,75,71,71,10.94575132,9.8408104197,9.9386144402,20.931349016,17.945007236,16.369482607,-9.985597696,-8.104196816,-6.430868167,0,0.1929570671,0.1948747929,9.7935669707,-1.929570671,-3.897495859,9.7935669707,-1.736613603,-3.702621066
050,3,5,13,303,Georgia,Washington County,19994,19952,19758,19765,19820,-42,-194,7,55,49,191,204,205,56,342,303,273,-7,-151,-99,-68,0,0,3,3,-37,-57,110,117,-37,-57,113,120,2,14,-7,3,1726,1726,1690,1790,1888,9.6197431377,10.323103003,10.357458633,17.224880383,15.332844167,13.793103448,-7.605137245,-5.009741163,-3.435644815,0,0.1518103383,0.1515725654,-2.870813397,5.5663790704,5.9113300493,-2.870813397,5.7181894087,6.0629026146
050,3,5,13,305,Georgia,Wayne County,30139,30142,30220,30737,31373,3,78,517,636,77,327,337,339,89,464,497,442,-12,-137,-160,-103,0,53,41,43,5,145,614,696,5,198,655,739,10,17,22,0,1899,1899,1751,1941,1997,10.834631059,11.056974589,10.916116567,15.373910739,16.306576767,14.232812752,-4.539279679,-5.249602179,-3.316696184,1.7560717007,1.3452105583,1.3846401546,4.8043471058,20.14534836,22.411849944,6.5604188065,21.490558919,23.796490098
050,3,5,13,307,Georgia,Webster County,2348,2351,2362,2337,2337,3,11,-25,0,4,20,17,18,8,26,29,28,-4,-6,-12,-10,0,1,1,6,7,17,-14,4,7,18,-13,10,0,-1,0,0,0,0,0,0,0,8.4871631657,7.2355820387,7.702182285,11.033312115,12.343051713,11.981172443,-2.54614895,-5.107469674,-4.278990158,0.4243581583,0.4256224729,2.567394095,7.2140886909,-5.95871462,1.7115960633,7.6384468491,-5.533092147,4.2789901583
050,3,5,13,309,Georgia,Wheeler County,7480,7449,7737,7310,7081,-31,288,-427,-229,11,62,68,70,19,87,79,76,-8,-25,-11,-6,0,0,0,0,-23,335,-457,-225,-23,335,-457,-225,0,-22,41,2,2421,2421,2676,2274,2100,8.1654155143,9.0383465143,9.7283024112,11.45792177,10.50043198,10.562156904,-3.292506256,-1.462085466,-0.833854492,0,0,0,44.119583827,-60.74300525,-31.26954346,44.119583827,-60.74300525,-31.26954346
050,3,5,13,311,Georgia,White County,27997,28108,28389,28804,29026,111,281,415,222,50,268,273,272,82,433,446,408,-32,-165,-173,-136,0,2,9,16,154,454,557,339,154,456,566,355,-11,-10,22,3,715,715,653,665,668,9.4872294104,9.5466228385,9.4068822411,15.328247518,15.596314234,14.110323362,-5.841018107,-6.049691396,-4.703441121,0.0708002195,0.3147238298,0.5533460142,16.071649822,19.477908136,11.724018675,16.142450042,19.792631965,12.27736469
050,3,5,13,313,Georgia,Whitfield County,102867,102784,102712,103095,103687,-83,-72,383,592,282,1227,1215,1204,228,1129,1118,979,54,98,97,225,2,37,126,170,-145,-272,213,197,-143,-235,339,367,6,65,-53,0,1090,1090,894,991,959,11.941838284,11.80717857,11.645114178,10.988048429,10.864547853,9.4689092861,0.9537898548,0.9426307171,2.1762048921,0.3601043329,1.224448148,1.6442436963,-2.647253475,2.0699004407,1.9053882833,-2.287149142,3.2943485887,3.5496319796
050,3,5,13,315,Georgia,Wilcox County,8764,8787,8737,8751,8779,23,-50,14,28,21,71,78,83,42,150,155,146,-21,-79,-77,-63,0,0,-2,-2,47,31,89,93,47,31,87,91,-3,-2,4,0,1886,1945,1901,1984,2087,8.1031727916,8.9204025618,9.4694808899,17.119379137,17.726440988,16.657159156,-9.016206346,-8.806038426,-7.187678266,0,-0.228728271,-0.228180262,3.5380050217,10.178408051,10.610382202,3.5380050217,9.9496797804,10.38220194
050,3,5,13,317,Georgia,Wilkes County,9562,9552,9489,9565,9518,-10,-63,76,-47,23,95,95,94,33,194,177,169,-10,-99,-82,-75,0,3,6,7,-3,29,146,22,-3,32,152,29,3,4,6,-1,108,108,95,108,109,9.9784675175,9.9716594941,9.8517004664,20.377081036,18.57877611,17.712099775,-10.39861352,-8.607116616,-7.860399308,0.3151095006,0.6297890207,0.7336372688,3.0460585053,15.32486617,2.3057171304,3.3611680059,15.954655191,3.0393543992
050,3,5,13,319,Georgia,Wilkinson County,8875,8833,8786,8677,8725,-42,-47,-109,48,18,101,100,108,43,172,166,156,-25,-71,-66,-48,0,0,2,2,-17,20,-42,94,-17,20,-40,96,0,4,-3,0,106,106,107,106,107,11.464895851,11.45278589,12.412366395,19.524377093,19.011624578,17.928973681,-8.059481242,-7.558838688,-5.516607287,0,0.2290557178,0.2298586369,2.2702764062,-4.810170074,10.803355936,2.2702764062,-4.581114356,11.033214573
050,3,5,13,321,Georgia,Worth County,20774,20732,20565,20431,20273,-42,-167,-134,-158,66,227,220,208,79,289,319,299,-13,-62,-99,-91,0,1,-1,-1,-30,-114,-27,-67,-30,-113,-28,-68,1,8,-7,1,172,172,169,173,174,10.993534639,10.732754415,10.220125786,13.996174056,15.562493902,14.691430818,-3.002639417,-4.829739487,-4.471305031,0.048429668,-0.048785247,-0.04913522,-5.520982154,-1.317201678,-3.292059748,-5.472552486,-1.365986926,-3.341194969
040,4,9,15,000,Hawaii,Hawaii,1455274,1451181,1446745,1439399,1435138,-4093,-4436,-7346,-4261,3836,15528,15746,15167,2843,12152,13375,12812,993,3376,2371,2355,119,2043,5917,4627,-4831,-9982,-15664,-11193,-4712,-7939,-9747,-6566,-374,127,30,-50,40759,38589,40519,40072,40128,10.716629755,10.911444474,10.552655958,8.3866875828,9.2684218112,8.9141312149,2.3299421724,1.6430226628,1.6385247433,1.4099738917,4.1002805127,3.2193010561,-6.8890648,-10.85462125,-7.787688939,-5.479090908,-6.75434074,-4.568387883
050,4,9,15,001,Hawaii,Hawaii County,200635,200744,203875,206348,207615,109,3131,2473,1267,503,2053,2109,1945,429,1871,2143,2051,74,182,-34,-106,13,327,742,583,-28,2646,1757,784,-15,2973,2499,1367,50,-24,8,6,2700,2427,2643,2683,2683,10.147818071,10.282212358,9.396975092,9.2482063373,10.447975857,9.9090981561,0.8996117335,-0.165763499,-0.512123064,1.6163353673,3.6175446038,2.8166768528,13.078970587,8.5660725995,3.7877781348,14.695305954,12.183617203,6.6044549875
050,4,9,15,003,Hawaii,Honolulu County,1016507,1012399,1004163,994828,989408,-4108,-8236,-9335,-5420,2748,10998,11140,10799,1968,8386,9172,8770,780,2612,1968,2029,101,1369,4293,3399,-4530,-12242,-15707,-10794,-4429,-10873,-11414,-7395,-459,25,111,-54,34887,33109,34718,34230,34281,10.907673555,11.145622967,10.884793946,8.3171258806,9.1766296096,8.8396743129,2.5905476747,1.9689933571,2.0451196329,1.3577564191,4.2951669117,3.4260037616,-12.1414566,-15.71492818,-10.87975422,-10.78370018,-11.41976127,-7.453750461
050,4,9,15,005,Hawaii,Kalawao County,80,80,81,81,81,0,1,0,0,0,1,0,0,0,0,0,0,0,1,0,0,0,0,0,0,0,0,0,0,0,0,0,0,0,0,0,0,18,18,18,18,18,12.422360248,0,0,0,0,0,12.422360248,0,0,0,0,0,0,0,0,0,0,0
050,4,9,15,007,Hawaii,Kauai County,73296,73190,73829,73783,73851,-106,639,-46,68,171,785,800,779,149,558,655,640,22,227,145,139,0,108,245,175,-126,262,-409,-247,-126,370,-164,-72,-2,42,-27,1,934,892,928,916,918,10.678891844,10.839227163,10.553124619,7.5908556037,8.8746172398,8.6700895458,3.0880362402,1.9646099233,1.8830350732,1.4691978588,3.3195133187,2.3707276102,3.5641651759,-5.541554887,-3.346112684,5.0333630347,-2.222041568,-0.975385074
050,4,9,15,009,Hawaii,Maui County,164756,164768,164797,164359,164183,12,29,-438,-176,414,1691,1697,1644,297,1337,1405,1351,117,354,292,293,5,239,637,470,-147,-648,-1305,-936,-142,-409,-668,-466,37,84,-62,-3,2220,2143,2212,2225,2228,10.262012046,10.311220212,10.007852877,8.1137256687,8.5369855023,8.2242148645,2.1482863775,1.7742347094,1.7836380128,1.4503967351,3.8705051708,2.8611258226,-3.93245642,-7.929370876,-5.697901638,-2.482059685,-4.058865705,-2.836775816
040,4,8,16,000,Idaho,Idaho,1839117,1849339,1904537,1938996,1964726,10222,55198,34459,25730,5467,21850,22418,22456,3629,17141,18938,16817,1838,4709,3480,5639,58,698,1779,4664,8814,51524,28586,15389,8872,52222,30365,20053,-488,-1733,614,38,49704,49640,50083,50140,50256,11.641300885,11.665308975,11.504917615,9.1324273897,9.8544750364,8.6158799218,2.508873495,1.8108339385,2.8890376927,0.3718822891,0.9257107979,2.3895144173,27.451093217,14.874856024,7.8842704475,27.822975506,15.800566822,10.273784865
050,4,8,16,001,Idaho,Ada County,494961,498278,513025,519004,524673,3317,14747,5979,5669,1231,4983,5039,5080,873,3962,4331,3781,358,1021,708,1299,16,176,391,1435,3144,14005,4890,2916,3160,14181,5281,4351,-201,-455,-10,19,13481,13453,13517,13668,13711,9.8546133058,9.7652294655,9.7348125905,7.8354360661,8.393174998,7.2455366938,2.0191772397,1.3720544675,2.4892758967,0.3480658121,0.7577306452,2.7498929266,27.696941471,9.4764778897,5.5879357311,28.045007283,10.234208535,8.3378286577
050,4,8,16,003,Idaho,Adams County,4382,4428,4623,4791,4903,46,195,168,112,13,31,30,28,14,48,58,53,-1,-17,-28,-25,0,2,3,1,53,224,183,136,53,226,186,137,-6,-14,10,0,29,29,29,29,29,6.8500718153,6.373486297,5.7767691355,10.606562811,12.322073508,10.934598721,-3.756490995,-5.948587211,-5.157829585,0.4419401171,0.6373486297,0.2063131834,49.497293117,38.878266412,28.058592944,49.939233234,39.515615041,28.264906128
050,4,8,16,005,Idaho,Bannock County,87019,87276,88515,89625,90400,257,1239,1110,775,282,1077,1065,1059,192,888,975,871,90,189,90,188,1,31,72,223,148,1008,952,361,149,1039,1024,584,18,11,-4,3,2260,2258,2376,2333,2343,12.253187023,11.956887841,11.765032634,10.102906292,10.946446615,9.6764338286,2.1502807311,1.010441226,2.0885988057,0.3526915485,0.8083529808,2.4774336898,11.468163899,10.688222746,4.0105540897,11.820855448,11.496575727,6.4879877795
050,4,8,16,007,Idaho,Bear Lake County,6370,6367,6567,6730,6766,-3,200,163,36,23,85,79,77,27,70,77,68,-4,15,2,9,0,2,7,17,0,191,148,10,0,193,155,27,1,-8,6,0,59,59,59,59,59,13.143652389,11.882379484,11.410788382,10.82418432,11.58155975,10.07705987,2.3194680687,0.3008197338,1.3337285122,0.3092624092,1.0528690682,2.5192649674,29.534560074,22.260660299,1.4819205691,29.843822483,23.313529368,4.0011855365
050,4,8,16,009,Idaho,Benewah County,9531,9576,9895,10291,10369,45,319,396,78,25,86,95,104,23,151,159,150,2,-65,-64,-46,0,0,0,1,47,400,442,124,47,400,442,125,-4,-16,18,-1,66,66,66,66,66,8.8336500437,9.412464084,10.067763795,15.510246007,15.75349252,14.520813166,-6.676595963,-6.341028436,-4.453049371,0,0,0.0968054211,41.086744389,43.792727633,12.003872217,41.086744389,43.792727633,12.100677638
050,4,8,16,011,Idaho,Bingham County,47983,48097,48929,49973,50395,114,832,1044,422,152,669,664,667,107,482,519,471,45,187,145,196,1,9,8,7,55,632,870,219,56,641,878,226,13,4,21,0,503,503,503,503,503,13.790118113,13.427433217,13.291088793,9.9354812112,10.49523771,9.3854615017,3.8546369014,2.9321955067,3.9056272916,0.185517284,0.1617763038,0.139486689,13.027435945,17.59317304,4.3639406982,13.212953229,17.754949344,4.5034273872
050,4,8,16,013,Idaho,Blaine County,24278,24348,24782,24901,25041,70,434,119,140,38,182,198,199,44,147,155,153,-6,35,43,46,6,46,114,269,72,357,-24,-174,78,403,90,95,-2,-4,-14,-1,383,383,383,383,383,7.4089151231,7.9705331804,7.9692443234,5.9841237533,6.2395588028,6.1271074446,1.4247913698,1.7309743776,1.8421368788,1.8725829432,4.5890948614,10.772496095,14.532871972,-0.966125234,-6.968082976,16.405454916,3.6229696274,3.8044131192
050,4,8,16,015,Idaho,Boise County,7614,7664,8133,8360,8517,50,469,227,157,12,58,67,68,7,88,91,84,5,-30,-24,-16,1,11,26,66,50,514,212,106,51,525,238,172,-6,-26,13,1,19,19,19,19,19,7.343166424,8.1246589462,8.058304201,11.141355954,11.034984539,9.9543757777,-3.79818953,-2.910325593,-1.896071577,1.3926694942,3.1528527254,7.8212952539,65.075647275,25.707876069,12.561474196,66.468316769,28.860728794,20.38276945
050,4,8,16,017,Idaho,Bonner County,47103,47403,49633,51407,52547,300,2230,1774,1140,97,435,455,448,98,505,631,549,-1,-70,-176,-101,0,11,38,107,331,2407,1819,1139,331,2418,1857,1246,-30,-118,93,-5,519,519,519,519,519,8.9657446721,9.0063341251,8.6191969525,10.408508183,12.49010293,10.562364123,-1.44276351,-3.483768804,-1.94316717,0.2267199802,0.7521773555,2.0586028436,49.610453852,36.005542359,21.913538681,49.837173832,36.757719715,23.972141524
050,4,8,16,019,Idaho,Bonneville County,123964,124737,128064,129543,131366,773,3327,1479,1823,452,1805,1799,1803,229,1142,1122,994,223,663,677,809,2,14,1,69,554,2707,813,935,556,2721,814,1004,-6,-57,-12,10,1672,1672,1672,1671,1671,14.280006804,13.967011766,13.820910739,9.0347743878,8.7109434138,7.61951485,5.245232416,5.2560683522,6.201395889,0.1107590555,0.0077637642,0.5289200449,21.416054525,6.3119402811,7.1672498841,21.526813581,6.3197040453,7.696169929
050,4,8,16,021,Idaho,Boundary County,12057,12139,12620,13272,13557,82,481,652,285,35,137,149,151,29,140,177,153,6,-3,-28,-2,0,19,25,73,82,488,630,215,82,507,655,288,-6,-23,25,-1,119,119,119,119,119,11.066682822,11.509346516,11.256476201,11.309018943,13.672176734,11.405568601,-0.24233612,-2.162830218,-0.1490924,1.5347954279,1.9310984088,5.4418726005,39.420008886,48.663679901,16.027433002,40.954804314,50.59477831,21.469305602
050,4,8,16,023,Idaho,Butte County,2576,2584,2666,2698,2758,8,82,32,60,9,39,32,33,10,32,45,37,-1,7,-13,-4,0,0,-1,0,9,79,44,65,9,79,43,65,0,-4,2,-1,4,4,4,4,4,14.857142857,11.931394482,12.096774194,12.19047619,16.77852349,13.563049853,2.6666666667,-4.847129008,-1.46627566,0,-0.372856078,0,30.095238095,16.405667412,23.826979472,30.095238095,16.032811335,23.826979472
050,4,8,16,025,Idaho,Camas County,1074,1084,1137,1169,1232,10,53,32,63,3,9,11,11,5,6,6,6,-2,3,5,5,0,1,1,0,14,53,25,58,14,54,26,58,-2,-4,1,0,0,0,0,0,0,8.1044574516,9.540329575,9.162848813,5.4029716344,5.2038161318,4.9979175344,2.7014858172,4.3365134432,4.1649312786,0.9004952724,0.8673026886,0,47.726249437,21.682567216,48.313202832,48.62674471,22.549869905,48.313202832
050,4,8,16,027,Idaho,Canyon County,231102,233013,243710,250892,257674,1911,10697,7182,6782,836,3185,3326,3341,396,1989,2270,1970,440,1196,1056,1371,10,55,209,584,1572,9885,5653,4816,1582,9940,5862,5400,-111,-439,264,11,3227,3227,3225,3233,3234,13.362057211,13.449197537,13.138904292,8.344468381,9.179097537,7.7472737069,5.0175888304,4.2700999996,5.3916305848,0.2307419613,0.8451239583,2.2966537283,41.470623402,22.858783426,18.939528006,41.701365363,23.703907384,21.236181735
050,4,8,16,029,Idaho,Caribou County,7027,7013,7109,7200,7219,-14,96,91,19,17,92,89,85,19,88,79,76,-2,4,10,9,0,6,10,4,-13,85,69,8,-13,91,79,12,1,1,2,-2,77,77,77,77,77,13.029315961,12.439723251,11.789999306,12.462823963,11.042001537,10.541646439,0.5664919983,1.3977217136,1.2483528677,0.8497379975,1.3977217136,0.5548234968,12.037954964,9.6442798239,1.1096469936,12.887692961,11.042001537,1.6644704903
050,4,8,16,031,Idaho,Cassia County,24692,24760,25244,25644,25696,68,484,400,52,96,385,365,366,45,242,243,228,51,143,122,138,1,41,118,60,6,294,178,-148,7,335,296,-88,10,6,-18,2,367,367,367,367,367,15.398768099,14.345228738,14.257888586,9.6792256619,9.5503851596,8.8819633814,5.7195424366,4.7948435781,5.3759252045,1.6398688105,4.6376355919,2.3373587846,11.759059275,6.9957553844,-5.765485002,13.398928086,11.633390976,-3.428126217
050,4,8,16,033,Idaho,Clark County,789,792,793,810,801,3,1,17,-9,3,10,19,19,0,7,9,5,3,3,10,14,0,2,-1,-1,0,-5,7,-20,0,-3,6,-21,0,1,1,-2,2,2,2,2,2,12.61829653,23.70555209,23.587833644,8.832807571,11.228945727,6.2073246431,3.785488959,12.476606363,17.380509001,2.523659306,-1.247660636,-1.241464929,-6.309148265,8.7336244541,-24.82929857,-3.785488959,7.4859638178,-26.0707635
050,4,8,16,035,Idaho,Clearwater County,8728,8750,8925,9035,9214,22,175,110,179,20,64,69,67,31,118,139,136,-11,-54,-70,-69,0,2,5,7,36,236,175,240,36,238,180,247,-3,-9,0,1,682,682,692,707,724,7.2418670438,7.6837416481,7.3428681024,13.352192362,15.478841871,14.904926297,-6.110325318,-7.795100223,-7.562058195,0.2263083451,0.5567928731,0.7671653241,26.704384724,19.487750557,26.302811113,26.930693069,20.04454343,27.069976437
050,4,8,16,037,Idaho,Custer County,4279,4271,4446,4518,4523,-8,175,72,5,9,36,36,33,14,50,68,66,-5,-14,-32,-33,0,3,0,0,-1,197,97,38,-1,200,97,38,-2,-11,7,0,120,120,120,120,120,8.2597223816,8.0321285141,7.3000774251,11.471836641,15.171798304,14.60015485,-3.212114259,-7.13966979,-7.300077425,0.6883101985,0,0,45.199036366,21.642124052,8.4061497622,45.887346564,21.642124052,8.4061497622
050,4,8,16,039,Idaho,Elmore County,28665,28669,28978,29391,29724,4,309,413,333,86,460,456,459,57,229,254,245,29,231,202,214,6,39,87,171,-40,31,129,-53,-34,70,216,118,9,8,-5,1,1084,1084,1167,1120,1117,15.959199958,15.624732307,15.52905354,7.9449060662,8.7032500128,8.28892836,8.0142938921,6.9214822937,7.2401251797,1.3530626052,2.9810344532,5.7853336717,1.0755113015,4.4201545341,-1.793115115,2.4285739067,7.4011889873,3.992218557
050,4,8,16,041,Idaho,Franklin County,14194,14282,14670,15170,15494,88,388,500,324,52,210,222,216,25,107,138,124,27,103,84,92,0,1,4,2,62,287,406,230,62,288,410,232,-1,-3,6,0,94,94,94,94,94,14.506769826,14.879356568,14.088181581,7.3915446256,9.2493297587,8.0876597965,7.1152252003,5.6300268097,6.0005217845,0.0690798563,0.2680965147,0.1304461258,19.825918762,27.211796247,15.001304461,19.894998618,27.479892761,15.131750587
050,4,8,16,043,Idaho,Fremont County,13387,13419,13591,14017,14196,32,172,426,179,47,158,183,186,27,151,163,143,20,7,20,43,0,4,11,25,8,160,383,112,8,164,394,137,4,1,12,-1,467,467,467,525,581,11.699370603,13.257026949,13.185410981,11.181044058,11.808171544,10.137170808,0.5183265457,1.4488554042,3.048240173,0.2961865976,0.7968704723,1.7722326587,11.847463902,27.745580991,7.939602311,12.1436505,28.542451463,9.7118349697
050,4,8,16,045,Idaho,Gem County,19122,19272,19802,20454,21071,150,530,652,617,60,192,204,204,59,278,289,256,1,-86,-85,-52,0,8,90,267,162,638,616,403,162,646,706,670,-13,-30,31,-1,257,257,257,257,257,9.827506782,10.135135135,9.8254063817,14.229410861,14.358108108,12.329921734,-4.401904079,-4.222972973,-2.504515352,0.4094794493,4.4713831479,12.859723058,32.655986078,30.604133545,19.40999398,33.065465527,35.075516693,32.269717038
050,4,8,16,047,Idaho,Gooding County,15601,15649,15793,15879,16061,48,144,86,182,35,202,220,226,51,179,178,166,-16,23,42,60,2,11,13,13,61,106,37,108,63,117,50,121,1,4,-6,1,107,107,107,107,107,12.849055404,13.89239707,14.151534126,11.386044145,11.240212175,10.394489668,1.4630112588,2.6521848952,3.7570444584,0.6997010368,0.8209143723,0.8140262993,6.7425736276,2.3364485981,6.762680025,7.4422746645,3.1573629704,7.5767063244
050,4,8,16,049,Idaho,Idaho County,16547,16594,17059,17637,17890,47,465,578,253,26,139,168,170,42,238,256,228,-16,-99,-88,-58,0,1,12,16,67,589,628,299,67,590,640,315,-4,-26,26,-4,499,499,499,502,503,8.2607791282,9.6841134425,9.5701860557,14.14435563,14.756744293,12.835308357,-5.883576501,-5.072630851,-3.265122301,0.0594300657,0.6917223887,0.9007233935,35.00430868,36.200138344,16.832268416,35.063738745,36.891860733,17.732991809
050,4,8,16,051,Idaho,Jefferson County,30890,31080,32201,33336,34198,190,1121,1135,862,125,411,445,448,47,220,251,238,78,191,194,210,1,5,18,34,111,950,898,618,112,955,916,652,0,-25,25,0,174,174,174,174,174,12.989680947,13.58011505,13.26739124,6.9531138888,7.6597952302,7.0483015962,6.036567058,5.9203198193,6.2190896437,0.1580253157,0.5493080245,1.006900228,30.024809975,27.404366999,18.30189238,30.18283529,27.953675023,19.308792608
050,4,8,16,053,Idaho,Jerome County,24242,24270,24738,25244,25479,28,468,506,235,94,356,363,364,35,220,248,223,59,136,115,141,5,75,121,92,-41,254,267,0,-36,329,388,92,5,3,3,2,207,207,207,207,207,14.528240287,14.525229082,14.35246338,8.9781260202,9.9235724861,8.7928553122,5.5501142671,4.6016565964,5.5596080673,3.0607247796,4.8417430275,3.6275456893,10.365654587,10.683846185,0,13.426379367,15.525589212,3.6275456893
050,4,8,16,055,Idaho,Kootenai County,171363,172785,180058,183290,185010,1422,7273,3232,1720,456,1824,1893,1879,362,1817,2065,1782,94,7,-172,97,0,-37,-56,12,1453,7644,3366,1613,1453,7607,3310,1625,-125,-341,94,-2,1747,1747,1748,1748,1748,10.338875931,10.419762872,10.203638338,10.299198227,11.366513645,9.6768938365,0.0396777037,-0.946750773,0.5267445018,-0.209725005,-0.308244438,0.0651642683,43.32805242,18.52769246,8.7591637252,43.118327415,18.219448022,8.8243279935
050,4,8,16,057,Idaho,Latah County,39523,39638,40400,40924,41301,115,762,524,377,109,421,434,431,64,266,315,295,45,155,119,136,4,51,121,368,55,547,310,-128,59,598,431,240,11,9,-26,1,2666,2662,2666,2674,2676,10.520002999,10.673355959,10.483429614,6.6468427497,7.7467906153,7.1754332624,3.8731602489,2.9265653436,3.3079963515,1.2743946625,2.9757513157,8.951048951,13.668507459,7.6238256849,-3.113408331,14.942902121,10.599577001,5.8376406202
050,4,8,16,059,Idaho,Lemhi County,7979,7962,8160,8284,8441,-17,198,124,157,7,64,62,64,30,130,148,129,-23,-66,-86,-65,0,1,3,0,6,278,202,221,6,279,205,221,0,-15,5,1,75,75,75,75,75,7.9394616053,7.5407443444,7.6532137519,16.127031386,18.0004865,15.426008969,-8.18756978,-10.45974216,-7.772795217,0.1240540876,0.3648747263,0,34.487036348,24.568231574,26.427503737,34.611090435,24.9331063,26.427503737
050,4,8,16,061,Idaho,Lewis County,3526,3527,3690,3725,3739,1,163,35,14,11,34,33,33,11,58,67,61,0,-24,-34,-28,0,0,1,4,1,197,67,38,1,197,68,42,0,-10,1,0,105,105,105,105,105,9.422197589,8.9008766015,8.8424437299,16.073160593,18.071476736,16.345123258,-6.650963004,-9.170600135,-7.502679528,0,0.2697235334,1.0718113612,54.593321325,18.071476736,10.182207931,54.593321325,18.34120027,11.254019293
050,4,8,16,063,Idaho,Lincoln County,5127,5134,5285,5385,5450,7,151,100,65,10,66,69,66,3,49,39,38,7,17,30,28,0,6,9,3,0,134,63,32,0,140,72,35,0,-6,-2,2,39,39,39,39,39,12.669162108,12.933458294,12.182741117,9.40589308,7.3102155576,7.0143054915,3.2632690277,5.6232427366,5.1684356253,1.1517420098,1.686972821,0.5537609599,25.722238219,11.808809747,5.9067835718,26.873980228,13.495782568,6.4605445316
050,4,8,16,065,Idaho,Madison County,52913,52928,54092,54958,54547,15,1164,866,-411,277,1074,1116,1110,44,200,238,210,233,874,878,900,-2,20,109,388,-219,246,-80,-1703,-221,266,29,-1315,3,24,-41,4,14763,14733,14891,14801,14790,20.071014764,20.467675378,20.273046893,3.7376191366,4.3649701972,3.8354413041,16.333395627,16.102705181,16.437605589,0.3737619137,1.9990829895,7.0864344094,4.597271538,-1.467216873,-31.10360258,4.9710334517,0.5318661165,-24.01716817
050,4,8,16,067,Idaho,Minidoka County,21582,21668,21944,22208,22480,86,276,264,272,67,284,306,304,46,229,235,212,21,55,71,92,1,27,35,10,64,189,165,168,65,216,200,178,0,5,-7,2,77,77,77,77,77,13.023938366,13.86120674,13.605442177,10.501696781,10.645044392,9.4880057286,2.5222415849,3.2161623483,4.1174364483,1.2381913235,1.5854321435,0.44754744,8.6673392644,7.4741801051,7.5187969925,9.9055305879,9.0596122486,7.9663444325
050,4,8,16,069,Idaho,Nez Perce County,42091,42145,42500,42909,42987,54,355,409,78,114,430,395,395,125,558,648,591,-11,-128,-253,-196,0,5,16,62,57,476,650,212,57,481,666,274,8,2,-4,0,1112,1112,1113,1113,1113,10.160080336,9.2496106968,9.1971686691,13.184476342,15.17404489,13.760827047,-3.024396007,-5.924434193,-4.563658378,0.118140469,0.3746677751,1.4436062215,11.24697265,15.220878362,4.9362019186,11.365113119,15.595546137,6.3798081401
050,4,8,16,071,Idaho,Oneida County,4566,4566,4605,4740,4953,0,39,135,213,8,56,59,57,11,53,60,55,-3,3,-1,2,0,0,0,0,3,34,135,212,3,34,135,212,0,2,1,-1,41,41,41,41,41,12.21240868,12.627073301,11.761064686,11.5581725,12.841091493,11.34839575,0.6542361793,-0.214018192,0.4126689363,0,0,0,7.4146766983,28.892455859,43.742907253,7.4146766983,28.892455859,43.742907253
050,4,8,16,073,Idaho,Owyhee County,11915,11996,12356,12645,12722,81,360,289,77,34,154,150,148,28,149,142,137,6,5,8,11,0,2,8,6,81,366,269,60,81,368,277,66,-6,-13,4,0,156,156,156,156,156,12.6478318,11.999520019,11.668703434,12.237187911,11.359545618,10.801434935,0.4106438896,0.639974401,0.8672684984,0.1642575558,0.639974401,0.4730555446,30.05913272,21.519139234,4.7305554461,30.223390276,22.159113635,5.2036109907
050,4,8,16,075,Idaho,Payette County,25389,25590,26386,26929,27279,201,796,543,350,68,316,325,326,55,276,347,302,13,40,-22,24,0,3,-3,-8,203,780,545,335,203,783,542,327,-15,-27,23,-1,180,180,180,180,180,12.159458211,12.191690894,12.027744982,10.620286286,13.016974585,11.142266824,1.5391719255,-0.825283691,0.8854781582,0.1154378944,-0.112538685,-0.295159386,30.013852547,20.444527806,12.359799292,30.129290442,20.331989121,12.064639906
050,4,8,16,077,Idaho,Power County,7876,7879,7975,8136,8253,3,96,161,117,18,108,107,111,11,87,71,62,7,21,36,49,0,10,36,14,-4,62,89,54,-4,72,125,68,0,3,0,0,58,58,58,58,58,13.624321938,13.282850227,13.545670877,10.975148228,8.8138538886,7.5660503997,2.6491737101,4.4689963379,5.9796204771,1.2615112905,4.4689963379,1.7084629935,7.8213700013,11.048352058,6.589785832,9.0828812918,15.517348396,8.2982488254
050,4,8,16,079,Idaho,Shoshone County,13168,13199,13615,13935,14026,31,416,320,91,38,130,153,154,33,227,244,227,5,-97,-91,-73,0,0,-2,1,26,539,393,160,26,539,391,161,0,-26,20,3,187,187,187,187,187,9.6964272395,11.10707804,11.015342799,16.931453718,17.713248639,16.236901398,-7.235026479,-6.606170599,-5.221558599,0,-0.145190563,0.0715282,40.202879093,28.529945554,11.444511999,40.202879093,28.384754991,11.516040199
050,4,8,16,081,Idaho,Teton County,11631,11735,12273,12519,12549,104,538,246,30,33,117,132,129,13,57,67,63,20,60,65,66,0,-1,12,16,93,504,154,-51,93,503,166,-35,-9,-25,15,-1,23,23,23,23,23,9.746751083,10.648596321,10.292005744,4.7484171943,5.4049693449,5.0263283868,4.9983338887,5.2436269764,5.2656773576,-0.083305565,0.968054211,1.2765278443,41.986004665,12.423362375,-4.068932504,41.9026991,13.391416586,-2.792404659
050,4,8,16,083,Idaho,Twin Falls County,90049,90372,92394,93821,95156,323,2022,1427,1335,289,1092,1140,1137,232,955,1044,923,57,137,96,214,3,37,93,194,264,1890,1223,926,267,1927,1316,1120,-1,-42,15,1,1710,1710,1716,1711,1711,11.949706182,12.243911608,12.033210391,10.450521432,11.212845367,9.7683845124,1.4991847499,1.0310662406,2.2648258783,0.404889312,0.9988454206,2.0531599083,20.682183776,13.135354295,9.8001344079,21.087073088,14.134199715,11.853294316
050,4,8,16,085,Idaho,Valley County,11744,11842,12256,12450,12644,98,414,194,194,23,90,83,84,18,102,103,96,5,-12,-20,-12,0,-2,-1,-1,106,451,208,208,106,449,207,207,-13,-23,7,-1,143,143,143,143,143,7.4694995435,6.7190156237,6.6948274488,8.465432816,8.3380555331,7.65123137,-0.995933272,-1.619039909,-0.956403921,-0.165988879,-0.080951995,-0.079700327,37.430492157,16.838015057,16.577667968,37.264503278,16.757063062,16.497967642
050,4,8,16,087,Idaho,Washington County,10498,10558,10900,11147,11425,60,342,247,278,27,94,113,116,37,151,174,160,-10,-57,-61,-44,0,1,16,53,76,415,280,271,76,416,296,324,-6,-17,12,-2,144,144,144,144,144,8.7613011464,10.250827777,10.278220805,14.074005033,15.784460471,14.176856282,-5.312703887,-5.533632694,-3.898635478,0.0932053313,1.451444641,4.6960836435,38.680212508,25.400281217,24.012050328,38.77341784,26.851725858,28.708133971
040,2,3,17,000,Illinois,Illinois,12813469,12790357,12690341,12582515,12549689,-23112,-100016,-107826,-32826,33452,131888,129614,127235,35296,128385,127064,116782,-1844,3503,2550,10453,504,11447,31224,40492,-22545,-115656,-142403,-83839,-22041,-104209,-111179,-43347,773,690,803,68,276332,278270,278180,278163,278186,10.351992712,10.257170776,10.125256026,10.077039491,10.055373243,9.2934149349,0.2749532215,0.2017975333,0.8318410912,0.8984840211,2.4709514429,3.222319857,-9.077930283,-11.26924476,-6.671838252,-8.179446262,-8.798293315,-3.449518395
050,2,3,17,001,Illinois,Adams County,65729,65614,65064,64556,64441,-115,-550,-508,-115,169,741,707,700,183,940,903,834,-14,-199,-196,-134,0,2,5,9,-103,-378,-299,9,-103,-376,-294,18,2,25,-18,1,1624,1624,1622,1625,1625,11.340853089,10.908810369,10.852965573,14.386507293,13.933035025,12.930533268,-3.045654203,-3.024224657,-2.077567695,0.03060959,0.0771485882,0.1395381288,-5.785212507,-4.613485573,0.1395381288,-5.754602917,-4.536336985,0.2790762576
050,2,3,17,003,Illinois,Alexander County,5239,5169,5025,4841,4695,-70,-144,-184,-146,10,55,36,30,23,118,104,104,-13,-63,-68,-74,0,0,0,0,-51,-79,-118,-73,-51,-79,-118,-73,-6,-2,2,1,82,82,82,82,82,10.790661173,7.2977903912,6.2919463087,23.150873063,21.082505575,21.812080537,-12.36021189,-13.78471518,-15.52013423,0,0,0,-15.49931332,-23.92053517,-15.31040268,-15.49931332,-23.92053517,-15.31040268
050,2,3,17,005,Illinois,Bond County,16725,16684,16623,16536,16450,-41,-61,-87,-86,44,150,137,130,47,210,214,203,-3,-60,-77,-73,0,3,7,8,-36,-16,-9,-21,-36,-13,-2,-13,-2,12,-8,0,2361,2359,2348,2367,2371,9.0071156213,8.2632166229,7.8821318135,12.60996187,12.907506258,12.308251986,-3.602846249,-4.644289635,-4.426120172,0.1801423124,0.4222081486,0.4850542654,-0.960759,-0.542839048,-1.273267447,-0.780616687,-0.1206309,-0.788213181
050,2,3,17,007,Illinois,Boone County,53451,53343,53173,53068,53202,-108,-170,-105,134,135,513,515,512,118,501,515,485,17,12,0,27,0,-3,-14,-1,-116,-195,-75,114,-116,-198,-89,113,-9,16,-16,-6,265,265,265,265,265,9.6323557024,9.6949388654,9.6358332549,9.4070374404,9.6949388654,9.1276936106,0.225318262,0,0.5081396443,-0.056329566,-0.263551736,-0.018819987,-3.661421758,-1.411884301,2.1454784982,-3.717751324,-1.675436037,2.1266585113
050,2,3,17,009,Illinois,Brown County,6240,6227,6432,6316,6294,-13,205,-116,-22,12,53,57,56,8,71,67,61,4,-18,-10,-5,0,2,0,0,-16,231,-111,-17,-16,233,-111,-17,-1,-10,5,0,1721,1721,1721,1721,1720,8.3734892172,8.9425792281,8.8818398097,11.217315744,10.511452777,9.6748612213,-2.843826527,-1.568873549,-0.793021412,0.3159807252,0,0,36.495773758,-17.41449639,-2.696272799,36.811754483,-17.41449639,-2.696272799
050,2,3,17,011,Illinois,Bureau County,33243,33191,32959,32827,32729,-52,-232,-132,-98,83,334,326,319,89,495,451,425,-6,-161,-125,-106,0,4,8,15,-44,-94,3,-6,-44,-90,11,9,-2,19,-18,-1,416,416,416,416,416,10.098261527,9.9109232968,9.7321374092,14.965986395,13.711123947,12.96601379,-4.867724868,-3.800200651,-3.23387638,0.1209372638,0.2432128416,0.4576240161,-2.842025699,0.0912048156,-0.183049606,-2.721088435,0.3344176573,0.2745744097
050,2,3,17,013,Illinois,Calhoun County,4438,4407,4395,4353,4317,-31,-12,-42,-36,6,47,34,27,17,62,72,82,-11,-15,-38,-55,0,0,0,0,-18,1,-1,19,-18,1,-1,19,-2,2,-3,0,85,85,85,85,85,10.679391047,7.7732053041,6.2283737024,14.087707339,16.46090535,18.915801615,-3.408316292,-8.687700046,-12.68742791,0,0,0,0.2272210861,-0.228623685,4.3829296424,0.2272210861,-0.228623685,4.3829296424
050,2,3,17,015,Illinois,Carroll County,15707,15672,15702,15579,15526,-35,30,-123,-53,36,117,130,124,69,213,227,226,-33,-96,-97,-102,0,2,2,3,-2,122,-19,46,-2,124,-17,49,0,2,-9,0,1233,1233,1233,1235,1234,7.4584050488,8.3117547393,7.9729946954,13.578122012,14.513602506,14.531425816,-6.119716963,-6.201847767,-6.55843112,0.1274941034,0.1278731498,0.192895033,7.7771403073,-1.214794923,2.9577238386,7.9046344107,-1.086921774,3.1506188716
050,2,3,17,017,Illinois,Cass County,13049,12991,12790,12638,12596,-58,-201,-152,-42,38,154,163,158,30,162,142,139,8,-8,21,19,0,26,59,67,-60,-211,-237,-128,-60,-185,-178,-61,-6,-8,5,0,127,127,127,127,127,11.946782514,12.820512821,12.522786716,12.567394593,11.16879031,11.016881985,-0.620612079,1.6517225106,1.5059047317,2.0169892557,4.6405537203,5.3102956329,-16.36864357,-18.64086833,-10.1450424,-14.35165432,-14.00031461,-4.83474677
050,2,3,17,019,Illinois,Champaign County,205873,205654,206605,206169,205644,-219,951,-436,-525,524,2095,2089,2090,348,1628,1616,1504,176,467,473,586,30,708,1789,2144,-425,-380,-2762,-3275,-395,328,-973,-1131,0,156,64,20,15054,15060,15232,15048,15033,10.163513713,10.121761545,10.150238094,7.8979476494,7.8299505298,7.3042861687,2.2655660641,2.2918110152,2.8459519248,3.43473399,8.66818162,10.412493049,-1.843501294,-13.38262584,-15.9052774,1.591232696,-4.714444224,-5.492784346
050,2,3,17,021,Illinois,Christian County,34039,33960,33703,33390,33228,-79,-257,-313,-162,83,296,291,284,98,503,486,449,-15,-207,-195,-165,0,1,-1,0,-65,-74,-105,3,-65,-73,-106,3,1,23,-12,0,2908,2908,2910,2909,2912,8.7492425698,8.6745264036,8.5262241436,14.867800718,14.487353375,13.479840283,-6.118558148,-5.812826972,-4.95361614,0.0295582519,-0.029809369,0,-2.187310642,-3.129983754,0.090065748,-2.157752391,-3.159793123,0.090065748
050,2,3,17,023,Illinois,Clark County,15463,15429,15352,15160,15088,-34,-77,-192,-72,48,179,125,87,45,237,233,225,3,-58,-108,-138,0,0,-4,-4,-35,-27,-73,71,-35,-27,-77,67,-2,8,-7,-1,230,230,230,230,230,11.630551314,8.1934976403,5.7524464427,15.39910984,15.272679601,14.877016662,-3.768558526,-7.079181961,-9.12457022,0,-0.262191924,-0.264480296,-1.754328969,-4.785002622,4.6945252579,-1.754328969,-5.047194546,4.4300449617
050,2,3,17,025,Illinois,Clay County,13289,13273,13163,13077,12999,-16,-110,-86,-78,32,169,172,163,37,195,189,184,-5,-26,-17,-21,0,0,0,0,-11,-88,-69,-58,-11,-88,-69,-58,0,4,0,1,278,278,278,278,278,12.7855954,13.109756098,12.501917472,14.752610077,14.405487805,14.112593956,-1.967014677,-1.295731707,-1.610676484,0,0,0,-6.657588137,-5.259146341,-4.448535051,-6.657588137,-5.259146341,-4.448535051
050,2,3,17,027,Illinois,Clinton County,36893,36901,36882,36937,36785,8,-19,55,-152,96,394,396,375,98,400,371,368,-2,-6,25,7,0,15,28,38,2,-53,23,-201,2,-38,51,-163,8,25,-21,4,1756,1756,1756,1757,1757,10.67996693,10.728945123,10.173353951,10.84260602,10.051612728,9.9834513442,-0.16263909,0.6773323941,0.1899026071,0.4065977258,0.7586122814,1.0308998671,-1.436645298,0.6231458026,-5.452917718,-1.030047572,1.381758084,-4.422017851
050,2,3,17,029,Illinois,Coles County,46864,46760,46802,46346,46060,-104,42,-456,-286,117,463,453,449,152,617,606,566,-35,-154,-153,-117,0,18,46,52,-74,152,-349,-225,-74,170,-303,-173,5,26,0,4,2701,2701,2684,2705,2705,9.8971804793,9.7264568214,9.7179836807,13.189115239,13.011551509,12.250286778,-3.29193476,-3.285094688,-2.532303097,0.3847715953,0.9876755271,1.1254680432,3.2491823604,-7.493451282,-4.869813648,3.6339539557,-6.505775755,-3.744345605
050,2,3,17,031,Illinois,Cook County,5275555,5263608,5180919,5111566,5087072,-11947,-82689,-69353,-24494,14083,54927,53649,53124,15675,48145,47752,43149,-1592,6782,5897,9975,251,6598,18250,23790,-11204,-93591,-94927,-58105,-10953,-86993,-76677,-34315,598,-2478,1427,-154,80441,82414,82378,82207,82190,10.517853034,10.424887673,10.417861679,9.2191824484,9.2790030785,8.4617181235,1.298670586,1.1458845944,1.9561435556,1.263436822,3.5462767252,4.665328841,-17.92153919,-18.44588552,-11.39465878,-16.65810237,-14.89960879,-6.729329936
050,2,3,17,033,Illinois,Crawford County,18674,18651,18684,18495,18300,-23,33,-189,-195,42,182,163,147,42,254,259,250,0,-72,-96,-103,0,0,1,1,-25,98,-90,-94,-25,98,-89,-93,2,7,-4,1,1342,1342,1342,1342,1342,9.7495647516,8.7683907582,7.990216062,13.606535423,13.932596358,13.588802826,-3.856970671,-5.1642056,-5.598586765,0,0.0537938083,0.0543552113,5.2497656355,-4.84144275,-5.109389863,5.2497656355,-4.787648942,-5.055034651
050,2,3,17,035,Illinois,Cumberland County,10453,10433,10352,10308,10261,-20,-81,-44,-47,22,128,107,100,29,136,148,134,-7,-8,-41,-34,0,1,0,2,-13,-75,3,-14,-13,-74,3,-12,0,1,-6,-1,98,98,98,98,98,12.316574453,10.358180058,9.7233701201,13.086360356,14.327202323,13.029315961,-0.769785903,-3.969022265,-3.305945841,0.0962232379,0,0.1944674024,-7.216742843,0.2904162633,-1.361271817,-7.120519605,0.2904162633,-1.166804414
050,2,3,17,037,Illinois,DeKalb County,100422,100269,100482,100223,100288,-153,213,-259,65,309,1025,1044,1040,232,891,883,818,77,134,161,222,3,117,276,350,-226,-92,-694,-513,-223,25,-418,-163,-7,54,-2,6,4827,4817,4803,4827,4827,10.211655235,10.403328268,10.373495718,8.8766681112,8.7989835829,8.1591533632,1.3349871234,1.604344685,2.2143423553,1.1656230853,2.7503051743,3.4910802899,-0.916558323,-6.915622431,-5.116926253,0.2490647618,-4.165317257,-1.625845964
050,2,3,17,039,Illinois,De Witt County,15520,15461,15403,15365,15365,-59,-58,-38,0,45,162,164,165,60,230,215,201,-15,-68,-51,-36,0,1,2,4,-41,3,19,36,-41,4,21,40,-3,6,-8,-4,164,164,164,164,164,10.497667185,10.660426417,10.738691832,14.904095386,13.975559022,13.081679141,-4.406428201,-3.315132605,-2.342987309,0.0648004147,0.1300052002,0.2603319232,0.1944012442,1.235049402,2.3429873088,0.2592016589,1.3650546022,2.603319232
050,2,3,17,041,Illinois,Douglas County,19736,19764,19694,19667,19629,28,-70,-27,-38,62,246,251,243,46,257,250,239,16,-11,1,4,0,4,10,16,6,-75,-31,-57,6,-71,-21,-41,6,12,-7,-1,226,226,226,226,226,12.468954331,12.753741013,12.36767101,13.0265092,12.702929295,12.164087948,-0.557554868,0.0508117172,0.2035830619,0.2027472249,0.5081171718,0.8143322476,-3.801510467,-1.575163233,-2.901058632,-3.598763242,-1.067046061,-2.086726384
050,2,3,17,043,Illinois,DuPage County,932884,931317,926848,921664,921213,-1567,-4469,-5184,-451,2385,9484,9719,9715,2098,7272,7356,6667,287,2212,2363,3048,93,1254,3576,4517,-1890,-8086,-11346,-8099,-1797,-6832,-7770,-3582,-57,151,223,83,13845,13850,13841,13863,13864,10.207920179,10.515484887,10.543297247,7.8270767128,7.9588339161,7.2354259129,2.3808434665,2.5566509712,3.3078713338,1.3497186741,3.8690579233,4.9021177214,-8.703209887,-12.27581969,-8.789517694,-7.353491213,-8.406761763,-3.887399973
050,2,3,17,045,Illinois,Edgar County,16856,16786,16576,16385,16334,-70,-210,-191,-51,39,180,140,112,55,284,279,259,-16,-104,-139,-147,0,-1,2,2,-49,-109,-48,96,-49,-110,-46,98,-5,4,-6,-2,367,367,367,367,367,10.790719981,8.4948878978,6.8461750053,17.025358192,16.929098025,15.8317797,-6.234638211,-8.434210127,-8.985604695,-0.059948444,0.1213555414,0.1222531251,-6.534380433,-2.912532994,5.8681500046,-6.594328877,-2.791177452,5.9904031297
050,2,3,17,047,Illinois,Edwards County,6245,6208,6084,6058,5968,-37,-124,-26,-90,7,56,44,28,28,88,88,88,-21,-32,-44,-60,0,1,2,3,-15,-91,18,-32,-15,-90,20,-29,-1,-2,-2,-1,20,20,20,20,20,9.1116173121,7.2475704167,4.6565774156,14.318255776,14.495140833,14.634957592,-5.206638464,-7.247570417,-9.978380176,0.162707452,0.3294350189,0.4989190088,-14.80637813,2.9649151705,-5.321802761,-14.64367068,3.2943501894,-4.822883752
050,2,3,17,049,Illinois,Effingham County,34676,34703,34508,34300,34331,27,-195,-208,31,120,425,409,374,69,467,425,391,51,-42,-16,-17,0,7,25,37,-29,-175,-211,10,-29,-168,-186,47,5,15,-6,1,405,405,405,405,405,12.281284767,11.88815254,10.898864944,13.494964673,12.353214742,11.394267896,-1.213679906,-0.465062202,-0.495402952,0.2022799844,0.7266596907,1.0782299544,-5.05699961,-6.13300779,0.2914135012,-4.854719625,-5.406348099,1.3696434556
050,2,3,17,051,Illinois,Fayette County,21498,21490,21438,21270,21164,-8,-52,-168,-106,55,225,202,188,55,271,258,252,0,-46,-56,-64,0,3,0,1,-14,-21,-108,-44,-14,-18,-108,-43,6,12,-4,1,2427,2427,2427,2422,2423,10.482668654,9.459586026,8.8608191545,12.625792024,12.082045518,11.877268228,-2.143123369,-2.622459492,-3.016449074,0.1397689154,0,0.0471320168,-0.978382408,-5.05760045,-2.073808738,-0.838613492,-5.05760045,-2.026676721
050,2,3,17,053,Illinois,Ford County,13526,13513,13479,13256,13250,-13,-34,-223,-6,34,144,143,144,55,243,224,210,-21,-99,-81,-66,0,9,30,33,7,48,-176,25,7,57,-146,58,1,8,4,2,307,307,307,307,307,10.669828097,10.697587432,10.865464423,18.005334914,16.757060034,15.84546895,-7.335506817,-6.059472601,-4.980004527,0.6668642561,2.2442491117,2.4900022636,3.5566093657,-13.16626146,1.8863653512,4.2234736218,-10.92201234,4.3763676149
050,2,3,17,055,Illinois,Franklin County,37803,37697,37459,37215,37138,-106,-238,-244,-77,100,375,411,399,125,666,627,587,-25,-291,-216,-188,0,2,3,4,-79,25,-9,109,-79,27,-6,113,-2,26,-22,-2,303,303,303,303,303,9.9792431742,11.007847444,10.732586446,17.723135877,16.792993545,15.78954447,-7.743892703,-5.785146102,-5.056958025,0.0532226303,0.0803492514,0.1075948516,0.6652828783,-0.241047754,2.9319597057,0.7185055085,-0.160698503,3.0395545573
050,2,3,17,057,Illinois,Fulton County,33608,33487,33275,32935,32541,-121,-212,-340,-394,87,285,266,263,126,551,533,503,-39,-266,-267,-240,0,1,0,0,-76,29,-57,-156,-76,30,-57,-156,-6,24,-16,2,1966,1966,1966,1967,1969,8.5377909589,8.0350400242,8.0334779156,16.506395854,16.100286966,15.364408333,-7.968604895,-8.065246942,-7.330930417,0.0299571613,0,0,0.8687576765,-1.721794291,-4.765104771,0.8987148378,-1.721794291,-4.765104771
050,2,3,17,059,Illinois,Gallatin County,4944,4935,4895,4823,4670,-9,-40,-72,-153,9,39,34,24,21,82,92,91,-12,-43,-58,-67,0,0,1,1,3,1,-13,-86,3,1,-12,-85,0,2,-2,-1,86,86,86,86,86,7.9348931841,6.9973245524,5.0563573159,16.683621567,18.933937024,19.17202149,-8.748728383,-11.93661247,-14.11566417,0,0.2058036633,0.2106815548,0.2034587996,-2.675447623,-18.11861372,0.2034587996,-2.46964396,-17.90793216
050,2,3,17,061,Illinois,Greene County,11987,11936,11847,11640,11543,-51,-89,-207,-97,24,109,96,91,37,197,188,185,-13,-88,-92,-94,0,0,0,0,-37,-5,-111,-2,-37,-5,-111,-2,-1,4,-4,-1,111,111,111,111,111,9.1662111592,8.1747349598,7.8505801665,16.566455031,16.008855963,15.959970668,-7.400243872,-7.834121003,-8.109390502,0,0,0,-0.420468402,-9.452037297,-0.172540223,-0.420468402,-9.452037297,-0.172540223
050,2,3,17,063,Illinois,Grundy County,52539,52516,52959,53149,53578,-23,443,190,429,124,552,580,580,127,560,536,508,-3,-8,44,72,0,18,25,33,-27,409,154,328,-27,427,179,361,7,24,-33,-4,220,220,220,220,220,10.466935293,10.9322577,10.868852305,10.618630007,10.102914012,9.5196154675,-0.151694714,0.8293436876,1.3492368379,0.3413131074,0.4712180043,0.6184002174,7.7553922731,2.9027029065,6.1465233727,8.0967053804,3.3739209108,6.7649235901
050,2,3,17,065,Illinois,Hamilton County,7996,7999,7913,7981,7911,3,-86,68,-70,31,78,77,73,27,129,110,105,4,-51,-33,-32,0,0,0,0,-2,-36,104,-39,-2,-36,104,-39,1,1,-3,1,86,86,86,86,86,9.8039215686,9.6891908896,9.1870123332,16.214177979,13.841701271,13.214195822,-6.41025641,-4.152510381,-4.027183489,0,0,0,-4.524886878,13.086699383,-4.908129877,-4.524886878,13.086699383,-4.908129877
050,2,3,17,067,Illinois,Hancock County,17613,17543,17376,17254,17186,-70,-167,-122,-68,44,178,173,178,60,268,238,228,-16,-90,-65,-50,0,0,5,5,-50,-82,-59,-22,-50,-82,-54,-17,-4,5,-3,-1,178,178,178,178,178,10.195022767,9.991336991,10.336817654,15.349809559,13.745307537,13.240418118,-5.154786792,-3.753970546,-2.903600465,0,0.2887669651,0.2903600465,-4.696583522,-3.407450188,-1.277584204,-4.696583522,-3.118683223,-0.987224158
050,2,3,17,069,Illinois,Hardin County,3647,3642,3635,3572,3569,-5,-7,-63,-3,10,25,29,27,15,82,84,83,-5,-57,-55,-56,0,-1,-1,-1,-1,51,-5,56,-1,50,-6,55,1,0,-2,-2,41,41,41,41,41,6.8709633091,8.0477313723,7.5619661112,22.536759654,23.310670182,23.246043971,-15.66579634,-15.26293881,-15.68407786,-0.274838532,-0.277507978,-0.280072819,14.01676515,-1.387539892,15.68407786,13.741926618,-1.66504787,15.404005041
050,2,3,17,071,Illinois,Henderson County,6385,6335,6306,6168,6088,-50,-29,-138,-80,9,52,57,55,26,105,101,95,-17,-53,-44,-40,0,0,1,1,-30,22,-98,-40,-30,22,-97,-39,-3,2,3,-1,40,40,40,40,40,8.2271972154,9.139009139,8.9751958225,16.612609762,16.19368286,15.502610966,-8.385412546,-7.054673721,-6.527415144,0,0.1603334937,0.1631853786,3.4807372834,-15.71268238,-6.527415144,3.4807372834,-15.55234889,-6.364229765
050,2,3,17,073,Illinois,Henry County,49282,49167,48911,48596,48448,-115,-256,-315,-148,129,469,500,505,161,659,603,569,-32,-190,-103,-64,0,0,-1,-2,-83,-87,-199,-82,-83,-87,-200,-84,0,21,-12,0,738,737,739,736,736,9.5638165542,10.255673952,10.407650138,13.438283815,12.368342786,11.726639463,-3.874467261,-2.112668834,-1.318989324,0,-0.020511348,-0.041218416,-1.774098167,-4.081758233,-1.689955072,-1.774098167,-4.102269581,-1.731173488
050,2,3,17,075,Illinois,Iroquois County,27082,26984,26775,26493,26136,-98,-209,-282,-357,75,247,273,273,99,424,439,424,-24,-177,-166,-151,0,0,2,2,-69,-47,-113,-209,-69,-47,-111,-207,-5,15,-5,1,387,387,387,387,387,9.1891590245,10.250056319,10.374508351,15.774102941,16.482691297,16.112789527,-6.584943916,-6.232634978,-5.738281176,0,0.0750919877,0.0760037242,-1.74854443,-4.242697304,-7.942389177,-1.74854443,-4.167605317,-7.866385453
050,2,3,17,077,Illinois,Jackson County,52966,52891,52604,52477,52141,-75,-287,-127,-336,146,571,544,542,145,625,605,569,1,-54,-61,-27,1,76,195,237,-76,-325,-251,-549,-75,-249,-56,-312,-1,16,-10,3,3063,3054,3044,3059,3061,10.82515759,10.353917454,10.361505668,11.848902792,11.51492658,10.877669235,-1.023745201,-1.161009126,-0.516163566,1.4408265795,3.7114226168,4.5307690837,-6.161429452,-4.777267061,-10.49532585,-4.720602872,-1.065844444,-5.964556768
050,2,3,17,079,Illinois,Jasper County,9287,9241,9193,9172,9144,-46,-48,-21,-28,22,104,92,83,29,116,128,121,-7,-12,-36,-38,0,2,4,8,-36,-42,16,2,-36,-40,20,10,-3,4,-5,0,120,120,120,120,120,11.283497884,10.019057991,9.0631142171,12.585439948,13.939558944,13.21249181,-1.301942064,-3.920500953,-4.149377593,0.2169903439,0.435611217,0.8735531775,-4.556797223,1.742444868,0.2183882944,-4.339806879,2.1780560849,1.0919414719
050,2,3,17,081,Illinois,Jefferson County,37110,36995,36889,36419,36320,-115,-106,-470,-99,88,427,415,402,124,559,542,504,-36,-132,-127,-102,0,4,7,9,-80,4,-348,-5,-80,8,-341,4,1,18,-2,-1,1683,1683,1683,1683,1683,11.55865952,11.322093087,11.053217669,15.131828271,14.786926393,13.857765435,-3.573168751,-3.464833306,-2.804547767,0.1082778409,0.1909750641,0.2474600971,0.1082778409,-9.494188902,-0.137477832,0.2165556819,-9.303213838,0.1099822654
050,2,3,17,083,Illinois,Jersey County,21518,21494,21349,21191,21091,-24,-145,-158,-100,49,188,165,151,69,327,316,292,-20,-139,-151,-141,0,2,11,14,-8,-21,-7,28,-8,-19,4,42,4,13,-11,-1,706,706,702,706,706,8.7762294891,7.7574047955,7.1425192753,15.265037462,14.856605548,13.812024029,-6.488807973,-7.099200752,-6.669504754,0.0933641435,0.5171603197,0.6622203302,-0.980323507,-0.329102022,1.3244406603,-0.886959363,0.1880582981,1.9866609905
050,2,3,17,085,Illinois,Jo Daviess County,22043,22057,21972,21845,21756,14,-85,-127,-89,44,158,162,143,69,276,281,280,-25,-118,-119,-137,0,1,4,5,39,28,1,45,39,29,5,50,0,4,-13,-2,207,207,207,207,207,7.1770878285,7.3943903051,6.5594825807,12.537191397,12.826072072,12.843742116,-5.360103568,-5.431681767,-6.284259535,0.0454246065,0.1825775384,0.2293525378,1.2718889823,0.0456443846,2.0641728401,1.3173135888,0.228221923,2.2935253779
050,2,3,17,087,Illinois,Johnson County,13304,13318,13472,13391,13326,14,154,-81,-65,32,106,114,101,32,166,173,168,0,-60,-59,-67,0,0,6,6,11,223,-25,-5,11,223,-19,1,3,-9,-3,1,2459,2459,2457,2454,2455,7.9134005226,8.4875107025,7.5607291238,12.392683837,12.88016975,12.576262305,-4.479283315,-4.392659048,-5.015533181,0,0.4467110896,0.4491522252,16.648002986,-1.861296207,-0.374293521,16.648002986,-1.414585117,0.0748587042
050,2,3,17,089,Illinois,Kane County,516516,516181,516292,514139,514982,-335,111,-2153,843,1460,5605,5581,5581,1112,4023,4043,3707,348,1582,1538,1874,5,190,416,731,-744,-1935,-4123,-1805,-739,-1745,-3707,-1074,56,274,16,43,5490,5489,5485,5494,5496,10.85742678,10.832360439,10.846149287,7.7929398638,7.847201802,7.2042063081,3.0644869164,2.9851586375,3.6419429785,0.3680483654,0.8074291243,1.4206298385,-3.748282037,-8.002476634,-3.50784796,-3.380233672,-7.195047509,-2.087218121
050,2,3,17,091,Illinois,Kankakee County,107510,107264,106605,105998,105940,-246,-659,-607,-58,280,1102,1145,1136,338,1339,1339,1243,-58,-237,-194,-107,0,42,105,147,-190,-507,-493,-101,-190,-465,-388,46,2,43,-25,3,3869,3870,3852,3873,3876,10.30537385,10.7712497,10.72011626,12.521683834,12.596247466,11.729845521,-2.216309984,-1.824997766,-1.00972926,0.3927637947,0.9877565227,1.3871981429,-4.741220093,-4.637752054,-0.953108928,-4.348456298,-3.649995532,0.4340892148
050,2,3,17,093,Illinois,Kendall County,131868,132355,135015,137494,139976,487,2660,2479,2482,379,1477,1572,1566,174,784,787,751,205,693,785,815,1,61,172,235,234,1894,1557,1440,235,1955,1729,1675,47,12,-35,-8,370,370,370,370,370,11.048359951,11.537233633,11.287706779,5.8645322961,5.7759560235,5.4131978232,5.1838276546,5.7612776092,5.8745089559,0.4562965179,1.262343629,1.6938768155,14.167632868,11.427145525,10.379500487,14.623929386,12.689489154,12.073377302
050,2,3,17,095,Illinois,Knox County,49958,49790,49310,48620,48411,-168,-480,-690,-209,125,502,470,459,160,819,747,717,-35,-317,-277,-258,0,46,136,169,-126,-230,-554,-120,-126,-184,-418,49,-7,21,5,0,3620,3620,3616,3623,3626,10.131180626,9.5986929439,9.4608939411,16.528758829,15.255794956,14.778782039,-6.397578204,-5.657102012,-5.317888098,0.9283551968,2.7774941285,3.4834228236,-4.641775984,-11.31420402,-2.473436324,-3.713420787,-8.536709895,1.0099864992
050,2,3,17,097,Illinois,Lake County,714336,713281,712570,709899,708760,-1055,-711,-2671,-1139,1692,6635,6644,6534,1657,5310,5445,4977,35,1325,1199,1557,99,537,2070,2626,-1156,-2825,-6054,-5388,-1057,-2288,-3984,-2762,-33,252,114,66,19960,19953,19962,19965,19964,9.3067227922,9.3415041031,9.2115159457,7.448183576,7.6557028659,7.0164852865,1.8585392162,1.6858012371,2.1950306592,0.7532343842,2.9104324945,3.7020876758,-3.962545876,-8.511960542,-7.595905711,-3.209311492,-5.601528047,-3.893818035
050,2,3,17,099,Illinois,LaSalle County,109650,109410,109160,108181,108309,-240,-250,-979,128,248,1111,1123,1119,337,1514,1449,1328,-89,-403,-326,-209,0,26,59,81,-157,44,-710,261,-157,70,-651,342,6,83,-2,-5,2889,2889,2889,2886,2887,10.166079517,10.333991286,10.337659938,13.853685318,13.333885461,12.268465056,-3.687605801,-2.999894176,-1.930805118,0.2379100517,0.542925633,0.748302462,0.4026170106,-6.533511855,2.411196822,0.6405270623,-5.990586222,3.159499284
050,2,3,17,101,Illinois,Lawrence County,15292,15268,15228,14891,14813,-24,-40,-337,-78,32,147,101,90,33,215,199,194,-1,-68,-98,-104,0,2,3,3,-25,21,-249,24,-25,23,-246,27,2,5,7,-1,2276,2276,2276,2271,2276,9.6406086044,6.7067299711,6.0597899273,14.100209864,13.214250141,13.062213843,-4.459601259,-6.50752017,-7.002423916,0.1311647429,0.1992098011,0.2019929976,1.3772298006,-16.53441349,1.6159439806,1.5083945435,-16.33520369,1.8179369782
050,2,3,17,103,Illinois,Lee County,34151,34062,34195,33938,33654,-89,133,-257,-284,78,329,340,343,101,455,425,405,-23,-126,-85,-62,0,3,18,23,-64,248,-183,-243,-64,251,-165,-220,-2,8,-7,-2,2724,2724,2724,2728,2730,9.6400369193,9.9804793566,10.149130075,13.331965952,12.475599196,11.983666706,-3.691929033,-2.495119839,-1.834536632,0.0879030722,0.5283783189,0.6805539117,7.2666539696,-5.371846242,-7.190200024,7.3545570418,-4.843467923,-6.509646112
050,2,3,17,105,Illinois,Livingston County,35827,35792,35769,35517,35320,-35,-23,-252,-197,98,421,384,383,103,506,497,480,-5,-85,-113,-97,0,11,17,23,-33,28,-147,-124,-33,39,-130,-101,3,23,-9,1,1808,1808,1808,1808,1808,11.766185492,10.773503914,10.813557886,14.141781138,13.943831888,13.552239649,-2.375595646,-3.170327975,-2.738681762,0.3074300247,0.4769519962,0.6493781498,0.7825491539,-4.124231967,-3.500995243,1.0899791786,-3.647279971,-2.851617093
050,2,3,17,107,Illinois,Logan County,27995,27912,27979,27666,27590,-83,67,-313,-76,52,237,255,254,85,407,355,342,-33,-170,-100,-88,0,4,10,12,-49,230,-229,0,-49,234,-219,12,-1,3,6,0,3218,3218,3216,3219,3219,8.480792972,9.1652439572,9.1935717388,14.564062192,12.759457274,12.3787462,-6.08326922,-3.594213317,-3.185174461,0.1431357464,0.3594213317,0.4343419719,8.2303054159,-8.230748495,0,8.3734411623,-7.871327163,0.4343419719
050,2,3,17,109,Illinois,McDonough County,27232,27100,26880,26914,26839,-132,-220,34,-75,67,258,244,233,95,343,331,319,-28,-85,-87,-86,0,12,35,42,-95,-154,106,-29,-95,-142,141,13,-9,7,-20,-2,2483,2484,2466,2486,2491,9.5590959615,9.0716436777,8.6692835749,12.708410522,12.306205153,11.86910498,-3.149314561,-3.234561475,-3.199821405,0.4446091145,1.3012603636,1.562703477,-5.705816969,3.9409599584,-1.079009544,-5.261207855,5.242220322,0.4836939334
050,2,3,17,111,Illinois,McHenry County,310213,309882,311543,311558,312800,-331,1661,15,1242,771,2932,3080,3060,708,2543,2654,2421,63,389,426,639,1,46,60,114,-398,1008,-381,499,-397,1054,-321,613,3,218,-90,-10,1851,1851,1852,1852,1852,9.4363760711,9.8860377371,9.802068685,8.184414853,8.5186831669,7.7551661066,1.2519612182,1.3673545701,2.0469025783,0.1480468279,0.1925851507,0.3651751079,3.2441565756,-1.222915707,1.5984419195,3.3922034035,-1.030330556,1.9636170274
050,2,3,17,113,Illinois,McLean County,170956,170949,171109,170918,170441,-7,160,-191,-477,416,1700,1691,1692,310,1496,1455,1356,106,204,236,336,12,207,481,605,-155,-375,-863,-1426,-143,-168,-382,-821,30,124,-45,8,8603,8599,8586,8620,8625,9.9398347649,9.8881082488,9.913317065,8.7470545931,8.5081002377,7.9447150947,1.1927801718,1.3800080111,1.9686019704,1.2103210567,2.8126434463,3.5446553335,-2.19261061,-5.046385227,-8.354840505,-0.982289553,-2.233741781,-4.810185172
050,2,3,17,115,Illinois,Macon County,103984,103752,102597,101333,100591,-232,-1155,-1264,-742,305,1220,1158,1149,315,1462,1445,1346,-10,-242,-287,-197,0,52,141,170,-217,-971,-1118,-715,-217,-919,-977,-545,-5,6,0,0,3009,3009,2997,3013,3013,11.824627209,11.356838131,11.380519403,14.170168016,14.171529446,13.331748579,-2.345540807,-2.814691316,-1.951229175,0.504000504,1.3828274408,1.6838018264,-9.41124018,-10.96454666,-7.081872388,-8.907239676,-9.581719217,-5.398070561
050,2,3,17,117,Illinois,Macoupin County,44973,44856,44492,44123,44018,-117,-364,-369,-105,107,408,395,369,147,684,677,635,-40,-276,-282,-266,0,2,20,23,-76,-112,-91,138,-76,-110,-71,161,-1,22,-16,0,873,873,873,874,874,9.1328289385,8.914969249,8.3729478903,15.310919103,15.279580207,14.408731464,-6.178090164,-6.364610958,-6.035783574,0.0447687693,0.4513908481,0.5218910609,-2.507051081,-2.053828359,3.1313463655,-2.462282312,-1.602437511,3.6532374264
050,2,3,17,119,Illinois,Madison County,265868,265643,264867,263572,262752,-225,-776,-1295,-820,664,2695,2495,2189,795,3498,3429,3108,-131,-803,-934,-919,1,42,95,122,-159,-204,-328,-28,-158,-162,-233,94,64,189,-128,5,6710,6702,6691,6715,6718,10.160034684,9.4429063714,8.3180702381,13.187310324,12.977846071,11.810215761,-3.02727564,-3.5349397,-3.492145523,0.1583382029,0.3595495412,0.463592768,-0.769071271,-1.2413921,-0.10639834,-0.610733068,-0.881842559,0.3571944278
050,2,3,17,121,Illinois,Marion County,37736,37652,37379,36905,36673,-84,-273,-474,-232,111,498,437,421,130,675,607,560,-19,-177,-170,-139,0,2,3,5,-65,-121,-296,-99,-65,-119,-293,-94,0,23,-11,1,846,846,846,846,846,13.274513201,11.765656131,11.443638044,17.992563074,16.342684831,15.221941341,-4.718049873,-4.577028701,-3.778303297,0.053311298,0.0807710947,0.1359101905,-3.225333529,-7.969414679,-2.691021773,-3.172022231,-7.888643584,-2.555111582
050,2,3,17,123,Illinois,Marshall County,11752,11717,11668,11671,11683,-35,-49,3,12,29,103,125,121,33,195,186,181,-4,-92,-61,-60,0,0,3,4,-29,38,67,67,-29,38,70,71,-2,5,-6,1,227,227,227,227,227,8.8090656404,10.711684305,10.362250578,16.67735728,15.938986246,15.50055665,-7.86829164,-5.227301941,-5.138306072,0,0.2570804233,0.3425537381,3.2499465469,5.7414627876,5.7377751135,3.2499465469,5.9985432109,6.0803288516
050,2,3,17,125,Illinois,Mason County,13091,13058,12830,12699,12523,-33,-228,-131,-176,42,100,89,87,39,243,219,211,3,-143,-130,-124,0,1,3,4,-35,-89,1,-55,-35,-88,4,-51,-1,3,-5,-1,180,180,180,180,180,7.7255871446,6.9724626895,6.8987391959,18.773176761,17.156958753,16.731424946,-11.04758962,-10.18449606,-9.832685751,0.0772558714,0.2350268322,0.3171834113,-6.875772559,0.0783422774,-4.361271905,-6.798516687,0.3133691096,-4.044088494
050,2,3,17,127,Illinois,Massac County,14170,14133,13946,13827,13661,-37,-187,-119,-166,32,124,109,81,49,233,244,238,-17,-109,-135,-157,0,0,-6,-6,-20,-83,31,-2,-20,-83,25,-8,0,5,-9,-1,255,255,255,255,255,8.8322233698,7.8493500882,5.8934807916,16.596032622,17.571022216,17.316647264,-7.763809252,-9.721672128,-11.42316647,0,-0.432074317,-0.436554133,-5.911891449,2.23238397,-0.145518044,-5.911891449,1.8003096533,-0.582072177
050,2,3,17,129,Illinois,Menard County,12295,12270,12167,12072,11954,-25,-103,-95,-118,28,121,112,109,35,152,160,153,-7,-31,-48,-44,0,2,2,2,-16,-77,-43,-78,-16,-75,-41,-76,-2,3,-6,2,95,95,95,95,95,9.9030159185,9.2413053344,9.0735037043,12.440152228,13.201864763,12.736202447,-2.53713631,-3.960559429,-3.662698743,0.1636862135,0.1650233095,0.1664863065,-6.301919221,-3.548001155,-6.492965954,-6.138233007,-3.382977846,-6.326479647
050,2,3,17,131,Illinois,Mercer County,15698,15632,15580,15533,15487,-66,-52,-47,-46,27,145,137,137,40,234,217,207,-13,-89,-80,-70,0,0,0,1,-48,26,42,25,-48,26,42,26,-5,11,-9,-2,134,134,134,134,134,9.2912982186,8.8066081702,8.8330109607,14.994232987,13.949153087,13.34622824,-5.702934769,-5.142544917,-4.513217279,0,0,0.0644745326,1.6660258875,2.6998360814,1.611863314,1.6660258875,2.6998360814,1.6763378466
050,2,3,17,133,Illinois,Monroe County,34953,34953,35004,35001,34957,0,51,-3,-44,85,296,245,134,89,367,370,347,-4,-71,-125,-213,0,3,0,0,0,94,146,172,0,97,146,172,4,25,-24,-3,281,281,281,281,281,8.4623411524,6.9995000357,3.8308699505,10.492159469,10.570673523,9.920237857,-2.029818317,-3.571173488,-6.089367906,0.0857669711,0,0,2.6873650957,4.1711306335,4.9172360559,2.7731320668,4.1711306335,4.9172360559
050,2,3,17,135,Illinois,Montgomery County,28283,28202,28082,27901,27663,-81,-120,-181,-238,60,255,240,235,88,477,430,392,-28,-222,-190,-157,0,1,4,4,-52,91,21,-86,-52,92,25,-82,-1,10,-16,1,2354,2354,2354,2354,2354,9.0611896809,8.5740314024,8.4587142754,16.949754815,15.361806263,14.109855302,-7.888565134,-6.78777486,-5.651141027,0.0355340772,0.1429005234,0.1439781153,3.2336010234,0.7502277477,-3.09552948,3.2691351006,0.8931282711,-2.951551364
050,2,3,17,137,Illinois,Morgan County,32920,32845,32646,32298,32140,-75,-199,-348,-158,78,326,328,327,103,463,455,448,-25,-137,-127,-121,0,4,4,7,-53,-87,-223,-44,-53,-83,-219,-37,3,21,-2,0,2467,2466,2462,2467,2467,9.9555664137,10.101010101,10.149290791,14.139347391,14.012071939,13.90483876,-4.183780978,-3.911061838,-3.755547969,0.1221541891,0.12318305,0.2172631056,-2.656853613,-6.867455038,-1.365653807,-2.534699424,-6.744271988,-1.148390701
050,2,3,17,139,Illinois,Moultrie County,14527,14481,14561,14375,14342,-46,80,-186,-33,29,211,166,162,49,207,213,204,-20,4,-47,-42,0,1,5,6,-26,69,-147,3,-26,70,-142,9,0,6,3,0,402,402,402,402,402,14.530679705,11.473596904,11.282515583,14.255216583,14.722145424,14.207612216,0.2754631224,-3.248548521,-2.925096633,0.0688657806,0.3455902682,0.4178709475,4.751738861,-10.16035388,0.2089354738,4.8206046416,-9.814763616,0.6268064213
050,2,3,17,141,Illinois,Ogle County,51780,51692,51464,51345,51265,-88,-228,-119,-80,117,513,525,519,129,633,598,562,-12,-120,-73,-43,0,15,8,17,-75,-148,-30,-52,-75,-133,-22,-35,-1,25,-24,-2,495,495,495,495,495,9.9461010508,10.213113638,10.115973102,12.272674396,11.633222772,10.954098041,-2.326573345,-1.420109134,-0.838124939,0.2908216682,0.1556283983,0.3313517201,-2.869440459,-0.583606494,-1.013546438,-2.578618791,-0.427978095,-0.682194718
050,2,3,17,143,Illinois,Peoria County,181836,181319,179638,178000,177513,-517,-1681,-1638,-487,543,2192,2081,2008,514,2160,2144,1989,29,32,-63,19,1,202,499,608,-526,-1918,-2082,-1121,-525,-1716,-1583,-513,-21,3,8,7,4721,4719,4718,4725,4726,12.145491014,11.637465817,11.296352032,11.968184576,11.989777373,11.189464239,0.1773064382,-0.352311555,0.1068877931,1.1192468909,2.7905312075,3.4204093802,-10.62730464,-11.64305806,-6.306379795,-9.508057746,-8.852526857,-2.885970415
050,2,3,17,145,Illinois,Perry County,20941,20886,21014,20512,20503,-55,128,-502,-9,47,196,180,177,56,288,304,277,-9,-92,-124,-100,0,4,3,5,-43,216,-397,87,-43,220,-394,92,-3,0,16,-1,2263,2263,2262,2262,2266,9.3556085919,8.6692674469,8.6309886627,13.747016706,14.641429466,13.507253444,-4.391408115,-5.972162019,-4.876264781,0.1909307876,0.1444877908,0.2438132391,10.31026253,-19.12055098,4.2423503596,10.501193317,-18.97606319,4.4861635987
050,2,3,17,147,Illinois,Piatt County,16676,16681,16757,16675,16714,5,76,-82,39,41,157,155,155,36,210,205,187,5,-53,-50,-32,0,0,1,1,-3,123,-29,72,-3,123,-28,73,3,6,-4,-2,199,199,199,199,199,9.3905137867,9.2725532424,9.2844948935,12.560559842,12.26369945,11.201293839,-3.170046055,-2.991146207,-1.916798946,0,0.0598229241,0.0598999671,7.3568993361,-1.7348648,4.312797628,7.3568993361,-1.675041876,4.372697595
050,2,3,17,149,Illinois,Pike County,14734,14640,14621,14499,14342,-94,-19,-122,-157,42,179,166,158,56,254,242,233,-14,-75,-76,-75,0,4,8,9,-72,45,-48,-93,-72,49,-40,-84,-8,7,-6,2,321,321,321,321,321,12.23471515,11.401098901,10.95662425,17.360992447,16.620879121,16.157553483,-5.126277297,-5.21978022,-5.200929233,0.2734014559,0.5494505495,0.6241115079,3.0757663785,-3.296703297,-6.449152249,3.3491678343,-2.747252747,-5.825040741
050,2,3,17,151,Illinois,Pope County,3764,3754,3758,3746,3707,-10,4,-12,-39,6,29,26,26,11,62,69,70,-5,-33,-43,-44,0,-1,-1,-1,-6,37,34,6,-6,36,33,5,1,1,-2,0,73,73,73,73,73,7.7209797657,6.9296375267,6.977056219,16.506922258,18.390191898,18.784382128,-8.785942492,-11.46055437,-11.80732591,-0.266240682,-0.26652452,-0.268348316,9.8509052183,9.0618336887,1.6100898967,9.5846645367,8.7953091684,1.3417415806
050,2,3,17,153,Illinois,Pulaski County,5190,5160,5075,4950,4911,-30,-85,-125,-39,14,68,43,37,25,90,108,107,-11,-22,-65,-70,0,0,-1,-1,-17,-62,-56,32,-17,-62,-57,31,-2,-1,-3,0,160,160,160,160,160,13.287738153,8.578553616,7.5043099077,17.586712262,21.546134663,21.701652976,-4.298974108,-12.96758105,-14.19734307,0,-0.199501247,-0.202819187,-12.11529067,-11.17206983,6.4902139742,-12.11529067,-11.37157107,6.2873947875
050,2,3,17,155,Illinois,Putnam County,5636,5630,5588,5553,5561,-6,-42,-35,8,7,48,43,42,14,58,62,62,-7,-10,-19,-20,0,0,0,0,1,-32,-14,28,1,-32,-14,28,0,0,-2,0,1,1,1,1,1,8.5576751649,7.7192352572,7.5580349109,10.340524158,11.130060138,11.157099154,-1.782848993,-3.410824881,-3.599064243,0,0,0,-5.705116777,-2.513239386,5.0386899406,-5.705116777,-2.513239386,5.0386899406
050,2,3,17,157,Illinois,Randolph County,30164,30090,30204,30026,29815,-74,114,-178,-211,87,299,286,251,109,449,420,400,-22,-150,-134,-149,1,21,41,49,-54,236,-74,-113,-53,257,-33,-64,1,7,-11,2,2895,2895,2895,2894,2890,9.9180681328,9.496928441,8.3888972444,14.893687597,13.94653827,13.368760549,-4.975619465,-4.449609829,-4.979863304,0.696586725,1.3614477835,1.6376731672,7.8283079577,-2.457247219,-3.776674855,8.5248946827,-1.095799435,-2.139001688
050,2,3,17,159,Illinois,Richland County,15811,15790,15767,15555,15488,-21,-23,-212,-67,32,179,157,141,64,247,263,249,-32,-68,-106,-108,0,1,6,8,7,34,-109,32,7,35,-103,40,4,10,-3,1,317,317,317,317,317,11.34455113,10.024902624,9.0841735657,15.654213011,16.793308218,16.042263956,-4.309661882,-6.768405594,-6.958090391,0.0633773806,0.3831172977,0.515414103,2.1548309408,-6.959964242,2.0616564121,2.2182083215,-6.576846945,2.5770705151
050,2,3,17,161,Illinois,Rock Island County,144667,144360,142923,141559,141236,-307,-1437,-1364,-323,386,1533,1585,1622,438,1943,1797,1663,-52,-410,-212,-41,1,136,352,436,-256,-1187,-1511,-717,-255,-1051,-1159,-281,0,24,7,-1,4390,4391,4383,4395,4397,10.67240317,11.143060018,11.471207058,13.526731481,12.633488235,11.761169752,-2.85432831,-1.490428217,-0.289962694,0.9468015859,2.4746732658,3.0835057197,-8.263628547,-10.62281621,-5.070811012,-7.316826962,-8.148142941,-1.987305292
050,2,3,17,163,Illinois,St. Clair County,257412,256844,254958,252265,251018,-568,-1886,-2693,-1247,708,2809,2487,2168,872,3102,3033,2775,-164,-293,-546,-607,-4,57,144,223,-419,-1722,-2276,-877,-423,-1665,-2132,-654,19,72,-15,14,4609,4606,4559,4599,4598,10.976901224,9.8063376464,8.6154310795,12.121875256,11.959236864,11.027592826,-1.144974033,-2.152899218,-2.412161746,0.2227423887,0.5677975959,0.8861813334,-6.729164794,-8.974356447,-3.485116724,-6.506422406,-8.406558851,-2.59893539
050,2,3,17,165,Illinois,Saline County,23772,23690,23316,23052,22873,-82,-374,-264,-179,58,249,245,230,75,440,406,380,-17,-191,-161,-150,0,0,1,4,-61,-187,-95,-32,-61,-187,-94,-28,-4,4,-9,-1,628,628,628,628,628,10.594392205,10.56763285,10.016330974,18.721014339,17.512077295,16.54872074,-8.126622133,-6.944444444,-6.532389766,0,0.0431331953,0.1741970604,-7.956431094,-4.097653554,-1.393576483,-7.956431094,-4.054520359,-1.219379423
050,2,3,17,167,Illinois,Sangamon County,196341,196144,195371,194151,193491,-197,-773,-1220,-660,531,2080,1911,1850,550,2181,2209,2074,-19,-101,-298,-224,1,106,255,319,-198,-870,-1148,-764,-197,-764,-893,-445,19,92,-29,9,3687,3687,3676,3688,3689,10.625391109,9.8120260216,9.5448893567,11.141335581,11.342106479,10.700594879,-0.515944472,-1.530080458,-1.155705522,0.5414862777,1.3092970359,1.6458484891,-4.444274166,-5.89440391,-3.941781334,-3.902787888,-4.585106875,-2.295932845
050,2,3,17,169,Illinois,Schuyler County,6899,6868,6831,6753,6733,-31,-37,-78,-20,16,64,65,66,26,97,107,100,-10,-33,-42,-34,0,3,9,11,-20,-7,-43,4,-20,-4,-34,15,-1,0,-2,-1,595,595,595,595,595,9.3437477188,9.5700824499,9.7879282219,14.161617636,15.753828033,14.830194276,-4.817869918,-6.183745583,-5.042266054,0.4379881743,1.3250883392,1.6313213703,-1.021972407,-6.330977621,0.593207771,-0.583984232,-5.005889282,2.2245291413
050,2,3,17,171,Illinois,Scott County,4947,4941,4849,4771,4710,-6,-92,-78,-61,10,39,34,34,14,66,70,68,-4,-27,-36,-34,0,0,0,0,-1,-65,-40,-27,-1,-65,-40,-27,-1,0,-2,0,37,37,37,37,37,7.9673135853,7.0686070686,7.1722392153,13.483146067,14.553014553,14.344478431,-5.515832482,-7.484407484,-7.172239215,0,0,0,-13.27885598,-8.316008316,-5.69560173,-13.27885598,-8.316008316,-5.69560173
050,2,3,17,173,Illinois,Shelby County,20990,20919,20862,20710,20568,-71,-57,-152,-142,50,200,189,180,57,278,322,294,-7,-78,-133,-114,0,3,5,5,-60,7,-13,-34,-60,10,-8,-29,-4,11,-11,1,175,175,175,175,175,9.5737296857,9.0926585202,8.7213527787,13.307484263,15.491195997,14.244876205,-3.733754577,-6.398537477,-5.523523427,0.1436059453,0.2405465217,0.2422597994,0.335080539,-0.625420956,-1.647366636,0.4786864843,-0.384874435,-1.405106837
050,2,3,17,175,Illinois,Stark County,5395,5382,5284,5313,5218,-13,-98,29,-95,12,60,46,44,18,86,90,86,-6,-26,-44,-42,0,1,2,4,-7,-72,72,-56,-7,-71,74,-52,0,-1,-1,-1,93,93,93,93,93,11.250703169,8.6817023686,8.3562814548,16.126007875,16.985939417,16.332731934,-4.875304707,-8.304237048,-7.97645048,0.1875117195,0.3774653204,0.7596619504,-13.5008438,13.588751533,-10.63526731,-13.31333208,13.966216854,-9.875605356
050,2,3,17,177,Illinois,Stephenson County,44631,44503,44062,43556,43105,-128,-441,-506,-451,106,452,382,314,137,685,663,623,-31,-233,-281,-309,0,4,25,33,-93,-225,-244,-175,-93,-221,-219,-142,-4,13,-6,0,718,718,719,719,719,10.207192458,8.7196694743,7.2466276641,15.468864676,15.133876601,14.377863168,-5.261672218,-6.414207126,-7.131235504,0.0903291368,0.570658997,0.7615882577,-5.081013945,-5.569631811,-4.038725609,-4.990684808,-4.998972814,-3.277137351
050,2,3,17,179,Illinois,Tazewell County,131341,131086,130412,129610,129541,-255,-674,-802,-69,294,1225,1262,1201,372,1776,1727,1597,-78,-551,-465,-396,0,26,29,36,-184,-221,-301,294,-184,-195,-272,330,7,72,-65,-3,2471,2471,2472,2473,2475,9.3690965132,9.7068709571,9.2687274986,13.583277884,13.283491397,12.324860795,-4.21418137,-3.57662044,-3.056133297,0.1988542933,0.2230580489,0.2778302997,-1.690261493,-2.315188715,2.2689474476,-1.4914072,-2.092130666,2.5467777473
050,2,3,17,181,Illinois,Union County,17239,17184,16921,16772,16667,-55,-263,-149,-105,44,154,148,136,70,279,259,253,-26,-125,-111,-117,0,2,19,21,-29,-142,-51,-9,-29,-140,-32,12,0,2,-6,0,945,945,945,944,944,9.0309338807,8.7852076099,8.1342145399,16.361237355,15.374113317,15.13203146,-7.330303475,-6.588905707,-6.99781692,0.1172848556,1.1278307067,1.2560184216,-8.327224747,-3.027335055,-0.538293609,-8.209939892,-1.899504348,0.7177248123
050,2,3,17,183,Illinois,Vermilion County,74204,74009,73164,72103,71652,-195,-845,-1061,-451,214,844,853,849,237,1174,1201,1115,-23,-330,-348,-266,0,13,12,16,-165,-548,-719,-203,-165,-535,-707,-187,-7,20,-6,2,2683,2683,2683,2685,2690,11.469495084,11.743892281,11.811763069,15.954013304,16.535069906,15.512503913,-4.48451822,-4.791177625,-3.700740844,0.176662839,0.1652130215,0.222600953,-7.447018135,-9.899013541,-2.824249591,-7.270355296,-9.733800519,-2.601648638
050,2,3,17,185,Illinois,Wabash County,11362,11318,11208,11040,10942,-44,-110,-168,-98,21,113,71,39,24,173,165,161,-3,-60,-94,-122,0,3,7,10,-37,-55,-81,15,-37,-52,-74,25,-4,2,0,-1,336,336,336,336,336,10.032850928,6.3825961884,3.5483577472,15.360028412,14.832793959,14.648348649,-5.327177484,-8.450197771,-11.0999909,0.2663588742,0.6292700467,0.9098353198,-4.883246027,-7.281553398,1.3647529797,-4.616887153,-6.652283351,2.2745882995
050,2,3,17,187,Illinois,Warren County,16833,16821,16585,16360,16185,-12,-236,-225,-175,80,189,198,196,60,232,219,210,20,-43,-21,-14,0,9,21,25,-32,-201,-230,-187,-32,-192,-209,-162,0,-1,5,1,871,870,866,874,874,11.315332575,12.020033389,12.044860962,13.88972041,13.294885415,12.905208173,-2.574387835,-1.274852026,-0.860347212,0.5388253607,1.2748520261,1.5363343063,-12.03376639,-13.96266505,-11.49178061,-11.49494103,-12.68781302,-9.955446305
050,2,3,17,189,Illinois,Washington County,13758,13723,13640,13623,13536,-35,-83,-17,-87,39,129,119,111,39,180,175,170,0,-51,-56,-59,0,1,0,1,-34,-40,50,-29,-34,-39,50,-28,-1,7,-11,0,217,217,217,217,217,9.4287907028,8.7297802883,8.1740859384,13.156452143,12.837912189,12.518870356,-3.727661441,-4.1081319,-4.344784418,0.0730914008,0,0.0736404139,-2.923656032,3.6679749111,-2.135572002,-2.850564631,3.6679749111,-2.061931588
050,2,3,17,191,Illinois,Wayne County,16173,16126,15956,15843,15761,-47,-170,-113,-82,31,182,158,137,45,261,256,252,-14,-79,-98,-115,0,10,47,57,-34,-105,-52,-23,-34,-95,-5,34,1,4,-10,-1,131,131,131,131,131,11.345926064,9.9374194157,8.6697886344,16.270806059,16.101135256,15.947348437,-4.924879995,-6.16371584,-7.277559803,0.623402531,2.9560678009,3.6071383369,-6.545726576,-3.270543099,-1.455511961,-5.922324045,-0.314475298,2.1516263764
050,2,3,17,193,Illinois,White County,13872,13808,13758,13595,13401,-64,-50,-163,-194,23,125,112,86,57,276,257,243,-34,-151,-145,-157,0,3,6,6,-29,95,-18,-43,-29,98,-12,-37,-1,3,-6,0,587,587,587,588,588,9.0691431474,8.1892297006,6.3713142688,20.024668069,18.791357438,18.002667062,-10.95552492,-10.60212774,-11.63135279,0.2176594355,0.438708734,0.4445102978,6.892548792,-1.316126202,-3.185657134,7.1102082275,-0.877417468,-2.741146837
050,2,3,17,195,Illinois,Whiteside County,55694,55565,55302,54555,54498,-129,-263,-747,-57,161,585,533,537,183,854,783,743,-22,-269,-250,-206,0,18,32,43,-104,-42,-532,112,-104,-24,-500,155,-3,30,3,-6,961,961,961,962,962,10.553185348,9.7035236717,9.8484223268,15.405846645,14.254895,13.626401841,-4.852661297,-4.551371328,-3.777979515,0.3247133953,0.58257553,0.7886073744,-0.757664589,-9.685318186,2.0540471147,-0.432951194,-9.102742656,2.8426544891
050,2,3,17,197,Illinois,Will County,697298,696826,699176,698046,700728,-472,2350,-1130,2682,1700,6861,6960,6953,1600,5617,5692,5180,100,1244,1268,1773,4,371,922,1289,-645,276,-3283,-374,-641,647,-2361,915,69,459,-37,-6,9521,9521,9507,9520,9525,9.8294988116,9.962625839,9.9415631117,8.0472664079,8.1475957292,7.4064859656,1.7822324037,1.8150301097,2.5350771461,0.5315178632,1.3197616413,1.8430425501,0.3954149063,-4.699324803,-0.534754006,0.9269327694,-3.379563162,1.3082885441
050,2,3,17,199,Illinois,Williamson County,67152,67114,66883,66544,66706,-38,-231,-339,162,158,660,638,633,194,917,901,854,-36,-257,-263,-221,0,26,52,61,-19,-43,-101,322,-19,-17,-49,383,17,43,-27,0,2038,2038,2038,2039,2039,9.8509668127,9.5632817945,9.5009380863,13.686873587,13.505512378,12.818011257,-3.835906774,-3.942230583,-3.317073171,0.3880683896,0.7794524347,0.9155722326,-0.641805414,-1.51393646,4.8330206379,-0.253737024,-0.734484025,5.7485928705
050,2,3,17,201,Illinois,Winnebago County,285337,284916,283333,281542,280922,-421,-1583,-1791,-620,826,3231,3234,3193,891,3528,3571,3290,-65,-297,-337,-97,3,230,479,608,-383,-1616,-1894,-1144,-380,-1386,-1415,-536,24,100,-39,13,3594,3594,3595,3595,3595,11.371775401,11.450320867,11.35361552,12.417091803,12.6435052,11.698526483,-1.045316402,-1.193184333,-0.344910963,0.8095042842,1.6959504315,2.1619161404,-5.687647493,-6.705908387,-4.067815896,-4.878143208,-5.009957955,-1.905899755
050,2,3,17,203,Illinois,Woodford County,38465,38413,38220,38177,38285,-52,-193,-43,108,94,379,402,397,100,463,439,420,-6,-84,-37,-23,0,5,24,27,-45,-130,-15,104,-45,-125,9,131,-1,16,-15,0,902,902,900,903,903,9.8913000926,10.523973454,10.384243153,12.083567132,11.492597877,10.98584918,-2.192267039,-0.968624422,-0.601606027,0.1304920857,0.6282969227,0.7062331616,-3.392794227,-0.392685577,2.7203055112,-3.262302141,0.235611346,3.4265386728
040,2,3,18,000,Indiana,Indiana,6785442,6789098,6813798,6832274,6862199,3656,24700,18476,29925,19436,77712,80234,79587,19149,77868,79739,72079,287,-156,495,7508,342,6065,15475,17869,1596,16132,5011,4599,1938,22197,20486,22468,1431,2659,-2505,-51,178370,178345,178175,178459,178474,11.42580227,11.759281352,11.623229313,11.448738563,11.686733003,10.526728557,-0.022936292,0.0725483494,1.0965007562,0.8917218804,2.2680519347,2.6096659579,2.3718478771,0.7344237961,0.6716578287,3.2635697575,3.0024757307,3.2813237866
050,2,3,18,001,Indiana,Adams County,35805,35849,35991,36151,36288,44,142,160,137,168,665,670,629,87,386,391,369,81,279,279,260,0,3,0,-1,-45,-153,-110,-124,-45,-150,-110,-125,8,13,-9,2,482,482,482,482,482,18.513363029,18.574478113,17.366335814,10.74610245,10.839732749,10.187882218,7.7672605791,7.7347453633,7.1784535954,0.083518931,0,-0.027609437,-4.259465479,-3.049541183,-3.423570176,-4.175946548,-3.049541183,-3.451179613
050,2,3,18,003,Indiana,Allen County,385394,386103,389163,391644,394545,709,3060,2481,2901,1273,5170,5316,5282,952,4039,3990,3520,321,1131,1326,1762,8,339,881,1020,256,1341,478,103,264,1680,1359,1123,124,249,-204,16,6286,6283,6275,6291,6295,13.337357758,13.616681203,13.436972535,10.419649514,10.22019526,8.9545897997,2.9177082447,3.3964859434,4.4823827349,0.8745385455,2.2566396049,2.5947959079,3.4594577861,1.2243742692,0.2620235083,4.3339963316,3.4810138741,2.8568194162
050,2,3,18,005,Indiana,Bartholomew County,82211,82218,82729,83394,84003,7,511,665,609,256,1042,1042,1031,228,874,908,820,28,168,134,211,19,248,560,673,-58,43,1,-281,-39,291,561,392,18,52,-30,6,1247,1247,1246,1247,1247,12.63436134,12.544921534,12.318022426,10.597343389,10.931659072,9.7970692426,2.0370179512,1.6132624622,2.5209531832,3.0070264994,6.7419923791,8.0407653662,0.5213795947,0.0120392721,-3.357288362,3.5284060941,6.7540316512,4.6834770038
050,2,3,18,007,Indiana,Benton County,8717,8715,8686,8672,8729,-2,-29,-14,57,28,91,92,90,23,117,108,108,5,-26,-16,-18,0,0,10,9,-9,-7,-3,68,-9,-7,7,77,2,4,-5,-2,102,102,102,102,102,10.459169013,10.600299574,10.34423309,13.447503017,12.443829934,12.413079708,-2.988334004,-1.843530361,-2.068846618,0,1.1522064754,1.034423309,-0.804551463,-0.345661943,7.8156427792,-0.804551463,0.8065445328,8.8500660882
050,2,3,18,009,Indiana,Blackford County,12109,12105,12041,11919,11893,-4,-64,-122,-26,33,97,127,130,47,192,207,202,-14,-95,-80,-72,0,3,6,5,9,22,-46,43,9,25,-40,48,1,6,-2,-2,136,136,136,136,136,8.0344570529,10.601001669,10.918864438,15.903255198,17.278797997,16.966235512,-7.868798145,-6.677796327,-6.047371073,0.2484883625,0.5008347245,0.4199563245,1.8222479914,-3.839732888,3.6116243911,2.0707363538,-3.338898164,4.0315807156
050,2,3,18,011,Indiana,Boone County,70809,71137,73080,74309,76120,328,1943,1229,1811,191,776,878,879,184,597,654,609,7,179,224,270,0,45,73,91,323,1764,951,1456,323,1809,1024,1547,-2,-45,-19,-6,830,830,830,831,831,10.761560704,11.914050574,11.686576392,8.2791903867,8.8744750287,8.0968430289,2.482370317,3.039575545,3.5897333626,0.6240595769,0.9905759589,1.2098730963,24.463135414,12.904626533,19.35796954,25.087194991,13.895202491,20.567842637
050,2,3,18,013,Indiana,Brown County,15474,15485,15592,15587,15653,11,107,-5,66,26,118,106,94,47,205,209,199,-21,-87,-103,-105,0,0,3,5,36,193,95,168,36,193,98,173,-4,1,0,-2,135,135,135,135,135,7.5940406088,6.7994483466,6.0179257362,13.193036651,13.406459476,12.740076825,-5.598996042,-6.607011129,-6.722151088,0,0.1924372174,0.3201024328,12.420761335,6.0938452163,10.755441741,12.420761335,6.2862824337,11.075544174
050,2,3,18,015,Indiana,Carroll County,20308,20339,20525,20514,20525,31,186,-11,11,58,230,212,193,41,190,242,233,17,40,-30,-40,1,8,9,12,9,131,18,40,10,139,27,52,4,7,-8,-1,103,103,103,103,103,11.256851997,10.331635761,9.4056872731,9.2991386061,11.79365969,11.355052511,1.9577133908,-1.462023928,-1.949365238,0.3915426782,0.4386071785,0.5848095714,6.4115113547,0.8772143571,1.9493652379,6.8030540329,1.3158215356,2.5341748093
050,2,3,18,017,Indiana,Cass County,37859,37786,37558,37537,37666,-73,-228,-21,129,95,454,483,474,114,523,507,464,-19,-69,-24,10,2,43,115,128,-56,-209,-101,-6,-54,-166,14,122,0,7,-11,-3,715,715,715,715,715,12.051390953,12.863705972,12.605880085,13.882990019,13.502896331,12.339933247,-1.831599066,-0.639190359,0.2659468372,1.1414313018,3.0627871363,3.4041195165,-5.547887025,-2.689926094,-0.159568102,-4.406455723,0.3728610427,3.2445514142
050,2,3,18,019,Indiana,Clark County,121093,121360,122895,124222,125467,267,1535,1327,1245,342,1395,1396,1309,356,1470,1563,1413,-14,-75,-167,-104,0,43,119,112,273,1569,1330,1230,273,1612,1449,1342,8,-2,45,7,1670,1670,1669,1670,1670,11.422488792,11.298291902,10.485043394,12.036601093,12.649878398,11.318079691,-0.614112301,-1.351586495,-0.833036297,0.3520910524,0.9631065447,0.8971160123,12.84722933,10.76413197,9.8522562067,13.199320382,11.727238515,10.749372219
050,2,3,18,021,Indiana,Clay County,26462,26427,26394,26410,26460,-35,-33,16,50,65,302,298,302,89,364,357,343,-24,-62,-59,-41,0,2,3,4,-13,9,86,88,-13,11,89,92,2,18,-14,-1,344,344,344,344,344,11.434845989,11.28702371,11.424248156,13.782397153,13.521702901,12.975222243,-2.347551163,-2.234679191,-1.550974087,0.0757274569,0.1136277555,0.1513145451,0.340773556,3.2573289902,3.3289199924,0.4165010129,3.3709567457,3.4802345375
050,2,3,18,023,Indiana,Clinton County,33189,33178,32983,32769,32730,-11,-195,-214,-39,126,372,392,395,105,449,442,416,21,-77,-50,-21,0,14,17,14,-33,-146,-164,-33,-33,-132,-147,-19,1,14,-17,1,624,624,624,625,625,11.245295567,11.923591678,12.061252844,13.572950832,13.444457963,12.702484007,-2.327655265,-1.520866285,-0.641231164,0.4232100482,0.517094537,0.4274874426,-4.413476217,-4.988441416,-1.007648972,-3.990266169,-4.471346879,-0.580161529
050,2,3,18,025,Indiana,Crawford County,10528,10524,10491,10517,10438,-4,-33,26,-79,19,97,101,97,37,148,169,161,-18,-51,-68,-64,0,0,-1,-1,15,13,94,-13,15,13,93,-14,-1,5,1,-1,69,69,69,69,69,9.2315013086,9.6153846154,9.2579336674,14.085177254,16.089108911,15.366261036,-4.853675946,-6.473724296,-6.108327368,0,-0.095201828,-0.095442615,1.2372115156,8.9489718203,-1.240753997,1.2372115156,8.8537699924,-1.336196612
050,2,3,18,027,Indiana,Daviess County,33380,33357,33396,33496,33656,-23,39,100,160,100,538,535,532,92,402,353,338,8,136,182,194,0,39,102,112,-37,-150,-182,-151,-37,-111,-80,-39,6,14,-2,5,647,647,647,647,647,16.119125732,15.995933744,15.844650941,12.044402499,10.554326377,10.06671432,4.0747232334,5.4416073671,5.7779366214,1.1684868096,3.0496920409,3.3357159876,-4.494180037,-5.441607367,-4.497259948,-3.325693227,-2.391915326,-1.16154396
050,2,3,18,029,Indiana,Dearborn County,50676,50750,50875,50900,51215,74,125,25,315,135,492,449,380,134,581,632,571,1,-89,-183,-191,0,3,8,12,59,177,225,498,59,180,233,510,14,34,-25,-4,536,536,536,536,536,9.6826568266,8.8233849177,7.4425892376,11.434194342,12.419552935,11.183469618,-1.751537515,-3.596168018,-3.74088038,0.0590405904,0.1572095308,0.2350291338,3.4833948339,4.4215180545,9.7537090535,3.5424354244,4.5787275854,9.9887381873
050,2,3,18,031,Indiana,Decatur County,26475,26474,26353,26454,26399,-1,-121,101,-55,76,308,309,309,109,344,336,334,-33,-36,-27,-25,1,12,14,17,23,-109,126,-45,24,-97,140,-28,8,12,-12,-2,499,499,499,499,499,11.660703807,11.702993921,11.692808355,13.023643213,12.725585623,12.638828449,-1.362939406,-1.022591702,-0.946020093,0.4543131353,0.5302327343,0.6432936636,-4.126677646,4.7720946087,-1.702836168,-3.672364511,5.302327343,-1.059542505
050,2,3,18,033,Indiana,DeKalb County,43260,43292,43395,43813,44198,32,103,418,385,128,550,557,544,112,525,494,474,16,25,63,70,0,4,9,11,7,40,356,305,7,44,365,316,9,34,-10,-1,418,418,418,418,418,12.68933058,12.774057426,12.362091102,12.112542826,11.32923585,10.77138085,0.5767877536,1.444821576,1.5907102521,0.0922860406,0.2064030823,0.2499687539,0.9228604058,8.1643885882,6.9309518128,1.0151464464,8.3707916705,7.1809205667
050,2,3,18,035,Indiana,Delaware County,111909,111762,112057,112163,112321,-147,295,106,158,272,1059,1126,1124,404,1527,1582,1425,-132,-468,-456,-301,4,46,98,121,-55,656,504,339,-51,702,602,460,36,61,-40,-1,7863,7851,7825,7883,7886,9.4630035877,10.043707073,10.014076727,13.644954182,14.111140844,12.695782327,-4.181950594,-4.06743377,-2.6817056,0.4110464259,0.8741414682,1.0780278327,5.8618794651,4.4955846936,3.0202597958,6.272925891,5.3697261618,4.0982876285
050,2,3,18,037,Indiana,Dubois County,43631,43642,43565,43492,43546,11,-77,-73,54,130,479,500,498,100,525,539,497,30,-46,-39,1,1,23,43,51,-25,-73,-62,2,-24,-50,-19,53,5,19,-15,0,711,711,711,711,711,10.98535668,11.486727087,11.443277649,12.040317864,12.3826918,11.42029918,-1.054961184,-0.895964713,0.0229784692,0.5274805922,0.9878585295,1.1719019279,-1.674177532,-1.424354159,0.0459569383,-1.146696939,-0.436495629,1.2178588662
050,2,3,18,039,Indiana,Elkhart County,207046,206991,207054,206873,206409,-55,63,-181,-464,707,2858,2915,2878,461,2127,2138,1901,246,731,777,977,8,160,419,475,-326,-926,-1329,-1925,-318,-766,-910,-1450,17,98,-48,9,2425,2425,2425,2427,2427,13.805262713,14.084609122,13.927536162,10.274245553,10.330323946,9.199529619,3.53101716,3.7542851759,4.7280065427,0.7728628531,2.0245115685,2.2986725771,-4.472943762,-6.421422135,-9.315673076,-3.700080909,-4.396910566,-7.017000498
050,2,3,18,041,Indiana,Fayette County,23398,23359,23381,23389,23362,-39,22,8,-27,68,233,266,241,87,385,397,362,-19,-152,-131,-121,0,4,10,12,-20,161,138,82,-20,165,148,94,0,9,-9,0,348,348,348,348,348,9.9700470689,11.374812914,10.309939894,16.47411211,16.976694462,15.486299758,-6.504065041,-5.601881548,-5.176359864,0.1711596063,0.4276245456,0.513358003,6.8891741549,5.90121873,3.5079463541,7.0603337612,6.3288432756,4.0213043571
050,2,3,18,043,Indiana,Floyd County,80479,80519,80595,80621,80809,40,76,26,188,181,813,773,703,236,983,974,879,-55,-170,-201,-176,1,47,94,86,67,140,187,277,68,187,281,363,27,59,-54,1,1722,1722,1722,1723,1723,10.092232829,9.5896188964,8.7096574367,12.202539817,12.083167924,10.890169114,-2.110306988,-2.493549027,-2.180511677,0.5834378142,1.1661373561,1.0654772967,1.7378998721,2.3198689956,3.4318280369,2.3213376864,3.4860063517,4.4973053336
050,2,3,18,045,Indiana,Fountain County,16480,16492,16480,16620,16731,12,-12,140,111,38,188,219,224,50,266,264,254,-12,-78,-45,-30,0,2,7,7,24,55,181,136,24,57,188,143,0,9,-3,-2,111,111,111,111,111,11.403615189,13.232628399,13.432880573,16.134902341,15.951661631,15.231927079,-4.731287153,-2.719033233,-1.799046505,0.1213150552,0.4229607251,0.4197775179,3.336164018,10.936555891,8.1556774909,3.4574790732,11.359516616,8.5754550088
050,2,3,18,047,Indiana,Franklin County,22791,22788,22889,23083,23096,-3,101,194,13,54,255,235,198,56,269,265,256,-2,-14,-30,-58,0,6,15,19,-6,95,212,55,-6,101,227,74,5,14,-3,-3,155,155,155,155,155,11.165356744,10.223614374,8.5753264471,11.778356722,11.528756634,11.08729076,-0.612999978,-1.305142261,-2.511964313,0.2627142763,0.6525711303,0.8228848611,4.1596427086,9.2230053076,2.3820351242,4.4223569849,9.8755764378,3.2049199853
050,2,3,18,049,Indiana,Fulton County,20479,20469,20412,20368,20358,-10,-57,-44,-10,52,221,237,234,57,271,300,283,-5,-50,-63,-49,0,8,10,14,-6,-29,18,25,-6,-21,28,39,1,14,-9,0,138,138,138,138,138,10.811868594,11.623344777,11.491430536,13.257992711,14.713094654,13.897755733,-2.446124116,-3.089749877,-2.406325198,0.3913798586,0.4904364885,0.687521485,-1.418751987,0.8827856793,1.2277169376,-1.027372129,1.3732221677,1.9152384226
050,2,3,18,051,Indiana,Gibson County,33008,33049,32965,33002,32904,41,-84,37,-98,97,377,373,373,89,447,408,385,8,-70,-35,-12,0,24,18,19,23,-57,67,-106,23,-33,85,-87,10,19,-13,1,604,604,603,604,604,11.421819614,11.308684645,11.319151519,13.542581877,12.369821274,11.683306527,-2.120762263,-1.061136629,-0.364155009,0.72711849,0.5457274092,0.5765787637,-1.726906414,2.0313186896,-3.216702576,-0.999787924,2.5770460988,-2.640123813
050,2,3,18,053,Indiana,Grant County,66680,66507,66188,65993,66200,-173,-319,-195,207,189,711,756,745,256,1095,1147,1038,-67,-384,-391,-293,0,14,95,114,-107,1,137,386,-107,15,232,500,1,50,-36,0,4720,4723,4683,4726,4732,10.716304307,11.438860351,11.271398637,16.504012962,17.354990505,15.704311121,-5.787708655,-5.916130155,-4.432912484,0.2110102114,1.4374229277,1.7247509323,0.015072158,2.0729151694,5.8399461394,0.2260823693,3.510338097,7.5646970717
050,2,3,18,055,Indiana,Greene County,30796,30793,30862,31071,31196,-3,69,209,125,75,325,335,343,127,433,458,431,-52,-108,-123,-88,1,13,33,33,41,148,302,180,42,161,335,213,7,16,-3,0,301,301,301,301,301,10.542535074,10.818142186,11.017071643,14.045900576,14.790176481,13.843608974,-3.503365502,-3.972034295,-2.826537331,0.421701403,1.0656677377,1.0599514992,4.8009082799,9.7524744482,5.7815536319,5.2226096829,10.818142186,6.8415051311
050,2,3,18,057,Indiana,Hamilton County,347469,348996,357620,365463,371645,1527,8624,7843,6182,912,3745,4059,4009,631,2278,2359,2099,281,1467,1700,1910,33,580,1332,1568,1185,6677,4873,2719,1218,7257,6205,4287,28,-100,-62,-15,2610,2609,2610,2612,2612,10.599816591,11.226926923,10.877646152,6.4476320944,6.5248387806,5.6952305497,4.1521844962,4.702088142,5.1824156026,1.6416271355,3.684224356,4.254464746,18.8985248,13.478397362,7.3774806406,20.540151935,17.162621718,11.631945387
050,2,3,18,059,Indiana,Hancock County,79838,80180,81891,83117,86166,342,1711,1226,3049,181,809,882,872,195,818,934,851,-14,-9,-52,21,1,16,63,62,361,1737,1219,2977,362,1753,1282,3039,-6,-33,-4,-11,834,834,834,834,834,9.9832789333,10.690390769,10.302274889,10.094341369,11.320663241,10.054169645,-0.111062436,-0.630272472,0.2481052439,0.19744433,0.7635993406,0.7325011962,21.435050071,14.77504121,35.171871954,21.632494401,15.538640551,35.90437315
050,2,3,18,061,Indiana,Harrison County,39656,39676,39805,39790,40006,20,129,-15,216,92,396,409,382,111,510,551,497,-19,-114,-142,-115,0,4,17,20,26,219,137,313,26,223,154,333,13,20,-27,-2,474,474,474,474,474,9.9646456386,10.277027451,9.5744147576,12.833255747,13.845090772,12.45676475,-2.868610108,-3.568063321,-2.882349992,0.1006529862,0.4271625102,0.5012782596,5.5107509971,3.4424272881,7.8450047621,5.6114039833,3.8695897984,8.3462830217
050,2,3,18,063,Indiana,Hendricks County,174778,175596,179800,183119,186387,818,4204,3319,3268,436,1848,1890,1841,418,1465,1490,1337,18,383,400,504,7,100,352,419,800,3788,2641,2382,807,3888,2993,2801,-7,-67,-74,-37,3732,3732,3733,3725,3723,10.39966685,10.415547271,9.964655513,8.2443246407,8.2111986421,7.2366889848,2.1553422098,2.2043486288,2.7279665283,0.5627525352,1.9398267933,2.2678928082,21.317066033,14.554211821,12.892889425,21.879818569,16.494038615,15.160782234
050,2,3,18,065,Indiana,Henry County,48910,48903,49024,48815,48929,-7,121,-209,114,126,454,425,420,176,706,748,679,-50,-252,-323,-259,0,1,0,1,26,353,144,374,26,354,144,375,17,19,-30,-2,3732,3729,3730,3720,3719,9.272212975,8.6877421069,8.5938778851,14.418903877,15.290426108,13.893435914,-5.146690902,-6.602684001,-5.299558029,0.0204233766,0,0.020461614,7.2094519387,2.9436114433,7.6526436405,7.2298753153,2.9436114433,7.6731052545
050,2,3,18,067,Indiana,Howard County,83664,83589,83650,83546,83831,-75,61,-104,285,225,911,980,947,342,1268,1360,1217,-117,-357,-380,-270,3,27,52,58,12,342,269,501,15,369,321,559,27,49,-45,-4,1163,1163,1163,1164,1164,10.894587985,11.722768487,11.315772179,15.163927074,16.268331778,14.542021903,-4.26933909,-4.545563291,-3.226249724,0.3228911916,0.6220244503,0.6930462369,4.0899550942,3.2177803297,5.9864855984,4.4128462859,3.83980478,6.6795318353
050,2,3,18,069,Indiana,Huntington County,36669,36646,36788,36800,36781,-23,142,12,-19,102,404,409,412,99,524,528,492,3,-120,-119,-80,1,21,36,37,-34,222,112,25,-33,243,148,62,7,19,-17,-1,1243,1243,1237,1244,1245,11.003077593,11.115942817,11.198543102,14.271318463,14.350165788,13.373017491,-3.268240869,-3.234222971,-2.174474389,0.5719421521,0.9784203946,1.0056944048,6.0462456083,3.0439745611,0.6795232465,6.6181877604,4.0223949557,1.6852176513
050,2,3,18,071,Indiana,Jackson County,46436,46479,46224,46230,46460,43,-255,6,230,165,590,601,598,103,595,582,529,62,-5,19,69,1,77,260,295,-28,-336,-268,-135,-27,-259,-8,160,8,9,-5,1,753,753,753,753,754,12.728822152,13.001059987,12.903225806,12.836693527,12.590044779,11.41439206,-0.107871374,0.4110152076,1.4888337469,1.6612191623,5.6244186298,6.3653037005,-7.248956344,-5.797477665,-2.912935592,-5.587737182,-0.173059035,3.4523681087
050,2,3,18,073,Indiana,Jasper County,32926,32908,33165,33345,33535,-18,257,180,190,86,360,382,384,98,393,433,412,-12,-33,-51,-28,0,1,4,4,-13,279,241,215,-13,280,245,219,7,10,-14,-1,190,190,190,190,190,10.897038124,11.486994437,11.483253589,11.895933286,13.020598406,12.320574163,-0.998895161,-1.533603969,-0.837320574,0.0302695503,0.1202826643,0.1196172249,8.4452045465,7.2470305217,6.4294258373,8.4754740968,7.367313186,6.5490430622
050,2,3,18,075,Indiana,Jay County,20471,20474,20282,20118,20032,3,-192,-164,-86,70,294,290,279,58,284,301,295,12,10,-11,-16,0,2,7,9,-13,-205,-158,-80,-13,-203,-151,-71,4,1,-2,1,253,253,253,253,253,14.427323584,14.356435644,13.897882939,13.936598292,14.900990099,14.694894147,0.490725292,-0.544554455,-0.797011208,0.0981450584,0.3465346535,0.4483188045,-10.05986849,-7.821782178,-3.98505604,-9.961723427,-7.475247525,-3.536737235
050,2,3,18,077,Indiana,Jefferson County,33143,33100,33117,32936,33056,-43,17,-181,120,79,350,349,347,89,460,440,417,-10,-110,-91,-70,1,17,25,33,-37,87,-106,157,-36,104,-81,190,3,23,-9,0,2360,2357,2350,2356,2350,10.571303442,10.567271736,10.516426233,13.893713095,13.322634854,12.637895502,-3.322409653,-2.755363117,-2.121469269,0.51346331,0.7569678894,1.0001212268,2.6277239984,-3.209543851,4.7581525033,3.1411873084,-2.452575962,5.7582737301
050,2,3,18,079,Indiana,Jennings County,27611,27580,27513,27484,27622,-31,-67,-29,138,85,336,299,291,94,342,355,344,-9,-6,-56,-53,0,1,2,1,-28,-81,44,189,-28,-80,46,190,6,19,-19,1,293,293,293,293,293,12.197556858,10.873320363,10.561463362,12.415370374,12.90979508,12.485028853,-0.217813515,-2.036474717,-1.923565492,0.0363022526,0.0727312399,0.0362936885,-2.940482457,1.6000872775,6.8595071317,-2.904180204,1.6728185174,6.8958008202
050,2,3,18,081,Indiana,Johnson County,161763,162237,164394,165686,167819,474,2157,1292,2133,444,1825,1889,1886,457,1726,1775,1560,-13,99,114,326,3,73,174,206,465,1966,1102,1606,468,2039,1276,1812,19,19,-98,-5,2973,2974,2967,2976,2977,11.174689481,11.445710131,11.31017526,10.568500847,10.754968492,9.3551820812,0.6061886349,0.6907416384,1.9549931785,0.4469875793,1.0542898691,1.2353637876,12.038049052,6.6771691711,9.6310400144,12.485036632,7.7314590402,10.866403802
050,2,3,18,083,Indiana,Knox County,36289,36256,35976,35876,36070,-33,-280,-100,194,93,416,403,411,116,567,510,471,-23,-151,-107,-60,0,16,72,84,-17,-164,-43,171,-17,-148,29,255,7,19,-22,-1,1669,1666,1654,1668,1668,11.51844058,11.217502644,11.425235593,15.699413003,14.195847019,13.093153198,-4.180972422,-2.978344375,-1.667917605,0.4430169454,2.0041195791,2.3350846468,-4.54092369,-1.196904749,4.7535651739,-4.097906745,0.8072148305,7.0886498207
050,2,3,18,085,Indiana,Kosciusko County,80233,80141,80237,80564,80364,-92,96,327,-200,240,889,925,903,173,916,935,850,67,-27,-10,53,2,89,127,133,-161,-20,252,-390,-159,69,379,-257,0,54,-42,4,1526,1526,1517,1530,1531,11.086308596,11.504903576,11.222410022,11.423013131,11.629280912,10.563730364,-0.336704536,-0.124377336,0.658679658,1.1098779134,1.5795921667,1.652913104,-0.249410767,3.1343088662,-4.846888049,0.8604671464,4.713901033,-3.193974945
050,2,3,18,087,Indiana,LaGrange County,40453,40542,40527,40854,40907,89,-15,327,53,191,688,704,668,79,338,315,305,112,350,389,363,0,7,19,23,-32,-377,-64,-337,-32,-370,-45,-314,9,5,-17,4,168,168,168,168,168,16.973195673,17.301335693,16.340308949,8.3385757811,7.741364692,7.4607698047,8.6346198917,9.5599710006,8.8795391446,0.1726923978,0.4669394576,0.5626154279,-9.30071914,-1.572848699,-8.243539096,-9.128026743,-1.105909242,-7.680923668
050,2,3,18,089,Indiana,Lake County,498705,498957,499257,499657,500598,252,300,400,941,1380,5314,5570,5653,1553,6107,6169,5407,-173,-793,-599,246,14,224,666,708,229,486,637,-19,243,710,1303,689,182,383,-304,6,4314,4314,4317,4316,4316,10.64701557,11.152111193,11.303117705,12.235853234,12.351413635,10.811243133,-1.588837664,-1.199302442,0.491874572,0.4488015596,1.3334481247,1.4156390121,0.973739098,1.2753850682,-0.037990312,1.4225406576,2.6088331928,1.3776486996
050,2,3,18,091,Indiana,LaPorte County,112404,112270,112513,111822,111706,-134,243,-691,-116,288,1117,1183,1180,361,1420,1391,1274,-73,-303,-208,-94,0,8,27,35,-84,483,-468,-61,-84,491,-441,-26,23,55,-42,4,6392,6382,6380,6365,6366,9.9384739949,10.546726993,10.557961419,12.634407406,12.401096574,11.399019362,-2.695933411,-1.854369581,-0.841057944,0.07117976,0.240711436,0.3131598726,4.2974780121,-4.172331558,-0.545792921,4.3686577722,-3.931620122,-0.232633048
050,2,3,18,093,Indiana,Lawrence County,45015,45016,45066,45231,45084,1,50,165,-147,103,450,500,502,159,670,747,674,-56,-220,-247,-172,0,8,19,14,49,241,404,13,49,249,423,27,8,21,-11,-2,598,598,598,598,598,9.9908971826,11.074565046,11.11664729,14.875335805,16.545400179,14.925538393,-4.884438623,-5.470835133,-3.808891103,0.1776159499,0.4208334718,0.31002602,5.3506804911,8.9482485575,0.2878813043,5.528296441,9.3690820293,0.5979073244
050,2,3,18,095,Indiana,Madison County,130121,130167,130841,131383,132504,46,674,542,1121,354,1386,1410,1402,452,1920,1991,1757,-98,-534,-581,-355,1,33,37,37,106,1145,1111,1437,107,1178,1148,1474,37,30,-25,2,5783,5779,5778,5774,5766,10.620364127,10.754164379,10.625760269,14.71219273,15.185490268,13.316305843,-4.091828603,-4.431325889,-2.690545574,0.2528658125,0.2822014766,0.2804230599,8.7736774352,8.4736713649,10.891025325,9.0265432477,8.7558728415,11.171448385
050,2,3,18,097,Indiana,Marion County,977202,976659,971543,969223,968460,-543,-5116,-2320,-763,3341,13172,13753,13736,2972,9833,10461,9122,369,3339,3292,4614,156,1835,5209,6055,-1360,-10420,-10582,-11403,-1204,-8585,-5373,-5348,292,130,-239,-29,16564,16559,16526,16583,16590,13.522211762,14.172754469,14.177757662,10.094435793,10.780279539,9.4153687677,3.4277759698,3.39247493,4.7623888944,1.8837882314,5.3679835694,6.2497322834,-10.69704271,-10.90497257,-11.76972704,-8.813254478,-5.536989003,-5.519994757
050,2,3,18,099,Indiana,Marshall County,46085,46071,46160,46378,46352,-14,89,218,-26,123,528,562,567,120,595,557,519,3,-67,5,48,0,2,25,34,-23,127,206,-108,-23,129,231,-74,6,27,-18,0,672,672,672,672,672,11.449512637,12.146361495,12.229052087,12.902386399,12.03829778,11.193788418,-1.452873763,0.1080637144,1.0352636687,0.043369366,0.5403185718,0.7333117653,2.7539547441,4.4522250319,-2.329343255,2.7973241101,4.9925436037,-1.596031489
050,2,3,18,101,Indiana,Martin County,9811,9809,9804,9827,9897,-2,-5,23,70,34,105,133,144,19,121,129,127,15,-16,4,17,0,0,0,-1,-19,4,23,56,-19,4,23,55,2,7,-4,-2,156,156,156,156,156,10.707184011,13.549997453,14.60150071,12.338754907,13.142478733,12.877712432,-1.631570897,0.4075187204,1.7237882782,0,0,-0.10139931,0.4078927242,2.3432326422,5.6783613871,0.4078927242,2.3432326422,5.5769620767
050,2,3,18,103,Indiana,Miami County,35963,35906,35999,35546,35402,-57,93,-453,-144,72,349,351,340,106,481,531,496,-34,-132,-180,-156,0,7,6,9,-28,203,-282,3,-28,210,-276,12,5,15,3,0,3371,3368,3368,3363,3360,9.707252625,9.8120064295,9.5844844111,13.378763646,14.843804599,13.982071376,-3.671511021,-5.031798169,-4.397586965,0.194701342,0.1677266056,0.2537069403,5.6463389194,-7.883150465,0.0845689801,5.8410402615,-7.715423859,0.3382759204
050,2,3,18,105,Indiana,Monroe County,139711,139585,140176,139621,139342,-126,591,-555,-279,285,1095,1129,1146,301,1166,1189,1082,-16,-71,-60,64,18,350,759,913,-154,193,-1237,-1273,-136,543,-478,-360,26,119,-17,17,12217,12223,12247,12236,12239,7.8281104228,8.0701365633,8.2161433595,8.3356865324,8.4990189316,7.7573011475,-0.50757611,-0.428882368,0.458842212,2.5021357516,5.4253619588,6.5456709313,1.379749143,-8.842124826,-9.126658374,3.8818848946,-3.416762867,-2.580987443
050,2,3,18,107,Indiana,Montgomery County,37930,37935,38057,38319,38573,5,122,262,254,99,394,444,445,120,486,496,461,-21,-92,-52,-16,0,5,24,20,16,191,305,249,16,196,329,269,10,18,-15,1,1061,1060,1056,1063,1065,10.36951258,11.626689012,11.574676169,12.790820086,12.988373311,11.990844301,-2.421307506,-1.361684299,-0.416168132,0.1315927992,0.6284696763,0.5202101649,5.026844931,7.9868021368,6.4766165531,5.1584377303,8.6152718131,6.996826718
050,2,3,18,109,Indiana,Morgan County,71776,71836,72275,72260,73227,60,439,-15,967,181,695,779,797,213,846,919,824,-32,-151,-140,-27,1,18,16,21,69,538,158,977,70,556,174,998,22,34,-49,-4,665,665,665,665,665,9.645342826,10.779395994,10.956305374,11.740949685,12.716643028,11.327472558,-2.095606859,-1.937247034,-0.371167183,0.2498074401,0.221399661,0.288685587,7.4664668207,2.1863216522,13.430753263,7.7162742608,2.4077213132,13.71943885
050,2,3,18,111,Indiana,Newton County,13835,13799,13820,13839,13960,-36,21,19,121,35,143,153,152,56,193,227,219,-21,-50,-74,-67,0,11,25,25,-18,53,70,164,-18,64,95,189,3,7,-2,-1,141,141,141,141,141,10.355190268,11.063306699,10.935645167,13.975886165,16.414187064,15.755962445,-3.620695898,-5.350880364,-4.820317278,0.7965530975,1.8077298529,1.7986258499,3.8379376516,5.061643588,11.798985575,4.6344907491,6.8693734408,13.597611425
050,2,3,18,113,Indiana,Noble County,47462,47460,47392,47234,47430,-2,-68,-158,196,182,602,603,603,141,514,559,528,41,88,44,75,0,25,63,60,-51,-205,-256,60,-51,-180,-193,120,8,24,-9,1,685,685,685,686,686,12.693459284,12.744911547,12.739795487,10.837936997,11.814934585,11.15524381,1.8555222874,0.9299769619,1.5845516775,0.5271370135,1.3315579228,1.267641342,-4.32252351,-5.410775051,1.267641342,-3.795386497,-4.079217128,2.535282684
050,2,3,18,115,Indiana,Ohio County,5935,5928,5994,6097,6004,-7,66,103,-93,4,59,47,47,15,88,89,89,-11,-29,-42,-42,0,1,2,2,3,96,142,-54,3,97,144,-52,1,-2,1,1,38,38,38,38,38,9.8976681765,7.7743776363,7.7679530617,14.762623721,14.721693822,14.709528138,-4.864955544,-6.947316186,-6.941575076,0.1677570877,0.3308245803,0.3305511941,16.104680423,23.488545199,-8.924882241,16.27243751,23.819369779,-8.594331047
050,2,3,18,117,Indiana,Orange County,19870,19850,19806,19601,19638,-20,-44,-205,37,58,212,222,213,79,305,320,304,-21,-93,-98,-91,0,0,2,2,-2,37,-103,129,-2,37,-101,131,3,12,-6,-3,262,262,262,262,262,10.691950777,11.267033776,10.856545784,15.382287674,16.240769406,15.494788348,-4.690336897,-4.973735631,-4.638242565,0,0.1015048088,0.101939397,1.8660480129,-5.227497653,6.5750911083,1.8660480129,-5.125992844,6.6770305054
050,2,3,18,119,Indiana,Owen County,21327,21318,21514,21487,21532,-9,196,-27,45,47,246,114,55,61,302,312,305,-14,-56,-198,-250,0,2,3,5,1,248,173,293,1,250,176,298,4,2,-5,-3,224,224,224,224,224,11.486738887,5.3022022744,2.5570096934,14.101606276,14.511290435,14.179781027,-2.614867389,-9.209088161,-11.62277133,0.093388121,0.1395316388,0.2324554267,11.580127008,8.0463245041,13.621888003,11.673515129,8.1858561429,13.85434343
050,2,3,18,121,Indiana,Parke County,16147,16150,16486,16367,16484,3,336,-119,117,38,206,217,209,35,184,199,192,3,22,18,17,0,0,1,1,-3,320,-137,101,-3,320,-136,102,3,-6,-1,-2,1012,1012,1012,1008,1000,12.62409609,13.210361306,12.724117987,11.275891653,12.114570968,11.689141883,1.3482044368,1.0957903388,1.0349761042,0,0.060877241,0.0608809473,19.610246354,-8.340182023,6.1489756781,19.610246354,-8.279304782,6.2098566254
050,2,3,18,123,Indiana,Perry County,19170,19155,19334,19207,19209,-15,179,-127,2,43,179,178,164,56,240,251,239,-13,-61,-73,-75,0,4,22,25,-7,242,-72,53,-7,246,-50,78,5,-6,-4,-1,1583,1583,1583,1579,1580,9.3013588298,9.2369165304,8.5381091212,12.471095638,13.025090164,12.442732195,-3.169736808,-3.788173633,-3.904623074,0.207851594,1.1416413689,1.3015410246,12.575021435,-3.736280844,2.7592669721,12.782873029,-2.594639475,4.0608079967
050,2,3,18,125,Indiana,Pike County,12253,12249,12170,12143,12106,-4,-79,-27,-37,31,126,132,130,39,184,193,185,-8,-58,-61,-55,0,0,-3,-3,1,-29,44,22,1,-29,41,19,3,8,-7,-1,174,174,174,174,174,10.319832917,10.858388516,10.722091633,15.070232196,15.876280179,15.25836117,-4.750399279,-5.017891663,-4.536269537,0,-0.246781557,-0.247432884,-2.37519964,3.6194628388,1.8145078148,-2.37519964,3.3726812816,1.5670749309
050,2,3,18,127,Indiana,Porter County,173207,173318,174551,174848,175335,111,1233,297,487,397,1580,1675,1693,477,1843,1943,1729,-80,-263,-268,-36,0,52,172,182,126,1376,511,347,126,1428,683,529,65,68,-118,-6,3316,3316,3306,3321,3323,9.0838792764,9.5878923523,9.6692300883,10.595942726,11.121955129,9.874836871,-1.512063449,-1.534062776,-0.205606783,0.2989631154,0.984547752,1.0394565127,7.9110239774,2.9250226818,1.9818209336,8.2099870928,3.9095704338,3.0212774464
050,2,3,18,129,Indiana,Posey County,25218,25185,25165,25098,25040,-33,-20,-67,-58,49,241,214,205,61,272,261,245,-12,-31,-47,-40,0,2,1,2,-22,-1,-6,-21,-22,1,-5,-19,1,10,-15,1,205,205,205,205,205,9.5729890765,8.5152099954,8.1774302924,10.804369414,10.385372938,9.773026447,-1.231380338,-1.870162943,-1.595596155,0.0794438928,0.0397907009,0.0797798077,-0.039721946,-0.238744205,-0.837687981,0.0397219464,-0.198953505,-0.757908173
050,2,3,18,131,Indiana,Pulaski County,12514,12515,12360,12449,12385,1,-155,89,-64,26,128,120,123,35,203,215,207,-9,-75,-95,-84,0,7,14,14,7,-89,173,5,7,-82,187,19,3,2,-3,1,158,158,158,158,158,10.291457286,9.6739086622,9.9057743416,16.32160804,17.332419686,16.670693404,-6.030150754,-7.658511024,-6.764919063,0.5628140704,1.1286226773,1.1274865104,-7.155778894,13.946551655,0.4026737537,-6.592964824,15.075174332,1.5301602642
050,2,3,18,133,Indiana,Putnam County,36734,36689,37043,37294,37567,-45,354,251,273,80,349,347,350,110,421,450,414,-30,-72,-103,-64,0,26,40,46,-25,394,327,291,-25,420,367,337,10,6,-13,0,4142,4143,4122,4141,4140,9.4667173005,9.3358623566,9.3506632292,11.419736342,12.107026111,11.060498791,-1.953019042,-2.771163754,-1.709835562,0.7052568763,1.0761800987,1.2289443101,10.687354202,8.7977723072,7.7744085706,11.392611078,9.8739524059,9.0033528807
050,2,3,18,135,Indiana,Randolph County,24508,24415,24409,24350,24216,-93,-6,-59,-134,67,279,286,286,84,403,425,401,-17,-124,-139,-115,0,13,24,21,-72,92,69,-40,-72,105,93,-19,-4,13,-13,0,252,252,252,252,252,11.428805505,11.731167579,11.777786929,16.508274619,17.432679095,16.513610345,-5.079469114,-5.701511516,-4.735823416,0.5325249877,0.984433643,0.8648025368,3.7686383746,2.8302467237,-1.647242927,4.3011633623,3.8146803667,-0.78244039
050,2,3,18,137,Indiana,Ripley County,28985,28980,29015,29030,29227,-5,35,15,197,93,342,336,334,87,402,431,404,6,-60,-95,-70,0,4,8,9,-15,73,121,262,-15,77,129,271,4,18,-19,-4,531,531,531,531,531,11.794120183,11.577224567,11.466433218,13.863264074,14.850546989,13.869577905,-2.069143892,-3.273322422,-2.403144686,0.1379429261,0.275648204,0.3089757454,2.5174584016,4.1691790852,8.9946272551,2.6554013277,4.4448272892,9.3036030005
050,2,3,18,139,Indiana,Rush County,16748,16763,16679,16672,16847,15,-84,-7,175,47,175,200,200,50,230,225,220,-3,-55,-25,-20,0,2,10,11,13,-42,16,186,13,-40,26,197,5,11,-8,-2,124,124,124,124,124,10.465881227,11.993643369,11.933530237,13.755158184,13.49284879,13.12688326,-3.289276957,-1.499205421,-1.193353024,0.1196100712,0.5996821685,0.656344163,-2.511811495,0.9594914695,11.09818312,-2.392201423,1.559173638,11.754527283
050,2,3,18,141,Indiana,St. Joseph County,272916,272682,272286,272282,272848,-234,-396,-4,566,784,3183,3260,3286,750,3315,3190,2826,34,-132,70,460,7,255,663,763,-324,-700,-625,-671,-317,-445,38,92,49,181,-112,14,12607,12610,12620,12623,12627,11.681419826,11.972793113,12.055839891,12.16585194,11.715708598,10.368169061,-0.484432113,0.2570845147,1.6876708308,0.9358347646,2.4349576178,2.7993322694,-2.568958177,-2.295397453,-2.461798103,-1.633123413,0.1395601651,0.3375341662
050,2,3,18,143,Indiana,Scott County,24388,24377,24422,24500,24657,-11,45,78,157,75,291,280,279,92,399,445,425,-17,-108,-165,-146,0,1,7,4,0,142,241,298,0,143,248,302,6,10,-5,1,379,379,379,379,379,11.926473903,11.446792854,11.35138434,16.352794115,18.192224357,17.291535285,-4.426320211,-6.745431503,-5.940150945,0.0409844464,0.2861698213,0.1627438615,5.8197913892,9.852418135,12.124417682,5.8607758356,10.138587956,12.287161544
050,2,3,18,145,Indiana,Shelby County,45049,45060,45101,45189,45231,11,41,88,42,126,458,484,479,145,542,549,510,-19,-84,-65,-31,0,22,82,86,17,70,101,-14,17,92,183,72,13,33,-30,1,734,734,734,734,734,10.159603376,10.721010079,10.595001106,12.022936746,12.160815151,11.280690113,-1.86333337,-1.439805073,-0.685689007,0.4880158827,1.8163694761,1.902234019,1.5527778086,2.2372355743,-0.309666003,2.0407936913,4.0536050504,1.5925680159
050,2,3,18,147,Indiana,Spencer County,19812,19833,19841,19849,19910,21,8,8,61,58,218,195,187,50,265,288,270,8,-47,-93,-83,0,7,9,9,9,35,99,137,9,42,108,146,4,13,-7,-2,305,305,305,305,305,10.989564954,9.8261526833,9.4066752182,13.35887483,14.512471655,13.581830529,-2.369309875,-4.686318972,-4.175155311,0.3528759389,0.4535147392,0.4527276843,1.7643796945,4.9886621315,6.8915214165,2.1172556334,5.4421768707,7.3442491008
050,2,3,18,149,Indiana,Starke County,23383,23396,23373,23203,23206,13,-23,-170,3,58,247,236,236,74,380,384,363,-16,-133,-148,-127,0,6,15,15,23,90,-24,115,23,96,-9,130,6,14,-13,0,100,100,100,100,100,10.562552118,10.133974579,10.170441078,16.250080181,16.489178976,15.643517421,-5.687528063,-6.355204397,-5.473076343,0.2565802134,0.6441085538,0.6464263397,3.8487032008,-1.030573686,4.9559352712,4.1052834142,-0.386465132,5.6023616109
050,2,3,18,151,Indiana,Steuben County,34439,34441,34702,34772,34917,2,261,70,145,80,345,357,356,99,367,403,375,-19,-22,-46,-19,0,10,18,20,12,265,115,145,12,275,133,165,9,8,-17,-1,1723,1722,1712,1729,1730,9.9793182245,10.277226013,10.216820445,10.615680546,11.601462418,10.762100188,-0.636362322,-1.324236405,-0.545279743,0.2892556007,0.5181794628,0.5739786767,7.6652734189,3.3105910125,4.161345406,7.9545290196,3.8287704753,4.7353240827
050,2,3,18,153,Indiana,Sullivan County,20811,20812,20777,20671,20757,1,-35,-106,86,45,219,210,212,51,286,281,270,-6,-67,-71,-58,0,0,8,7,0,18,-34,140,0,18,-26,147,7,14,-9,-3,2218,2218,2217,2213,2211,10.53163096,10.133178923,10.234623926,13.753636779,13.559158464,13.034662547,-3.222005819,-3.425979541,-2.800038621,0,0.3860258637,0.3379356957,0.8656135036,-1.640609921,6.7587139133,0.8656135036,-1.254584057,7.096649609
050,2,3,18,155,Indiana,Switzerland County,9760,9748,9869,10009,10019,-12,121,140,10,27,134,121,111,21,107,116,118,6,27,5,-7,0,1,0,0,-19,90,132,17,-19,91,132,17,1,3,3,0,100,100,100,100,100,13.661620023,12.174263004,11.084481726,10.908905541,11.671194285,11.783503096,2.7527144823,0.5030687192,-0.69902137,0.1019523882,0,0,9.1757149411,13.281014187,1.6976233273,9.2776673294,13.281014187,1.6976233273
050,2,3,18,157,Indiana,Tippecanoe County,186255,186387,187423,188237,188792,132,1036,814,555,497,2014,2029,2028,319,1495,1530,1367,178,519,499,661,39,650,1606,1925,-139,-286,-1271,-2049,-100,364,335,-124,54,153,-20,18,15899,15909,15957,15917,15916,10.775527674,10.802321248,10.757793167,7.9987159252,8.145663632,7.2514315875,2.7768117493,2.6566576159,3.5063615796,3.4777025762,8.550284832,10.211416098,-1.530189134,-6.766757174,-10.86919043,1.9475134427,1.783527658,-0.657774336
050,2,3,18,159,Indiana,Tipton County,15357,15392,15394,15325,15256,35,2,-69,-69,49,163,152,148,47,223,235,223,2,-60,-83,-75,0,8,5,6,30,47,17,0,30,55,22,6,3,7,-8,0,198,198,198,198,198,10.58922887,9.8961554738,9.679212583,14.487104528,15.299977213,14.584218959,-3.897875658,-5.403821739,-4.905006377,0.5197167544,0.3255314301,0.3924005101,3.0533359319,1.1068068622,0,3.5730526863,1.4323382923,0.3924005101
050,2,3,18,161,Indiana,Union County,7088,7082,7018,6967,6973,-6,-64,-51,6,20,77,72,62,22,109,91,90,-2,-32,-19,-28,0,2,0,1,-3,-35,-33,33,-3,-33,-33,34,-1,1,1,0,35,35,35,35,35,10.921985816,10.296746514,8.8952654232,15.460992908,13.013943511,12.912482066,-4.539007092,-2.717196997,-4.017216643,0.2836879433,0,0.143472023,-4.964539007,-4.719342152,4.7345767575,-4.680851064,-4.719342152,4.8780487805
050,2,3,18,163,Indiana,Vanderburgh County,180128,180336,180165,179563,179810,208,-171,-602,247,521,2038,2169,2159,569,2421,2389,2108,-48,-383,-220,51,7,114,166,196,212,-26,-447,-3,219,88,-281,193,37,124,-101,3,6728,6728,6708,6739,6742,11.306487361,12.059111329,12.015371216,13.431308096,13.282257706,11.731543549,-2.124820736,-1.223146377,0.2838276665,0.6324531693,0.9229195392,1.0907886792,-0.144243705,-2.485211048,-0.016695745,0.4882094641,-1.562291509,1.0740929341
050,2,3,18,165,Indiana,Vermillion County,15443,15409,15435,15433,15417,-34,26,-2,-16,48,166,167,171,55,229,238,227,-7,-63,-71,-56,0,3,6,4,-28,77,68,35,-28,80,74,39,1,9,-5,1,188,188,188,188,188,10.763843859,10.820266943,11.085899514,14.848917131,15.420500194,14.71636953,-4.085073272,-4.600233251,-3.630470016,0.1945272987,0.3887521057,0.2593192869,4.9928673324,4.4058571984,2.2690437601,5.187394631,4.7946093041,2.528363047
050,2,3,18,167,Indiana,Vigo County,106158,106130,106116,106082,106153,-28,-14,-34,71,307,1151,1148,1167,297,1405,1363,1226,10,-254,-215,-59,1,53,139,161,-68,99,107,-34,-67,152,246,127,29,88,-65,3,8879,8879,8845,8901,8907,10.845905223,10.82008313,10.997243621,13.239354334,12.846492427,11.553231088,-2.393449111,-2.026409297,-0.555987467,0.4994204838,1.3100971734,1.517186138,0.9328797716,1.0084920687,-0.320399557,1.4323002554,2.3185892421,1.1967865809
050,2,3,18,169,Indiana,Wabash County,30981,30934,30893,30842,30670,-47,-41,-51,-172,75,294,315,313,99,535,543,504,-24,-241,-228,-191,0,4,9,11,-25,183,184,8,-25,187,193,19,2,13,-16,0,1197,1197,1198,1198,1198,9.5104080741,10.204908075,10.176876057,17.306354829,17.591317729,16.38704643,-7.795946755,-7.386409654,-6.210170373,0.1293933071,0.2915688021,0.3576537911,5.9197438013,5.960962177,0.2601118481,6.0491371084,6.2525309792,0.6177656392
050,2,3,18,171,Indiana,Warren County,8434,8423,8449,8488,8518,-11,26,39,30,27,63,89,87,28,117,99,95,-1,-54,-10,-8,0,1,3,4,-10,77,49,35,-10,78,52,39,0,2,-3,-1,79,79,79,79,79,7.4679943101,10.509535337,10.231682935,13.86913229,11.690382004,11.172527343,-6.40113798,-1.180846667,-0.940844408,0.1185395922,0.3542540001,0.4704222039,9.1275486012,5.7861486686,4.1161942844,9.2460881935,6.1404026687,4.5866164883
050,2,3,18,173,Indiana,Warrick County,63892,63996,64657,65231,65867,104,661,574,636,158,640,591,584,193,754,733,673,-35,-114,-142,-89,0,22,69,73,127,738,667,659,127,760,736,732,12,15,-20,-7,936,936,937,937,937,9.9492433134,9.1001478197,8.9093655128,11.721452279,11.286646957,10.267128408,-1.772208965,-2.186499138,-1.357762895,0.3420052389,1.0624538064,1.1136706891,11.472721196,10.270386795,10.053547728,11.814726435,11.332840601,11.167218417
050,2,3,18,175,Indiana,Washington County,28168,28238,28138,28171,28205,70,-100,33,34,82,325,320,303,66,374,405,381,16,-49,-85,-78,0,5,13,12,50,-69,122,100,50,-64,135,112,4,13,-17,0,337,337,337,337,337,11.529728963,11.365856257,10.749255002,13.268057329,14.384911826,13.516389953,-1.738328367,-3.019055568,-2.767134951,0.1773804456,0.4617379105,0.4257130694,-2.447850149,4.3332326981,3.5476089116,-2.270469703,4.7949706086,3.973321981
050,2,3,18,177,Indiana,Wayne County,66541,66507,66435,66216,66127,-34,-72,-219,-89,206,745,771,748,247,1100,1040,943,-41,-355,-269,-195,0,47,72,83,-10,193,15,23,-10,240,87,106,17,43,-37,0,2151,2151,2145,2152,2152,11.207895172,11.624488319,11.303960164,16.548570053,15.680243647,14.250848175,-5.340674881,-4.055755328,-2.946888011,0.7070752659,1.0855553294,1.2543164353,2.9035218366,0.2261573603,0.3475816628,3.6105971025,1.3117126897,1.6018980981
050,2,3,18,179,Indiana,Wells County,28169,28155,28154,28298,28555,-14,-1,144,257,68,335,317,314,76,389,368,347,-8,-54,-51,-33,0,8,23,24,-10,29,181,266,-10,37,204,290,4,16,-9,0,464,464,464,464,464,11.89863077,11.230780132,11.046030992,13.816619013,13.037624885,12.2069196,-1.917988243,-1.806844753,-1.160888607,0.2841464064,0.8148515553,0.8442826236,1.0300307233,6.412527457,9.357465745,1.3141771298,7.2273790123,10.201748369
050,2,3,18,181,Indiana,White County,24698,24673,24643,24660,24917,-25,-30,17,257,67,250,329,423,87,333,328,311,-20,-83,1,112,0,17,72,85,-7,23,-49,60,-7,40,23,145,2,13,-7,0,224,224,224,224,224,10.13869738,13.346043851,17.064364524,13.50474491,13.305478368,12.546140347,-3.36604753,0.0405654828,4.5182241765,0.6894314219,2.9207147638,3.4290094197,0.932760159,-1.987708659,2.4204772374,1.6221915808,0.9330061051,5.8494866571
050,2,3,18,183,Indiana,Whitley County,34181,34329,34470,34577,34742,148,141,107,165,92,353,370,377,81,370,391,363,11,-17,-21,14,0,5,6,6,141,130,145,146,141,135,151,152,-4,23,-23,-1,335,335,335,335,335,10.261777061,10.717337466,10.877248662,10.75597029,11.325618781,10.473319003,-0.49419323,-0.608281316,0.4039296585,0.1453509499,0.1737946616,0.1731127108,3.7791246966,4.2000376555,4.2124092962,3.9244756464,4.3738323171,4.385522007
040,2,4,19,000,Iowa,Iowa,3190427,3190904,3197944,3199693,3207004,477,7040,1749,7311,9104,35887,36848,36898,8036,35499,35708,33119,1068,388,1140,3779,199,3701,9355,7112,-1270,1805,-7990,-3603,-1071,5506,1365,3509,480,1146,-756,23,98596,98575,98529,98261,97595,11.234263204,11.519253124,11.518571894,11.112801557,11.162871541,10.338868843,0.1214616469,0.3563815828,1.1797030514,1.158581328,2.9245172866,2.2201767931,0.5650470946,-2.497797234,-1.124760544,1.7236284225,0.426720053,1.0954162496
050,2,4,19,001,Iowa,Adair County,7497,7493,7524,7457,7389,-4,31,-67,-68,23,84,84,85,17,127,134,120,6,-43,-50,-35,0,4,6,4,-10,71,-18,-37,-10,75,-12,-33,0,-1,-5,0,157,157,157,158,162,11.187321036,11.214204659,11.450895864,16.914163948,17.88932648,16.165970632,-5.726842911,-6.675121821,-4.715074768,0.5327295732,0.8010146185,0.5388656877,9.4559499234,-2.403043856,-4.984507611,9.9886794966,-1.602029237,-4.445641924
050,2,4,19,003,Iowa,Adams County,3707,3709,3638,3601,3544,2,-71,-37,-57,13,43,41,39,9,52,61,56,4,-9,-20,-17,0,0,1,1,-2,-61,-18,-40,-2,-61,-17,-39,0,-1,0,-1,70,70,70,70,71,11.70545801,11.327531427,10.916724983,14.155437594,16.853156513,15.675297411,-2.449979584,-5.525625086,-4.758572428,0,0.2762812543,0.2799160252,-16.60541718,-4.973062578,-11.19664101,-16.60541718,-4.696781323,-10.91672498
050,2,4,19,005,Iowa,Allamakee County,14064,14071,13968,14018,14074,7,-103,50,56,63,189,189,177,50,207,162,155,13,-18,27,22,0,11,59,61,-9,-100,-31,-27,-9,-89,28,34,3,4,-5,0,226,226,226,229,200,13.481222583,13.506753377,12.601452371,14.765148543,11.57721718,11.035170155,-1.28392596,1.9295361967,1.5662822156,0.7846214202,4.2163939112,4.3428734159,-7.132922001,-2.215393411,-1.922255446,-6.348300581,2.0010005003,2.4206179695
050,2,4,19,007,Iowa,Appanoose County,12316,12287,12269,12141,12119,-29,-18,-128,-22,23,130,125,126,37,215,199,190,-14,-85,-74,-64,0,3,4,3,-15,61,-52,41,-15,64,-48,44,0,3,-6,-2,200,200,200,244,239,10.588043655,10.24170422,10.387469085,17.510995276,16.304793118,15.663643858,-6.922951621,-6.063088898,-5.276174773,0.244339469,0.327734535,0.2473206925,4.968235869,-4.260548955,3.3800494641,5.212575338,-3.93281442,3.6273701566
050,2,4,19,009,Iowa,Audubon County,5676,5683,5645,5575,5534,7,-38,-70,-41,18,53,62,61,13,89,85,83,5,-36,-23,-22,0,1,5,7,2,-7,-52,-25,2,-6,-47,-18,0,4,0,-1,101,101,101,102,98,9.3573446328,11.051693405,10.982086596,15.713276836,15.151515152,14.942839139,-6.355932203,-4.099821747,-3.960752543,0.1765536723,0.8912655971,1.2602394455,-1.235875706,-9.26916221,-4.500855162,-1.059322034,-8.377896613,-3.240615717
050,2,4,19,011,Iowa,Benton County,25584,25549,25738,25742,25796,-35,189,4,54,50,269,262,263,54,293,251,247,-4,-24,11,16,0,5,11,13,-33,200,-3,26,-33,205,8,39,2,8,-15,-1,320,320,320,325,331,10.489987716,10.178710179,10.206061547,11.425897401,9.7513597514,9.5851604641,-0.935909685,0.4273504274,0.6209010827,0.1949811843,0.4273504274,0.5044821297,7.7992473726,-0.116550117,1.0089642594,7.9942285569,0.3108003108,1.5134463891
050,2,4,19,013,Iowa,Black Hawk County,131143,131044,130576,130052,130471,-99,-468,-524,419,436,1602,1611,1629,365,1489,1513,1352,71,113,98,277,7,208,519,370,-199,-837,-1111,-226,-192,-629,-592,144,22,48,-30,-2,4484,4482,4469,4366,4366,12.246770125,12.362447627,12.505613708,11.382921795,11.610417914,10.379121997,0.8638483296,0.7520297128,2.1264917109,1.5900925006,3.9826879691,2.8404401915,-6.39859338,-8.525561336,-1.734971576,-4.808500879,-4.542873367,1.1054686151
050,2,4,19,015,Iowa,Boone County,26709,26698,26761,26579,26590,-11,63,-182,11,59,263,279,281,77,347,358,350,-18,-84,-79,-69,0,2,0,-1,-1,137,-94,83,-1,139,-94,82,8,8,-9,-2,736,736,736,737,755,9.8393161114,10.461192351,10.570069025,12.981911371,13.423322085,13.165566401,-3.14259526,-2.962129734,-2.595497376,0.0748236967,0,-0.037615904,5.1254232215,-3.52455943,3.1221200323,5.2002469182,-3.52455943,3.0845041283
050,2,4,19,017,Iowa,Bremer County,24990,25011,25118,25254,25307,21,107,136,53,63,237,247,250,69,295,265,256,-6,-58,-18,-6,0,21,40,24,20,132,131,37,20,153,171,61,7,12,-17,-2,1567,1567,1554,1571,1573,9.4556045403,9.8070356547,9.889044916,11.769634343,10.521718415,10.126381994,-2.314029803,-0.71468276,-0.237337078,0.837838377,1.5881839117,0.9493483119,5.2664126553,5.2013023108,1.4635786476,6.1042510323,6.7894862225,2.4129269595
050,2,4,19,019,Iowa,Buchanan County,20562,20605,20703,20689,20691,43,98,-14,2,67,274,250,254,46,236,233,223,21,38,17,31,0,14,33,29,17,32,-59,-59,17,46,-26,-30,5,14,-5,1,143,143,143,143,110,13.26619541,12.079628914,12.276462059,11.42635809,11.258214148,10.778153697,1.8398373196,0.8214147661,1.4983083615,0.677834802,1.5945110166,1.4016433059,1.5493366902,-2.850792424,-2.85161914,2.2271714922,-1.256281407,-1.449975834
050,2,4,19,021,Iowa,Buena Vista County,20825,20806,20790,20644,20567,-19,-16,-146,-77,58,310,298,304,54,188,188,181,4,122,110,123,6,60,149,122,-26,-200,-415,-323,-20,-140,-266,-201,-3,2,10,1,811,811,806,821,792,14.905279354,14.384322054,14.753342554,9.0393307049,9.0746729739,8.7840625076,5.8659486489,5.3096490805,5.9692800466,2.8848927782,7.1921610272,5.9207493145,-9.616309261,-20.03185789,-15.67542646,-6.731416482,-12.83969687,-9.754677149
050,2,4,19,023,Iowa,Butler County,14335,14333,14348,14246,14172,-2,15,-102,-74,40,130,150,152,37,202,208,192,3,-72,-58,-40,0,5,16,9,-7,75,-58,-42,-7,80,-42,-33,2,7,-2,-1,212,212,212,212,222,9.0652348244,10.491711548,10.697445281,14.085980266,14.54850668,13.51256246,-5.020745441,-4.056795132,-2.815117179,0.3486628779,1.1191158984,0.6334013653,5.229943168,-4.056795132,-2.955873038,5.5786060458,-2.937679233,-2.322471673
050,2,4,19,025,Iowa,Calhoun County,9931,9900,9895,9725,9763,-31,-5,-170,38,22,76,91,94,27,136,146,141,-5,-60,-55,-47,0,0,2,2,-26,54,-118,86,-26,54,-116,88,0,1,1,-3,706,706,706,703,694,7.6787067441,9.2762487258,9.6469622332,13.740843647,14.882772681,14.47044335,-6.062136903,-5.606523955,-4.823481117,0,0.2038735984,0.2052545156,5.4559232129,-12.0285423,8.8259441708,5.4559232129,-11.82466871,9.0311986864
050,2,4,19,027,Iowa,Carroll County,20759,20726,20740,20541,20522,-33,14,-199,-19,69,226,250,250,59,286,296,286,10,-60,-46,-36,0,11,18,26,-41,51,-165,-9,-41,62,-147,17,-2,12,-6,0,482,482,482,476,472,10.900496793,12.112109687,12.176411855,13.794433994,14.34073787,13.929815162,-2.893937202,-2.228628182,-1.753403307,0.5305551536,0.8720718975,1.2663468329,2.4598466213,-7.993992394,-0.438350827,2.9904017749,-7.121920496,0.8279960061
050,2,4,19,029,Iowa,Cass County,13134,13123,13089,13137,13130,-11,-34,48,-7,27,127,130,129,49,215,212,200,-22,-88,-82,-71,0,1,1,0,8,46,134,66,8,47,135,66,3,7,-5,-2,195,195,195,194,191,9.6902182207,9.9138259742,9.822210378,16.404700137,16.167162358,15.228233144,-6.714481917,-6.253336384,-5.406022766,0.0763009309,0.0762601998,0,3.5098428201,10.218866773,5.0253169376,3.586143751,10.295126973,5.0253169376
050,2,4,19,031,Iowa,Cedar County,18500,18495,18436,18353,18302,-5,-59,-83,-51,45,168,160,160,47,213,236,227,-2,-45,-76,-67,0,4,20,10,-6,-23,-18,5,-6,-19,2,15,3,5,-9,1,263,263,263,261,264,9.0980477106,8.6982521949,8.7300504706,11.535024776,12.829921988,12.385759105,-2.436977065,-4.131669793,-3.655708635,0.2166201836,1.0872815244,0.5456281544,-1.245566056,-0.978553372,0.2728140772,-1.028945872,0.1087281524,0.8184422316
050,2,4,19,033,Iowa,Cerro Gordo County,43129,43022,42761,42426,42406,-107,-261,-335,-20,111,420,446,449,146,609,594,546,-35,-189,-148,-97,0,14,52,30,-71,-112,-227,47,-71,-98,-175,77,-1,26,-12,0,1020,1020,1020,1010,1010,9.7921499598,10.471081268,10.585628065,14.198617442,13.945789851,12.872500943,-4.406467482,-3.474708582,-2.286872878,0.3264049987,1.2208435559,0.7072802716,-2.611239989,-5.329451677,1.1080724255,-2.284834991,-4.108608121,1.8153526971
050,2,4,19,035,Iowa,Cherokee County,11657,11656,11535,11490,11605,-1,-121,-45,115,31,131,124,125,36,179,180,174,-5,-48,-56,-49,0,0,-1,-1,3,-75,20,167,3,-75,19,166,1,2,-8,-2,401,401,401,402,407,11.297486094,10.770901194,10.824853864,15.437022983,15.635179153,15.068196579,-4.139536889,-4.864277959,-4.243342715,0,-0.086862106,-0.086598831,-6.46802639,1.7372421281,14.462004763,-6.46802639,1.6503800217,14.375405932
050,2,4,19,037,Iowa,Chickasaw County,12011,11988,11883,11728,11658,-23,-105,-155,-70,41,125,134,132,34,163,158,147,7,-38,-24,-15,0,-1,26,36,-29,-68,-158,-92,-29,-69,-132,-56,-1,2,1,1,201,201,201,207,208,10.47295882,11.35064165,11.288805268,13.656738302,13.383592393,12.571624049,-3.183779481,-2.032950743,-1.28281878,-0.083783671,2.2023633052,3.0787650731,-5.697289598,-13.38359239,-7.867955187,-5.781073269,-11.18122909,-4.789190114
050,2,4,19,039,Iowa,Clarke County,9754,9737,9756,9643,9588,-17,19,-113,-55,26,120,126,127,27,157,145,154,-1,-37,-19,-27,1,23,6,12,-18,27,-100,-41,-17,50,-94,-29,1,6,0,1,153,153,153,153,153,12.31211204,12.990360328,13.207841506,16.108346586,14.949224187,16.01580781,-3.796234546,-1.958863859,-2.807966304,2.3598214744,0.618588587,1.2479850242,2.770225209,-10.30980978,-4.263948833,5.1300466834,-9.691221197,-3.015963808
050,2,4,19,041,Iowa,Clay County,16380,16336,16454,16507,16511,-44,118,53,4,43,171,171,165,60,195,202,190,-17,-24,-31,-25,0,4,3,2,-27,132,90,27,-27,136,93,29,0,6,-9,0,276,276,276,272,267,10.430009149,10.375898789,9.9945484281,11.893870082,12.256909681,11.508873948,-1.463860933,-1.881010892,-1.514325519,0.2439768222,0.1820333121,0.1211460416,8.0512351327,5.4609993629,1.635471561,8.2952119549,5.643032675,1.7566176025
050,2,4,19,043,Iowa,Clayton County,17047,17033,17053,17057,16969,-14,20,4,-88,63,195,200,168,44,250,234,222,19,-55,-34,-54,0,4,21,15,-33,64,28,-49,-33,68,49,-34,0,7,-11,0,291,291,291,294,298,11.441647597,11.726766344,9.8748016223,14.668778971,13.720316623,13.048845001,-3.227131374,-1.993550279,-3.174043379,0.2347004635,1.2313104661,0.8816787163,3.7552074165,1.6417472882,-2.880150473,3.9899078801,2.8730577543,-1.998471757
050,2,4,19,045,Iowa,Clinton County,46459,46427,46483,46255,46158,-32,56,-228,-97,136,495,545,549,135,620,664,618,1,-125,-119,-69,0,10,14,5,-39,139,-103,-32,-39,149,-89,-27,6,32,-20,-1,641,641,641,643,636,10.655473038,11.753542237,11.881445251,13.346249058,14.31991201,13.374741649,-2.69077602,-2.566369773,-1.493296398,0.2152620816,0.3019258556,0.1082098839,2.992142934,-2.221311652,-0.692543257,3.2074050156,-1.919385797,-0.584333373
050,2,4,19,047,Iowa,Crawford County,16519,16484,16232,16129,16013,-35,-252,-103,-116,62,215,236,228,43,190,172,161,19,25,64,67,2,26,63,40,-53,-295,-232,-223,-51,-269,-169,-183,-3,-8,2,0,479,479,480,484,485,13.143416066,14.585457804,14.187044988,11.615111872,10.630079417,10.018044926,1.5283041937,3.9553783876,4.1690000622,1.5894363614,3.8935756003,2.488955261,-18.03398949,-14.33824665,-13.87592558,-16.44455312,-10.44467105,-11.38697032
050,2,4,19,049,Iowa,Dallas County,99732,100536,104174,108146,111092,804,3638,3972,2946,304,1343,1398,1413,172,605,623,599,132,738,775,814,2,133,335,218,721,2857,2774,1908,723,2990,3109,2126,-51,-90,88,6,711,711,712,722,715,13.12100044,13.168801809,12.890101169,5.9108006448,5.8685003768,5.4643811748,7.2101997948,7.3003014318,7.4257199938,1.29939915,3.1556141673,1.9887063374,27.912656929,26.130369254,17.405741705,29.212056079,29.285983421,19.394448043
050,2,4,19,051,Iowa,Davis County,9109,9111,9150,9147,9169,2,39,-3,22,30,161,152,154,22,100,88,88,8,61,64,66,0,3,25,32,-5,-31,-94,-76,-5,-28,-69,-44,-1,6,2,0,85,85,85,84,81,17.633207382,16.614745587,16.815898668,10.952302722,9.6190632344,9.609084953,6.6809046602,6.9956823523,7.2068137148,0.3285690816,2.7326884189,3.4942127102,-3.395213844,-10.27490845,-8.298755187,-3.066644762,-7.542220036,-4.804542477
050,2,4,19,053,Iowa,Decatur County,7640,7606,7668,7695,7665,-34,62,27,-30,11,85,85,86,22,95,107,98,-11,-10,-22,-12,0,6,18,9,-21,65,36,-26,-21,71,54,-17,-2,1,-5,-1,477,477,474,480,480,11.130024879,11.065547094,11.197916667,12.439439571,13.929571047,12.760416667,-1.309414692,-2.864023954,-1.5625,0.785648815,2.3432923257,1.171875,8.5111954956,4.6865846514,-3.385416667,9.2968443106,7.0298769772,-2.213541667
050,2,4,19,055,Iowa,Delaware County,17484,17458,17553,17607,17600,-26,95,54,-7,42,201,201,201,42,198,196,186,0,3,5,15,0,2,4,3,-24,79,54,-24,-24,81,58,-21,-2,11,-9,-1,239,239,239,243,241,11.482105624,11.433447099,11.418183884,11.310730913,11.149032992,10.566080609,0.1713747108,0.2844141069,0.8521032749,0.1142498072,0.2275312856,0.170420655,4.5128673845,3.0716723549,-1.36336524,4.6271171917,3.2992036405,-1.192944585
050,2,4,19,057,Iowa,Des Moines County,38910,38823,38506,38242,38253,-87,-317,-264,11,109,404,410,415,124,524,549,509,-15,-120,-139,-94,1,39,72,41,-74,-249,-185,64,-73,-210,-113,105,1,13,-12,0,525,525,525,521,531,10.448861359,10.684317507,10.850382378,13.552483544,14.306561735,13.30805935,-3.103622186,-3.622244228,-2.457676972,1.0086772104,1.8762703914,1.0719654879,-6.440016035,-4.820972533,1.6733119812,-5.431338825,-2.944702142,2.7452774691
050,2,4,19,059,Iowa,Dickinson County,17703,17767,17868,18048,18056,64,101,180,8,39,172,157,154,52,240,221,208,-13,-68,-64,-54,1,13,18,7,80,153,227,56,81,166,245,63,-4,3,-1,-1,310,310,310,314,319,9.653430616,8.7426216728,8.5309107024,13.469903185,12.306492928,11.522269001,-3.816472569,-3.563871255,-2.991358298,0.7296197559,1.0023387905,0.3877686683,8.5870632805,12.640605858,3.1021493463,9.3166830363,13.642944649,3.4899180146
050,2,4,19,061,Iowa,Dubuque County,99275,99308,98854,98715,98887,33,-454,-139,172,279,1074,1109,1115,231,1034,1113,1018,48,40,-4,97,1,51,183,105,-38,-584,-274,-31,-37,-533,-91,74,22,39,-44,1,4172,4171,4161,4214,4226,10.839616072,11.226457592,11.285310877,10.435905976,11.266949775,10.303539438,0.4037100958,-0.040492182,0.9817714396,0.5147303721,1.8525173484,1.0627422799,-5.894167398,-2.7737145,-0.313762006,-5.379437026,-0.921197151,0.7489802735
050,2,4,19,063,Iowa,Emmet County,9393,9347,9334,9214,9229,-46,-13,-120,15,21,91,107,95,36,144,135,124,-15,-53,-28,-29,0,3,-4,-4,-28,32,-88,49,-28,35,-92,45,-3,5,0,-1,371,371,371,378,376,9.7425191371,11.53763209,10.302011603,15.41673358,14.556825534,13.446836198,-5.674214442,-3.019193444,-3.144824595,0.3211819496,-0.431313349,-0.43376891,3.4259407955,-9.488893681,5.3136691428,3.747122745,-9.92020703,4.8799002332
050,2,4,19,065,Iowa,Fayette County,19510,19445,19295,19266,19210,-65,-150,-29,-56,68,182,198,205,63,290,273,262,5,-108,-75,-57,0,13,18,13,-63,-62,41,-11,-63,-49,59,2,-7,7,-13,-1,873,873,871,869,872,9.3959731544,10.26944322,10.655993347,14.971605576,14.159383833,13.618879301,-5.575632421,-3.889940614,-2.962885955,0.6711409396,0.9335857473,0.6757459195,-3.20082602,2.1265008688,-0.571785009,-2.52968508,3.060086616,0.1039609107
050,2,4,19,067,Iowa,Floyd County,15638,15604,15465,15348,15326,-34,-139,-117,-22,51,165,163,164,45,222,217,204,6,-57,-54,-40,0,-1,2,4,-36,-84,-64,15,-36,-85,-62,19,-4,3,-1,-1,215,215,215,215,215,10.621519843,10.579950021,10.693095129,14.290772152,14.084964139,13.301167112,-3.669252309,-3.505014117,-2.608071983,-0.064372848,0.1298153377,0.2608071983,-5.407319193,-4.154090806,0.9780269935,-5.47169204,-4.024275468,1.2388341918
050,2,4,19,069,Iowa,Franklin County,10019,10002,9952,9946,9875,-17,-50,-6,-71,36,146,128,130,29,170,137,122,7,-24,-9,8,0,-1,21,13,-24,-29,-17,-92,-24,-30,4,-79,0,4,-1,0,166,166,166,166,166,14.633657412,12.865614635,13.117400737,17.039190137,13.770228164,12.310176076,-2.405532725,-0.904613529,0.8072246607,-0.10023053,2.110764901,1.3117400737,-2.906685376,-1.708714444,-9.283083598,-3.006915907,0.4020504573,-7.971343525
050,2,4,19,071,Iowa,Fremont County,6600,6566,6583,6475,6458,-34,17,-108,-17,17,58,66,67,16,85,100,95,1,-27,-34,-28,0,0,2,1,-31,43,-80,9,-31,43,-78,10,-4,1,4,1,92,92,92,96,98,8.8219636474,10.108745597,10.361091781,12.928739828,15.316281207,14.691100286,-4.106776181,-5.20753561,-4.330008505,0,0.3063256241,0.1546431609,6.5404213248,-12.25302497,1.3917884482,6.5404213248,-11.94669934,1.5464316091
050,2,4,19,073,Iowa,Greene County,8764,8752,8724,8710,8584,-12,-28,-14,-126,23,83,87,89,21,120,135,129,2,-37,-48,-40,0,1,2,1,-14,2,36,-86,-14,3,38,-85,0,6,-4,-1,110,110,109,109,109,9.4987411307,9.9804978777,10.292587024,13.733119707,15.486979465,14.918468833,-4.234378576,-5.506481588,-4.625881809,0.1144426642,0.2294367328,0.1156470452,0.2288853285,4.1298611908,-9.945645889,0.3433279927,4.3592979236,-9.829998844
050,2,4,19,075,Iowa,Grundy County,12326,12333,12358,12355,12384,7,25,-3,29,34,123,140,141,32,165,159,149,2,-42,-19,-8,0,6,10,6,3,53,8,32,3,59,18,38,2,8,-2,-1,153,153,153,154,154,9.9631444656,11.330069194,11.399005619,13.365193795,12.867721442,12.04575771,-3.40204933,-1.537652248,-0.646752092,0.4860070471,0.8092906567,0.4850640689,4.2930622494,0.6474325254,2.5870083674,4.7790692965,1.4567231821,3.0720724362
050,2,4,19,077,Iowa,Guthrie County,10621,10612,10588,10681,10722,-9,-24,93,41,22,84,96,95,39,137,136,133,-17,-53,-40,-38,0,3,22,11,8,20,119,70,8,23,141,81,0,6,-8,-2,96,96,96,96,96,7.9245283019,9.0272227185,8.8772601972,12.924528302,12.788565518,12.428164276,-5,-3.761342799,-3.550904079,0.2830188679,2.0687385397,1.027893286,1.8867924528,11.189994828,6.5411390927,2.1698113208,13.258733368,7.5690323786
050,2,4,19,079,Iowa,Hamilton County,15037,15008,14863,14803,14729,-29,-145,-60,-74,39,153,175,181,50,207,204,194,-11,-54,-29,-13,0,2,9,15,-17,-96,-36,-77,-17,-94,-27,-62,-1,3,-4,1,237,237,237,242,245,10.244049412,11.798017933,12.257889747,13.859596264,13.753118048,13.138290668,-3.615546851,-1.955100115,-0.880400921,0.1339091426,0.606755208,1.0158472166,-6.427638847,-2.427020832,-5.214682378,-6.293729704,-1.820265624,-4.198835162
050,2,4,19,081,Iowa,Hancock County,10789,10754,10680,10651,10615,-35,-74,-29,-36,31,121,119,120,29,145,157,149,2,-24,-38,-29,0,4,12,15,-35,-57,1,-22,-35,-53,13,-7,-2,3,-4,0,191,191,191,183,192,11.29047308,11.157470348,11.285620239,13.529905757,14.720360039,14.012978463,-2.239432677,-3.562889691,-2.727358224,0.3732387795,1.1251230603,1.4107025299,-5.318652608,0.093760255,-2.069030377,-4.945413828,1.2188833154,-0.658327847
050,2,4,19,083,Iowa,Hardin County,16879,16828,16702,16614,16463,-51,-126,-88,-151,42,133,151,154,52,279,274,252,-10,-146,-123,-98,0,17,56,76,-38,-3,-13,-130,-38,14,43,-54,-3,6,-8,1,674,674,671,719,715,7.9331941545,9.0647136511,9.3116062521,16.641813302,16.448553248,15.237173867,-8.708619147,-7.383839597,-5.925567615,1.0140172979,3.361748109,4.5953381504,-0.178944229,-0.780405811,-7.860446836,0.8350730689,2.581342298,-3.265108686
050,2,4,19,085,Iowa,Harrison County,14582,14569,14690,14680,14670,-13,121,-10,-10,44,152,166,157,43,235,200,185,1,-83,-34,-28,0,0,1,1,-15,202,28,17,-15,202,29,18,1,2,-5,0,274,274,274,251,260,10.389965481,11.304051753,10.69846678,16.063433473,13.619339462,12.606473595,-5.673467993,-2.315287709,-1.908006814,0,0.0680966973,0.0681431005,13.807717284,1.9067075247,1.1584327087,13.807717284,1.974804222,1.2265758092
050,2,4,19,087,Iowa,Henry County,20482,20447,20382,20253,19547,-35,-65,-129,-706,51,177,190,194,56,281,259,243,-5,-104,-69,-49,0,2,5,4,-30,26,-58,-667,-30,28,-53,-663,0,11,-7,6,1992,1992,1984,2039,1516,8.6703078694,9.3515442353,9.7487437186,13.764726053,12.747631352,12.211055276,-5.094418183,-3.396087117,-2.462311558,0.0979695804,0.2460932693,0.2010050251,1.2736045458,-2.854681924,-33.51758794,1.3715741262,-2.608588655,-33.31658291
050,2,4,19,089,Iowa,Howard County,9465,9489,9496,9509,9376,24,7,13,-133,29,129,122,127,17,131,139,131,12,-2,-17,-4,0,2,4,6,10,4,31,-133,10,6,35,-127,2,3,-5,-2,139,139,139,134,113,13.58967606,12.838726651,13.449827906,13.800368712,14.627729545,13.873444533,-0.210692652,-1.789002894,-0.423616627,0.2106926521,0.4209418574,0.6354249404,0.4213853042,3.2622993949,-14.08525285,0.6320779563,3.6832412523,-13.44982791
050,2,4,19,091,Iowa,Humboldt County,9599,9599,9630,9521,9500,0,31,-109,-21,22,109,121,124,22,140,128,120,0,-31,-7,4,0,3,15,22,-3,57,-115,-47,-3,60,-100,-25,3,2,-2,0,146,146,146,82,82,11.337043008,12.636415853,13.038220914,14.561339643,13.367448175,12.617633142,-3.224296635,-0.731032322,0.4205877714,0.3120287066,1.566497833,2.3132327428,5.9285454262,-12.00981672,-4.941906314,6.2405741328,-10.44331889,-2.628673571
050,2,4,19,093,Iowa,Ida County,7003,7022,6969,6905,6833,19,-53,-64,-72,21,76,76,79,18,130,100,97,3,-54,-24,-18,0,0,5,3,15,1,-44,-56,15,1,-39,-53,1,0,-1,-1,164,164,164,163,168,10.864126939,10.955744558,11.50094628,18.583375027,14.415453366,14.121415053,-7.719248088,-3.459708808,-2.620468773,0,0.7207726683,0.4367447955,0.1429490387,-6.342799481,-8.152569515,0.1429490387,-5.622026813,-7.71582472
050,2,4,19,095,Iowa,Iowa County,16665,16658,16586,16497,16381,-7,-72,-89,-116,36,164,181,185,61,217,220,210,-25,-53,-39,-25,0,0,-1,-2,13,-29,-44,-90,13,-29,-45,-92,5,10,-5,1,355,355,355,348,349,9.8664420647,10.94217574,11.253725896,13.054987366,13.299882115,12.774499665,-3.188545301,-2.357706375,-1.52077377,0,-0.06045401,-0.121661902,-1.744675731,-2.659976423,-5.474785571,-1.744675731,-2.720430433,-5.596447472
050,2,4,19,097,Iowa,Jackson County,19485,19455,19399,19346,19342,-30,-56,-53,-4,49,205,208,208,49,278,258,237,0,-73,-50,-29,0,6,22,13,-31,1,-13,13,-31,7,9,26,1,10,-12,-1,186,186,186,187,187,10.552324085,10.736869273,10.752688172,14.309980954,13.317847464,12.251861042,-3.757656869,-2.580978191,-1.49917287,0.3088485098,1.1356304039,0.6720430108,0.0514747516,-0.67105433,0.6720430108,0.3603232614,0.4645760743,1.3440860215
050,2,4,19,099,Iowa,Jasper County,37805,37810,37874,37949,37919,5,64,75,-30,114,390,383,383,115,452,459,424,-1,-62,-76,-41,0,30,71,47,-5,73,106,-36,-5,103,177,11,11,23,-26,0,1935,1935,1935,1967,1922,10.306009196,10.102475502,10.096483366,11.944400402,12.10714427,11.177307956,-1.638391206,-2.004668768,-1.08082459,0.7927699382,1.8727826649,1.2389940423,1.9290735162,2.795985387,-0.949016713,2.7218434544,4.6687680519,0.289977329
050,2,4,19,101,Iowa,Jefferson County,15665,15694,15781,15668,15440,29,87,-113,-228,45,152,142,144,46,202,195,189,-1,-50,-53,-45,5,112,213,128,23,16,-281,-311,28,128,-68,-183,2,9,8,0,776,782,790,798,797,9.6584590945,9.0304938154,9.258068664,12.835583797,12.401030239,12.151215122,-3.177124702,-3.370536424,-2.893146458,7.1167593328,13.545740723,8.229394368,1.0166799047,-17.87020255,-19.99485663,8.1334392375,-4.324461827,-11.76546226
050,2,4,19,103,Iowa,Johnson County,152862,153056,155035,156915,157528,194,1979,1880,613,402,1638,1678,1690,190,889,953,877,212,749,725,813,42,551,1170,729,-107,586,72,-934,-65,1137,1242,-205,47,93,-87,5,9419,9413,9458,10207,10189,10.633222003,10.758134316,10.749165986,5.771022198,6.1099535182,5.5781174967,4.8621998046,4.6481807982,5.1710484889,3.5768652768,7.5012021157,4.6367704163,3.8040708752,0.4616124379,-5.940663332,7.380936152,7.9628145536,-1.303892915
050,2,4,19,105,Iowa,Jones County,20644,20653,20826,20949,20900,9,173,123,-49,49,197,187,192,47,256,246,227,2,-59,-59,-35,0,0,0,0,4,230,181,-14,4,230,181,-14,3,2,1,0,1441,1441,1441,1581,1622,9.4987825165,8.9527229204,9.1758464957,12.343595554,11.777378815,10.848526847,-2.844813038,-2.824655895,-1.672680351,0,0,0,11.089949131,8.6654697786,-0.66907214,11.089949131,8.6654697786,-0.66907214
050,2,4,19,107,Iowa,Keokuk County,10026,10004,9902,9883,9914,-22,-102,-19,31,29,89,105,109,28,159,152,138,1,-70,-47,-29,0,2,5,7,-21,-37,29,53,-21,-35,34,60,-2,3,-6,0,118,118,118,117,117,8.9420275294,10.614101592,11.01176946,15.97508289,15.365175638,13.941506289,-7.03305536,-4.751074046,-2.929736829,0.2009444389,0.5054334091,0.7071778552,-3.717472119,2.9315137731,5.3543466182,-3.51652768,3.4369471822,6.0615244734
050,2,4,19,109,Iowa,Kossuth County,14826,14799,14515,14465,14396,-27,-284,-50,-69,31,165,163,164,39,232,210,194,-8,-67,-47,-30,0,4,10,8,-20,-216,-8,-48,-20,-212,2,-40,1,-5,-5,1,320,320,320,315,309,11.257419663,11.249137336,11.364817574,15.828614314,14.492753623,13.443747618,-4.571194651,-3.243616287,-2.078930044,0.2729071433,0.6901311249,0.5543813451,-14.73698574,-0.5521049,-3.32628807,-14.4640786,0.138026225,-2.771906725
050,2,4,19,111,Iowa,Lee County,33559,33533,33257,32829,32565,-26,-276,-428,-264,75,346,336,338,106,484,529,485,-31,-138,-193,-147,0,0,-5,-5,-1,-152,-223,-114,-1,-152,-228,-119,6,14,-7,2,1177,1177,1177,1154,1151,10.36083246,10.168568229,10.337339817,14.493187603,16.009442242,14.833165122,-4.132355143,-5.840874013,-4.495825305,0,-0.15131798,-0.152919228,-4.551579578,-6.74878189,-3.4865584,-4.551579578,-6.90009987,-3.639477628
050,2,4,19,113,Iowa,Linn County,230296,230419,229445,228940,228972,123,-974,-505,32,666,2542,2590,2621,513,2208,2295,2063,153,334,295,558,17,355,769,484,-112,-1723,-1529,-1020,-95,-1368,-760,-536,65,60,-40,10,5333,5335,5322,5491,5476,11.055442479,11.300544302,11.447614389,9.6028391003,10.013416669,9.0104648928,1.4526033784,1.2871276329,2.437149496,1.5439347285,3.3552581345,2.1139432904,-7.493519823,-6.671247968,-4.455004455,-5.949585095,-3.315989834,-2.341061165
050,2,4,19,115,Iowa,Louisa County,10830,10814,10724,10617,10513,-16,-90,-107,-104,27,96,109,113,23,129,128,120,4,-33,-19,-7,0,26,41,52,-18,-87,-132,-149,-18,-61,-91,-97,-2,4,3,0,122,122,122,121,96,8.9144767388,10.215078956,10.695693327,11.978828118,11.995689049,11.3582584,-3.064351379,-1.780610093,-0.662565073,2.4143374501,3.8423691486,4.9219119735,-8.078744545,-12.37055433,-14.10317085,-5.664407094,-8.528185183,-9.181258874
050,2,4,19,117,Iowa,Lucas County,8633,8618,8706,8702,8747,-15,88,-4,45,25,107,113,115,31,125,131,124,-6,-18,-18,-9,0,2,5,4,-11,103,13,50,-11,105,18,54,2,1,-4,0,63,63,63,64,63,12.352805357,12.982536765,13.181271133,14.430847379,15.050551471,14.212848874,-2.078042023,-2.068014706,-1.031577741,0.2308935581,0.5744485294,0.4584789959,11.891018241,1.4935661765,5.7309874491,12.121911799,2.0680147059,6.1894664451
050,2,4,19,119,Iowa,Lyon County,11936,11930,12040,12177,12324,-6,110,137,147,44,160,190,158,23,125,109,96,21,35,81,62,0,3,14,23,-27,67,49,63,-27,70,63,86,0,5,-7,-1,180,180,180,176,179,13.350020859,15.691456415,12.897432758,10.429703796,9.0019407854,7.8364148402,2.920317063,6.6895156295,5.0610179176,0.2503128911,1.1562125779,1.8774743888,5.5903212349,4.0467440228,5.1426472389,5.840634126,5.2029566007,7.0201216277
050,2,4,19,121,Iowa,Madison County,16546,16629,16793,17040,16971,83,164,247,-69,47,176,190,194,29,166,180,169,18,10,10,25,0,0,1,1,64,145,241,-96,64,145,242,-95,1,9,-5,1,127,127,127,126,63,10.53198492,11.23163775,11.408073858,9.933576686,10.640498921,9.9379612478,0.5984082341,0.591138829,1.4701126106,0,0.0591138829,0.0588045044,8.6769193944,14.246445778,-5.645232425,8.6769193944,14.305559661,-5.58642792
050,2,4,19,123,Iowa,Mahaska County,22190,22160,21974,21971,21874,-30,-186,-3,-97,62,239,228,232,76,271,287,266,-14,-32,-59,-34,0,8,31,18,-23,-166,37,-82,-23,-158,68,-64,7,4,-12,1,785,785,781,789,788,10.830652105,10.376607123,10.582734633,12.280781257,13.061781773,12.13365264,-1.450129152,-2.68517465,-1.550918007,0.362532288,1.4108544772,0.8210742388,-7.522544977,1.6839230857,-3.74044931,-7.160012689,3.0947775629,-2.919375071
050,2,4,19,125,Iowa,Marion County,33418,33414,33441,33630,33770,-4,27,189,140,86,363,354,357,77,390,395,374,9,-27,-41,-17,0,6,10,3,-21,37,231,157,-21,43,241,160,8,11,-11,-3,1411,1410,1402,1434,1440,10.859322414,10.555977993,10.59347181,11.66704061,11.778563015,11.097922849,-0.807718196,-1.222585022,-0.504451039,0.1794929325,0.2981914687,0.0890207715,1.1068730835,6.8882229279,4.6587537092,1.286366016,7.1864143967,4.7477744807
050,2,4,19,127,Iowa,Marshall County,40106,40096,39913,39821,40014,-10,-183,-92,193,122,483,481,479,127,552,556,537,-5,-69,-75,-58,14,121,264,283,-24,-247,-281,-33,-10,-126,-17,250,5,12,0,1,1060,1060,1060,1060,1058,12.073641715,12.065116512,11.999749483,13.798447675,13.946371686,13.452746289,-1.724805959,-1.881255173,-1.452996806,3.0246597258,6.6220182106,7.0896223461,-6.174305391,-7.04843605,-0.826705079,-3.149645665,-0.426417839,6.2629172669
050,2,4,19,129,Iowa,Mills County,14483,14398,14467,14535,14633,-85,69,68,98,35,136,133,123,42,149,171,160,-7,-13,-38,-37,0,4,11,13,-71,71,102,124,-71,75,113,137,-7,7,-7,-2,287,287,287,288,287,9.4231768578,9.1717812565,8.4339001646,10.323921704,11.792290187,10.970927043,-0.900744847,-2.62050893,-2.537026879,0.2771522605,0.7585683746,0.8913878223,4.9194526243,7.0339976553,8.5024684586,5.1966048848,7.7925660299,9.3938562809
050,2,4,19,131,Iowa,Mitchell County,10570,10597,10563,10544,10518,27,-34,-19,-26,32,127,125,127,28,166,159,146,4,-39,-34,-19,0,7,35,29,24,-9,-16,-36,24,-2,19,-7,-1,7,-4,0,234,234,234,238,252,12.003780718,11.844411807,12.059633463,15.689981096,15.066091818,13.863830595,-3.686200378,-3.221680011,-1.804197132,0.6616257089,3.3164353058,2.7537745703,-0.850661626,-1.516084711,-3.418478777,-0.189035917,1.8003505946,-0.664704207
050,2,4,19,133,Iowa,Monona County,8753,8742,8598,8506,8493,-11,-144,-92,-13,17,102,93,92,38,190,159,150,-21,-88,-66,-58,0,2,3,6,8,-62,-28,40,8,-60,-25,46,2,4,-1,-1,152,152,152,152,152,11.764705882,10.874649205,10.824166127,21.914648212,18.592142189,17.648096947,-10.14994233,-7.717492984,-6.823930819,0.2306805075,0.3507951356,0.7059238779,-7.151095732,-3.274087933,4.7061591858,-6.920415225,-2.923292797,5.4120830637
050,2,4,19,135,Iowa,Monroe County,7570,7593,7581,7530,7504,23,-12,-51,-26,28,74,82,83,28,118,115,111,0,-44,-33,-28,0,0,0,0,23,28,-16,2,23,28,-16,2,0,4,-2,0,93,93,93,92,92,9.7535257678,10.853020978,11.041638952,15.552919468,15.220700152,14.7665292,-5.7993937,-4.367679174,-3.724890249,0,0,0,3.6905232635,-2.11766263,0.2660635892,3.6905232635,-2.11766263,0.2660635892
050,2,4,19,137,Iowa,Montgomery County,10329,10333,10316,10210,10139,4,-17,-106,-71,23,104,105,98,36,192,165,157,-13,-88,-60,-59,0,0,3,2,15,67,-46,-13,15,67,-43,-11,2,4,-3,-1,200,200,200,202,201,10.073127028,10.23092663,9.6319229446,18.596542205,16.077170418,15.430733697,-8.523415177,-5.846243788,-5.798810752,0,0.2923121894,0.196569856,6.4894183738,-4.482120238,-1.277704064,6.4894183738,-4.189808048,-1.081134208
050,2,4,19,139,Iowa,Muscatine County,43240,43143,42674,42395,42218,-97,-469,-279,-177,104,448,464,467,126,511,491,468,-22,-63,-27,-1,2,25,83,106,-76,-433,-341,-281,-74,-408,-258,-175,-1,2,6,-1,721,721,721,719,719,10.440821749,10.908791687,11.038492903,11.909062307,11.543570513,11.062129933,-1.468240558,-0.634778827,-0.02363703,0.5826351422,1.9513571336,2.5055251557,-10.09124066,-8.017021477,-6.642005366,-9.508605521,-6.065664343,-4.13648021
050,2,4,19,141,Iowa,O'Brien County,14181,14150,14044,14085,14012,-31,-106,41,-73,42,177,192,185,53,238,197,183,-11,-61,-5,2,0,9,55,42,-20,-59,-3,-116,-20,-50,52,-74,0,5,-6,-1,561,561,561,545,456,12.55586295,13.651391802,13.168665694,16.883024757,14.006896797,13.02630174,-4.327161807,-0.355504995,0.1423639534,0.6384337093,3.9105549433,2.9896430224,-4.18528765,-0.213302997,-8.2571093,-3.546853941,3.6972519464,-5.267466278
050,2,4,19,143,Iowa,Osceola County,6191,6198,6170,6072,5978,7,-28,-98,-94,13,66,72,60,15,93,89,84,-2,-27,-17,-24,0,4,14,12,8,-8,-96,-80,8,-4,-82,-68,1,3,1,-2,101,101,101,102,107,10.672703752,11.762783859,9.9585062241,15.038809832,14.540107826,13.941908714,-4.36610608,-2.777323967,-3.98340249,0.6468305304,2.2872079726,1.9917012448,-1.293661061,-15.68371181,-13.2780083,-0.64683053,-13.39650384,-11.28630705
050,2,4,19,145,Iowa,Page County,15207,15190,15220,15176,15014,-17,30,-44,-162,28,139,137,136,49,208,228,215,-21,-69,-91,-79,0,3,11,5,2,92,42,-88,2,95,53,-83,2,4,-6,0,1283,1283,1283,1323,1287,9.1417296942,9.0143439926,9.0096058297,13.679710622,15.001973944,14.243126863,-4.537980927,-5.987629951,-5.233521033,0.1973035186,0.7237794447,0.3312355084,6.0506412364,2.763521516,-5.829744949,6.247944755,3.4873009607,-5.49850944
050,2,4,19,147,Iowa,Palo Alto County,8994,8986,8923,8790,8810,-8,-63,-133,20,20,120,113,113,25,136,143,134,-5,-16,-30,-21,0,0,0,0,-5,-49,-104,41,-5,-49,-104,41,2,2,1,0,334,334,334,344,343,13.401083254,12.758990572,12.840909091,15.187894355,16.146333202,15.227272727,-1.786811101,-3.38734263,-2.386363636,0,0,0,-5.472108995,-11.74278778,4.6590909091,-5.472108995,-11.74278778,4.6590909091
050,2,4,19,149,Iowa,Plymouth County,25699,25692,25731,25722,25722,-7,39,-9,0,59,293,309,306,66,290,274,264,-7,3,35,42,1,33,74,47,-6,-8,-115,-89,-5,25,-41,-42,5,11,-3,0,320,320,320,316,319,11.395678976,12.01096146,11.896431071,11.278999669,10.65049657,10.26358759,0.1166793069,1.3604648903,1.6328434803,1.2834723762,2.8764114823,1.8272296089,-0.311144818,-4.470098925,-3.460073089,0.9723275577,-1.593687443,-1.63284348
050,2,4,19,151,Iowa,Pocahontas County,7075,7065,7039,7073,6976,-10,-26,34,-97,17,72,77,77,26,117,108,103,-9,-45,-31,-26,0,4,38,27,0,11,31,-98,0,15,69,-71,-1,4,-4,0,107,107,107,111,113,10.209869541,10.912698413,10.96163428,16.591038003,15.306122449,14.662965336,-6.381168463,-4.393424036,-3.701331056,0.5672149745,5.3854875283,3.8436899423,1.5598411798,4.3934240363,-13.9511709,2.1270561543,9.7789115646,-10.10748096
050,2,4,19,153,Iowa,Polk County,492410,493022,497842,501184,505255,612,4820,3342,4071,1532,6303,6488,6560,1116,4286,4594,4143,416,2017,1894,2417,66,814,2237,1579,-80,1784,-476,63,-14,2598,1761,1642,210,205,-313,12,8908,8906,8909,8884,8956,12.722230296,12.988650946,13.036060804,8.6510358637,9.1969578369,8.2329877916,4.0711944323,3.7916931091,4.8030730129,1.6430105443,4.4783619245,3.1377957333,3.6008978023,-0.952928152,0.1251938766,5.2439083467,3.5254337725,3.2629896099
050,2,4,19,155,Iowa,Pottawattamie County,93666,93669,93410,93065,93179,3,-259,-345,114,273,961,1001,946,258,1190,1199,1079,15,-229,-198,-133,2,77,157,203,-34,-169,-270,42,-32,-92,-113,245,20,62,-34,2,2185,2181,2176,2167,2203,10.273734625,10.736023596,10.158716522,12.721898236,12.859632659,11.586950452,-2.44816361,-2.123609063,-1.42823393,0.8231816505,1.6838718327,2.1799359979,-1.806723363,-2.89583054,0.451021241,-0.983541712,-1.211958708,2.6309572389
050,2,4,19,157,Iowa,Poweshiek County,18659,18631,18624,18518,18453,-28,-7,-106,-65,35,184,187,190,60,233,252,234,-25,-49,-65,-44,1,10,36,18,-8,19,-69,-38,-7,29,-33,-20,4,13,-8,-1,1592,1594,1595,1611,1610,9.8778687425,10.069463141,10.278326256,12.508388136,13.569543913,12.658570231,-2.630519393,-3.500080771,-2.380243975,0.5368406925,1.9385062732,0.9737361716,1.0199973158,-3.715470357,-2.055665251,1.5568380083,-1.776964084,-1.08192908
050,2,4,19,159,Iowa,Ringgold County,4660,4639,4632,4688,4642,-21,-7,56,-46,14,49,42,43,24,96,87,81,-10,-47,-45,-38,0,0,5,1,-9,39,97,-9,-9,39,102,-8,-2,1,-1,0,117,117,117,114,117,10.570596484,9.0128755365,9.2175777063,20.70974005,18.669527897,17.363344051,-10.13914357,-9.656652361,-8.145766345,0,1.0729613734,0.2143622722,8.4133318952,20.815450644,-1.92926045,8.4133318952,21.888412017,-1.714898178
050,2,4,19,161,Iowa,Sac County,9822,9799,9768,9689,9686,-23,-31,-79,-3,21,107,113,112,31,144,162,149,-10,-37,-49,-37,0,0,4,2,-14,2,-30,32,-14,2,-26,34,1,4,-4,0,161,161,161,157,156,10.936781315,11.615356941,11.561290323,14.718658967,16.652104641,15.380645161,-3.781877651,-5.0367477,-3.819354839,0,0.4111630776,0.2064516129,0.204425819,-3.083723082,3.3032258065,0.204425819,-2.672560004,3.5096774194
050,2,4,19,163,Iowa,Scott County,174671,174609,174225,173751,174270,-62,-384,-474,519,510,1866,1890,1904,417,1947,1888,1722,93,-81,2,182,4,83,296,302,-186,-492,-714,35,-182,-409,-418,337,27,106,-58,0,3226,3226,3220,3101,3122,10.698498426,10.862818125,10.94186845,11.162902699,10.85132308,9.8959545545,-0.464404273,0.0114950456,1.045913896,0.4758710447,1.701266754,1.7355274538,-2.820825952,-4.103731292,0.2011372877,-2.344954907,-2.402464538,1.9366647415
050,2,4,19,165,Iowa,Shelby County,11760,11735,11780,11711,11806,-25,45,-69,95,28,94,117,113,47,160,160,152,-19,-66,-43,-39,0,2,40,59,-6,104,-64,77,-6,106,-24,136,0,5,-2,-2,189,189,189,195,193,7.9948968743,9.9612617598,9.6100693116,13.608335105,13.622238304,12.926818897,-5.613438231,-3.660976544,-3.316749585,0.1701041888,3.405559576,5.0176468087,8.8454178184,-5.448895322,6.5484543096,9.0155220072,-2.043335746,11.566101118
050,2,4,19,167,Iowa,Sioux County,35863,35885,35959,36127,36246,22,74,168,119,110,484,540,508,55,309,278,267,55,175,262,241,0,32,86,119,-38,-139,-166,-245,-38,-107,-80,-126,5,6,-14,4,2367,2370,2354,2434,2434,13.473637325,14.982104708,14.03838448,8.601970937,7.7130094609,7.3784422367,4.8716663883,7.2690952473,6.6599422437,0.8908189967,2.386038898,3.2885191991,-3.869495017,-4.605609966,-6.770480704,-2.97867602,-2.219571068,-3.481961505
050,2,4,19,169,Iowa,Story County,98533,98649,99679,98257,98566,116,1030,-1422,309,200,791,835,840,120,608,663,625,80,183,172,215,16,278,691,468,-15,501,-2444,-380,1,779,-1753,88,35,68,159,6,11870,11852,11896,10560,10563,7.9766850873,8.4370705683,8.5355878124,6.1312573111,6.699135074,6.350883789,1.8454277762,1.7379354943,2.1847040234,2.8034367311,6.9820548056,4.7555417812,5.0522366988,-24.69485086,-3.861337344,7.8556734299,-17.71279606,0.8942044375
050,2,4,19,171,Iowa,Tama County,17133,17081,16898,16943,16833,-52,-183,45,-110,47,197,198,203,70,226,222,213,-23,-29,-24,-10,2,15,34,31,-30,-172,45,-133,-28,-157,79,-102,-1,3,-10,2,261,261,261,266,267,11.595397157,11.701781862,12.020369493,13.302333794,13.120179664,12.612505921,-1.706936637,-1.418397801,-0.592136428,0.8828982607,2.0093968854,1.8356229275,-10.12390006,2.6594958778,-7.875414495,-9.241001795,4.6688927632,-6.039791568
050,2,4,19,173,Iowa,Taylor County,5893,5862,5866,5875,5924,-31,4,9,49,16,63,75,75,23,92,93,86,-7,-29,-18,-11,0,7,25,19,-22,24,2,42,-22,31,27,61,-2,2,0,-1,70,70,70,69,69,10.743519782,12.775743122,12.712941775,15.688949523,15.841921472,14.577506568,-4.945429741,-3.066178349,-1.864564794,1.1937244202,4.2585810408,3.2206119163,4.0927694407,0.3406864833,7.1192473938,5.2864938608,4.5992675241,10.33985931
050,2,4,19,175,Iowa,Union County,12142,12132,12049,11903,11906,-10,-83,-146,3,33,121,109,104,32,178,179,170,1,-57,-70,-66,0,13,47,59,-11,-44,-126,13,-11,-31,-79,72,0,5,3,-3,346,346,346,347,340,10.007857409,9.1015364061,8.7361921962,14.722302634,14.946559786,14.280314167,-4.714445226,-5.84502338,-5.544121971,1.0752243497,3.9245156981,4.9561090344,-3.639220876,-10.52104208,1.0920240245,-2.563996526,-6.596526386,6.0481330589
050,2,4,19,177,Iowa,Van Buren County,7206,7222,7258,7252,7266,16,36,-6,14,22,96,99,100,16,100,93,93,6,-4,6,7,0,0,1,1,7,37,-11,7,7,37,-10,8,3,3,-2,-1,83,83,83,83,83,13.259668508,13.645761544,13.776002204,13.812154696,12.818745693,12.81168205,-0.552486188,0.8270158511,0.9643201543,0,0.1378359752,0.137760022,5.1104972376,-1.516195727,0.9643201543,5.1104972376,-1.378359752,1.1020801763
050,2,4,19,179,Iowa,Wapello County,35436,35326,35295,35081,35166,-110,-31,-214,85,114,445,444,453,152,467,494,471,-38,-22,-50,-18,0,55,200,140,-71,-78,-363,-35,-71,-23,-163,105,-1,14,-1,-2,957,957,957,962,974,12.60248368,12.617937933,12.897347929,13.225527818,14.03887689,13.409825331,-0.623044137,-1.420938956,-0.512477401,1.5576103425,5.6837558258,3.9859353424,-2.208974668,-10.31601682,-0.996483836,-0.651364325,-4.632260998,2.9894515068
050,2,4,19,181,Iowa,Warren County,52398,52591,53485,54303,55205,193,894,818,902,129,574,611,617,106,543,557,514,23,31,54,103,0,6,23,22,167,859,745,780,167,865,768,802,3,-2,-4,-3,1667,1668,1659,1641,1641,10.822429202,11.337069061,11.268583117,10.237942607,10.335102238,9.3874420134,0.5844865945,1.0019668238,1.8811411038,0.1131264376,0.4267636472,0.401797129,16.19593499,13.82343118,14.245534573,16.309061428,14.250194827,14.647331702
050,2,4,19,183,Iowa,Washington County,22566,22542,22522,22542,22560,-24,-20,20,18,66,314,274,278,67,283,276,263,-1,31,-2,15,1,22,17,30,-26,-82,16,-27,-25,-60,33,3,2,9,-11,0,340,340,340,340,342,13.935735842,12.160482869,12.327612966,12.559914788,12.249245517,11.662453993,1.3758210545,-0.088762649,0.665158973,0.9763891355,0.7544825138,1.330317946,-3.639268596,0.7101011894,-1.197286151,-2.66287946,1.4645837032,0.1330317946
050,2,4,19,185,Iowa,Wayne County,6502,6512,6531,6490,6557,10,19,-41,67,31,88,87,88,25,90,88,84,6,-2,-1,4,0,0,0,0,5,16,-38,63,5,16,-38,63,-1,5,-2,0,85,85,85,85,86,13.493828107,13.363028953,13.489691117,13.800506019,13.516626987,12.876523339,-0.306677912,-0.153598034,0.613167778,0,0,0,2.4534232922,-5.83672529,9.657392504,2.4534232922,-5.83672529,9.657392504
050,2,4,19,187,Iowa,Webster County,37002,36996,37170,36652,36485,-6,174,-518,-167,123,413,415,409,118,540,518,476,5,-127,-103,-67,1,21,92,107,-19,278,-523,-210,-18,299,-431,-103,7,2,16,3,3117,3115,3107,3118,3090,11.137178761,11.243260817,11.184489383,14.561928647,14.033756875,13.01666735,-3.424749885,-2.790496058,-1.832177967,0.5662972251,2.492481916,2.9260155598,7.4966965995,-14.16921785,-5.74264736,8.0629938247,-11.67673593,-2.816631801
050,2,4,19,189,Iowa,Winnebago County,10683,10662,10661,10639,10571,-21,-1,-22,-68,26,100,98,96,36,151,133,125,-10,-51,-35,-29,0,3,6,5,-11,41,11,-42,-11,44,17,-37,0,6,-4,-2,536,536,535,561,561,9.3795432162,9.2018779343,9.0523338048,14.163110257,12.488262911,11.786892975,-4.78356704,-3.286384977,-2.73455917,0.2813862965,0.5633802817,0.471475719,3.8456127187,1.0328638498,-3.96039604,4.1269990151,1.5962441315,-3.488920321
050,2,4,19,191,Iowa,Winneshiek County,20064,20045,19935,19902,19815,-19,-110,-33,-87,46,189,190,179,40,210,218,210,6,-21,-28,-31,0,16,17,7,-25,-110,-15,-66,-25,-94,2,-59,0,5,-7,3,1652,1653,1644,1593,1592,9.4547273637,9.5388708989,9.01377244,10.505252626,10.944599242,10.574816829,-1.050525263,-1.405728343,-1.561044389,0.8004002001,0.8534779225,0.3524938943,-5.502751376,-0.753068755,-3.323513861,-4.702351176,0.1004091674,-2.971019966
050,2,4,19,193,Iowa,Woodbury County,105939,105912,105749,105558,105951,-27,-163,-191,393,383,1378,1424,1426,291,1189,1115,1017,92,189,309,409,4,179,424,352,-132,-571,-905,-375,-128,-392,-481,-23,9,40,-19,7,2898,2898,2886,2830,2859,13.02082103,13.478020132,13.48405978,11.234946447,10.553365482,9.6166120591,1.7858745825,2.9246546494,3.8674477209,1.6913838638,4.0131183539,3.3284635642,-5.395420035,-8.565736109,-3.545948399,-3.704036171,-4.552617755,-0.217484835
050,2,4,19,195,Iowa,Worth County,7445,7436,7377,7311,7297,-9,-59,-66,-14,15,75,78,79,11,95,97,93,4,-20,-19,-14,0,1,3,3,-11,-41,-50,-4,-11,-40,-47,-1,-2,1,0,1,66,66,66,67,67,10.126240464,10.620915033,10.815991238,12.826571255,13.208061002,12.732749179,-2.700330791,-2.587145969,-1.916757941,0.1350165395,0.408496732,0.4107338445,-5.535678121,-6.808278867,-0.547645126,-5.400661581,-6.399782135,-0.136911281
050,2,4,19,197,Iowa,Wright County,12942,12916,12813,12695,12656,-26,-103,-118,-39,49,150,165,169,41,189,194,181,8,-39,-29,-12,0,19,64,82,-32,-85,-158,-110,-32,-66,-94,-28,-2,2,5,1,155,155,155,158,162,11.659994559,12.937117767,13.332807384,14.691593144,15.210914223,14.279515601,-3.031598585,-2.273796456,-0.946708217,1.4769326441,5.0180335581,6.4691728137,-6.60733025,-12.38827035,-8.678158653,-5.130397606,-7.370236788,-2.208985839
040,2,4,20,000,Kansas,Kansas,2937835,2938124,2937946,2936716,2940546,289,-178,-1230,3830,8510,34168,34547,34768,6984,32824,33274,30329,1526,1344,1273,4439,135,2069,5518,3932,-1920,-4975,-7004,-4574,-1785,-2906,-1486,-642,548,1384,-1017,33,86905,86870,86399,87004,87026,11.629541513,11.761357504,11.831359568,11.172092912,11.327970869,10.320792233,0.4574486009,0.4333866357,1.5105673356,0.704212169,1.8785761632,1.3380380184,-1.693308623,-2.384477609,-1.556507095,-0.989096454,-0.505901446,-0.218469076
050,2,4,20,001,Kansas,Allen County,12522,12533,12498,12489,12412,11,-35,-9,-77,37,126,124,124,31,171,204,196,6,-45,-80,-72,0,4,4,2,2,-2,77,-6,2,2,81,-4,3,8,-10,-1,385,385,383,385,385,10.06751628,9.9251610838,9.9594393799,13.663057808,16.328490815,15.742339665,-3.595541529,-6.403329731,-5.782900285,0.3196036914,0.3201664866,0.160636119,-0.159801846,6.1632048665,-0.481908357,0.1598018457,6.4833713531,-0.321272238
050,2,4,20,003,Kansas,Anderson County,7834,7839,7807,7798,7838,5,-32,-9,40,16,102,100,102,28,112,109,104,-12,-10,-9,-2,0,0,0,0,17,-25,1,43,17,-25,1,43,0,3,-1,-1,88,88,88,88,88,13.038476288,12.816404998,13.046815042,14.316758277,13.969881448,13.302634945,-1.278281989,-1.15347645,-0.255819903,0,0,0,-3.195704973,0.12816405,5.50012791,-3.195704973,0.12816405,5.50012791
050,2,4,20,005,Kansas,Atchison County,16347,16328,16236,16053,16016,-19,-92,-183,-37,38,158,175,172,34,193,227,218,4,-35,-52,-46,0,-1,3,1,-25,-64,-135,7,-25,-65,-132,8,2,8,1,1,1688,1689,1679,1692,1694,9.7039675716,10.839604819,10.726870186,11.853580641,14.060515965,13.595684306,-2.14961307,-3.220911146,-2.86881412,-0.061417516,0.1858217969,0.0623655243,-3.930721042,-8.36198086,0.4365586704,-3.992138558,-8.176159063,0.4989241947
050,2,4,20,007,Kansas,Barber County,4228,4198,4099,4124,4071,-30,-99,25,-53,10,41,41,40,17,76,68,67,-7,-35,-27,-27,0,1,0,0,-20,-61,53,-26,-20,-60,53,-26,-3,-4,-1,0,41,41,41,41,41,9.8830902736,9.9720296729,9.7620500305,18.319874653,16.538976043,16.351433801,-8.43678438,-6.56694637,-6.589383771,0.2410509823,0,0,-14.70410992,12.890672504,-6.34533252,-14.46305894,12.890672504,-6.34533252
050,2,4,20,009,Kansas,Barton County,25501,25427,25263,25058,24899,-74,-164,-205,-159,71,314,314,314,80,365,385,351,-9,-51,-71,-37,1,19,16,12,-61,-141,-142,-135,-60,-122,-126,-123,-5,9,-8,1,537,537,537,537,537,12.389031367,12.479879176,12.570810897,14.401262576,15.301762684,14.052084793,-2.012231209,-2.821883508,-1.481273896,0.7496547643,0.6359174102,0.4804131553,-5.563227461,-5.643767016,-5.404647997,-4.813572697,-5.007849606,-4.924234842
050,2,4,20,011,Kansas,Bourbon County,14362,14335,14326,14443,14408,-27,-9,117,-35,50,221,194,193,55,225,223,210,-5,-4,-29,-17,0,0,-1,-1,-21,-11,148,-17,-21,-11,147,-18,-1,6,-1,0,386,385,382,385,386,15.421653117,13.486739198,13.379085647,15.700778061,15.502798151,14.557554331,-0.279124943,-2.016058952,-1.178468684,0,-0.069519274,-0.069321687,-0.767593594,10.288852584,-1.178468684,-0.767593594,10.21933331,-1.247790371
050,2,4,20,013,Kansas,Brown County,9501,9472,9446,9373,9250,-29,-26,-73,-123,20,121,117,113,34,181,159,156,-14,-60,-42,-43,0,0,1,0,-16,28,-31,-80,-16,28,-30,-80,1,6,-1,0,120,120,120,120,120,12.7920499,12.434241989,12.135531332,19.135215139,16.897816037,16.753476883,-6.343165239,-4.463574048,-4.617945551,0,0.1062755726,0,2.9601437784,-3.294542749,-8.591526607,2.9601437784,-3.188267177,-8.591526607
050,2,4,20,015,Kansas,Butler County,67376,67391,67976,68289,68632,15,585,313,343,148,687,739,747,173,783,830,734,-25,-96,-91,13,0,35,95,85,25,622,353,249,25,657,448,334,15,24,-44,-4,2615,2615,2611,2619,2625,10.150184314,10.846512311,10.911401465,11.568550681,12.182145085,10.721510944,-1.418366367,-1.335632774,0.1898905208,0.517112738,1.3943419073,1.2415918668,9.1898320861,5.1810809819,3.6371338217,9.7069448241,6.5754228892,4.8787256885
050,2,4,20,017,Kansas,Chase County,2573,2571,2604,2568,2579,-2,33,-36,11,7,19,36,36,8,21,32,32,-1,-2,4,4,0,1,1,0,0,34,-40,6,0,35,-39,6,-1,0,-1,1,176,176,176,176,176,7.3429951691,13.921113689,13.9887313,8.115942029,12.374323279,12.434427822,-0.77294686,1.5467904099,1.5543034778,0.38647343,0.3866976025,0,13.140096618,-15.4679041,2.3314552166,13.526570048,-15.0812065,2.3314552166
050,2,4,20,019,Kansas,Chautauqua County,3384,3386,3389,3387,3347,2,3,-2,-40,8,27,25,23,20,48,66,65,-12,-21,-41,-42,0,0,0,0,15,25,42,1,15,25,42,1,-1,-1,-3,1,83,83,83,83,83,7.9704797048,7.3789846517,6.831006831,14.169741697,19.480519481,19.305019305,-6.199261993,-12.10153483,-12.47401247,0,0,0,7.3800738007,12.396694215,0.297000297,7.3800738007,12.396694215,0.297000297
050,2,4,20,021,Kansas,Cherokee County,19367,19309,19186,19025,19054,-58,-123,-161,29,48,201,187,166,58,341,323,301,-10,-140,-136,-135,0,1,-2,-2,-45,6,-17,169,-45,7,-19,167,-3,10,-6,-3,166,166,166,166,166,10.442914664,9.787757452,8.7187163528,17.71658657,16.906126508,15.809238688,-7.273671905,-7.118369056,-7.090522335,0.0519547993,-0.104681898,-0.105044775,0.3117287959,-0.889796132,8.8762835158,0.3636835953,-0.99447803,8.7712387405
050,2,4,20,023,Kansas,Cheyenne County,2616,2614,2637,2618,2636,-2,23,-19,18,11,41,39,40,14,49,42,39,-3,-8,-3,1,0,1,0,-1,1,29,-13,19,1,30,-13,18,0,1,-3,-1,29,29,29,29,29,15.616073129,14.84300666,15.2264941,18.663111788,15.984776403,14.845831747,-3.047038659,-1.141769743,0.3806623525,0.3808798324,0,-0.380662352,11.04551514,-4.947668887,7.2325846974,11.426394972,-4.947668887,6.8519223449
050,2,4,20,025,Kansas,Clark County,1992,1979,1958,1939,1847,-13,-21,-19,-92,4,18,21,21,6,41,34,32,-2,-23,-13,-11,0,0,0,0,-9,1,-9,-79,-9,1,-9,-79,-2,1,3,-2,32,32,32,32,32,9.144018288,10.77752117,11.093502377,20.828041656,17.44931999,16.904384575,-11.68402337,-6.67179882,-5.810882198,0,0,0,0.508001016,-4.618937644,-41.73269942,0.508001016,-4.618937644,-41.73269942
050,2,4,20,027,Kansas,Clay County,8110,8121,8090,8041,8007,11,-31,-49,-34,22,83,80,81,23,118,117,112,-1,-35,-37,-31,0,0,0,0,11,0,-8,-3,11,0,-8,-3,1,4,-4,0,199,199,199,199,199,10.239960521,9.9187899076,10.094715852,14.558016162,14.50623024,13.958125623,-4.318055641,-4.587440332,-3.863409771,0,0,0,0,-0.991878991,-0.373878365,0,-0.991878991,-0.373878365
050,2,4,20,029,Kansas,Cloud County,9035,9009,8954,8934,8854,-26,-55,-20,-80,32,115,106,110,30,154,163,156,2,-39,-57,-46,0,2,8,8,-26,-23,35,-42,-26,-21,43,-34,-2,5,-6,0,551,551,551,551,551,12.804097311,11.851520572,12.367888464,17.146356399,18.22450805,17.539914549,-4.342259088,-6.372987478,-5.172026085,0.2226799532,0.8944543828,0.8994827974,-2.560819462,3.9132379249,-4.722284686,-2.338139509,4.8076923077,-3.822801889
050,2,4,20,031,Kansas,Coffey County,8359,8357,8337,8252,8251,-2,-20,-85,-1,16,73,71,71,29,107,115,108,-13,-34,-44,-37,0,6,8,8,11,4,-49,28,11,10,-41,36,0,4,0,0,110,110,110,110,110,8.7456571223,8.5598890831,8.6044961522,12.818976878,13.864609078,13.088529358,-4.073319756,-5.304719995,-4.484033206,0.7188211333,0.9644945446,0.9695206932,0.4792140889,-5.907529086,3.3933224262,1.1980352222,-4.943034541,4.3628431194
050,2,4,20,033,Kansas,Comanche County,1685,1678,1663,1690,1655,-7,-15,27,-35,3,16,18,17,7,34,33,31,-4,-18,-15,-14,0,0,0,0,-2,4,39,-20,-2,4,39,-20,-1,-1,3,-1,42,42,42,42,42,9.5779706675,10.736653743,10.164424514,20.353187668,19.683865195,18.535127055,-10.775217,-8.947211452,-8.370702541,0,0,0,2.3944926669,23.262749776,-11.95814649,2.3944926669,23.262749776,-11.95814649
050,2,4,20,035,Kansas,Cowley County,34554,34534,34624,34423,34157,-20,90,-201,-266,93,411,414,414,102,543,528,493,-9,-132,-114,-79,0,1,30,11,-17,204,-110,-201,-17,205,-80,-190,6,17,-7,3,1947,1946,1939,1949,1950,11.885826658,11.991831651,12.073490814,15.703172446,15.293930221,14.377369495,-3.817345788,-3.302098571,-2.303878682,0.0289192863,0.868973308,0.3207932342,5.8995343995,-3.186235463,-5.861767279,5.9284536858,-2.317262155,-5.540974045
050,2,4,20,037,Kansas,Crawford County,38971,38948,39028,39145,38764,-23,80,117,-381,114,414,458,449,126,580,539,495,-12,-166,-81,-46,1,12,30,20,-19,212,193,-358,-18,224,223,-338,7,22,-25,3,1475,1473,1470,1479,1480,10.618651893,11.717600706,11.526267825,14.876372217,13.789927469,12.70713268,-4.257720324,-2.072326762,-1.180864855,0.3077870114,0.7675284305,0.5134195022,5.4375705345,4.9377662364,-9.19020909,5.7453575459,5.705294667,-8.676789588
050,2,4,20,039,Kansas,Decatur County,2764,2759,2766,2689,2712,-5,7,-77,23,7,28,30,27,4,48,59,58,3,-20,-29,-31,0,1,1,1,-7,26,-47,55,-7,27,-46,56,-1,0,-2,-2,44,44,44,44,44,10.135746606,10.99908341,9.998148491,17.375565611,21.631530706,21.477504166,-7.239819005,-10.6324473,-11.47935567,0.3619909502,0.3666361137,0.370301796,9.4117647059,-17.23189734,20.366598778,9.7737556561,-16.86526123,20.736900574
050,2,4,20,041,Kansas,Dickinson County,18401,18373,18465,18355,18445,-28,92,-110,90,38,193,185,190,50,274,294,278,-12,-81,-109,-88,0,1,1,0,-18,166,5,180,-18,167,6,180,2,6,-7,-2,252,252,252,252,252,10.47831044,10.048886475,10.326086957,14.875943319,15.969581749,15.108695652,-4.397632879,-5.920695274,-4.782608696,0.0542917639,0.0543183053,0,9.0124328139,0.2715915263,9.7826086957,9.0667245779,0.3259098316,9.7826086957
050,2,4,20,043,Kansas,Doniphan County,7509,7474,7456,7475,7493,-35,-18,19,18,10,74,78,74,22,118,115,109,-12,-44,-37,-35,0,0,7,6,-20,22,51,46,-20,22,58,52,-3,4,-2,1,385,385,382,385,385,9.9129269926,10.448061081,9.8877605559,15.807099799,15.404192619,14.564404062,-5.894172806,-4.956131538,-4.676643506,0,0.9376465073,0.8017103153,2.9470864032,6.8314245529,6.1464457509,2.9470864032,7.7690710602,6.9481560663
050,2,4,20,045,Kansas,Douglas County,118779,118784,119493,120007,120553,5,709,514,546,241,1010,1052,1069,210,876,879,796,31,134,173,273,11,159,400,322,-71,320,17,-55,-60,479,417,267,34,96,-76,6,8505,8491,8516,8534,8534,8.4775282549,8.7849686848,8.8875956102,7.3527868825,7.3402922756,6.6178915863,1.1247413724,1.4446764092,2.2697040239,1.3345811807,3.3402922756,2.6770867975,2.6859495461,0.1419624217,-0.457266378,4.0205307268,3.4822546973,2.219820419
050,2,4,20,047,Kansas,Edwards County,2903,2884,2802,2760,2733,-19,-82,-42,-27,6,31,29,29,15,77,59,59,-9,-46,-30,-30,0,5,20,6,-9,-44,-30,-5,-9,-39,-10,1,-1,3,-2,2,35,35,35,35,35,10.903974675,10.427903632,10.558893137,27.084066127,21.215390147,21.481886037,-16.18009145,-10.78748652,-10.9229929,1.7587055927,7.1916576771,2.18459858,-15.47660922,-10.78748652,-1.820498817,-13.71790362,-3.595828839,0.3640997633
050,2,4,20,049,Kansas,Elk County,2486,2482,2439,2448,2467,-4,-43,9,19,2,22,19,19,10,49,52,50,-8,-27,-33,-31,0,0,0,0,4,-16,41,50,4,-16,41,50,0,0,1,0,4,4,4,4,4,8.9412720992,7.7757315326,7.7314343845,19.914651494,21.280949458,20.345879959,-10.97337939,-13.50521793,-12.61444557,0,0,0,-6.502743345,16.779210149,20.345879959,-6.502743345,16.779210149,20.345879959
050,2,4,20,051,Kansas,Ellis County,28935,28948,28850,28840,28810,13,-98,-10,-30,79,266,267,269,61,296,244,228,18,-30,23,41,2,26,20,11,-14,-113,-41,-84,-12,-87,-21,-73,7,19,-12,2,1832,1828,1835,1836,1836,9.2044707429,9.2563702548,9.3321769297,10.242568947,8.4590050269,7.9098005204,-1.038098204,0.7973652279,1.4223764094,0.8996851102,0.6933610678,0.381613183,-3.910169902,-1.421390189,-2.914137034,-3.010484792,-0.728029121,-2.532523851
050,2,4,20,053,Kansas,Ellsworth County,6382,6369,6324,6383,6357,-13,-45,59,-26,16,59,55,56,21,111,88,84,-5,-52,-33,-28,0,1,0,0,-9,2,93,2,-9,3,93,2,1,4,-1,0,1166,1166,1166,1166,1166,9.2964626172,8.6566459432,8.7912087912,17.489955093,13.850633509,13.186813187,-8.193492476,-5.193987566,-4.395604396,0.157567163,0,0,0.315134326,14.637601322,0.3139717425,0.472701489,14.637601322,0.3139717425
050,2,4,20,055,Kansas,Finney County,38466,38304,38079,37639,37466,-162,-225,-440,-173,128,553,548,560,76,334,343,320,52,219,205,240,2,78,193,113,-201,-511,-867,-528,-199,-433,-674,-415,-15,-11,29,2,559,559,559,559,559,14.479661705,14.474761615,14.912455895,8.7454014637,9.059932909,8.5214033686,5.7342602412,5.4148287065,6.3910525265,2.042339264,5.0978631237,3.0091205645,-13.37994056,-22.90076336,-14.06031556,-11.3376013,-17.80290024,-11.05119499
050,2,4,20,057,Kansas,Ford County,34288,34215,34186,33924,33980,-73,-29,-262,56,147,594,591,602,65,298,286,276,82,296,305,326,3,75,161,70,-149,-400,-742,-346,-146,-325,-581,-276,-9,0,14,6,668,668,666,668,668,17.368167132,17.354279841,17.730914232,8.7133229046,8.3981794157,8.1291234684,8.6548442274,8.9561004258,9.6017907634,2.1929503955,4.7276464543,2.061734213,-11.69573544,-21.78828366,-10.19085768,-9.502785047,-17.0606372,-8.129123468
050,2,4,20,059,Kansas,Franklin County,25983,26000,26002,25959,26125,17,2,-43,166,62,276,286,283,65,341,349,330,-3,-65,-63,-47,0,4,9,4,11,43,24,209,11,47,33,213,9,20,-13,0,525,525,523,525,525,10.614976347,11.008256192,10.867060902,13.114880197,13.433151787,12.6718378,-2.49990385,-2.424895595,-1.804776899,0.1538402369,0.3464136564,0.1535980339,1.6537825468,0.9237697504,8.0254972736,1.8076227837,1.2701834068,8.1790953076
050,2,4,20,061,Kansas,Geary County,36735,36760,36116,35529,35047,25,-644,-587,-482,204,1039,937,946,57,264,282,271,147,775,655,675,3,20,97,104,-134,-1385,-1369,-1252,-131,-1365,-1272,-1148,9,-54,30,-9,906,906,906,906,906,28.514188485,26.156745062,26.80798005,7.2451835995,7.8721473934,7.6796644752,21.269004885,18.284597669,19.128315575,0.5488775454,2.70779538,2.9471775108,-38.00977002,-38.2162049,-35.47948311,-37.46089247,-35.50840952,-32.5323056
050,2,4,20,063,Kansas,Gove County,2722,2714,2747,2742,2735,-8,33,-5,-7,9,36,33,34,8,58,45,42,1,-22,-12,-8,0,0,1,1,-10,58,6,0,-10,58,7,1,1,-3,0,0,44,44,44,44,44,13.184398462,12.024048096,12.415555961,21.241530855,16.396429222,15.336863246,-8.057132393,-4.372381126,-2.921307285,0,0.3643650938,0.3651634106,21.241530855,2.1861905629,0,21.241530855,2.5505556568,0.3651634106
050,2,4,20,065,Kansas,Graham County,2412,2403,2400,2397,2376,-9,-3,-3,-21,5,26,26,28,6,40,43,41,-1,-14,-17,-13,0,0,0,0,-8,11,17,-8,-8,11,17,-8,0,0,-3,0,34,34,34,34,34,10.826566729,10.840108401,11.732662895,16.656256506,17.927871586,17.179970668,-5.829689777,-7.087763185,-5.447307773,0,0,0,4.5804705392,7.0877631853,-3.352189399,4.5804705392,7.0877631853,-3.352189399
050,2,4,20,067,Kansas,Grant County,7352,7326,7333,7250,7147,-26,7,-83,-103,17,110,115,116,11,74,62,61,6,36,53,55,1,15,49,15,-31,-44,-191,-174,-30,-29,-142,-159,-2,0,6,1,55,55,55,55,55,15.00784501,15.771789069,16.114468292,10.096186643,8.5030514983,8.4739876363,4.9116583669,7.2687375711,7.6404806557,2.0465243195,6.7201536035,2.0837674516,-6.003138004,-26.19488445,-24.17170244,-3.956613684,-19.47473085,-22.08793499
050,2,4,20,069,Kansas,Gray County,5655,5647,5664,5711,5743,-8,17,47,32,22,83,82,84,12,71,67,64,10,12,15,20,0,4,17,6,-16,1,18,7,-16,5,35,13,-2,0,-3,-1,82,82,82,82,82,14.675979135,14.417582418,14.667365113,12.554150827,11.78021978,11.175135324,2.1218283087,2.6373626374,3.4922297887,0.7072761029,2.989010989,1.0476689366,0.1768190257,3.1648351648,1.2222804261,0.8840951286,6.1538461538,2.2699493627
050,2,4,20,071,Kansas,Greeley County,1282,1274,1282,1232,1181,-8,8,-50,-51,3,16,17,17,7,30,27,26,-4,-14,-10,-9,0,0,0,0,-4,24,-43,-41,-4,24,-43,-41,0,-2,3,-1,24,24,24,24,24,12.519561815,13.524264121,14.09034397,23.474178404,21.479713604,21.549937837,-10.95461659,-7.955449483,-7.459593867,0,0,0,18.779342723,-34.20843278,-33.98259428,18.779342723,-34.20843278,-33.98259428
050,2,4,20,073,Kansas,Greenwood County,6018,5977,5921,5908,5870,-41,-56,-13,-38,11,42,50,52,24,102,129,122,-13,-60,-79,-70,0,0,3,3,-25,2,64,30,-25,2,67,33,-3,2,-1,-1,90,90,90,90,90,7.0600100857,8.4537999831,8.8300220751,17.14573878,21.810803956,20.716590253,-10.08572869,-13.35700397,-11.88656818,0,0.507227999,0.5094243505,0.3361909565,10.820863978,5.0942435048,0.3361909565,11.328091977,5.6036678553
050,2,4,20,075,Kansas,Hamilton County,2517,2487,2478,2452,2437,-30,-9,-26,-15,7,38,44,45,9,21,27,26,-2,17,17,19,0,11,24,16,-25,-38,-72,-48,-25,-27,-48,-32,-3,1,5,-2,0,0,0,0,0,15.30715005,17.84989858,18.40867253,8.4592145015,10.953346856,10.636121906,6.8479355488,6.8965517241,7.7725506238,4.4310171198,9.7363083164,6.5453057885,-15.30715005,-29.20892495,-19.63591737,-10.87613293,-19.47261663,-13.09061158
050,2,4,20,077,Kansas,Harper County,5490,5472,5355,5400,5435,-18,-117,45,35,20,68,79,80,20,101,81,79,0,-33,-2,1,0,1,-1,-1,-17,-83,50,35,-17,-82,49,34,-1,-2,-2,0,101,101,101,101,101,12.561189619,14.690841469,14.766958929,18.657061051,15.062761506,14.582371943,-6.095871433,-0.371920037,0.1845869866,0.1847233767,-0.185960019,-0.184586987,-15.33204027,9.2980009298,6.4605445316,-15.14731689,9.1120409112,6.275957545
050,2,4,20,079,Kansas,Harvey County,34019,33986,33788,33671,33504,-33,-198,-117,-167,90,361,342,348,84,503,530,500,6,-142,-188,-152,2,4,4,2,-41,-75,88,-17,-39,-71,92,-15,0,15,-21,0,1127,1127,1128,1128,1128,10.653052793,10.139492136,10.360997395,14.843450291,15.713248047,14.88649051,-4.190397498,-5.573755911,-4.525493115,0.1180393661,0.1185905513,0.059545962,-2.213238115,2.6089921286,-0.506140677,-2.095198749,2.7275826798,-0.446594715
050,2,4,20,081,Kansas,Haskell County,3781,3760,3652,3595,3630,-21,-108,-57,35,7,51,58,59,5,33,35,35,2,18,23,24,0,3,9,2,-21,-123,-90,11,-21,-120,-81,13,-2,-6,1,-2,44,44,44,44,44,13.76146789,16.00662343,16.332179931,8.9044792229,9.6591693114,9.6885813149,4.856988667,6.3474541189,6.6435986159,0.8094981112,2.4837863944,0.553633218,-33.18942256,-24.83786394,3.044982699,-32.37992445,-22.35407755,3.598615917
050,2,4,20,083,Kansas,Hodgeman County,1721,1737,1724,1697,1655,16,-13,-27,-42,8,13,11,11,0,38,42,42,8,-25,-31,-31,0,2,3,1,9,10,3,-12,9,12,6,-11,-1,0,-2,0,18,18,18,18,18,7.512279688,6.4308681672,6.5632458234,21.958971396,24.554223911,25.059665871,-14.44669171,-18.12335574,-18.49642005,1.1557353366,1.7538731365,0.5966587112,5.778676683,1.7538731365,-7.159904535,6.9344120196,3.507746273,-6.563245823
050,2,4,20,085,Kansas,Jackson County,13231,13239,13263,13292,13368,8,24,29,76,36,160,179,184,29,165,159,156,7,-5,20,28,0,9,24,17,-2,11,-8,31,-2,20,16,48,3,9,-7,0,193,193,193,193,193,12.074560411,13.481453587,13.803450863,12.451890423,11.975145924,11.702925731,-0.377330013,1.5063076633,2.1005251313,0.6791940231,1.807569196,1.2753188297,0.8301260282,-0.602523065,2.3255813953,1.5093200513,1.2050461307,3.6009002251
050,2,4,20,087,Kansas,Jefferson County,18360,18323,18429,18354,18327,-37,106,-75,-27,41,170,163,167,44,211,209,203,-3,-41,-46,-36,0,3,9,1,-34,139,-28,7,-34,142,-19,8,0,5,-10,1,179,179,179,179,179,9.2511972138,8.8627898758,9.1055314741,11.482368306,11.363945301,11.068400534,-2.231171093,-2.501155425,-1.96286906,0.1632564214,0.4893564962,0.0545241406,7.5642141924,-1.522442433,0.3816689839,7.7274706138,-1.033085936,0.4361931245
050,2,4,20,089,Kansas,Jewell County,2929,2927,2942,2885,2847,-2,15,-57,-38,10,25,32,29,10,38,61,59,0,-13,-29,-30,0,0,1,1,-2,29,-30,-9,-2,29,-29,-8,0,-1,1,0,15,15,15,15,15,8.5193388993,10.983353355,10.11863224,12.949395127,20.937017333,20.586182833,-4.430056228,-9.953663978,-10.46755059,0,0.3432297923,0.3489183531,9.8824331232,-10.29689377,-3.140265178,9.8824331232,-9.953663978,-2.791346825
050,2,4,20,091,Kansas,Johnson County,609877,611149,614889,619091,622237,1272,3740,4202,3146,1740,6874,6959,6982,1043,4911,5032,4443,697,1963,1927,2539,36,496,1335,1030,306,797,1305,-450,342,1293,2640,580,233,484,-365,27,5714,5713,5712,5717,5717,11.21335554,11.278951036,11.249242746,8.0111709425,8.1557237557,7.1584625498,3.2021845979,3.1232272808,4.0907801967,0.8091103212,2.1637303684,1.6595130377,1.3001228347,2.1151072141,-0.725029968,2.1092331559,4.2788375825,0.9344830697
050,2,4,20,093,Kansas,Kearny County,3982,3962,3897,3865,3823,-20,-65,-32,-42,11,57,72,74,8,35,49,48,3,22,23,26,0,4,3,-1,-21,-88,-58,-68,-21,-84,-55,-69,-2,-3,0,1,69,69,69,69,69,14.505662298,18.551919608,19.250780437,8.9069856216,12.625611956,12.486992716,5.5986766764,5.9263076527,6.7637877211,1.0179412139,0.7729966503,-0.260145682,-22.39470671,-14.94460191,-17.68990635,-21.37676549,-14.17160526,-17.95005203
050,2,4,20,095,Kansas,Kingman County,7473,7425,7291,7174,7066,-48,-134,-117,-108,17,75,78,77,53,249,277,260,-36,-174,-199,-183,0,0,0,0,-13,36,86,75,-13,36,86,75,1,4,-4,0,111,111,111,111,111,10.192987225,10.78465261,10.814606742,33.840717586,38.299343242,36.516853933,-23.64773036,-27.51469063,-25.70224719,0,0,0,4.8926338679,11.890770826,10.533707865,4.8926338679,11.890770826,10.533707865
050,2,4,20,097,Kansas,Kiowa County,2461,2455,2409,2405,2374,-6,-46,-4,-31,7,28,29,29,7,36,38,38,0,-8,-9,-9,0,0,9,7,-6,-36,-2,-30,-6,-36,7,-23,0,-2,-2,1,166,166,166,166,166,11.513157895,12.048192771,12.136430216,14.802631579,15.787287079,15.902908558,-3.289473684,-3.739094308,-3.766478343,0,3.7390943083,2.9294831555,-14.80263158,-0.830909846,-12.55492781,-14.80263158,2.908184462,-9.625444654
050,2,4,20,099,Kansas,Labette County,20191,20170,19914,19702,19728,-21,-256,-212,26,65,220,215,207,59,303,317,290,6,-83,-102,-83,0,2,7,4,-24,-177,-110,106,-24,-175,-103,110,-3,2,-7,-1,415,415,415,415,415,10.976948408,10.854200323,10.499619579,15.118251671,16.003634895,14.709611971,-4.141303263,-5.149434572,-4.209992392,0.0997904401,0.3533925687,0.2028911996,-8.831453947,-5.553311793,5.3766167892,-8.731663507,-5.199919225,5.5795079888
050,2,4,20,101,Kansas,Lane County,1573,1568,1561,1544,1529,-5,-7,-17,-15,2,15,18,18,5,40,33,32,-3,-25,-15,-14,0,0,0,0,-1,18,-1,-1,-1,18,-1,-1,-1,0,-1,0,16,16,16,16,16,9.5877277085,11.594202899,11.714936544,25.567273889,21.256038647,20.826553856,-15.97954618,-9.661835749,-9.111617312,0,0,0,11.50527325,-0.644122383,-0.650829808,11.50527325,-0.644122383,-0.650829808
050,2,4,20,103,Kansas,Leavenworth County,81901,81966,82398,82922,83518,65,432,524,596,213,912,900,896,184,769,818,747,29,143,82,149,-6,3,58,41,12,223,428,411,6,226,486,452,30,63,-44,-5,6112,6115,6103,6058,6060,11.097320581,10.887974837,10.766642634,9.357280183,9.8959593516,8.9762076424,1.7400403981,0.9920154851,1.7904349916,0.036504344,0.7016694895,0.4926700312,2.7134895719,5.1778369223,4.9387166547,2.7499939159,5.8795064118,5.4313866859
050,2,4,20,105,Kansas,Lincoln County,2940,2949,2910,2911,2920,9,-39,1,9,10,22,29,29,11,40,42,42,-1,-18,-13,-13,0,0,0,0,10,-21,14,24,10,-21,14,24,0,0,0,-2,38,38,38,38,38,7.5098139614,9.9639237244,9.9468358772,13.654207203,14.430510222,14.405762305,-6.144393241,-4.466586497,-4.458926428,0,0,0,-7.168458781,4.8101700739,8.2318641742,-7.168458781,4.8101700739,8.2318641742
050,2,4,20,107,Kansas,Linn County,9592,9587,9740,9777,9860,-5,153,37,83,27,102,89,89,28,145,170,165,-1,-43,-81,-76,0,0,1,1,-5,202,118,159,-5,202,119,160,1,-6,-1,-1,14,14,14,14,14,10.55518187,9.1202541374,9.0645210572,15.004915403,17.42071015,16.805010949,-4.449733533,-8.300456013,-7.740489892,0,0.1024747656,0.1018485512,20.903399389,12.092022339,16.193919641,20.903399389,12.194497105,16.295768193
050,2,4,20,109,Kansas,Logan County,2758,2739,2710,2703,2665,-19,-29,-7,-38,9,36,37,35,10,42,50,49,-1,-6,-13,-14,0,1,4,1,-16,-26,5,-26,-16,-25,9,-25,-2,2,-3,1,22,22,22,22,22,13.213433658,13.670792536,13.04023845,15.4156726,18.474043968,18.25633383,-2.202238943,-4.803251432,-5.21609538,0.3670398238,1.4779235175,0.3725782414,-9.543035419,1.8474043968,-9.687034277,-9.175995596,3.3253279143,-9.314456036
050,2,4,20,111,Kansas,Lyon County,32178,32113,32028,32031,32172,-65,-85,3,141,84,346,365,370,89,355,330,314,-5,-9,35,56,4,70,175,105,-65,-160,-204,-20,-61,-90,-29,85,1,14,-3,0,1235,1233,1233,1237,1237,10.788731077,11.395744548,11.525941155,11.06936281,10.30300192,9.7814743859,-0.280631733,1.0927426279,1.7444667695,2.1826912583,5.4637131394,3.2708751927,-4.98900859,-6.36912846,-0.623023846,-2.806317332,-0.90541532,2.6478513465
050,2,4,20,113,Kansas,McPherson County,30221,30184,30164,30063,30091,-37,-20,-101,28,72,297,324,329,98,433,440,395,-26,-136,-116,-66,0,6,12,5,-14,87,13,91,-14,93,25,96,3,23,-10,-2,1921,1920,1916,1925,1925,9.8429111155,10.759294004,10.93859095,14.350102737,14.611386919,13.132958739,-4.507191622,-3.852092915,-2.194367789,0.1988466892,0.3984923705,0.166239984,2.8832769934,0.4317000681,3.0255677095,3.0821236826,0.8301924386,3.1918076936
050,2,4,20,115,Kansas,Marion County,11834,11793,11750,11783,11690,-41,-43,33,-93,30,108,113,115,38,167,228,213,-8,-59,-115,-98,0,1,2,2,-31,6,149,4,-31,7,151,6,-2,9,-3,-1,622,622,619,622,622,9.1747016098,9.6035354608,9.7984918843,14.186807119,19.377045001,18.148511055,-5.012105509,-9.77350954,-8.350019171,0.0849509408,0.169974079,0.1704085545,0.509705645,12.663068882,0.340817109,0.5946565858,12.833042961,0.5112256635
050,2,4,20,117,Kansas,Marshall County,10034,10023,10021,9992,9933,-11,-2,-29,-59,28,115,102,97,31,134,136,133,-3,-19,-34,-36,0,0,0,0,-10,12,9,-23,-10,12,9,-23,2,5,-4,0,167,167,167,167,167,11.474755538,10.193374307,9.7365119197,13.370584714,13.591165742,13.350062735,-1.895829176,-3.397791436,-3.613550816,0,0,0,1.1973657953,0.89941538,-2.308657465,1.1973657953,0.89941538,-2.308657465
050,2,4,20,119,Kansas,Meade County,4062,4061,3997,3913,3911,-1,-64,-84,-2,13,56,49,49,13,67,60,59,0,-11,-11,-10,0,2,8,5,-1,-55,-84,3,-1,-53,-76,8,0,0,3,0,70,70,70,70,70,13.899230578,12.389380531,12.525562372,16.629436585,15.170670038,15.081799591,-2.730206006,-2.781289507,-2.556237219,0.4964010921,2.0227560051,1.2781186094,-13.65103003,-21.23893805,0.7668711656,-13.15462894,-19.21618205,2.0449897751
050,2,4,20,121,Kansas,Miami County,34193,34224,34641,34791,35320,31,417,150,529,83,347,364,365,73,395,436,405,10,-48,-72,-40,0,6,21,11,15,457,211,559,15,463,232,570,6,2,-10,-1,472,472,472,472,472,10.077688231,10.485078926,10.412060875,11.471720032,12.559050582,11.553108642,-1.394031801,-2.073971656,-1.141047767,0.1742539752,0.6049083996,0.313788136,13.272344442,6.0778891577,15.946142545,13.446598417,6.6827975573,16.259930681
050,2,4,20,123,Kansas,Mitchell County,5792,5773,5744,5730,5719,-19,-29,-14,-11,13,65,69,69,20,107,102,96,-7,-42,-33,-27,0,0,0,0,-11,10,21,17,-11,10,21,17,-1,3,-2,-1,123,123,123,123,123,11.287661717,12.027191912,12.05345445,18.58122775,17.779327174,16.770023583,-7.293566033,-5.752135262,-4.716569133,0,0,0,1.7365633411,3.6604497124,2.9696916761,1.7365633411,3.6604497124,2.9696916761
050,2,4,20,125,Kansas,Montgomery County,31492,31404,31181,30853,30568,-88,-223,-328,-285,85,348,318,304,105,518,566,518,-20,-170,-248,-214,0,7,9,9,-67,-78,-77,-81,-67,-71,-68,-72,-1,18,-12,1,763,762,755,761,762,11.120875609,10.252442209,9.8988945149,16.553487257,18.248057517,16.867195259,-5.432611648,-7.995615308,-6.968300744,0.2236957737,0.2901634587,0.2930593771,-2.49261005,-2.482509592,-2.637534394,-2.268914277,-2.192346133,-2.344475017
050,2,4,20,127,Kansas,Morris County,5391,5369,5386,5400,5334,-22,17,14,-66,12,54,53,53,20,87,77,71,-8,-33,-24,-18,0,2,4,4,-12,47,36,-52,-12,49,40,-48,-2,1,-2,0,76,76,76,76,76,10.041841004,9.827554237,9.8751630334,16.178521618,14.277767476,13.228991988,-6.136680614,-4.450213239,-3.353828955,0.3719200372,0.7417022066,0.7452953233,8.740120874,6.6753198591,-9.688839203,9.1120409112,7.4170220656,-8.943543879
050,2,4,20,129,Kansas,Morton County,2700,2700,2671,2601,2580,0,-29,-70,-21,8,28,30,31,10,43,43,44,-2,-15,-13,-13,0,3,12,5,3,-17,-72,-12,3,-14,-60,-7,-1,0,3,-1,54,54,54,54,54,10.426363806,11.380880121,11.966801776,16.011915844,16.312594841,16.985138004,-5.585552039,-4.931714719,-5.018336229,1.1171104077,4.5523520486,1.9301293187,-6.330292311,-27.31411229,-4.632310365,-5.213181903,-22.76176024,-2.702181046
050,2,4,20,131,Kansas,Nemaha County,10274,10262,10226,10164,10114,-12,-36,-62,-50,40,141,129,130,28,173,129,120,12,-32,0,10,0,0,1,1,-23,-12,-61,-63,-23,-12,-60,-62,-1,8,-2,2,259,259,259,259,259,13.764154627,12.653261403,12.821777296,16.887934401,12.653261403,11.835486734,-3.123779774,0,0.9862905612,0,0.0980872977,0.0986290561,-1.171417415,-5.983325159,-6.213630536,-1.171417415,-5.885237862,-6.115001479
050,2,4,20,133,Kansas,Neosho County,15900,15905,15787,15583,15420,5,-118,-204,-163,43,184,184,188,49,238,252,239,-6,-54,-68,-51,0,13,11,10,6,-81,-146,-122,6,-68,-135,-112,5,4,-1,0,441,441,440,441,441,11.611763221,11.73095314,12.127858594,15.019563297,16.066305387,15.417862787,-3.407800076,-4.335352247,-3.290004193,0.8203963145,0.7013069812,0.6450988614,-5.111700114,-9.308256296,-7.870206109,-4.291303799,-8.606949315,-7.225107248
050,2,4,20,135,Kansas,Ness County,2682,2673,2651,2657,2618,-9,-22,6,-39,6,32,33,33,9,70,53,53,-3,-38,-20,-20,0,3,7,5,-5,11,19,-25,-5,14,26,-20,-1,2,0,1,82,82,82,82,82,12.021036814,12.434061794,12.511848341,26.296018032,19.96985682,20.09478673,-14.27498122,-7.535795026,-7.582938389,1.1269722014,2.6375282592,1.8957345972,4.132231405,7.1590052751,-9.478672986,5.2592036063,9.7965335343,-7.582938389
050,2,4,20,137,Kansas,Norton County,5457,5453,5369,5325,5330,-4,-84,-44,5,16,53,52,48,13,80,57,53,3,-27,-5,-5,0,1,5,4,-8,-58,-45,5,-8,-57,-40,9,1,0,1,1,954,954,954,954,954,9.7948623175,9.7250794838,9.0098545284,14.784697838,10.66018328,9.9483810418,-4.98983552,-0.935103797,-0.938526513,0.184808723,0.9351037965,0.7508212107,-10.71890593,-8.415934169,0.9385265134,-10.53409721,-7.480830372,1.6893477241
050,2,4,20,139,Kansas,Osage County,15765,15741,15752,15705,15824,-24,11,-47,119,47,164,163,163,58,271,240,232,-11,-107,-77,-69,0,0,0,0,-15,111,35,192,-15,111,35,192,2,7,-5,-4,150,150,150,150,150,10.41501286,10.363353149,10.339687272,17.210173689,15.258924882,14.716610105,-6.795160829,-4.895571733,-4.376922833,0,0,0,7.0491855333,2.2252598786,12.179263535,7.0491855333,2.2252598786,12.179263535
050,2,4,20,141,Kansas,Osborne County,3494,3490,3485,3481,3427,-4,-5,-4,-54,12,40,36,36,17,53,62,57,-5,-13,-26,-21,0,0,0,0,1,9,25,-34,1,9,25,-34,0,-1,-3,1,95,95,95,95,95,11.46953405,10.335917313,10.422698321,15.197132616,17.800746483,16.502605675,-3.727598566,-7.46482917,-6.079907354,0,0,0,2.5806451613,7.177720356,-9.843659525,2.5806451613,7.177720356,-9.843659525
050,2,4,20,143,Kansas,Ottawa County,5729,5729,5830,5806,5818,0,101,-24,12,11,51,63,66,15,82,77,74,-4,-31,-14,-8,0,0,0,0,4,136,-9,21,4,136,-9,21,0,-4,-1,-1,106,106,106,106,106,8.8242927589,10.828463389,11.355815554,14.188078554,13.234788587,12.732278045,-5.363785795,-2.406325198,-1.376462491,0,0,0,23.531447357,-1.546923341,3.6132140399,23.531447357,-1.546923341,3.6132140399
050,2,4,20,145,Kansas,Pawnee County,6254,6256,6247,6188,6126,2,-9,-59,-62,13,70,63,63,16,98,87,86,-3,-28,-24,-23,0,0,0,0,3,17,-34,-39,3,17,-34,-39,2,2,-1,0,748,748,748,748,748,11.197312645,10.132689988,10.232255969,15.676237703,13.992762364,13.967841481,-4.478925058,-3.860072376,-3.735585512,0,0,0,2.7193473566,-5.468435867,-6.334253695,2.7193473566,-5.468435867,-6.334253695
050,2,4,20,147,Kansas,Phillips County,4973,4961,4819,4783,4761,-12,-142,-36,-22,18,46,55,54,17,86,81,76,1,-40,-26,-22,0,0,1,1,-12,-99,-7,-1,-12,-99,-6,0,-1,-3,-4,0,50,50,50,50,50,9.4069529652,11.455946678,11.316010059,17.586912065,16.871485107,15.926236379,-8.1799591,-5.415538429,-4.61022632,0,0.2082899396,0.2095557418,-20.24539877,-1.458029577,-0.209555742,-20.24539877,-1.249739638,0
050,2,4,20,149,Kansas,Pottawatomie County,25343,25411,25873,26292,26382,68,462,419,90,85,371,376,375,50,216,229,217,35,155,147,158,0,2,15,13,25,296,271,-82,25,298,286,-69,8,9,-14,1,330,330,330,330,330,14.468450199,14.415796032,14.23852375,8.4236799002,8.7798332215,8.2393590766,6.0447702987,5.6359628103,5.9991646733,0.0779970361,0.575098246,0.4936021567,11.543561345,10.39010831,-3.113490527,11.621558381,10.965206556,-2.61988837
050,2,4,20,151,Kansas,Pratt County,9153,9143,9168,9073,9082,-10,25,-95,9,26,93,112,115,36,144,132,128,-10,-51,-20,-13,0,2,2,1,-1,71,-79,22,-1,73,-77,23,1,3,2,-1,497,497,495,497,497,10.157828628,12.280028507,12.668686312,15.728250778,14.472890741,14.100798678,-5.570422151,-2.192862233,-1.432112366,0.2184479275,0.2192862233,0.1101624897,7.7549014254,-8.661805822,2.4235747728,7.9733493528,-8.442519599,2.5337372625
050,2,4,20,153,Kansas,Rawlins County,2566,2572,2558,2523,2463,6,-14,-35,-60,8,24,24,20,3,41,39,39,5,-17,-15,-19,0,0,1,0,1,2,-22,-40,1,2,-21,-40,0,1,1,-1,37,37,37,37,37,9.3567251462,9.44695926,8.0224628961,15.984405458,15.351308797,15.643802647,-6.627680312,-5.904349537,-7.621339751,0,0.3936233025,0,0.7797270955,-8.659712655,-16.04492579,0.7797270955,-8.266089352,-16.04492579
050,2,4,20,155,Kansas,Reno County,61883,61878,61499,61552,61497,-5,-379,53,-55,170,623,656,662,182,883,855,777,-12,-260,-199,-115,0,7,30,19,-6,-164,263,41,-6,-157,293,60,13,38,-41,0,2816,2816,2814,2817,2816,10.099127066,10.662245736,10.759941162,14.313851042,13.896676988,12.629115231,-4.214723976,-3.234431252,-1.869174069,0.1134733378,0.4876027013,0.3088200636,-2.6585182,4.2746503482,0.6664011898,-2.545044862,4.7622530495,0.9752212533
050,2,4,20,157,Kansas,Republic County,4669,4664,4688,4653,4627,-5,24,-35,-26,12,64,58,56,16,84,90,88,-4,-20,-32,-32,0,0,1,1,-1,43,0,5,-1,43,1,6,0,1,-4,0,57,57,57,57,57,13.686911891,12.418370624,12.068965517,17.964071856,19.269885451,18.965517241,-4.277159966,-6.851514827,-6.896551724,0,0.2141098383,0.2155172414,9.1958939264,0,1.0775862069,9.1958939264,0.2141098383,1.2931034483
050,2,4,20,159,Kansas,Rice County,9426,9389,9389,9370,9260,-37,0,-19,-110,26,100,104,105,25,146,151,142,1,-46,-47,-37,0,4,10,7,-36,39,23,-80,-36,43,33,-73,-2,3,-5,0,489,489,487,489,489,10.650761529,11.088011088,11.272141707,15.550111833,16.098939176,15.244229737,-4.899350304,-5.010928088,-3.97208803,0.4260304612,1.0661549123,0.7514761138,4.1537969965,2.4521562983,-8.588298443,4.5798274577,3.5183112106,-7.83682233
050,2,4,20,161,Kansas,Riley County,71964,72016,71871,71563,71402,52,-145,-308,-161,174,699,730,744,103,409,444,421,71,290,286,323,13,83,312,308,-68,-550,-896,-800,-55,-467,-584,-492,36,32,-10,8,11218,11206,10788,11286,11287,9.7159576612,10.178897611,10.408141853,5.6850167145,6.191000739,5.8895533872,4.0309409467,3.9878968724,4.5185884657,1.1536830985,4.3504329517,4.3087468961,-7.644888002,-12.49355104,-11.19155038,-6.491204904,-8.143118089,-6.882803483
050,2,4,20,163,Kansas,Rooks County,4918,4893,4865,4810,4778,-25,-28,-55,-32,14,47,53,56,18,71,75,73,-4,-24,-22,-17,0,0,1,1,-19,-7,-35,-16,-19,-7,-34,-15,-2,3,1,0,190,190,190,190,190,9.6331215413,10.956072351,11.681268252,14.552162328,15.503875969,15.227367543,-4.919040787,-4.547803618,-3.546099291,0,0.2067183463,0.2085940759,-1.43472023,-7.235142119,-3.337505215,-1.43472023,-7.028423773,-3.128911139
050,2,4,20,165,Kansas,Rush County,2951,2938,2928,2941,2830,-13,-10,13,-111,8,27,28,28,12,68,63,56,-4,-41,-35,-28,0,0,1,1,-8,29,47,-84,-8,29,48,-83,-1,2,0,0,73,73,73,73,73,9.2055915445,9.5416595672,9.7036908681,23.184452779,21.468734026,19.407381736,-13.97886123,-11.92707446,-9.703690868,0,0.340773556,0.3465603881,9.8874872145,16.016357131,-29.1110726,9.8874872145,16.357130687,-28.76451222
050,2,4,20,167,Kansas,Russell County,6691,6678,6697,6733,6723,-13,19,36,-10,18,59,66,67,23,133,87,83,-5,-74,-21,-16,0,1,4,4,-9,94,51,3,-9,95,55,7,1,-2,2,-1,92,92,92,92,92,8.8224299065,9.8287416232,9.9583828775,19.887850467,12.956068503,12.336504162,-11.06542056,-3.12732688,-2.378121284,0.1495327103,0.5956813105,0.594530321,14.056074766,7.5949367089,0.4458977408,14.205607477,8.1906180194,1.0404280618
050,2,4,20,169,Kansas,Saline County,54297,54254,53827,53389,53098,-43,-427,-438,-291,151,576,594,606,133,703,766,689,18,-127,-172,-83,0,28,77,63,-69,-345,-329,-272,-69,-317,-252,-209,8,17,-14,1,1561,1561,1559,1562,1562,10.658672662,11.080435756,11.381671002,13.008761947,14.288912103,12.940546733,-2.350089285,-3.208476347,-1.558875731,0.5181299211,1.4363527832,1.183243025,-6.384100813,-6.13714371,-5.108604806,-5.865970892,-4.700790927,-3.925361781
050,2,4,20,171,Kansas,Scott County,5152,5139,5121,5007,4922,-13,-18,-114,-85,9,80,70,72,7,81,76,72,2,-1,-6,0,0,-1,-4,-4,-15,-18,-104,-82,-15,-19,-108,-86,0,2,0,1,75,75,75,75,75,15.59454191,13.823064771,14.502971095,15.789473684,15.007898894,14.502971095,-0.194931774,-1.184834123,0,-0.194931774,-0.789889415,-0.805720616,-3.50877193,-20.5371248,-16.51727264,-3.703703704,-21.32701422,-17.32299325
050,2,4,20,173,Kansas,Sedgwick County,523836,524821,524423,525368,528469,985,-398,945,3101,1713,6333,6536,6615,1244,5781,5867,5110,469,552,669,1505,39,395,1028,682,298,-1642,-455,889,337,-1247,573,1571,179,297,-297,25,11103,11102,11091,11132,11138,12.071548658,12.452002351,12.554123645,11.019362512,11.177462943,9.6978944562,1.0521861455,1.2745394083,2.8562291891,0.752923057,1.9584850699,1.294317812,-3.129872556,-0.866839209,1.6871679396,-2.376949499,1.0916458609,2.9814857516
050,2,4,20,175,Kansas,Seward County,21963,21857,21763,21345,21067,-106,-94,-418,-278,90,370,385,393,30,171,169,164,60,199,216,229,1,24,19,-3,-152,-310,-680,-504,-151,-286,-661,-507,-15,-7,27,0,342,342,342,342,342,16.964695094,17.862113761,18.532490804,7.8404401651,7.8407720145,7.7336602848,9.1242549289,10.021341746,10.79883052,1.1004126547,0.8815069129,-0.141469395,-14.21366346,-31.54866846,-23.76685844,-13.1132508,-30.66716155,-23.90832783
050,2,4,20,177,Kansas,Shawnee County,178907,178709,178403,177537,177746,-198,-306,-866,209,473,1913,1967,1990,493,2252,2258,1994,-20,-339,-291,-4,1,45,88,54,-198,-146,-609,156,-197,-101,-521,210,19,134,-54,3,4603,4603,4601,4603,4603,10.713725666,11.052424566,11.202337292,12.612289702,12.687531606,11.224854553,-1.898564036,-1.635107041,-0.022517261,0.2520217747,0.4944653593,0.303983022,-0.817670647,-3.421925044,0.8781731746,-0.565648872,-2.927459684,1.1821561966
050,2,4,20,179,Kansas,Sheridan County,2442,2445,2451,2439,2423,3,6,-12,-16,9,30,28,28,7,53,42,41,2,-23,-14,-13,0,0,0,0,0,28,3,-2,0,28,3,-2,1,1,-1,-1,37,37,37,37,37,12.254901961,11.45194274,11.517893871,21.650326797,17.17791411,16.865487454,-9.395424837,-5.72597137,-5.347593583,0,0,0,11.437908497,1.226993865,-0.822706705,11.437908497,1.226993865,-0.822706705
050,2,4,20,181,Kansas,Sherman County,5926,5897,5932,5876,5844,-29,35,-56,-32,11,84,75,81,8,71,63,62,3,13,12,19,0,0,-4,-4,-29,20,-67,-49,-29,20,-71,-53,-3,2,3,2,252,252,252,252,252,14.202383972,12.703252033,13.822525597,12.004395976,10.670731707,10.580204778,2.1979879956,2.0325203252,3.2423208191,0,-0.677506775,-0.682593857,3.3815199932,-11.34823848,-8.361774744,3.3815199932,-12.02574526,-9.044368601
050,2,4,20,183,Kansas,Smith County,3575,3567,3573,3572,3590,-8,6,-1,18,3,23,39,42,9,55,58,52,-6,-32,-19,-10,0,1,1,0,-1,37,20,27,-1,38,21,27,-1,0,-3,1,53,53,53,53,53,6.4425770308,10.916724983,11.728567439,15.406162465,16.235129461,14.521083496,-8.963585434,-5.318404479,-2.792516057,0.2801120448,0.2799160252,0,10.364145658,5.5983205038,7.5397933538,10.644257703,5.878236529,7.5397933538
050,2,4,20,185,Kansas,Stafford County,4064,4049,4008,3971,3909,-15,-41,-37,-62,8,56,44,44,21,69,83,81,-13,-13,-39,-37,0,-1,-1,-2,-3,-28,5,-22,-3,-29,4,-24,1,1,-2,-1,88,88,88,88,88,13.900955691,11.028950996,11.16751269,17.127963262,20.804612107,20.558375635,-3.227007571,-9.77566111,-9.390862944,-0.248231352,-0.250657977,-0.507614213,-6.950477845,1.253289886,-5.583756345,-7.198709197,1.0026319088,-6.091370558
