y1_statefips,y1_countyfips,y2_statefips,y2_countyfips,y2_state,y2_countyname,n1,n2,agi
6,1,96,0,CA,Alameda County Total Migration-US and Foreign,55667,94920,8693754
6,1,97,0,CA,Alameda County Total Migration-US,55628,94850,8691620
6,1,97,1,CA,Alameda County Total Migration-Same State,37525,64178,5821547
6,1,97,3,CA,Alameda County Total Migration-Different State,18103,30672,2870074
6,1,98,0,CA,Alameda County Total Migration-Foreign,39,70,2134
6,1,6,1,CA,Alameda County Non-migrants,634717,1241066,102218029
6,1,6,13,CA,Contra Costa County,8244,15271,1416882
6,1,6,85,CA,Santa Clara County,5221,8248,1032601
6,1,6,77,CA,San Joaquin County,3895,8884,452711
6,1,6,75,CA,San Francisco County,3743,4586,627590
6,1,6,37,CA,Los Angeles County,2365,3222,273826
6,1,6,81,CA,San Mateo County,2139,3228,351083
6,1,6,67,CA,Sacramento County,1961,3521,200792
6,1,6,95,CA,Solano County,1184,2116,111916
6,1,6,73,CA,San Diego County,1106,1684,175316
6,1,53,33,WA,King County,937,1361,192012
6,1,6,99,CA,Stanislaus County,910,1963,69885
6,1,6,59,CA,Orange County,786,1233,150160
6,1,32,3,NV,Clark County,764,1331,109581
6,1,6,61,CA,Placer County,658,1398,120803
6,1,6,97,CA,Sonoma County,622,980,94538
6,1,4,13,AZ,Maricopa County,586,1021,90648
6,1,36,61,NY,New York County,563,639,94817
6,1,48,453,TX,Travis County,476,800,136439
6,1,6,41,CA,Marin County,462,710,94839
6,1,36,47,NY,Kings County,449,513,68963
6,1,41,51,OR,Multnomah County,440,612,54791
6,1,17,31,IL,Cook County,362,507,51807
6,1,6,65,CA,Riverside County,359,605,42838
6,1,48,201,TX,Harris County,346,628,38198
6,1,6,19,CA,Fresno County,337,570,27241
6,1,32,31,NV,Washoe County,318,523,65214
6,1,48,491,TX,Williamson County,299,747,77496
6,1,6,87,CA,Santa Cruz County,294,419,37958
6,1,48,85,TX,Collin County,291,728,56024
6,1,6,71,CA,San Bernardino County,274,459,26922
6,1,48,113,TX,Dallas County,271,474,48789
6,1,6,113,CA,Yolo County,237,360,21389
6,1,25,17,MA,Middlesex County,232,331,32291
6,1,6,17,CA,El Dorado County,230,447,47017
6,1,15,3,HI,Honolulu County,213,347,25145
6,1,6,53,CA,Monterey County,207,342,45968
6,1,6,47,CA,Merced County,199,427,13855
6,1,6,57,CA,Nevada County,186,320,31772
6,1,8,31,CO,Denver County,180,247,33757
6,1,37,183,NC,Wake County,174,431,33329
6,1,11,1,DC,District of Columbia,172,216,26756
6,1,6,55,CA,Napa County,170,275,26825
6,1,13,121,GA,Fulton County,169,289,21589
6,1,16,1,ID,Ada County,159,333,33965
6,1,48,121,TX,Denton County,148,350,39197
6,1,6,111,CA,Ventura County,147,239,17209
6,1,6,83,CA,Santa Barbara County,145,202,28262
6,1,6,7,CA,Butte County,143,229,11434
6,1,49,35,UT,Salt Lake County,143,243,25461
6,1,6,79,CA,San Luis Obispo County,142,223,22775
6,1,36,81,NY,Queens County,139,184,17141
6,1,41,67,OR,Washington County,134,231,18687
6,1,48,439,TX,Tarrant County,133,243,18525
6,1,6,29,CA,Kern County,123,224,8679
6,1,53,11,WA,Clark County,123,231,22687
6,1,42,101,PA,Philadelphia County,121,150,10348
6,1,53,61,WA,Snohomish County,121,225,21705
6,1,6,9,CA,Calaveras County,120,244,18905
6,1,12,86,FL,Miami-Dade County,117,184,26669
6,1,25,25,MA,Suffolk County,117,141,11649
6,1,6,89,CA,Shasta County,114,195,11100
6,1,48,29,TX,Bexar County,114,229,8941
6,1,24,31,MD,Montgomery County,111,183,12896
6,1,4,19,AZ,Pima County,102,161,11137
6,1,34,17,NJ,Hudson County,96,126,17996
6,1,37,119,NC,Mecklenburg County,96,195,12247
6,1,41,39,OR,Lane County,94,147,11671
6,1,12,11,FL,Broward County,92,148,14915
6,1,27,53,MN,Hennepin County,92,150,13264
6,1,6,109,CA,Tuolumne County,91,158,13026
6,1,6,107,CA,Tulare County,88,151,6052
6,1,53,53,WA,Pierce County,88,161,13523
6,1,48,157,TX,Fort Bend County,87,215,14707
6,1,8,13,CO,Boulder County,86,142,20900
6,1,41,5,OR,Clackamas County,85,174,14449
6,1,42,3,PA,Allegheny County,85,122,12419
6,1,6,23,CA,Humboldt County,83,134,7745
6,1,51,59,VA,Fairfax County,81,142,11439
6,1,12,95,FL,Orange County,78,132,12228
6,1,41,17,OR,Deschutes County,78,136,15640
6,1,47,37,TN,Davidson County,77,121,9545
6,1,6,39,CA,Madera County,75,156,6461
6,1,12,57,FL,Hillsborough County,74,122,9739
6,1,8,35,CO,Douglas County,71,144,12433
6,1,8,5,CO,Arapahoe County,70,143,10124
6,1,13,89,GA,DeKalb County,70,107,7268
6,1,8,41,CO,El Paso County,68,129,7524
6,1,37,63,NC,Durham County,66,90,9686
6,1,6,45,CA,Mendocino County,64,89,11040
6,1,12,99,FL,Palm Beach County,64,96,15135
6,1,13,135,GA,Gwinnett County,63,131,8123
6,1,8,59,CO,Jefferson County,61,90,10691
6,1,26,161,MI,Washtenaw County,61,81,6479
6,1,36,119,NY,Westchester County,61,117,19352
6,1,6,69,CA,San Benito County,60,112,9011
6,1,49,49,UT,Utah County,60,148,7919
6,1,41,29,OR,Jackson County,59,89,6201
6,1,13,67,GA,Cobb County,58,98,8697
6,1,16,27,ID,Canyon County,55,127,9938
6,1,39,49,OH,Franklin County,54,78,6488
6,1,12,31,FL,Duval County,52,90,11867
6,1,24,510,MD,Baltimore city,52,68,5162
6,1,53,35,WA,Kitsap County,52,87,6847
6,1,6,5,CA,Amador County,51,87,7095
6,1,35,1,NM,Bernalillo County,51,73,4785
6,1,26,125,MI,Oakland County,50,87,7553
6,1,48,339,TX,Montgomery County,50,116,9354
6,1,6,33,CA,Lake County,48,71,4323
6,1,26,163,MI,Wayne County,48,92,8077
6,1,36,59,NY,Nassau County,48,71,5923
6,1,39,35,OH,Cuyahoga County,48,61,5241
6,1,12,103,FL,Pinellas County,47,68,8296
6,1,32,5,NV,Douglas County,47,82,18196
6,1,53,73,WA,Whatcom County,47,70,7830
6,1,4,25,AZ,Yavapai County,46,72,8162
6,1,55,25,WI,Dane County,46,73,6189
6,1,34,23,NJ,Middlesex County,45,81,5485
6,1,4,21,AZ,Pinal County,44,75,5029
6,1,6,115,CA,Yuba County,44,83,3210
6,1,29,189,MO,St. Louis County,43,74,5138
6,1,53,63,WA,Spokane County,43,89,7176
6,1,9,170,CT,South Central Connecticut Plannin,42,65,3363
6,1,15,9,HI,Maui County,42,69,10653
6,1,37,21,NC,Buncombe County,42,63,5742
6,1,44,7,RI,Providence County,42,59,4373
6,1,53,67,WA,Thurston County,42,70,3929
6,1,13,117,GA,Forsyth County,41,117,9043
6,1,15,1,HI,Hawaii County,40,71,6532
6,1,27,123,MN,Ramsey County,40,78,4873
6,1,8,69,CO,Larimer County,39,65,6515
6,1,34,21,NJ,Mercer County,39,62,6717
6,1,51,13,VA,Arlington County,39,59,6227
6,1,57,5,FR,Foreign - APO/FPO ZIPs,39,70,2134
6,1,17,43,IL,DuPage County,38,68,6638
6,1,41,47,OR,Marion County,38,64,3665
6,1,17,97,IL,Lake County,37,78,7038
6,1,55,79,WI,Milwaukee County,36,58,4282
6,1,24,33,MD,Prince George's County,35,49,3468
6,1,47,187,TN,Williamson County,35,85,10105
6,1,18,57,IN,Hamilton County,34,68,3467
6,1,48,141,TX,El Paso County,34,55,1879
6,1,35,49,NM,Santa Fe County,33,46,5271
6,1,39,61,OH,Hamilton County,33,58,4386
6,1,48,209,TX,Hays County,33,79,12540
6,1,8,1,CO,Adams County,32,46,4026
6,1,22,71,LA,Orleans Parish,32,47,5268
6,1,25,21,MA,Norfolk County,32,47,3370
6,1,36,55,NY,Monroe County,32,53,5559
6,1,12,101,FL,Pasco County,31,69,4493
6,1,29,95,MO,Jackson County,30,54,2909
6,1,32,19,NV,Lyon County,30,51,2486
6,1,16,55,ID,Kootenai County,29,53,6800
6,1,18,97,IN,Marion County,29,51,1447
6,1,34,13,NJ,Essex County,29,67,7088
6,1,47,65,TN,Hamilton County,29,57,5431
6,1,47,93,TN,Knox County,29,54,3492
6,1,51,107,VA,Loudoun County,29,77,7170
6,1,6,101,CA,Sutter County,28,52,1432
6,1,12,71,FL,Lee County,28,40,3560
6,1,23,5,ME,Cumberland County,28,48,5208
6,1,2,20,AK,Anchorage Municipality,27,47,2109
6,1,9,190,CT,Western Connecticut Planning Regi,27,48,4482
6,1,12,21,FL,Collier County,27,50,3931
6,1,12,105,FL,Polk County,27,46,1900
6,1,26,81,MI,Kent County,27,53,4352
6,1,34,3,NJ,Bergen County,27,48,4434
6,1,36,103,NY,Suffolk County,27,33,2252
6,1,36,109,NY,Tompkins County,27,44,1779
6,1,37,135,NC,Orange County,27,48,7177
6,1,41,3,OR,Benton County,27,46,3266
6,1,42,91,PA,Montgomery County,27,49,5814
6,1,48,27,TX,Bell County,27,46,2479
6,1,6,31,CA,Kings County,26,37,1104
6,1,6,93,CA,Siskiyou County,26,36,3323
6,1,41,19,OR,Douglas County,26,36,2315
6,1,10,3,DE,New Castle County,25,43,3206
6,1,20,91,KS,Johnson County,25,55,2576
6,1,36,29,NY,Erie County,25,44,2154
6,1,40,143,OK,Tulsa County,25,40,1627
6,1,6,103,CA,Tehama County,24,33,1486
6,1,29,510,MO,St. Louis city,24,32,2175
6,1,42,29,PA,Chester County,24,47,4983
6,1,51,810,VA,Virginia Beach city,24,35,1908
6,1,25,9,MA,Essex County,23,46,9509
6,1,40,109,OK,Oklahoma County,23,43,2222
6,1,50,7,VT,Chittenden County,23,41,3647
6,1,5,7,AR,Benton County,22,37,2474
6,1,8,123,CO,Weld County,22,35,3262
6,1,9,110,CT,Capitol Planning Region,22,38,3052
6,1,12,9,FL,Brevard County,22,48,3355
6,1,12,81,FL,Manatee County,22,38,3179
6,1,21,111,KY,Jefferson County,22,42,3708
6,1,25,15,MA,Hampshire County,22,37,3066
6,1,31,55,NE,Douglas County,22,39,1268
6,1,32,510,NV,Carson City,22,35,2128
6,1,42,45,PA,Delaware County,22,37,5531
6,1,53,9,WA,Clallam County,22,35,4594
6,1,36,1,NY,Albany County,21,29,1598
6,1,47,157,TN,Shelby County,21,24,2152
6,1,13,63,GA,Clayton County,20,31,1177
6,1,25,27,MA,Worcester County,20,37,2840
6,1,37,133,NC,Onslow County,20,44,1205
6,1,37,179,NC,Union County,20,55,4584
6,1,45,19,SC,Charleston County,20,36,2576
6,1,47,149,TN,Rutherford County,20,29,2383
6,1,58,0,SS,Other flows - Same State,94,159,10007
6,1,59,0,DS,Other flows - Different State,3712,6504,456861
6,1,59,1,DS,Other flows - Northeast,593,969,72372
6,1,59,3,DS,Other flows - Midwest,766,1366,86395
6,1,59,5,DS,Other flows - South,1658,3035,202887
6,1,59,7,DS,Other flows - West,695,1134,95207
6,1,57,9,FR,Foreign - Other flows,-1,-1,-1
6,3,96,0,CA,Alpine County Total Migration-US and Foreign,58,89,7187
6,3,97,0,CA,Alpine County Total Migration-US,58,89,7187
6,3,97,1,CA,Alpine County Total Migration-Same State,27,41,4242
6,3,97,3,CA,Alpine County Total Migration-Different State,31,48,2945
6,3,6,3,CA,Alpine County Non-migrants,350,630,30307
6,3,58,0,SS,Other flows - Same State,27,41,4242
6,3,59,0,DS,Other flows - Different State,31,48,2945
6,3,59,1,DS,Other flows - Northeast,-1,-1,-1
6,3,59,3,DS,Other flows - Midwest,-1,-1,-1
6,3,59,5,DS,Other flows - South,-1,-1,-1
6,3,59,7,DS,Other flows - West,31,48,2945
6,5,96,0,CA,Amador County Total Migration-US and Foreign,1159,1942,70112
6,5,97,0,CA,Amador County Total Migration-US,1159,1942,70112
6,5,97,1,CA,Amador County Total Migration-Same State,781,1234,45549
6,5,97,3,CA,Amador County Total Migration-Different State,378,708,24562
6,5,6,5,CA,Amador County Non-migrants,14897,28200,1249814
6,5,6,67,CA,Sacramento County,166,276,9753
6,5,6,77,CA,San Joaquin County,77,134,3891
6,5,6,9,CA,Calaveras County,62,113,3868
6,5,6,17,CA,El Dorado County,60,117,4011
6,5,6,61,CA,Placer County,40,70,3293
6,5,6,37,CA,Los Angeles County,30,34,516
6,5,6,1,CA,Alameda County,29,38,1559
6,5,6,73,CA,San Diego County,24,29,703
6,5,6,99,CA,Stanislaus County,24,42,1565
6,5,6,13,CA,Contra Costa County,22,27,2319
6,5,58,0,SS,Other flows - Same State,247,354,14070
6,5,59,0,DS,Other flows - Different State,378,708,24562
6,5,59,1,DS,Other flows - Northeast,-1,-1,-1
6,5,59,3,DS,Other flows - Midwest,44,98,2925
6,5,59,5,DS,Other flows - South,136,286,10530
6,5,59,7,DS,Other flows - West,198,324,11107
6,7,96,0,CA,Butte County Total Migration-US and Foreign,4984,8011,300533
6,7,97,0,CA,Butte County Total Migration-US,4984,8011,300533
6,7,97,1,CA,Butte County Total Migration-Same State,2934,4443,153312
6,7,97,3,CA,Butte County Total Migration-Different State,2050,3568,147220
6,7,6,7,CA,Butte County Non-migrants,72375,141109,5809857
6,7,6,67,CA,Sacramento County,345,511,17818
6,7,6,103,CA,Tehama County,210,368,10717
6,7,6,101,CA,Sutter County,183,319,9150
6,7,6,89,CA,Shasta County,175,274,8454
6,7,6,21,CA,Glenn County,161,284,7701
6,7,6,61,CA,Placer County,141,229,9074
6,7,6,37,CA,Los Angeles County,136,193,9156
6,7,6,73,CA,San Diego County,126,168,6876
6,7,6,115,CA,Yuba County,107,172,4445
6,7,32,31,NV,Washoe County,81,128,5774
6,7,6,1,CA,Alameda County,79,108,3437
6,7,6,13,CA,Contra Costa County,77,125,3905
6,7,6,85,CA,Santa Clara County,73,90,4769
6,7,6,23,CA,Humboldt County,69,95,3356
6,7,6,65,CA,Riverside County,67,99,3933
6,7,6,113,CA,Yolo County,66,103,3860
6,7,6,97,CA,Sonoma County,63,82,4202
6,7,6,95,CA,Solano County,55,76,2502
6,7,6,59,CA,Orange County,52,78,3279
6,7,4,13,AZ,Maricopa County,49,81,3535
6,7,16,1,ID,Ada County,49,86,2904
6,7,6,57,CA,Nevada County,48,75,2274
6,7,6,77,CA,San Joaquin County,45,62,1921
6,7,53,33,WA,King County,45,55,3066
6,7,32,3,NV,Clark County,44,68,2144
6,7,41,51,OR,Multnomah County,42,64,1717
6,7,6,99,CA,Stanislaus County,38,47,1977
6,7,6,53,CA,Monterey County,37,60,2301
6,7,6,75,CA,San Francisco County,37,46,2805
6,7,6,17,CA,El Dorado County,36,52,2159
6,7,6,45,CA,Mendocino County,35,58,1701
6,7,6,63,CA,Plumas County,34,59,1678
6,7,6,79,CA,San Luis Obispo County,34,40,1573
6,7,6,71,CA,San Bernardino County,31,40,1013
6,7,6,81,CA,San Mateo County,31,33,1532
6,7,6,83,CA,Santa Barbara County,26,32,933
6,7,6,87,CA,Santa Cruz County,26,34,1323
6,7,6,111,CA,Ventura County,25,32,1204
6,7,6,19,CA,Fresno County,24,37,1287
6,7,6,35,CA,Lassen County,24,41,878
6,7,41,67,OR,Washington County,24,31,1355
6,7,6,11,CA,Colusa County,23,31,968
6,7,16,27,ID,Canyon County,23,49,1919
6,7,41,29,OR,Jackson County,23,32,1145
6,7,6,29,CA,Kern County,22,35,1145
6,7,6,93,CA,Siskiyou County,21,31,1690
6,7,58,0,SS,Other flows - Same State,152,224,6317
6,7,59,0,DS,Other flows - Different State,1670,2974,123662
6,7,59,1,DS,Other flows - Northeast,99,141,5435
6,7,59,3,DS,Other flows - Midwest,193,327,20604
6,7,59,5,DS,Other flows - South,682,1295,48446
6,7,59,7,DS,Other flows - West,696,1211,49177
6,7,57,9,FR,Foreign - Other flows,-1,-1,-1
6,9,96,0,CA,Calaveras County Total Migration-US and Foreign,1440,2518,122907
6,9,97,0,CA,Calaveras County Total Migration-US,1440,2518,122907
6,9,97,1,CA,Calaveras County Total Migration-Same State,905,1519,82520
6,9,97,3,CA,Calaveras County Total Migration-Different State,535,999,40387
6,9,6,9,CA,Calaveras County Non-migrants,17020,33044,1477690
6,9,6,77,CA,San Joaquin County,133,237,8161
6,9,6,109,CA,Tuolumne County,101,161,4957
6,9,6,5,CA,Amador County,99,174,5688
6,9,6,67,CA,Sacramento County,74,123,5404
6,9,6,99,CA,Stanislaus County,67,107,3941
6,9,6,13,CA,Contra Costa County,47,74,4595
6,9,6,1,CA,Alameda County,37,65,3113
6,9,6,85,CA,Santa Clara County,33,66,4044
6,9,6,61,CA,Placer County,26,51,2756
6,9,4,13,AZ,Maricopa County,21,31,990
6,9,6,81,CA,San Mateo County,20,28,2015
6,9,58,0,SS,Other flows - Same State,268,438,28916
6,9,59,0,DS,Other flows - Different State,514,968,39397
6,9,59,1,DS,Other flows - Northeast,-1,-1,-1
6,9,59,3,DS,Other flows - Midwest,70,142,4359
6,9,59,5,DS,Other flows - South,204,410,16379
6,9,59,7,DS,Other flows - West,240,416,18659
6,9,57,9,FR,Foreign - Other flows,-1,-1,-1
6,11,96,0,CA,Colusa County Total Migration-US and Foreign,424,775,24878
6,11,97,0,CA,Colusa County Total Migration-US,424,775,24878
6,11,97,1,CA,Colusa County Total Migration-Same State,327,603,17349
6,11,97,3,CA,Colusa County Total Migration-Different State,97,172,7529
6,11,6,11,CA,Colusa County Non-migrants,8541,18856,632531
6,11,6,67,CA,Sacramento County,44,79,2167
6,11,6,101,CA,Sutter County,42,81,2225
6,11,6,113,CA,Yolo County,42,76,2156
6,11,6,7,CA,Butte County,37,59,1789
6,11,6,21,CA,Glenn County,37,71,1520
6,11,6,95,CA,Solano County,21,47,997
6,11,58,0,SS,Other flows - Same State,104,190,6494
6,11,59,0,DS,Other flows - Different State,97,172,7529
6,11,59,1,DS,Other flows - Northeast,-1,-1,-1
6,11,59,3,DS,Other flows - Midwest,-1,-1,-1
6,11,59,5,DS,Other flows - South,46,84,1858
6,11,59,7,DS,Other flows - West,51,88,5671
6,13,96,0,CA,Contra Costa County Total Migration-US and Foreign,32075,55687,4936224
6,13,97,0,CA,Contra Costa County Total Migration-US,32035,55614,4933552
6,13,97,1,CA,Contra Costa County Total Migration-Same State,20493,34156,2732232
6,13,97,3,CA,Contra Costa County Total Migration-Different State,11542,21458,2201321
6,13,98,0,CA,Contra Costa County Total Migration-Foreign,40,73,2672
6,13,6,13,CA,Contra Costa County Non-migrants,450543,922646,72367457
6,13,6,1,CA,Alameda County,5170,8156,729288
6,13,6,95,CA,Solano County,2219,4085,197599
6,13,6,75,CA,San Francisco County,1580,2216,194985
6,13,6,67,CA,Sacramento County,1356,2278,114624
6,13,6,85,CA,Santa Clara County,1104,1685,159565
6,13,6,77,CA,San Joaquin County,1091,2155,88741
6,13,6,37,CA,Los Angeles County,1079,1497,153919
6,13,6,81,CA,San Mateo County,829,1303,101267
6,13,6,73,CA,San Diego County,715,1161,118784
6,13,6,61,CA,Placer County,566,1157,91932
6,13,32,3,NV,Clark County,505,941,86432
6,13,6,59,CA,Orange County,492,855,79846
6,13,4,13,AZ,Maricopa County,490,937,76102
6,13,6,97,CA,Sonoma County,408,658,52153
6,13,32,31,NV,Washoe County,355,557,66986
6,13,48,201,TX,Harris County,338,692,65738
6,13,6,41,CA,Marin County,336,542,82479
6,13,53,33,WA,King County,329,511,152094
6,13,6,99,CA,Stanislaus County,273,532,16910
6,13,6,17,CA,El Dorado County,269,555,45559
6,13,6,65,CA,Riverside County,252,470,33967
6,13,36,61,NY,New York County,229,264,31455
6,13,6,55,CA,Napa County,226,394,32423
6,13,6,113,CA,Yolo County,225,379,22469
6,13,16,1,ID,Ada County,213,511,44129
6,13,48,453,TX,Travis County,205,336,78775
6,13,6,57,CA,Nevada County,199,361,54187
6,13,6,19,CA,Fresno County,179,317,10531
6,13,41,51,OR,Multnomah County,173,241,20496
6,13,6,7,CA,Butte County,166,292,13277
6,13,6,71,CA,San Bernardino County,149,259,11640
6,13,6,53,CA,Monterey County,142,237,20447
6,13,17,31,IL,Cook County,139,201,25777
6,13,6,87,CA,Santa Cruz County,132,199,15867
6,13,48,113,TX,Dallas County,131,216,13108
6,13,48,85,TX,Collin County,124,293,24578
6,13,6,79,CA,San Luis Obispo County,123,207,19158
6,13,48,121,TX,Denton County,121,282,24236
6,13,15,3,HI,Honolulu County,119,209,15976
6,13,48,439,TX,Tarrant County,119,243,19791
6,13,6,9,CA,Calaveras County,115,215,15374
6,13,48,339,TX,Montgomery County,109,264,22943
6,13,6,89,CA,Shasta County,105,215,10377
6,13,48,157,TX,Fort Bend County,105,298,29024
6,13,48,491,TX,Williamson County,105,244,20226
6,13,6,47,CA,Merced County,99,228,6837
6,13,12,86,FL,Miami-Dade County,98,189,26575
6,13,8,31,CO,Denver County,96,117,15346
6,13,6,29,CA,Kern County,91,171,8940
6,13,16,27,ID,Canyon County,88,189,10738
6,13,6,111,CA,Ventura County,87,154,16206
6,13,49,35,UT,Salt Lake County,87,165,15419
6,13,53,11,WA,Clark County,87,165,15891
6,13,53,53,WA,Pierce County,87,159,10716
6,13,6,83,CA,Santa Barbara County,84,139,13412
6,13,41,67,OR,Washington County,84,134,19539
6,13,4,19,AZ,Pima County,81,135,13725
6,13,36,47,NY,Kings County,79,92,12795
6,13,48,29,TX,Bexar County,72,128,8796
6,13,41,39,OR,Lane County,71,108,8452
6,13,13,121,GA,Fulton County,66,120,8892
6,13,37,183,NC,Wake County,66,136,10061
6,13,12,99,FL,Palm Beach County,64,144,28654
6,13,6,5,CA,Amador County,63,114,7881
6,13,41,17,OR,Deschutes County,63,113,13221
6,13,41,29,OR,Jackson County,63,97,6656
6,13,47,37,TN,Davidson County,62,93,6101
6,13,6,33,CA,Lake County,61,103,4784
6,13,12,95,FL,Orange County,61,110,7666
6,13,11,1,DC,District of Columbia,60,77,5829
6,13,25,17,MA,Middlesex County,60,107,12511
6,13,49,49,UT,Utah County,60,156,8576
6,13,6,115,CA,Yuba County,59,114,4583
6,13,12,11,FL,Broward County,59,104,7913
6,13,6,109,CA,Tuolumne County,58,108,7959
6,13,47,187,TN,Williamson County,56,184,19833
6,13,8,35,CO,Douglas County,55,127,15086
6,13,8,41,CO,El Paso County,54,108,8288
6,13,16,55,ID,Kootenai County,54,109,10630
6,13,6,23,CA,Humboldt County,53,74,3350
6,13,37,119,NC,Mecklenburg County,51,94,6458
6,13,41,5,OR,Clackamas County,50,83,8189
6,13,36,81,NY,Queens County,49,56,5567
6,13,53,61,WA,Snohomish County,49,90,6845
6,13,4,21,AZ,Pinal County,47,93,5272
6,13,6,39,CA,Madera County,47,86,3271
6,13,4,25,AZ,Yavapai County,46,85,8861
6,13,27,53,MN,Hennepin County,45,74,8179
6,13,35,1,NM,Bernalillo County,45,65,4591
6,13,8,13,CO,Boulder County,43,64,5878
6,13,12,57,FL,Hillsborough County,42,68,4144
6,13,6,107,CA,Tulare County,41,79,3190
6,13,24,31,MD,Montgomery County,41,82,7017
6,13,51,59,VA,Fairfax County,41,86,14658
6,13,53,35,WA,Kitsap County,41,60,9595
6,13,57,5,FR,Foreign - APO/FPO ZIPs,40,73,2672
6,13,53,63,WA,Spokane County,39,78,3274
6,13,6,101,CA,Sutter County,38,59,3559
6,13,8,5,CO,Arapahoe County,38,79,7548
6,13,8,59,CO,Jefferson County,38,60,9228
6,13,15,9,HI,Maui County,38,67,6437
6,13,6,45,CA,Mendocino County,37,59,2514
6,13,6,103,CA,Tehama County,37,58,2437
6,13,8,69,CO,Larimer County,37,78,5994
6,13,15,1,HI,Hawaii County,37,60,7071
6,13,32,5,NV,Douglas County,35,65,16842
6,13,32,19,NV,Lyon County,35,60,3557
6,13,13,135,GA,Gwinnett County,34,73,4041
6,13,20,91,KS,Johnson County,34,83,4785
6,13,25,25,MA,Suffolk County,34,46,4072
6,13,41,47,OR,Marion County,33,47,2063
6,13,13,67,GA,Cobb County,32,61,3707
6,13,42,101,PA,Philadelphia County,32,44,3502
6,13,48,141,TX,El Paso County,32,59,1903
6,13,18,57,IN,Hamilton County,30,83,3538
6,13,42,3,PA,Allegheny County,30,55,3909
6,13,47,93,TN,Knox County,30,65,4265
6,13,12,103,FL,Pinellas County,29,52,3213
6,13,26,125,MI,Oakland County,29,53,4379
6,13,39,49,OH,Franklin County,29,53,8850
6,13,53,67,WA,Thurston County,28,51,4613
6,13,53,73,WA,Whatcom County,28,52,7652
6,13,30,31,MT,Gallatin County,27,56,3666
6,13,12,71,FL,Lee County,26,41,3861
6,13,34,17,NJ,Hudson County,26,35,2914
6,13,47,125,TN,Montgomery County,25,52,1499
6,13,8,1,CO,Adams County,24,32,1724
6,13,40,109,OK,Oklahoma County,24,45,2748
6,13,40,143,OK,Tulsa County,24,46,2378
6,13,48,209,TX,Hays County,24,51,3801
6,13,5,7,AR,Benton County,23,54,6253
6,13,12,31,FL,Duval County,23,39,3896
6,13,32,510,NV,Carson City,23,35,2914
6,13,39,35,OH,Cuyahoga County,23,30,1755
6,13,47,149,TN,Rutherford County,23,50,3559
6,13,6,93,CA,Siskiyou County,22,36,1789
6,13,9,190,CT,Western Connecticut Planning Regi,22,49,14283
6,13,12,115,FL,Sarasota County,22,43,2596
6,13,48,367,TX,Parker County,22,58,2956
6,13,51,107,VA,Loudoun County,22,35,2442
6,13,13,89,GA,DeKalb County,21,28,1243
6,13,26,163,MI,Wayne County,21,47,1734
6,13,12,81,FL,Manatee County,20,48,3101
6,13,18,97,IN,Marion County,20,40,2037
6,13,22,71,LA,Orleans Parish,20,26,2174
6,13,36,103,NY,Suffolk County,20,30,2191
6,13,39,61,OH,Hamilton County,20,37,1792
6,13,42,91,PA,Montgomery County,20,39,3412
6,13,45,19,SC,Charleston County,20,33,2990
6,13,47,165,TN,Sumner County,20,42,2230
6,13,51,13,VA,Arlington County,20,34,2497
6,13,58,0,SS,Other flows - Same State,116,196,10156
6,13,59,0,DS,Other flows - Different State,3824,7294,672845
6,13,59,1,DS,Other flows - Northeast,552,1000,121682
6,13,59,3,DS,Other flows - Midwest,729,1349,93231
6,13,59,5,DS,Other flows - South,1759,3489,335444
6,13,59,7,DS,Other flows - West,784,1456,122489
6,13,57,9,FR,Foreign - Other flows,-1,-1,-1
6,15,96,0,CA,Del Norte County Total Migration-US and Foreign,652,1150,30830
6,15,97,0,CA,Del Norte County Total Migration-US,652,1150,30830
6,15,97,1,CA,Del Norte County Total Migration-Same State,314,528,13687
6,15,97,3,CA,Del Norte County Total Migration-Different State,338,622,17143
6,15,6,15,CA,Del Norte County Non-migrants,8487,17209,519466
6,15,41,15,OR,Curry County,49,84,2667
6,15,6,23,CA,Humboldt County,44,74,1943
6,15,6,67,CA,Sacramento County,28,44,1399
6,15,41,29,OR,Jackson County,27,48,1549
6,15,6,37,CA,Los Angeles County,26,36,635
6,15,58,0,SS,Other flows - Same State,216,374,9711
6,15,59,0,DS,Other flows - Different State,262,490,12928
6,15,59,1,DS,Other flows - Northeast,-1,-1,-1
6,15,59,3,DS,Other flows - Midwest,30,68,1332
6,15,59,5,DS,Other flows - South,70,126,3636
6,15,59,7,DS,Other flows - West,162,296,7959
6,15,57,9,FR,Foreign - Other flows,-1,-1,-1
6,17,96,0,CA,El Dorado County Total Migration-US and Foreign,6637,11076,687613
6,17,97,0,CA,El Dorado County Total Migration-US,6637,11076,687613
6,17,97,1,CA,El Dorado County Total Migration-Same State,3573,5580,361403
6,17,97,3,CA,El Dorado County Total Migration-Different State,3064,5496,326210
6,17,6,17,CA,El Dorado County Non-migrants,74318,150528,9749830
6,17,6,67,CA,Sacramento County,1354,2173,114448
6,17,6,61,CA,Placer County,414,697,38472
6,17,32,5,NV,Douglas County,221,367,26995
6,17,32,31,NV,Washoe County,196,298,20688
6,17,6,73,CA,San Diego County,145,212,14904
6,17,32,510,NV,Carson City,123,218,8304
6,17,6,37,CA,Los Angeles County,120,158,8667
6,17,6,5,CA,Amador County,116,205,9937
6,17,6,85,CA,Santa Clara County,113,175,14638
6,17,6,1,CA,Alameda County,101,145,9712
6,17,6,75,CA,San Francisco County,89,113,14449
6,17,6,57,CA,Nevada County,88,149,7214
6,17,4,13,AZ,Maricopa County,87,150,7539
6,17,6,13,CA,Contra Costa County,87,137,7730
6,17,6,59,CA,Orange County,73,102,6611
6,17,6,113,CA,Yolo County,63,93,6468
6,17,32,3,NV,Clark County,62,105,4661
6,17,6,97,CA,Sonoma County,61,101,7041
6,17,6,81,CA,San Mateo County,54,77,6373
6,17,6,77,CA,San Joaquin County,52,86,4035
6,17,6,65,CA,Riverside County,51,83,4820
6,17,16,1,ID,Ada County,49,106,6736
6,17,6,7,CA,Butte County,47,66,3029
6,17,53,33,WA,King County,42,72,5920
6,17,6,95,CA,Solano County,41,61,3339
6,17,32,19,NV,Lyon County,40,65,3128
6,17,6,79,CA,San Luis Obispo County,39,53,4004
6,17,6,87,CA,Santa Cruz County,38,52,4126
6,17,49,35,UT,Salt Lake County,35,42,1183
6,17,41,51,OR,Multnomah County,34,43,1182
6,17,6,71,CA,San Bernardino County,33,50,1848
6,17,6,23,CA,Humboldt County,28,38,1910
6,17,48,453,TX,Travis County,27,36,2735
6,17,16,27,ID,Canyon County,25,66,2345
6,17,48,491,TX,Williamson County,25,55,3020
6,17,6,115,CA,Yuba County,24,43,1308
6,17,6,99,CA,Stanislaus County,23,35,2057
6,17,6,111,CA,Ventura County,23,32,2379
6,17,4,25,AZ,Yavapai County,22,39,2184
6,17,6,53,CA,Monterey County,22,36,2096
6,17,6,3,CA,Alpine County,21,33,1957
6,17,6,19,CA,Fresno County,21,35,1285
6,17,41,29,OR,Jackson County,21,30,1371
6,17,49,49,UT,Utah County,21,50,3703
6,17,6,83,CA,Santa Barbara County,20,26,1286
6,17,6,89,CA,Shasta County,20,28,1315
6,17,36,61,NY,New York County,20,20,2994
6,17,58,0,SS,Other flows - Same State,192,286,53945
6,17,59,0,DS,Other flows - Different State,2014,3734,221522
6,17,59,1,DS,Other flows - Northeast,152,238,11533
6,17,59,3,DS,Other flows - Midwest,240,478,21440
6,17,59,5,DS,Other flows - South,879,1783,121773
6,17,59,7,DS,Other flows - West,743,1235,66776
6,17,57,9,FR,Foreign - Other flows,-1,-1,-1
6,19,96,0,CA,Fresno County Total Migration-US and Foreign,14302,25787,1031586
6,19,97,0,CA,Fresno County Total Migration-US,14271,25727,1030070
6,19,97,1,CA,Fresno County Total Migration-Same State,8793,15398,585664
6,19,97,3,CA,Fresno County Total Migration-Different State,5478,10329,444406
6,19,98,0,CA,Fresno County Total Migration-Foreign,31,60,1516
6,19,6,19,CA,Fresno County Non-migrants,359818,773651,25709712
6,19,6,39,CA,Madera County,1523,3119,111257
6,19,6,107,CA,Tulare County,1138,2107,58379
6,19,6,37,CA,Los Angeles County,715,1080,36341
6,19,6,31,CA,Kings County,618,1198,27370
6,19,6,67,CA,Sacramento County,455,701,27112
6,19,6,73,CA,San Diego County,419,673,37754
6,19,6,85,CA,Santa Clara County,333,496,21738
6,19,6,29,CA,Kern County,305,530,15388
6,19,6,79,CA,San Luis Obispo County,300,499,31879
6,19,32,3,NV,Clark County,275,477,12520
6,19,6,47,CA,Merced County,270,500,11644
6,19,6,59,CA,Orange County,255,409,19799
6,19,6,65,CA,Riverside County,227,391,11476
6,19,6,1,CA,Alameda County,214,319,12459
6,19,4,13,AZ,Maricopa County,209,356,22307
6,19,6,77,CA,San Joaquin County,204,350,11530
6,19,6,99,CA,Stanislaus County,183,311,7899
6,19,6,53,CA,Monterey County,182,307,14924
6,19,6,71,CA,San Bernardino County,169,272,8812
6,19,6,13,CA,Contra Costa County,131,236,10199
6,19,6,75,CA,San Francisco County,115,149,8488
6,19,6,83,CA,Santa Barbara County,110,195,8029
6,19,53,33,WA,King County,110,179,13807
6,19,6,111,CA,Ventura County,93,157,7019
6,19,6,95,CA,Solano County,91,129,5101
6,19,32,31,NV,Washoe County,89,163,9243
6,19,6,61,CA,Placer County,83,147,7098
6,19,48,29,TX,Bexar County,69,131,5425
6,19,53,53,WA,Pierce County,68,136,3576
6,19,6,81,CA,San Mateo County,66,106,5947
6,19,48,113,TX,Dallas County,63,104,3411
6,19,48,201,TX,Harris County,63,111,3768
6,19,48,439,TX,Tarrant County,63,123,4048
6,19,6,97,CA,Sonoma County,56,98,3678
6,19,16,1,ID,Ada County,55,104,5582
6,19,41,51,OR,Multnomah County,54,75,2765
6,19,6,87,CA,Santa Cruz County,46,84,3582
6,19,6,113,CA,Yolo County,44,76,3466
6,19,48,85,TX,Collin County,42,85,5508
6,19,49,35,UT,Salt Lake County,42,62,1645
6,19,48,453,TX,Travis County,41,59,3448
6,19,6,7,CA,Butte County,39,62,1441
6,19,40,143,OK,Tulsa County,39,83,1631
6,19,41,67,OR,Washington County,39,66,2182
6,19,15,3,HI,Honolulu County,38,61,2505
6,19,17,31,IL,Cook County,37,50,2573
6,19,48,121,TX,Denton County,37,72,4014
6,19,53,11,WA,Clark County,35,78,2350
6,19,4,27,AZ,Yuma County,34,70,1455
6,19,6,25,CA,Imperial County,34,69,944
6,19,36,81,NY,Queens County,33,36,1562
6,19,4,19,AZ,Pima County,32,51,3133
6,19,4,25,AZ,Yavapai County,32,56,4434
6,19,6,23,CA,Humboldt County,32,49,975
6,19,6,89,CA,Shasta County,32,48,1187
6,19,8,41,CO,El Paso County,32,60,2036
6,19,41,39,OR,Lane County,32,53,2068
6,19,57,5,FR,Foreign - APO/FPO ZIPs,31,60,1516
6,19,6,17,CA,El Dorado County,30,62,3196
6,19,6,43,CA,Mariposa County,30,43,1384
6,19,8,31,CO,Denver County,30,37,1871
6,19,27,53,MN,Hennepin County,30,50,2963
6,19,16,55,ID,Kootenai County,28,63,2509
6,19,53,61,WA,Snohomish County,28,55,2390
6,19,6,41,CA,Marin County,27,49,2239
6,19,27,123,MN,Ramsey County,27,60,697
6,19,4,21,AZ,Pinal County,26,49,1150
6,19,16,27,ID,Canyon County,26,50,2074
6,19,48,141,TX,El Paso County,25,63,864
6,19,48,339,TX,Montgomery County,25,51,1596
6,19,4,15,AZ,Mohave County,24,37,1892
6,19,6,101,CA,Sutter County,24,38,834
6,19,47,93,TN,Knox County,24,58,2425
6,19,49,49,UT,Utah County,24,53,2738
6,19,6,69,CA,San Benito County,23,32,1098
6,19,41,29,OR,Jackson County,23,45,1037
6,19,53,63,WA,Spokane County,23,39,1364
6,19,48,491,TX,Williamson County,22,31,1758
6,19,2,20,AK,Anchorage Municipality,20,38,764
6,19,6,57,CA,Nevada County,20,32,2633
6,19,18,97,IN,Marion County,20,34,913
6,19,35,1,NM,Bernalillo County,20,37,1108
6,19,48,27,TX,Bell County,20,36,1068
6,19,58,0,SS,Other flows - Same State,157,281,9202
6,19,59,0,DS,Other flows - Different State,3350,6553,253816
6,19,59,1,DS,Other flows - Northeast,265,414,21124
6,19,59,3,DS,Other flows - Midwest,721,1417,43323
6,19,59,5,DS,Other flows - South,1639,3396,133577
6,19,59,7,DS,Other flows - West,725,1326,55793
6,19,57,9,FR,Foreign - Other flows,-1,-1,-1
6,21,96,0,CA,Glenn County Total Migration-US and Foreign,725,1346,39425
6,21,97,0,CA,Glenn County Total Migration-US,725,1346,39425
6,21,97,1,CA,Glenn County Total Migration-Same State,567,1045,29632
6,21,97,3,CA,Glenn County Total Migration-Different State,158,301,9793
6,21,6,21,CA,Glenn County Non-migrants,10495,22838,684105
6,21,6,7,CA,Butte County,228,390,11502
6,21,6,103,CA,Tehama County,112,243,5122
6,21,6,67,CA,Sacramento County,34,58,2315
6,21,6,89,CA,Shasta County,27,55,1620
6,21,6,11,CA,Colusa County,20,36,1095
6,21,58,0,SS,Other flows - Same State,146,263,7978
6,21,59,0,DS,Other flows - Different State,158,301,9793
6,21,59,1,DS,Other flows - Northeast,-1,-1,-1
6,21,59,3,DS,Other flows - Midwest,-1,-1,-1
6,21,59,5,DS,Other flows - South,71,144,3609
6,21,59,7,DS,Other flows - West,87,157,6184
6,21,57,9,FR,Foreign - Other flows,-1,-1,-1
6,23,96,0,CA,Humboldt County Total Migration-US and Foreign,3082,4663,187742
6,23,97,0,CA,Humboldt County Total Migration-US,3082,4663,187742
6,23,97,1,CA,Humboldt County Total Migration-Same State,1550,2234,94809
6,23,97,3,CA,Humboldt County Total Migration-Different State,1532,2429,92933
6,23,6,23,CA,Humboldt County Non-migrants,48467,88946,3516055
6,23,6,89,CA,Shasta County,146,260,7223
6,23,6,37,CA,Los Angeles County,131,160,7493
6,23,6,67,CA,Sacramento County,106,152,4553
6,23,6,73,CA,San Diego County,103,137,8518
6,23,6,97,CA,Sonoma County,89,108,4898
6,23,6,65,CA,Riverside County,64,93,2834
6,23,6,1,CA,Alameda County,54,77,4504
6,23,6,7,CA,Butte County,50,73,2671
6,23,6,59,CA,Orange County,50,54,2078
6,23,6,13,CA,Contra Costa County,44,55,2170
6,23,6,105,CA,Trinity County,44,92,2950
6,23,6,45,CA,Mendocino County,43,65,1750
6,23,41,51,OR,Multnomah County,43,52,1709
6,23,41,29,OR,Jackson County,42,60,2175
6,23,4,13,AZ,Maricopa County,41,55,2530
6,23,6,61,CA,Placer County,41,70,3007
6,23,6,85,CA,Santa Clara County,41,50,2608
6,23,6,15,CA,Del Norte County,34,56,1552
6,23,6,75,CA,San Francisco County,34,41,4344
6,23,32,3,NV,Clark County,34,50,3001
6,23,6,111,CA,Ventura County,31,41,2235
6,23,41,39,OR,Lane County,31,39,1159
6,23,6,17,CA,El Dorado County,30,49,1556
6,23,6,71,CA,San Bernardino County,30,43,949
6,23,53,33,WA,King County,30,38,1600
6,23,6,19,CA,Fresno County,28,34,793
6,23,41,33,OR,Josephine County,28,57,1447
6,23,41,17,OR,Deschutes County,26,41,2304
6,23,6,93,CA,Siskiyou County,25,44,1124
6,23,6,77,CA,San Joaquin County,24,34,1610
6,23,6,87,CA,Santa Cruz County,22,27,586
6,23,32,31,NV,Washoe County,21,32,1319
6,23,6,53,CA,Monterey County,20,28,1161
6,23,6,81,CA,San Mateo County,20,25,999
6,23,6,95,CA,Solano County,20,32,1162
6,23,58,0,SS,Other flows - Same State,226,337,10742
6,23,59,0,DS,Other flows - Different State,1236,2005,75688
6,23,59,1,DS,Other flows - Northeast,115,170,6757
6,23,59,3,DS,Other flows - Midwest,171,264,10633
6,23,59,5,DS,Other flows - South,410,696,25488
6,23,59,7,DS,Other flows - West,540,875,32810
6,23,57,9,FR,Foreign - Other flows,-1,-1,-1
6,25,96,0,CA,Imperial County Total Migration-US and Foreign,3207,5842,144207
6,25,97,0,CA,Imperial County Total Migration-US,3207,5842,144207
6,25,97,1,CA,Imperial County Total Migration-Same State,1882,3294,82527
6,25,97,3,CA,Imperial County Total Migration-Different State,1325,2548,61680
6,25,6,25,CA,Imperial County Non-migrants,71853,163539,3749041
6,25,6,73,CA,San Diego County,627,1087,36186
6,25,6,65,CA,Riverside County,446,846,16589
6,25,4,27,AZ,Yuma County,361,780,15607
6,25,6,37,CA,Los Angeles County,234,352,7487
6,25,4,13,AZ,Maricopa County,215,373,8086
6,25,6,71,CA,San Bernardino County,118,200,3988
6,25,6,29,CA,Kern County,64,121,1932
6,25,6,59,CA,Orange County,58,89,2699
6,25,32,3,NV,Clark County,45,82,1734
6,25,4,19,AZ,Pima County,32,51,1848
6,25,6,53,CA,Monterey County,31,58,794
6,25,6,19,CA,Fresno County,30,57,1129
6,25,6,67,CA,Sacramento County,29,35,1422
6,25,4,21,AZ,Pinal County,20,39,1162
6,25,58,0,SS,Other flows - Same State,245,449,10301
6,25,59,0,DS,Other flows - Different State,652,1223,33243
6,25,59,1,DS,Other flows - Northeast,30,50,1459
6,25,59,3,DS,Other flows - Midwest,91,155,3979
6,25,59,5,DS,Other flows - South,289,569,15919
6,25,59,7,DS,Other flows - West,242,449,11887
6,25,57,9,FR,Foreign - Other flows,-1,-1,-1
6,27,96,0,CA,Inyo County Total Migration-US and Foreign,558,915,37498
6,27,97,0,CA,Inyo County Total Migration-US,558,915,37498
6,27,97,1,CA,Inyo County Total Migration-Same State,273,431,19382
6,27,97,3,CA,Inyo County Total Migration-Different State,285,484,18116
6,27,6,27,CA,Inyo County Non-migrants,6860,13127,544696
6,27,6,37,CA,Los Angeles County,49,74,3585
6,27,6,51,CA,Mono County,39,68,3350
6,27,6,29,CA,Kern County,35,69,2102
6,27,32,31,NV,Washoe County,25,43,1076
6,27,6,73,CA,San Diego County,20,26,1502
6,27,58,0,SS,Other flows - Same State,130,194,8843
6,27,59,0,DS,Other flows - Different State,260,441,17040
6,27,59,1,DS,Other flows - Northeast,-1,-1,-1
6,27,59,3,DS,Other flows - Midwest,23,40,1116
6,27,59,5,DS,Other flows - South,72,137,4349
6,27,59,7,DS,Other flows - West,165,264,11575
6,27,57,9,FR,Foreign - Other flows,-1,-1,-1
6,29,96,0,CA,Kern County Total Migration-US and Foreign,14811,28326,993045
6,29,97,0,CA,Kern County Total Migration-US,14733,28166,988600
6,29,97,1,CA,Kern County Total Migration-Same State,7030,12119,412669
6,29,97,3,CA,Kern County Total Migration-Different State,7703,16047,575932
6,29,98,0,CA,Kern County Total Migration-Foreign,78,160,4445
6,29,6,29,CA,Kern County Non-migrants,307495,680071,20113848
6,29,6,37,CA,Los Angeles County,2068,3668,113566
6,29,6,73,CA,San Diego County,474,743,27053
6,29,6,107,CA,Tulare County,435,888,17824
6,29,6,71,CA,San Bernardino County,389,729,19923
6,29,32,3,NV,Clark County,383,762,23594
6,29,6,19,CA,Fresno County,379,672,24447
6,29,6,65,CA,Riverside County,360,618,17044
6,29,6,111,CA,Ventura County,344,600,25698
6,29,6,59,CA,Orange County,337,506,24845
6,29,6,79,CA,San Luis Obispo County,335,521,25048
6,29,4,13,AZ,Maricopa County,280,538,19095
6,29,6,67,CA,Sacramento County,207,310,10069
6,29,6,83,CA,Santa Barbara County,167,325,21974
6,29,48,201,TX,Harris County,146,336,12420
6,29,6,1,CA,Alameda County,135,211,9204
6,29,6,85,CA,Santa Clara County,132,201,10441
6,29,6,31,CA,Kings County,127,192,3142
6,29,6,77,CA,San Joaquin County,113,196,5543
6,29,48,29,TX,Bexar County,99,223,6412
6,29,6,53,CA,Monterey County,95,156,3829
6,29,4,15,AZ,Mohave County,91,174,4978
6,29,8,41,CO,El Paso County,88,169,5841
6,29,48,439,TX,Tarrant County,84,197,6476
6,29,53,33,WA,King County,82,133,6869
6,29,6,13,CA,Contra Costa County,79,143,6976
6,29,57,5,FR,Foreign - APO/FPO ZIPs,78,160,4445
6,29,32,31,NV,Washoe County,74,128,5220
6,29,48,85,TX,Collin County,66,166,7707
6,29,48,121,TX,Denton County,66,136,5456
6,29,6,75,CA,San Francisco County,64,78,5003
6,29,16,1,ID,Ada County,64,134,5089
6,29,6,99,CA,Stanislaus County,63,104,2297
6,29,6,47,CA,Merced County,62,115,2280
6,29,49,35,UT,Salt Lake County,61,114,3431
6,29,48,339,TX,Montgomery County,60,137,6522
6,29,4,19,AZ,Pima County,58,117,3828
6,29,48,329,TX,Midland County,58,140,6101
6,29,53,53,WA,Pierce County,58,123,3309
6,29,6,95,CA,Solano County,57,96,3120
6,29,6,81,CA,San Mateo County,50,85,3574
6,29,16,55,ID,Kootenai County,50,130,4025
6,29,41,51,OR,Multnomah County,50,71,2434
6,29,48,113,TX,Dallas County,50,97,2736
6,29,6,25,CA,Imperial County,49,85,1049
6,29,40,143,OK,Tulsa County,48,99,2697
6,29,40,109,OK,Oklahoma County,46,108,4883
6,29,48,141,TX,El Paso County,45,100,1971
6,29,48,453,TX,Travis County,45,73,2319
6,29,6,39,CA,Madera County,44,82,1609
6,29,6,61,CA,Placer County,44,98,4811
6,29,15,3,HI,Honolulu County,43,86,2486
6,29,4,25,AZ,Yavapai County,42,69,4271
6,29,6,7,CA,Butte County,42,67,2102
6,29,16,27,ID,Canyon County,40,94,3299
6,29,41,39,OR,Lane County,39,60,2497
6,29,53,61,WA,Snohomish County,39,63,2339
6,29,17,31,IL,Cook County,38,58,2603
6,29,4,21,AZ,Pinal County,37,88,3226
6,29,53,63,WA,Spokane County,35,70,2089
6,29,6,23,CA,Humboldt County,33,52,910
6,29,6,87,CA,Santa Cruz County,33,44,2248
6,29,6,97,CA,Sonoma County,33,57,3168
6,29,41,67,OR,Washington County,33,62,1761
6,29,6,113,CA,Yolo County,32,64,1166
6,29,35,1,NM,Bernalillo County,32,67,2164
6,29,49,57,UT,Weber County,31,70,2828
6,29,6,89,CA,Shasta County,30,61,1912
6,29,47,93,TN,Knox County,30,83,3197
6,29,48,491,TX,Williamson County,30,59,2730
6,29,53,11,WA,Clark County,30,55,2275
6,29,37,51,NC,Cumberland County,29,52,1481
6,29,48,157,TX,Fort Bend County,29,96,4610
6,29,48,367,TX,Parker County,28,78,3069
6,29,12,91,FL,Okaloosa County,27,67,1845
6,29,49,11,UT,Davis County,27,77,2477
6,29,4,27,AZ,Yuma County,26,48,1234
6,29,47,37,TN,Davidson County,26,36,1097
6,29,47,125,TN,Montgomery County,26,77,2019
6,29,48,215,TX,Hidalgo County,26,62,864
6,29,48,303,TX,Lubbock County,26,66,1744
6,29,48,423,TX,Smith County,26,67,1815
6,29,8,31,CO,Denver County,25,33,1416
6,29,8,59,CO,Jefferson County,24,37,1907
6,29,38,105,ND,Williams County,24,64,1315
6,29,41,5,OR,Clackamas County,24,38,1104
6,29,46,103,SD,Pennington County,24,50,2202
6,29,49,49,UT,Utah County,23,52,1974
6,29,51,59,VA,Fairfax County,23,54,1955
6,29,5,7,AR,Benton County,22,51,1009
6,29,6,27,CA,Inyo County,22,31,1500
6,29,6,109,CA,Tuolumne County,22,28,391
6,29,8,35,CO,Douglas County,22,36,1565
6,29,12,95,FL,Orange County,22,40,1489
6,29,12,9,FL,Brevard County,21,47,2719
6,29,18,97,IN,Marion County,21,46,1119
6,29,32,23,NV,Nye County,21,35,1447
6,29,41,17,OR,Deschutes County,21,30,1425
6,29,53,29,WA,Island County,21,49,1262
6,29,53,35,WA,Kitsap County,21,33,1324
6,29,8,5,CO,Arapahoe County,20,30,866
6,29,29,77,MO,Greene County,20,51,2046
6,29,37,183,NC,Wake County,20,41,1683
6,29,40,27,OK,Cleveland County,20,46,1700
6,29,48,27,TX,Bell County,20,46,1132
6,29,58,0,SS,Other flows - Same State,174,293,8903
6,29,59,0,DS,Other flows - Different State,4297,9023,329838
6,29,59,1,DS,Other flows - Northeast,317,556,22397
6,29,59,3,DS,Other flows - Midwest,915,1846,55276
6,29,59,5,DS,Other flows - South,2081,4590,171609
6,29,59,7,DS,Other flows - West,984,2031,80555
6,29,57,9,FR,Foreign - Other flows,-1,-1,-1
6,31,96,0,CA,Kings County Total Migration-US and Foreign,3883,7451,216615
6,31,97,0,CA,Kings County Total Migration-US,3821,7316,213080
6,31,97,1,CA,Kings County Total Migration-Same State,2213,3920,119119
6,31,97,3,CA,Kings County Total Migration-Different State,1608,3396,93961
6,31,98,0,CA,Kings County Total Migration-Foreign,62,135,3535
6,31,6,31,CA,Kings County Non-migrants,47945,106398,2972085
6,31,6,19,CA,Fresno County,546,1034,30461
6,31,6,107,CA,Tulare County,444,884,22861
6,31,6,37,CA,Los Angeles County,183,258,6589
6,31,6,73,CA,San Diego County,182,351,8053
6,31,6,29,CA,Kern County,103,176,4831
6,31,6,79,CA,San Luis Obispo County,76,131,6182
6,31,6,65,CA,Riverside County,69,120,2376
6,31,6,67,CA,Sacramento County,69,107,2584
6,31,6,71,CA,San Bernardino County,68,104,1863
6,31,57,5,FR,Foreign - APO/FPO ZIPs,62,135,3535
6,31,32,3,NV,Clark County,49,91,1892
6,31,4,13,AZ,Maricopa County,48,88,2507
6,31,6,111,CA,Ventura County,44,92,2364
6,31,53,29,WA,Island County,43,109,2300
6,31,6,59,CA,Orange County,35,49,1347
6,31,51,810,VA,Virginia Beach city,34,107,2780
6,31,6,53,CA,Monterey County,33,47,1262
6,31,6,85,CA,Santa Clara County,33,64,1831
6,31,48,29,TX,Bexar County,32,64,1630
6,31,6,1,CA,Alameda County,31,43,1525
6,31,6,77,CA,San Joaquin County,31,45,804
6,31,12,31,FL,Duval County,27,56,1261
6,31,6,39,CA,Madera County,22,47,1020
6,31,12,33,FL,Escambia County,22,46,1391
6,31,48,201,TX,Harris County,22,47,832
6,31,48,439,TX,Tarrant County,22,53,1311
6,31,6,25,CA,Imperial County,21,32,622
6,31,8,41,CO,El Paso County,21,49,1320
6,31,15,3,HI,Honolulu County,21,38,1075
6,31,32,31,NV,Washoe County,21,44,1074
6,31,6,13,CA,Contra Costa County,20,26,817
6,31,6,75,CA,San Francisco County,20,25,836
6,31,51,710,VA,Norfolk city,20,49,888
6,31,58,0,SS,Other flows - Same State,183,287,8329
6,31,59,0,DS,Other flows - Different State,1226,2555,73701
6,31,59,1,DS,Other flows - Northeast,86,175,5440
6,31,59,3,DS,Other flows - Midwest,199,409,9824
6,31,59,5,DS,Other flows - South,598,1319,35252
6,31,59,7,DS,Other flows - West,343,652,23185
6,31,57,9,FR,Foreign - Other flows,-1,-1,-1
6,33,96,0,CA,Lake County Total Migration-US and Foreign,1473,2521,95875
6,33,97,0,CA,Lake County Total Migration-US,1473,2521,95875
6,33,97,1,CA,Lake County Total Migration-Same State,879,1488,59485
6,33,97,3,CA,Lake County Total Migration-Different State,594,1033,36390
6,33,6,33,CA,Lake County Non-migrants,21453,42636,1311856
6,33,6,97,CA,Sonoma County,226,364,15675
6,33,6,45,CA,Mendocino County,101,208,5520
6,33,6,67,CA,Sacramento County,59,92,3644
6,33,6,55,CA,Napa County,37,71,1845
6,33,6,95,CA,Solano County,37,60,1881
6,33,6,7,CA,Butte County,31,58,1614
6,33,6,1,CA,Alameda County,27,36,1155
6,33,6,85,CA,Santa Clara County,24,38,2047
6,33,6,75,CA,San Francisco County,23,31,2456
6,33,6,37,CA,Los Angeles County,22,40,665
6,33,6,23,CA,Humboldt County,21,29,1404
6,33,32,31,NV,Washoe County,21,32,1490
6,33,58,0,SS,Other flows - Same State,271,463,18374
6,33,59,0,DS,Other flows - Different State,573,1001,34900
6,33,59,1,DS,Other flows - Northeast,40,66,2162
6,33,59,3,DS,Other flows - Midwest,79,132,4429
6,33,59,5,DS,Other flows - South,190,357,13099
6,33,59,7,DS,Other flows - West,264,446,15209
6,33,57,9,FR,Foreign - Other flows,-1,-1,-1
6,35,96,0,CA,Lassen County Total Migration-US and Foreign,1034,1739,50839
6,35,97,0,CA,Lassen County Total Migration-US,1034,1739,50839
6,35,97,1,CA,Lassen County Total Migration-Same State,603,923,25910
6,35,97,3,CA,Lassen County Total Migration-Different State,431,816,24930
6,35,6,35,CA,Lassen County Non-migrants,8328,17039,562656
6,35,32,31,NV,Washoe County,79,138,4591
6,35,6,37,CA,Los Angeles County,40,55,1555
6,35,6,67,CA,Sacramento County,40,65,1523
6,35,6,89,CA,Shasta County,40,65,2133
6,35,6,29,CA,Kern County,38,49,895
6,35,6,7,CA,Butte County,36,57,1443
6,35,6,63,CA,Plumas County,34,69,2332
6,35,6,107,CA,Tulare County,31,61,1963
6,35,6,73,CA,San Diego County,26,31,1356
6,35,6,31,CA,Kings County,24,36,1181
6,35,6,19,CA,Fresno County,21,38,765
6,35,6,25,CA,Imperial County,20,30,779
6,35,58,0,SS,Other flows - Same State,253,367,9984
6,35,59,0,DS,Other flows - Different State,352,678,20338
6,35,59,1,DS,Other flows - Northeast,-1,-1,-1
6,35,59,3,DS,Other flows - Midwest,45,75,2312
6,35,59,5,DS,Other flows - South,118,245,8019
6,35,59,7,DS,Other flows - West,189,358,10007
6,35,57,9,FR,Foreign - Other flows,-1,-1,-1
6,37,96,0,CA,Los Angeles County Total Migration-US and Foreign,177268,298210,19081049
6,37,97,0,CA,Los Angeles County Total Migration-US,176895,297551,19049356
6,37,97,1,CA,Los Angeles County Total Migration-Same State,90096,155854,9212118
6,37,97,3,CA,Los Angeles County Total Migration-Different State,86799,141697,9837238
6,37,98,0,CA,Los Angeles County Total Migration-Foreign,373,659,31693
6,37,6,37,CA,Los Angeles County Non-migrants,3944880,7387364,430148598
6,37,6,59,CA,Orange County,21267,34853,2384364
6,37,6,71,CA,San Bernardino County,20446,39796,1292375
6,37,6,65,CA,Riverside County,13038,24863,1070710
6,37,32,3,NV,Clark County,7187,12189,635944
6,37,6,111,CA,Ventura County,6858,11873,1124224
6,37,6,73,CA,San Diego County,6638,9731,892433
6,37,6,29,CA,Kern County,4234,8858,231252
6,37,4,13,AZ,Maricopa County,4188,7181,419751
6,37,53,33,WA,King County,2616,3522,367730
6,37,6,85,CA,Santa Clara County,2388,3209,546738
6,37,36,61,NY,New York County,2290,2697,412947
6,37,6,1,CA,Alameda County,2039,2788,209496
6,37,6,75,CA,San Francisco County,1906,2200,288938
6,37,48,201,TX,Harris County,1719,3052,144679
6,37,17,31,IL,Cook County,1628,2252,165150
6,37,36,47,NY,Kings County,1571,1839,189365
6,37,48,453,TX,Travis County,1455,2053,278105
6,37,6,67,CA,Sacramento County,1391,2069,102934
6,37,48,113,TX,Dallas County,1250,2031,259676
6,37,12,86,FL,Miami-Dade County,1166,1665,205905
6,37,6,83,CA,Santa Barbara County,1126,1664,220693
6,37,41,51,OR,Multnomah County,1121,1499,92074
6,37,48,439,TX,Tarrant County,1074,2054,88578
6,37,6,81,CA,San Mateo County,955,1289,126662
6,37,48,85,TX,Collin County,954,2048,104326
6,37,48,29,TX,Bexar County,849,1611,63720
6,37,6,13,CA,Contra Costa County,837,1270,101370
6,37,6,19,CA,Fresno County,817,1487,49176
6,37,8,31,CO,Denver County,732,935,80109
6,37,49,35,UT,Salt Lake County,725,1237,60830
6,37,15,3,HI,Honolulu County,715,1113,77313
6,37,47,37,TN,Davidson County,704,1037,164535
6,37,4,19,AZ,Pima County,703,1152,79907
6,37,13,121,GA,Fulton County,698,1082,86928
6,37,6,79,CA,San Luis Obispo County,688,1047,79951
6,37,48,121,TX,Denton County,643,1330,76073
6,37,12,11,FL,Broward County,604,948,67556
6,37,4,15,AZ,Mohave County,599,1023,56264
6,37,25,17,MA,Middlesex County,571,819,78409
6,37,12,99,FL,Palm Beach County,553,913,115442
6,37,36,81,NY,Queens County,550,704,45995
6,37,12,95,FL,Orange County,544,950,78436
6,37,11,1,DC,District of Columbia,535,639,76537
6,37,16,1,ID,Ada County,527,1050,58446
6,37,48,491,TX,Williamson County,519,1012,57083
6,37,6,107,CA,Tulare County,509,1018,26554
6,37,41,67,OR,Washington County,505,756,39763
6,37,53,53,WA,Pierce County,476,808,42307
6,37,8,41,CO,El Paso County,474,824,38324
6,37,32,31,NV,Washoe County,468,730,62689
6,37,4,25,AZ,Yavapai County,455,752,48375
6,37,51,59,VA,Fairfax County,445,727,81030
6,37,37,119,NC,Mecklenburg County,422,682,46845
6,37,48,141,TX,El Paso County,414,717,20757
6,37,6,97,CA,Sonoma County,396,575,42179
6,37,53,61,WA,Snohomish County,396,606,34892
6,37,4,21,AZ,Pinal County,393,740,30576
6,37,53,11,WA,Clark County,393,643,57858
6,37,25,25,MA,Suffolk County,389,454,41066
6,37,6,53,CA,Monterey County,373,567,39512
6,37,42,101,PA,Philadelphia County,372,464,29072
6,37,8,5,CO,Arapahoe County,365,602,44277
6,37,37,183,NC,Wake County,356,662,42538
6,37,6,61,CA,Placer County,352,611,36101
6,37,12,57,FL,Hillsborough County,349,577,50740
6,37,13,135,GA,Gwinnett County,344,663,20131
6,37,12,103,FL,Pinellas County,343,543,63097
6,37,48,339,TX,Montgomery County,339,731,37820
6,37,34,17,NJ,Hudson County,334,422,31701
6,37,48,157,TX,Fort Bend County,332,671,28979
6,37,6,77,CA,San Joaquin County,326,575,20744
6,37,27,53,MN,Hennepin County,323,473,29241
6,37,35,1,NM,Bernalillo County,323,496,22901
6,37,49,49,UT,Utah County,319,640,25950
6,37,13,89,GA,DeKalb County,316,476,26536
6,37,47,187,TN,Williamson County,312,730,101195
6,37,6,95,CA,Solano County,305,493,18436
6,37,13,67,GA,Cobb County,302,528,27093
6,37,24,31,MD,Montgomery County,302,474,43335
6,37,57,5,FR,Foreign - APO/FPO ZIPs,298,554,17290
6,37,6,41,CA,Marin County,296,453,101212
6,37,8,59,CO,Jefferson County,275,409,26301
6,37,6,99,CA,Stanislaus County,270,438,19483
6,37,6,113,CA,Yolo County,270,382,16537
6,37,41,39,OR,Lane County,264,410,23998
6,37,39,49,OH,Franklin County,262,397,18573
6,37,42,3,PA,Allegheny County,260,394,25598
6,37,6,87,CA,Santa Cruz County,253,343,21773
6,37,40,109,OK,Oklahoma County,250,447,13977
6,37,26,125,MI,Oakland County,248,404,46275
6,37,41,5,OR,Clackamas County,248,404,27157
6,37,8,13,CO,Boulder County,242,345,28725
6,37,8,35,CO,Douglas County,242,458,48343
6,37,39,35,OH,Cuyahoga County,240,363,17893
6,37,41,17,OR,Deschutes County,240,390,30432
6,37,16,27,ID,Canyon County,236,492,20817
6,37,12,9,FL,Brevard County,234,419,26248
6,37,36,119,NY,Westchester County,229,377,43710
6,37,53,63,WA,Spokane County,224,369,15550
6,37,8,1,CO,Adams County,223,357,14343
6,37,12,31,FL,Duval County,213,326,16658
6,37,34,3,NJ,Bergen County,211,347,30709
6,37,36,59,NY,Nassau County,208,337,39024
6,37,48,27,TX,Bell County,207,389,12013
6,37,49,53,UT,Washington County,204,376,20693
6,37,9,190,CT,Western Connecticut Planning Regi,201,339,71526
6,37,40,143,OK,Tulsa County,201,361,14258
6,37,6,23,CA,Humboldt County,200,251,9913
6,37,36,103,NY,Suffolk County,196,294,48078
6,37,6,25,CA,Imperial County,193,327,7678
6,37,26,163,MI,Wayne County,189,301,13381
6,37,41,29,OR,Jackson County,184,280,15556
6,37,25,21,MA,Norfolk County,182,267,18281
6,37,16,55,ID,Kootenai County,179,358,27264
6,37,17,43,IL,DuPage County,177,285,19071
6,37,29,95,MO,Jackson County,177,297,13874
6,37,49,11,UT,Davis County,176,366,20920
6,37,53,35,WA,Kitsap County,174,293,21793
6,37,18,97,IN,Marion County,173,288,11495
6,37,6,7,CA,Butte County,172,287,9079
6,37,6,47,CA,Merced County,171,288,6709
6,37,4,27,AZ,Yuma County,170,324,10614
6,37,8,69,CO,Larimer County,169,255,13340
6,37,12,71,FL,Lee County,167,276,18154
6,37,29,189,MO,St. Louis County,165,287,40286
6,37,24,33,MD,Prince George's County,161,230,10410
6,37,6,31,CA,Kings County,159,279,5673
6,37,35,49,NM,Santa Fe County,159,250,22644
6,37,53,67,WA,Thurston County,159,277,11856
6,37,55,25,WI,Dane County,158,235,12611
6,37,15,1,HI,Hawaii County,154,248,29718
6,37,15,9,HI,Maui County,153,237,33063
6,37,47,157,TN,Shelby County,152,273,10695
6,37,51,13,VA,Arlington County,150,198,18109
6,37,17,97,IL,Lake County,147,229,12680
6,37,24,510,MD,Baltimore city,147,198,12629
6,37,49,57,UT,Weber County,147,286,13112
6,37,55,79,WI,Milwaukee County,147,224,13727
6,37,12,115,FL,Sarasota County,146,244,22553
6,37,5,7,AR,Benton County,144,288,14104
6,37,9,170,CT,South Central Connecticut Plannin,143,197,12797
6,37,39,61,OH,Hamilton County,143,207,21158
6,37,20,91,KS,Johnson County,141,242,16126
6,37,22,71,LA,Orleans Parish,141,193,11599
6,37,48,209,TX,Hays County,139,291,18635
6,37,42,91,PA,Montgomery County,138,206,13491
6,37,47,93,TN,Knox County,138,259,14632
6,37,48,91,TX,Comal County,138,281,16778
6,37,6,89,CA,Shasta County,137,246,8134
6,37,45,45,SC,Greenville County,136,265,13966
6,37,26,161,MI,Washtenaw County,135,220,21748
6,37,37,63,NC,Durham County,135,187,14272
6,37,47,149,TN,Rutherford County,135,270,13090
6,37,21,111,KY,Jefferson County,134,207,11633
6,37,41,47,OR,Marion County,134,213,8019
6,37,6,55,CA,Napa County,133,198,15617
6,37,9,110,CT,Capitol Planning Region,132,224,12769
6,37,6,17,CA,El Dorado County,128,210,11663
6,37,34,23,NJ,Middlesex County,128,196,11525
6,37,6,39,CA,Madera County,127,229,7364
6,37,12,97,FL,Osceola County,127,238,10075
6,37,12,21,FL,Collier County,124,197,36934
6,37,53,73,WA,Whatcom County,122,188,16376
6,37,12,105,FL,Polk County,121,232,11987
6,37,25,9,MA,Essex County,121,162,13700
6,37,24,3,MD,Anne Arundel County,120,187,13374
6,37,31,55,NE,Douglas County,120,208,12212
6,37,1,89,AL,Madison County,117,201,10329
6,37,37,21,NC,Buncombe County,117,188,15666
6,37,12,81,FL,Manatee County,115,207,12179
6,37,24,5,MD,Baltimore County,114,178,10424
6,37,44,7,RI,Providence County,114,163,9427
6,37,45,19,SC,Charleston County,114,187,15278
6,37,6,57,CA,Nevada County,109,175,15766
6,37,51,810,VA,Virginia Beach city,108,182,6306
6,37,51,107,VA,Loudoun County,107,198,11511
6,37,4,5,AZ,Coconino County,106,152,7117
6,37,12,127,FL,Volusia County,106,164,11760
6,37,36,29,NY,Erie County,105,172,9682
6,37,12,117,FL,Seminole County,103,173,10831
6,37,36,55,NY,Monroe County,103,149,7798
6,37,12,101,FL,Pasco County,102,202,11488
6,37,29,510,MO,St. Louis city,100,126,9658
6,37,47,165,TN,Sumner County,100,178,12304
6,37,12,109,FL,St. Johns County,99,206,19925
6,37,18,57,IN,Hamilton County,98,228,15457
6,37,48,39,TX,Brazoria County,98,181,7833
6,37,13,113,GA,Fayette County,97,188,12824
6,37,13,51,GA,Chatham County,96,153,7263
6,37,8,123,CO,Weld County,95,153,10188
6,37,34,13,NJ,Essex County,93,153,9560
6,37,37,81,NC,Guilford County,93,172,10246
6,37,17,197,IL,Will County,92,159,12355
6,37,26,81,MI,Kent County,92,147,6388
6,37,30,31,MT,Gallatin County,92,146,11802
6,37,47,65,TN,Hamilton County,92,171,9552
6,37,51,510,VA,Alexandria city,92,122,9994
6,37,32,23,NV,Nye County,91,148,8492
6,37,48,367,TX,Parker County,91,217,20090
6,37,51,153,VA,Prince William County,91,165,6294
6,37,27,123,MN,Ramsey County,90,132,6233
6,37,42,29,PA,Chester County,90,126,8024
6,37,19,153,IA,Polk County,89,136,6130
6,37,37,51,NC,Cumberland County,89,159,3220
6,37,24,27,MD,Howard County,88,164,7186
6,37,26,99,MI,Macomb County,88,133,5824
6,37,47,119,TN,Maury County,88,184,7215
6,37,5,143,AR,Washington County,87,182,7482
6,37,25,27,MA,Worcester County,87,145,8174
6,37,36,5,NY,Bronx County,87,112,3568
6,37,34,21,NJ,Mercer County,86,131,7480
6,37,48,187,TX,Guadalupe County,85,190,6405
6,37,51,710,VA,Norfolk city,85,131,4794
6,37,12,33,FL,Escambia County,84,112,5790
6,37,32,5,NV,Douglas County,84,134,20634
6,37,47,125,TN,Montgomery County,84,171,7591
6,37,48,139,TX,Ellis County,84,172,7228
6,37,47,189,TN,Wilson County,83,173,9740
6,37,48,309,TX,McLennan County,83,155,6928
6,37,2,20,AK,Anchorage Municipality,82,132,5900
6,37,34,27,NJ,Morris County,81,126,12176
6,37,12,69,FL,Lake County,80,132,9052
6,37,17,89,IL,Kane County,80,133,5452
6,37,20,173,KS,Sedgwick County,80,136,3603
6,37,48,397,TX,Rockwall County,80,173,8423
6,37,34,25,NJ,Monmouth County,79,118,7421
6,37,35,13,NM,Doña Ana County,79,128,5073
6,37,48,257,TX,Kaufman County,79,178,6385
6,37,12,111,FL,St. Lucie County,77,126,6692
6,37,13,57,GA,Cherokee County,76,143,8484
6,37,23,5,ME,Cumberland County,76,113,9953
6,37,37,129,NC,New Hanover County,76,114,10082
6,37,42,17,PA,Bucks County,76,122,12198
6,37,48,61,TX,Cameron County,75,124,8631
6,37,57,3,FR,Foreign - Puerto Rico,75,107,6487
6,37,5,119,AR,Pulaski County,73,128,4510
6,37,6,51,CA,Mono County,73,110,12101
6,37,37,67,NC,Forsyth County,73,125,4550
6,37,37,133,NC,Onslow County,73,110,3974
6,37,34,29,NJ,Ocean County,72,123,7101
6,37,34,39,NJ,Union County,72,116,7900
6,37,48,423,TX,Smith County,72,145,5556
6,37,39,153,OH,Summit County,71,127,5725
6,37,41,33,OR,Josephine County,71,113,5966
6,37,42,45,PA,Delaware County,71,111,7746
6,37,34,35,NJ,Somerset County,69,103,5901
6,37,10,3,DE,New Castle County,68,106,6682
6,37,45,13,SC,Beaufort County,68,119,11135
6,37,48,167,TX,Galveston County,68,126,6322
6,37,48,303,TX,Lubbock County,68,128,3944
6,37,25,23,MA,Plymouth County,67,88,6933
6,37,29,77,MO,Greene County,67,99,3789
6,37,13,63,GA,Clayton County,66,112,2845
6,37,15,7,HI,Kauai County,66,88,6259
6,37,35,43,NM,Sandoval County,66,113,6972
6,37,1,73,AL,Jefferson County,65,107,6476
6,37,13,117,GA,Forsyth County,65,160,8702
6,37,13,151,GA,Henry County,65,110,3527
6,37,40,27,OK,Cleveland County,65,108,4420
6,37,51,41,VA,Chesterfield County,65,138,5782
6,37,12,1,FL,Alachua County,64,88,7317
6,37,21,67,KY,Fayette County,64,105,8230
6,37,30,29,MT,Flathead County,63,120,9210
6,37,48,41,TX,Brazos County,63,112,4255
6,37,48,215,TX,Hidalgo County,63,107,3607
6,37,18,3,IN,Allen County,62,103,2522
6,37,22,51,LA,Jefferson Parish,62,95,4135
6,37,37,179,NC,Union County,62,140,6920
6,37,39,113,OH,Montgomery County,62,86,3962
6,37,42,71,PA,Lancaster County,62,97,5720
6,37,45,51,SC,Horry County,62,109,4126
6,37,51,760,VA,Richmond city,62,79,4333
6,37,53,5,WA,Benton County,62,90,3544
6,37,6,45,CA,Mendocino County,60,94,5641
6,37,12,91,FL,Okaloosa County,60,105,5233
6,37,32,510,NV,Carson City,60,96,4288
6,37,12,83,FL,Marion County,59,101,4884
6,37,22,33,LA,East Baton Rouge Parish,59,94,3542
6,37,27,37,MN,Dakota County,59,101,4644
6,37,34,5,NJ,Burlington County,59,86,3518
6,37,36,27,NY,Dutchess County,59,88,5870
6,37,45,79,SC,Richland County,58,100,3315
6,37,48,251,TX,Johnson County,58,110,4740
6,37,49,43,UT,Summit County,58,111,49244
6,37,30,63,MT,Missoula County,57,98,5475
6,37,41,3,OR,Benton County,57,79,4742
6,37,46,99,SD,Minnehaha County,57,91,5632
6,37,49,21,UT,Iron County,57,117,6695
6,37,53,29,WA,Island County,57,84,6983
6,37,25,1,MA,Barnstable County,55,84,12263
6,37,34,7,NJ,Camden County,55,85,5696
6,37,4,3,AZ,Cochise County,54,86,2964
6,37,6,27,CA,Inyo County,54,83,3871
6,37,16,19,ID,Bonneville County,54,97,4414
6,37,30,111,MT,Yellowstone County,54,90,4690
6,37,31,109,NE,Lancaster County,54,91,3934
6,37,33,11,NH,Hillsborough County,54,89,5313
6,37,36,111,NY,Ulster County,54,76,6704
6,37,49,5,UT,Cache County,54,101,3662
6,37,51,87,VA,Henrico County,54,76,6063
6,37,41,19,OR,Douglas County,53,97,3335
6,37,8,14,CO,Broomfield County,52,84,6291
6,37,8,77,CO,Mesa County,52,73,3799
6,37,13,77,GA,Coweta County,52,94,4084
6,37,25,15,MA,Hampshire County,52,76,4183
6,37,36,109,NY,Tompkins County,52,77,4743
6,37,50,7,VT,Chittenden County,52,75,4921
6,37,51,550,VA,Chesapeake city,52,85,2694
6,37,17,19,IL,Champaign County,51,65,2689
6,37,45,91,SC,York County,51,91,5336
6,37,48,329,TX,Midland County,51,87,2951
6,37,48,355,TX,Nueces County,51,75,3268
6,37,32,19,NV,Lyon County,50,75,3664
6,37,33,15,NH,Rockingham County,50,84,9112
6,37,36,67,NY,Onondaga County,50,68,3189
6,37,53,9,WA,Clallam County,50,78,7376
6,37,53,77,WA,Yakima County,50,79,2902
6,37,18,141,IN,St. Joseph County,49,63,2705
6,37,46,103,SD,Pennington County,49,75,5862
6,37,12,119,FL,Sumter County,48,85,5971
6,37,13,97,GA,Douglas County,48,74,2521
6,37,53,57,WA,Skagit County,47,84,3772
6,37,29,183,MO,St. Charles County,46,81,3856
6,37,55,133,WI,Waukesha County,46,80,5336
6,37,6,115,CA,Yuba County,45,83,2516
6,37,31,153,NE,Sarpy County,45,70,2782
6,37,36,71,NY,Orange County,45,65,3067
6,37,45,15,SC,Berkeley County,45,73,2627
6,37,6,93,CA,Siskiyou County,44,69,3004
6,37,39,95,OH,Lucas County,44,72,4162
6,37,41,43,OR,Linn County,44,72,3141
6,37,16,17,ID,Bonner County,43,79,8019
6,37,36,1,NY,Albany County,43,69,-419355
6,37,37,97,NC,Iredell County,43,59,2922
6,37,41,53,OR,Polk County,43,63,1846
6,37,12,85,FL,Martin County,42,68,5768
6,37,22,103,LA,St. Tammany Parish,42,67,2451
6,37,25,5,MA,Bristol County,42,66,3770
6,37,51,3,VA,Albemarle County,42,73,7358
6,37,29,47,MO,Clay County,41,72,2974
6,37,51,700,VA,Newport News city,41,67,2431
6,37,13,139,GA,Hall County,40,61,3455
6,37,22,55,LA,Lafayette Parish,40,62,2386
6,37,37,135,NC,Orange County,40,74,5964
6,37,12,19,FL,Clay County,39,69,4032
6,37,18,89,IN,Lake County,39,79,2561
6,37,26,65,MI,Ingham County,39,63,2353
6,37,27,163,MN,Washington County,39,62,6352
6,37,36,87,NY,Rockland County,39,59,2235
6,37,45,83,SC,Spartanburg County,39,64,3090
6,37,48,441,TX,Taylor County,39,73,1766
6,37,9,120,CT,Greater Bridgeport Planning Regio,38,68,5580
6,37,12,113,FL,Santa Rosa County,38,71,3967
6,37,17,111,IL,McHenry County,38,65,3096
6,37,37,25,NC,Cabarrus County,38,77,2758
6,37,37,101,NC,Johnston County,38,80,3223
6,37,47,9,TN,Blount County,38,80,4745
6,37,6,109,CA,Tuolumne County,37,48,2438
6,37,13,59,GA,Clarke County,37,55,3954
6,37,16,83,ID,Twin Falls County,37,67,1680
6,37,18,157,IN,Tippecanoe County,37,63,2239
6,37,24,21,MD,Frederick County,37,66,8522
6,37,25,3,MA,Berkshire County,37,70,8235
6,37,27,109,MN,Olmsted County,37,56,2801
6,37,6,5,CA,Amador County,36,44,1926
6,37,8,101,CO,Pueblo County,36,58,3076
6,37,48,181,TX,Grayson County,36,66,2410
6,37,1,101,AL,Montgomery County,35,66,3357
6,37,6,33,CA,Lake County,35,52,2411
6,37,9,140,CT,Naugatuck Valley Planning Region,35,52,2874
6,37,12,87,FL,Monroe County,35,48,5048
6,37,26,77,MI,Kalamazoo County,35,49,2486
6,37,28,33,MS,DeSoto County,35,59,2649
6,37,41,71,OR,Yamhill County,35,66,4154
6,37,42,27,PA,Centre County,35,50,2336
6,37,45,63,SC,Lexington County,35,68,2187
6,37,48,245,TX,Jefferson County,35,64,1514
6,37,51,179,VA,Stafford County,35,60,2921
6,37,55,9,WI,Brown County,35,55,2221
6,37,12,15,FL,Charlotte County,34,50,4498
6,37,12,35,FL,Flagler County,34,55,3415
6,37,16,13,ID,Blaine County,34,79,20572
6,37,19,103,IA,Johnson County,34,49,4134
6,37,25,13,MA,Hampden County,34,56,2985
6,37,34,31,NJ,Passaic County,34,49,3722
6,37,4,7,AZ,Gila County,33,59,3731
6,37,8,37,CO,Eagle County,33,48,2677
6,37,12,73,FL,Leon County,33,62,1826
6,37,19,49,IA,Dallas County,33,65,2626
6,37,27,3,MN,Anoka County,33,51,2227
6,37,36,85,NY,Richmond County,33,60,1980
6,37,38,17,ND,Cass County,33,64,1221
6,37,45,3,SC,Aiken County,33,58,2776
6,37,53,25,WA,Grant County,33,54,1352
6,37,1,3,AL,Baldwin County,32,54,2223
6,37,6,15,CA,Del Norte County,32,43,1845
6,37,6,101,CA,Sutter County,32,59,1174
6,37,6,103,CA,Tehama County,32,62,2054
6,37,9,130,CT,Lower Connecticut River Valley Pl,32,45,4173
6,37,13,223,GA,Paulding County,32,70,2470
6,37,26,139,MI,Ottawa County,32,50,2353
6,37,36,91,NY,Saratoga County,32,50,4479
6,37,37,89,NC,Henderson County,32,67,2941
6,37,39,17,OH,Butler County,32,62,2147
6,37,48,21,TX,Bastrop County,32,54,3336
6,37,49,51,UT,Wasatch County,32,63,12261
6,37,2,90,AK,Fairbanks North Star Borough,31,52,1093
6,37,4,17,AZ,Navajo County,31,47,2095
6,37,5,131,AR,Sebastian County,31,62,1335
6,37,8,67,CO,La Plata County,31,50,2669
6,37,9,180,CT,Southeastern Connecticut Planning,31,44,2645
6,37,20,61,KS,Geary County,31,55,1034
6,37,22,17,LA,Caddo Parish,31,56,963
6,37,33,9,NH,Grafton County,31,43,5505
6,37,41,35,OR,Klamath County,31,50,2123
6,37,41,41,OR,Lincoln County,31,45,2331
6,37,4,12,AZ,La Paz County,30,42,2450
6,37,10,5,DE,Sussex County,30,43,2504
6,37,17,163,IL,St. Clair County,30,46,1428
6,37,20,45,KS,Douglas County,30,46,2022
6,37,37,19,NC,Brunswick County,30,58,3543
6,37,39,41,OH,Delaware County,30,74,8068
6,37,40,17,OK,Canadian County,30,75,2004
6,37,42,11,PA,Berks County,30,45,1717
6,37,56,21,WY,Laramie County,30,51,3445
6,37,56,39,WY,Teton County,30,47,18965
6,37,13,245,GA,Richmond County,29,51,1419
6,37,20,209,KS,Wyandotte County,29,51,1863
6,37,21,47,KY,Christian County,29,45,944
6,37,28,47,MS,Harrison County,29,49,2686
6,37,39,85,OH,Lake County,29,51,1612
6,37,42,77,PA,Lehigh County,29,48,2220
6,37,12,61,FL,Indian River County,28,55,7609
6,37,13,179,GA,Liberty County,28,54,870
6,37,18,105,IN,Monroe County,28,46,2616
6,37,19,113,IA,Linn County,28,49,2542
6,37,26,49,MI,Genesee County,28,40,1687
6,37,37,125,NC,Moore County,28,48,4291
6,37,42,79,PA,Luzerne County,28,53,2452
6,37,42,95,PA,Northampton County,28,42,1997
6,37,45,35,SC,Dorchester County,28,52,2584
6,37,17,119,IL,Madison County,27,39,1269
6,37,23,31,ME,York County,27,36,1988
6,37,39,57,OH,Greene County,27,46,2468
6,37,39,151,OH,Stark County,27,41,1267
6,37,39,165,OH,Warren County,27,59,2309
6,37,48,259,TX,Kendall County,27,59,4482
6,37,48,373,TX,Polk County,27,48,3872
6,37,48,381,TX,Randall County,27,35,2032
6,37,1,97,AL,Mobile County,26,42,1236
6,37,16,5,ID,Bannock County,26,45,2536
6,37,29,19,MO,Boone County,26,44,1249
6,37,29,97,MO,Jasper County,26,46,1855
6,37,34,19,NJ,Hunterdon County,26,45,4384
6,37,47,105,TN,Loudon County,26,46,2802
6,37,48,99,TX,Coryell County,26,54,998
6,37,48,183,TX,Gregg County,26,45,2012
6,37,49,45,UT,Tooele County,26,52,2152
6,37,53,55,WA,San Juan County,26,39,2945
6,37,9,160,CT,Northwest Hills Planning Region,25,43,5127
6,37,12,53,FL,Hernando County,25,45,2147
6,37,13,73,GA,Columbia County,25,50,2972
6,37,28,49,MS,Hinds County,25,45,2894
6,37,45,7,SC,Anderson County,25,53,2540
6,37,47,179,TN,Washington County,25,45,1447
6,37,48,231,TX,Hunt County,25,53,1414
6,37,48,479,TX,Webb County,25,43,1068
6,37,8,45,CO,Garfield County,24,40,935
6,37,13,21,GA,Bibb County,24,40,1060
6,37,17,167,IL,Sangamon County,24,33,1085
6,37,29,165,MO,Platte County,24,41,2914
6,37,32,7,NV,Elko County,24,42,956
6,37,37,71,NC,Gaston County,24,35,1451
6,37,41,11,OR,Coos County,24,33,1153
6,37,42,43,PA,Dauphin County,24,38,1861
6,37,42,129,PA,Westmoreland County,24,41,1621
6,37,48,135,TX,Ector County,24,39,804
6,37,48,221,TX,Hood County,24,54,2023
6,37,50,27,VT,Windsor County,24,39,2838
6,37,51,95,VA,James City County,24,37,1807
6,37,5,45,AR,Faulkner County,23,44,1655
6,37,8,97,CO,Pitkin County,23,41,27522
6,37,12,5,FL,Bay County,23,36,1275
6,37,13,185,GA,Lowndes County,23,32,1205
6,37,13,215,GA,Muscogee County,23,39,1068
6,37,17,143,IL,Peoria County,23,31,1752
6,37,17,201,IL,Winnebago County,23,38,1208
6,37,18,63,IN,Hendricks County,23,57,1708
6,37,20,177,KS,Shawnee County,23,47,1229
6,37,37,1,NC,Alamance County,23,34,1974
6,37,37,85,NC,Harnett County,23,40,1448
6,37,40,31,OK,Comanche County,23,37,753
6,37,42,133,PA,York County,23,38,1612
6,37,47,163,TN,Sullivan County,23,41,2159
6,37,48,485,TX,Wichita County,23,36,1630
6,37,6,9,CA,Calaveras County,22,33,1839
6,37,12,131,FL,Walton County,22,40,3849
6,37,13,15,GA,Bartow County,22,40,1326
6,37,27,139,MN,Scott County,22,29,1294
6,37,34,1,NJ,Atlantic County,22,49,2432
6,37,34,15,NJ,Gloucester County,22,27,2096
6,37,35,55,NM,Taos County,22,32,3756
6,37,36,21,NY,Columbia County,22,33,2736
6,37,36,45,NY,Jefferson County,22,37,728
6,37,39,25,OH,Clermont County,22,35,1460
6,37,44,9,RI,Washington County,22,24,1677
6,37,46,81,SD,Lawrence County,22,36,3642
6,37,46,83,SD,Lincoln County,22,29,2271
6,37,48,375,TX,Potter County,22,48,912
6,37,51,650,VA,Hampton city,22,32,1198
6,37,1,117,AL,Shelby County,21,37,1289
6,37,13,217,GA,Newton County,21,41,2137
6,37,19,193,IA,Woodbury County,21,37,824
6,37,24,25,MD,Harford County,21,31,1764
6,37,30,49,MT,Lewis and Clark County,21,36,2284
6,37,39,93,OH,Lorain County,21,32,1830
6,37,40,131,OK,Rogers County,21,40,1809
6,37,41,7,OR,Clatsop County,21,29,936
6,37,42,41,PA,Cumberland County,21,39,2281
6,37,42,49,PA,Erie County,21,26,916
6,37,45,77,SC,Pickens County,21,38,7123
6,37,47,35,TN,Cumberland County,21,42,4234
6,37,47,147,TN,Robertson County,21,46,1985
6,37,53,7,WA,Chelan County,21,34,2604
6,37,53,15,WA,Cowlitz County,21,35,1176
6,37,53,31,WA,Jefferson County,21,31,2064
6,37,5,85,AR,Lonoke County,20,40,1129
6,37,6,69,CA,San Benito County,20,32,1679
6,37,10,1,DE,Kent County,20,30,1079
6,37,12,89,FL,Nassau County,20,28,2598
6,37,13,13,GA,Barrow County,20,40,1334
6,37,21,117,KY,Kenton County,20,32,1542
6,37,22,15,LA,Bossier Parish,20,38,1385
6,37,26,21,MI,Berrien County,20,33,2274
6,37,33,13,NH,Merrimack County,20,31,3577
6,37,37,49,NC,Craven County,20,35,997
6,37,38,101,ND,Ward County,20,31,947
6,37,41,59,OR,Umatilla County,20,43,745
6,37,42,69,PA,Lackawanna County,20,26,1040
6,37,47,43,TN,Dickson County,20,34,2926
6,37,47,141,TN,Putnam County,20,43,2561
6,37,48,497,TX,Wise County,20,39,2413
6,37,51,177,VA,Spotsylvania County,20,38,1419
6,37,51,540,VA,Charlottesville city,20,38,1484
6,37,53,75,WA,Whitman County,20,30,2203
6,37,55,87,WI,Outagamie County,20,39,1478
6,37,58,0,SS,Other flows - Same State,67,101,4894
6,37,59,0,DS,Other flows - Different State,6983,11727,675883
6,37,59,1,DS,Other flows - Northeast,755,1132,108259
6,37,59,3,DS,Other flows - Midwest,2072,3473,152012
6,37,59,5,DS,Other flows - South,3010,5252,255705
6,37,59,7,DS,Other flows - West,1146,1870,159906
6,37,57,9,FR,Foreign - Other flows,-1,-1,-1
6,39,96,0,CA,Madera County Total Migration-US and Foreign,3202,5889,171556
6,39,97,0,CA,Madera County Total Migration-US,3202,5889,171556
6,39,97,1,CA,Madera County Total Migration-Same State,2327,4198,119940
6,39,97,3,CA,Madera County Total Migration-Different State,875,1691,51616
6,39,6,39,CA,Madera County Non-migrants,53363,119454,3446036
6,39,6,19,CA,Fresno County,1124,2120,63149
6,39,6,47,CA,Merced County,182,374,7350
6,39,6,37,CA,Los Angeles County,118,177,5094
6,39,6,73,CA,San Diego County,68,100,2678
6,39,6,85,CA,Santa Clara County,63,89,3795
6,39,6,67,CA,Sacramento County,59,90,2280
6,39,6,71,CA,San Bernardino County,58,79,880
6,39,6,29,CA,Kern County,51,104,2867
6,39,6,77,CA,San Joaquin County,51,91,2484
6,39,6,65,CA,Riverside County,49,72,2169
6,39,6,99,CA,Stanislaus County,49,97,2834
6,39,6,107,CA,Tulare County,48,82,1460
6,39,6,43,CA,Mariposa County,42,78,2478
6,39,6,53,CA,Monterey County,36,66,1363
6,39,32,3,NV,Clark County,35,66,1631
6,39,4,13,AZ,Maricopa County,28,46,1878
6,39,6,1,CA,Alameda County,27,51,1698
6,39,6,59,CA,Orange County,27,49,1056
6,39,6,79,CA,San Luis Obispo County,27,47,2057
6,39,6,31,CA,Kings County,25,40,927
6,39,6,13,CA,Contra Costa County,24,40,2257
6,39,6,87,CA,Santa Cruz County,21,32,1118
6,39,58,0,SS,Other flows - Same State,178,320,9947
6,39,59,0,DS,Other flows - Different State,812,1579,48106
6,39,59,1,DS,Other flows - Northeast,43,74,2725
6,39,59,3,DS,Other flows - Midwest,101,173,4590
6,39,59,5,DS,Other flows - South,332,710,21787
6,39,59,7,DS,Other flows - West,336,622,19003
6,39,57,9,FR,Foreign - Other flows,-1,-1,-1
6,41,96,0,CA,Marin County Total Migration-US and Foreign,7796,12358,1738319
6,41,97,0,CA,Marin County Total Migration-US,7796,12358,1738319
6,41,97,1,CA,Marin County Total Migration-Same State,5004,7682,1004222
6,41,97,3,CA,Marin County Total Migration-Different State,2792,4676,734097
6,41,6,41,CA,Marin County Non-migrants,103539,200885,32883392
6,41,6,97,CA,Sonoma County,1182,1953,143209
6,41,6,75,CA,San Francisco County,894,1183,235096
6,41,6,1,CA,Alameda County,385,521,66211
6,41,6,13,CA,Contra Costa County,385,612,50837
6,41,6,37,CA,Los Angeles County,381,527,86576
6,41,6,95,CA,Solano County,198,362,15095
6,41,6,81,CA,San Mateo County,194,271,54133
6,41,6,73,CA,San Diego County,178,288,47637
6,41,6,85,CA,Santa Clara County,152,239,53086
6,41,36,61,NY,New York County,120,141,18236
6,41,6,67,CA,Sacramento County,119,192,11849
6,41,53,33,WA,King County,110,170,22596
6,41,6,59,CA,Orange County,92,176,27495
6,41,6,61,CA,Placer County,90,182,17655
6,41,4,13,AZ,Maricopa County,81,134,24342
6,41,6,55,CA,Napa County,80,136,18010
6,41,36,47,NY,Kings County,66,87,12425
6,41,32,31,NV,Washoe County,64,109,24632
6,41,32,3,NV,Clark County,62,92,15195
6,41,48,453,TX,Travis County,62,102,24391
6,41,6,65,CA,Riverside County,60,91,13705
6,41,8,31,CO,Denver County,58,74,10958
6,41,41,51,OR,Multnomah County,57,78,13747
6,41,6,57,CA,Nevada County,55,91,9145
6,41,6,87,CA,Santa Cruz County,53,76,11147
6,41,17,31,IL,Cook County,46,88,16166
6,41,15,3,HI,Honolulu County,45,72,12056
6,41,6,17,CA,El Dorado County,43,68,8275
6,41,6,77,CA,San Joaquin County,43,92,3996
6,41,6,53,CA,Monterey County,37,58,7258
6,41,6,45,CA,Mendocino County,35,61,4782
6,41,6,83,CA,Santa Barbara County,34,47,10751
6,41,25,17,MA,Middlesex County,34,62,7789
6,41,49,35,UT,Salt Lake County,34,51,4632
6,41,6,113,CA,Yolo County,32,41,3004
6,41,41,17,OR,Deschutes County,32,53,5712
6,41,6,79,CA,San Luis Obispo County,29,44,4573
6,41,8,13,CO,Boulder County,27,47,8067
6,41,6,71,CA,San Bernardino County,26,39,2347
6,41,53,61,WA,Snohomish County,26,38,5797
6,41,6,111,CA,Ventura County,25,41,4996
6,41,12,86,FL,Miami-Dade County,25,43,8410
6,41,15,1,HI,Hawaii County,25,39,6976
6,41,16,1,ID,Ada County,25,56,5619
6,41,15,9,HI,Maui County,24,33,4726
6,41,41,5,OR,Clackamas County,24,50,7477
6,41,6,19,CA,Fresno County,23,27,2400
6,41,37,21,NC,Buncombe County,23,39,2548
6,41,41,29,OR,Jackson County,23,36,3933
6,41,53,53,WA,Pierce County,22,36,3445
6,41,6,33,CA,Lake County,21,31,1388
6,41,8,59,CO,Jefferson County,21,30,3638
6,41,12,99,FL,Palm Beach County,21,53,6827
6,41,25,25,MA,Suffolk County,21,24,3772
6,41,41,67,OR,Washington County,20,38,2627
6,41,58,0,SS,Other flows - Same State,158,238,13295
6,41,59,0,DS,Other flows - Different State,1594,2808,447660
6,41,59,1,DS,Other flows - Northeast,278,536,65286
6,41,59,3,DS,Other flows - Midwest,221,382,55743
6,41,59,5,DS,Other flows - South,670,1239,199502
6,41,59,7,DS,Other flows - West,425,651,127130
6,41,57,9,FR,Foreign - Other flows,-1,-1,-1
6,43,96,0,CA,Mariposa County Total Migration-US and Foreign,568,973,38141
6,43,97,0,CA,Mariposa County Total Migration-US,568,973,38141
6,43,97,1,CA,Mariposa County Total Migration-Same State,316,512,20992
6,43,97,3,CA,Mariposa County Total Migration-Different State,252,461,17149
6,43,6,43,CA,Mariposa County Non-migrants,6017,11409,422545
6,43,6,39,CA,Madera County,43,77,2257
6,43,6,47,CA,Merced County,36,67,1792
6,43,6,19,CA,Fresno County,33,60,1331
6,43,6,99,CA,Stanislaus County,25,37,1255
6,43,6,109,CA,Tuolumne County,23,44,1109
6,43,58,0,SS,Other flows - Same State,156,227,13249
6,43,59,0,DS,Other flows - Different State,252,461,17149
6,43,59,1,DS,Other flows - Northeast,-1,-1,-1
6,43,59,3,DS,Other flows - Midwest,33,66,1831
6,43,59,5,DS,Other flows - South,80,160,6100
6,43,59,7,DS,Other flows - West,139,235,9218
6,43,57,9,FR,Foreign - Other flows,-1,-1,-1
6,45,96,0,CA,Mendocino County Total Migration-US and Foreign,2085,3435,161508
6,45,97,0,CA,Mendocino County Total Migration-US,2085,3435,161508
6,45,97,1,CA,Mendocino County Total Migration-Same State,1249,2061,109321
6,45,97,3,CA,Mendocino County Total Migration-Different State,836,1374,52187
6,45,6,45,CA,Mendocino County Non-migrants,32777,62934,2358528
6,45,6,97,CA,Sonoma County,262,474,18606
6,45,6,33,CA,Lake County,163,346,7506
6,45,6,23,CA,Humboldt County,63,104,2773
6,45,6,1,CA,Alameda County,61,79,8080
6,45,6,67,CA,Sacramento County,60,90,3484
6,45,6,37,CA,Los Angeles County,56,74,2347
6,45,6,7,CA,Butte County,38,56,2644
6,45,6,75,CA,San Francisco County,37,43,4800
6,45,6,13,CA,Contra Costa County,35,55,2260
6,45,6,85,CA,Santa Clara County,33,45,1586
6,45,6,73,CA,San Diego County,31,47,2560
6,45,6,89,CA,Shasta County,31,60,3404
6,45,6,59,CA,Orange County,27,35,1891
6,45,6,65,CA,Riverside County,27,32,1173
6,45,6,61,CA,Placer County,26,46,2547
6,45,6,41,CA,Marin County,24,36,1491
6,45,6,95,CA,Solano County,22,36,1246
6,45,32,3,NV,Clark County,20,37,1951
6,45,58,0,SS,Other flows - Same State,253,413,15026
6,45,59,0,DS,Other flows - Different State,816,1337,50236
6,45,59,1,DS,Other flows - Northeast,66,101,4562
6,45,59,3,DS,Other flows - Midwest,104,157,6468
6,45,59,5,DS,Other flows - South,245,428,15980
6,45,59,7,DS,Other flows - West,401,651,23227
6,45,57,9,FR,Foreign - Other flows,-1,-1,-1
6,47,96,0,CA,Merced County Total Migration-US and Foreign,5523,10298,289483
6,47,97,0,CA,Merced County Total Migration-US,5523,10298,289483
6,47,97,1,CA,Merced County Total Migration-Same State,3933,7258,204678
6,47,97,3,CA,Merced County Total Migration-Different State,1590,3040,84804
6,47,6,47,CA,Merced County Non-migrants,96257,216943,5793425
6,47,6,99,CA,Stanislaus County,1001,1966,50806
6,47,6,85,CA,Santa Clara County,409,757,22484
6,47,6,19,CA,Fresno County,367,689,18875
6,47,6,77,CA,San Joaquin County,220,435,11376
6,47,6,39,CA,Madera County,217,453,11361
6,47,6,67,CA,Sacramento County,217,356,10375
6,47,6,37,CA,Los Angeles County,158,232,5276
6,47,6,1,CA,Alameda County,139,221,8800
6,47,6,73,CA,San Diego County,109,168,4468
6,47,6,53,CA,Monterey County,92,184,4495
6,47,6,65,CA,Riverside County,80,144,3473
6,47,4,13,AZ,Maricopa County,65,113,3625
6,47,6,43,CA,Mariposa County,63,116,2700
6,47,6,13,CA,Contra Costa County,62,109,4395
6,47,32,3,NV,Clark County,61,119,2244
6,47,6,71,CA,San Bernardino County,58,102,2456
6,47,6,29,CA,Kern County,53,119,1849
6,47,6,69,CA,San Benito County,53,105,2491
6,47,6,81,CA,San Mateo County,51,91,3567
6,47,6,87,CA,Santa Cruz County,51,86,1903
6,47,6,107,CA,Tulare County,50,88,1920
6,47,6,59,CA,Orange County,48,62,2760
6,47,6,75,CA,San Francisco County,44,55,2814
6,47,6,95,CA,Solano County,38,51,1626
6,47,6,109,CA,Tuolumne County,37,76,1503
6,47,6,97,CA,Sonoma County,35,62,2820
6,47,32,31,NV,Washoe County,32,55,2749
6,47,48,201,TX,Harris County,28,49,1093
6,47,6,31,CA,Kings County,26,59,1423
6,47,53,33,WA,King County,26,40,1251
6,47,6,61,CA,Placer County,23,42,1801
6,47,6,83,CA,Santa Barbara County,23,29,1008
6,47,6,7,CA,Butte County,22,40,1099
6,47,6,113,CA,Yolo County,22,45,1642
6,47,4,27,AZ,Yuma County,21,32,749
6,47,48,29,TX,Bexar County,20,56,1066
6,47,58,0,SS,Other flows - Same State,165,317,9808
6,47,59,0,DS,Other flows - Different State,1337,2576,72028
6,47,59,1,DS,Other flows - Northeast,82,116,3255
6,47,59,3,DS,Other flows - Midwest,224,413,10519
6,47,59,5,DS,Other flows - South,575,1201,32497
6,47,59,7,DS,Other flows - West,456,846,25757
6,47,57,9,FR,Foreign - Other flows,-1,-1,-1
6,49,96,0,CA,Modoc County Total Migration-US and Foreign,207,336,10244
6,49,97,0,CA,Modoc County Total Migration-US,207,336,10244
6,49,97,1,CA,Modoc County Total Migration-Same State,104,158,4188
6,49,97,3,CA,Modoc County Total Migration-Different State,103,178,6056
6,49,6,49,CA,Modoc County Non-migrants,2781,5679,158276
6,49,6,89,CA,Shasta County,22,36,908
6,49,58,0,SS,Other flows - Same State,82,122,3280
6,49,59,0,DS,Other flows - Different State,103,178,6056
6,49,59,1,DS,Other flows - Northeast,-1,-1,-1
6,49,59,3,DS,Other flows - Midwest,-1,-1,-1
6,49,59,5,DS,Other flows - South,29,49,2098
6,49,59,7,DS,Other flows - West,74,129,3958
6,51,96,0,CA,Mono County Total Migration-US and Foreign,576,925,61692
6,51,97,0,CA,Mono County Total Migration-US,576,925,61692
6,51,97,1,CA,Mono County Total Migration-Same State,274,431,38382
6,51,97,3,CA,Mono County Total Migration-Different State,302,494,23310
6,51,6,51,CA,Mono County Non-migrants,5039,9372,464483
6,51,6,27,CA,Inyo County,73,141,6318
6,51,6,37,CA,Los Angeles County,35,44,2201
6,51,6,73,CA,San Diego County,35,68,2876
6,51,32,31,NV,Washoe County,30,39,3037
6,51,6,65,CA,Riverside County,22,36,2630
6,51,58,0,SS,Other flows - Same State,109,147,24498
6,51,59,0,DS,Other flows - Different State,272,455,20273
6,51,59,1,DS,Other flows - Northeast,28,41,2375
6,51,59,3,DS,Other flows - Midwest,21,26,1230
6,51,59,5,DS,Other flows - South,50,89,3283
6,51,59,7,DS,Other flows - West,173,299,13385
6,51,57,9,FR,Foreign - Other flows,-1,-1,-1
6,53,96,0,CA,Monterey County Total Migration-US and Foreign,10141,17855,848713
6,53,97,0,CA,Monterey County Total Migration-US,9997,17509,836478
6,53,97,1,CA,Monterey County Total Migration-Same State,5316,8951,407520
6,53,97,3,CA,Monterey County Total Migration-Different State,4681,8558,428958
6,53,98,0,CA,Monterey County Total Migration-Foreign,144,346,12235
6,53,6,53,CA,Monterey County Non-migrants,164043,342205,15200263
6,53,6,85,CA,Santa Clara County,642,1003,59516
6,53,6,87,CA,Santa Cruz County,528,1002,29990
6,53,6,37,CA,Los Angeles County,362,487,23724
6,53,6,73,CA,San Diego County,327,529,28478
6,53,6,67,CA,Sacramento County,310,464,21065
6,53,6,19,CA,Fresno County,271,471,14525
6,53,6,69,CA,San Benito County,217,391,21764
6,53,6,47,CA,Merced County,206,448,11730
6,53,32,3,NV,Clark County,190,313,11297
6,53,6,79,CA,San Luis Obispo County,181,294,12027
6,53,6,1,CA,Alameda County,175,271,15678
6,53,4,27,AZ,Yuma County,172,342,8613
6,53,6,29,CA,Kern County,156,317,6273
6,53,4,13,AZ,Maricopa County,149,262,10279
6,53,6,59,CA,Orange County,146,231,9066
6,53,57,5,FR,Foreign - APO/FPO ZIPs,144,346,12235
6,53,6,75,CA,San Francisco County,140,177,22036
6,53,6,65,CA,Riverside County,138,247,9539
6,53,6,77,CA,San Joaquin County,115,190,6635
6,53,6,13,CA,Contra Costa County,113,192,13026
6,53,15,3,HI,Honolulu County,108,196,6484
6,53,48,29,TX,Bexar County,104,227,6416
6,53,6,111,CA,Ventura County,97,170,8837
6,53,6,99,CA,Stanislaus County,91,170,7084
6,53,6,81,CA,San Mateo County,84,115,10832
6,53,6,107,CA,Tulare County,81,178,4198
6,53,6,83,CA,Santa Barbara County,78,120,4067
6,53,24,3,MD,Anne Arundel County,77,163,4532
6,53,6,61,CA,Placer County,75,120,10491
6,53,53,33,WA,King County,75,96,6987
6,53,6,71,CA,San Bernardino County,71,125,3546
6,53,6,95,CA,Solano County,69,124,4311
6,53,6,39,CA,Madera County,67,165,3802
6,53,32,31,NV,Washoe County,67,107,7545
6,53,13,245,GA,Richmond County,65,89,2646
6,53,6,97,CA,Sonoma County,60,87,5572
6,53,6,31,CA,Kings County,56,99,3039
6,53,4,19,AZ,Pima County,53,104,4096
6,53,31,153,NE,Sarpy County,53,84,2546
6,53,41,51,OR,Multnomah County,52,68,3649
6,53,6,25,CA,Imperial County,50,96,1932
6,53,48,451,TX,Tom Green County,49,58,1373
6,53,51,59,VA,Fairfax County,49,130,4818
6,53,48,201,TX,Harris County,48,76,2908
6,53,48,453,TX,Travis County,46,64,5871
6,53,53,53,WA,Pierce County,43,90,3079
6,53,8,41,CO,El Paso County,41,85,2879
6,53,6,7,CA,Butte County,40,58,1793
6,53,6,41,CA,Marin County,40,59,6344
6,53,6,113,CA,Yolo County,39,55,2059
6,53,6,17,CA,El Dorado County,35,55,2858
6,53,16,1,ID,Ada County,34,63,5048
6,53,17,31,IL,Cook County,33,51,1723
6,53,41,67,OR,Washington County,32,56,1630
6,53,48,27,TX,Bell County,32,62,1681
6,53,6,57,CA,Nevada County,31,51,4243
6,53,36,61,NY,New York County,31,34,3441
6,53,49,35,UT,Salt Lake County,31,41,1597
6,53,31,55,NE,Douglas County,30,39,1056
6,53,48,439,TX,Tarrant County,30,47,2233
6,53,4,21,AZ,Pinal County,29,56,2127
6,53,13,73,GA,Columbia County,29,69,1670
6,53,37,51,NC,Cumberland County,29,62,1881
6,53,48,113,TX,Dallas County,29,52,3553
6,53,6,89,CA,Shasta County,27,44,1327
6,53,48,141,TX,El Paso County,27,52,1287
6,53,8,31,CO,Denver County,26,35,2245
6,53,6,109,CA,Tuolumne County,25,46,2273
6,53,53,61,WA,Snohomish County,25,39,1912
6,53,6,23,CA,Humboldt County,24,33,998
6,53,41,17,OR,Deschutes County,24,40,3100
6,53,51,810,VA,Virginia Beach city,24,60,2437
6,53,4,25,AZ,Yavapai County,23,41,2635
6,53,37,133,NC,Onslow County,23,43,1774
6,53,11,1,DC,District of Columbia,22,28,1930
6,53,12,33,FL,Escambia County,22,33,849
6,53,49,49,UT,Utah County,22,53,910
6,53,53,11,WA,Clark County,22,32,3230
6,53,25,17,MA,Middlesex County,21,31,1847
6,53,36,47,NY,Kings County,21,27,3484
6,53,47,37,TN,Davidson County,21,43,1540
6,53,51,153,VA,Prince William County,21,64,2571
6,53,37,125,NC,Moore County,20,65,2432
6,53,53,67,WA,Thurston County,20,40,1507
6,53,58,0,SS,Other flows - Same State,149,268,9770
6,53,59,0,DS,Other flows - Different State,2487,4654,260207
6,53,59,1,DS,Other flows - Northeast,270,481,24442
6,53,59,3,DS,Other flows - Midwest,374,667,31218
6,53,59,5,DS,Other flows - South,1186,2271,106701
6,53,59,7,DS,Other flows - West,657,1235,97846
6,53,57,9,FR,Foreign - Other flows,-1,-1,-1
6,55,96,0,CA,Napa County Total Migration-US and Foreign,3874,6403,449514
6,55,97,0,CA,Napa County Total Migration-US,3874,6403,449514
6,55,97,1,CA,Napa County Total Migration-Same State,2633,4303,263824
6,55,97,3,CA,Napa County Total Migration-Different State,1241,2100,185690
6,55,6,55,CA,Napa County Non-migrants,54237,107052,7604156
6,55,6,95,CA,Solano County,795,1459,54484
6,55,6,97,CA,Sonoma County,335,512,37955
6,55,6,13,CA,Contra Costa County,150,232,12713
6,55,6,75,CA,San Francisco County,125,155,27526
6,55,6,37,CA,Los Angeles County,124,176,12632
6,55,6,1,CA,Alameda County,120,178,18130
6,55,6,67,CA,Sacramento County,111,168,8805
6,55,6,33,CA,Lake County,76,155,5873
6,55,6,73,CA,San Diego County,73,97,6264
6,55,6,41,CA,Marin County,65,97,10542
6,55,6,85,CA,Santa Clara County,61,89,8280
6,55,6,61,CA,Placer County,58,87,5519
6,55,6,81,CA,San Mateo County,52,74,8621
6,55,6,113,CA,Yolo County,43,77,3436
6,55,6,59,CA,Orange County,39,67,4667
6,55,6,65,CA,Riverside County,37,67,6769
6,55,4,13,AZ,Maricopa County,36,54,6325
6,55,32,31,NV,Washoe County,35,59,13689
6,55,32,3,NV,Clark County,29,57,1897
6,55,6,17,CA,El Dorado County,28,47,3607
6,55,53,33,WA,King County,26,32,3517
6,55,48,453,TX,Travis County,25,36,3651
6,55,6,19,CA,Fresno County,23,32,1336
6,55,6,57,CA,Nevada County,23,40,1585
6,55,6,71,CA,San Bernardino County,22,39,1243
6,55,16,1,ID,Ada County,22,42,3362
6,55,41,51,OR,Multnomah County,22,27,1290
6,55,6,87,CA,Santa Cruz County,21,28,2882
6,55,58,0,SS,Other flows - Same State,252,429,23953
6,55,59,0,DS,Other flows - Different State,1046,1793,151959
6,55,59,1,DS,Other flows - Northeast,93,149,17319
6,55,59,3,DS,Other flows - Midwest,147,257,15429
6,55,59,5,DS,Other flows - South,376,645,56001
6,55,59,7,DS,Other flows - West,430,742,63209
6,55,57,9,FR,Foreign - Other flows,-1,-1,-1
6,57,96,0,CA,Nevada County Total Migration-US and Foreign,3717,6050,446363
6,57,97,0,CA,Nevada County Total Migration-US,3717,6050,446363
6,57,97,1,CA,Nevada County Total Migration-Same State,1984,3070,234265
6,57,97,3,CA,Nevada County Total Migration-Different State,1733,2980,212098
6,57,6,57,CA,Nevada County Non-migrants,40643,75808,4381335
6,57,6,61,CA,Placer County,504,817,85285
6,57,32,31,NV,Washoe County,297,494,46775
6,57,6,67,CA,Sacramento County,235,343,14057
6,57,6,37,CA,Los Angeles County,89,121,5899
6,57,6,7,CA,Butte County,79,112,3500
6,57,6,1,CA,Alameda County,77,117,15119
6,57,6,13,CA,Contra Costa County,73,125,12995
6,57,6,97,CA,Sonoma County,71,104,9808
6,57,6,115,CA,Yuba County,71,124,3511
6,57,6,73,CA,San Diego County,64,95,6406
6,57,6,75,CA,San Francisco County,61,70,12076
6,57,6,17,CA,El Dorado County,59,97,4818
6,57,6,85,CA,Santa Clara County,53,82,7481
6,57,6,113,CA,Yolo County,37,58,4146
6,57,4,13,AZ,Maricopa County,36,52,5480
6,57,6,23,CA,Humboldt County,36,54,2806
6,57,6,81,CA,San Mateo County,35,66,8259
6,57,6,87,CA,Santa Cruz County,33,47,2712
6,57,53,33,WA,King County,31,50,1754
6,57,32,3,NV,Clark County,30,47,2204
6,57,6,41,CA,Marin County,29,52,3736
6,57,6,59,CA,Orange County,29,42,1835
6,57,6,79,CA,San Luis Obispo County,28,49,3395
6,57,6,65,CA,Riverside County,27,44,2729
6,57,6,89,CA,Shasta County,27,37,1136
6,57,6,95,CA,Solano County,25,43,2216
6,57,6,19,CA,Fresno County,20,29,753
6,57,41,17,OR,Deschutes County,20,27,2057
6,57,58,0,SS,Other flows - Same State,222,342,19587
6,57,59,0,DS,Other flows - Different State,1319,2314,151187
6,57,59,1,DS,Other flows - Northeast,121,176,19097
6,57,59,3,DS,Other flows - Midwest,163,317,13546
6,57,59,5,DS,Other flows - South,420,811,62672
6,57,59,7,DS,Other flows - West,615,1010,55872
6,57,57,9,FR,Foreign - Other flows,-1,-1,-1
6,59,96,0,CA,Orange County Total Migration-US and Foreign,74579,126442,8430188
6,59,97,0,CA,Orange County Total Migration-US,74430,126144,8421575
6,59,97,1,CA,Orange County Total Migration-Same State,40805,67241,3688346
6,59,97,3,CA,Orange County Total Migration-Different State,33625,58903,4733228
6,59,98,0,CA,Orange County Total Migration-Foreign,149,298,8614
6,59,6,59,CA,Orange County Non-migrants,1279114,2509438,168700087
6,59,6,37,CA,Los Angeles County,16322,24663,1426807
6,59,6,65,CA,Riverside County,9452,18604,789680
6,59,6,73,CA,San Diego County,3940,5939,407796
6,59,6,71,CA,San Bernardino County,3786,6797,291402
6,59,4,13,AZ,Maricopa County,2103,3622,314377
6,59,32,3,NV,Clark County,2098,3557,540455
6,59,6,85,CA,Santa Clara County,1019,1448,130624
6,59,53,33,WA,King County,1013,1441,122368
6,59,6,75,CA,San Francisco County,654,765,85048
6,59,6,1,CA,Alameda County,621,913,58439
6,59,48,201,TX,Harris County,570,1080,49825
6,59,36,61,NY,New York County,552,626,77776
6,59,16,1,ID,Ada County,549,1122,88480
6,59,6,67,CA,Sacramento County,536,870,45692
6,59,48,85,TX,Collin County,534,1256,114559
6,59,48,453,TX,Travis County,533,827,92930
6,59,6,29,CA,Kern County,502,986,30525
6,59,6,111,CA,Ventura County,496,765,52069
6,59,48,121,TX,Denton County,481,1043,76750
6,59,48,439,TX,Tarrant County,478,987,86502
6,59,48,113,TX,Dallas County,469,764,66119
6,59,4,15,AZ,Mohave County,407,661,75685
6,59,17,31,IL,Cook County,387,535,43367
6,59,4,25,AZ,Yavapai County,369,632,58175
6,59,49,35,UT,Salt Lake County,351,603,42630
6,59,48,29,TX,Bexar County,338,702,33086
6,59,6,13,CA,Contra Costa County,325,534,44362
6,59,48,491,TX,Williamson County,323,643,36222
6,59,6,81,CA,San Mateo County,315,426,40982
6,59,47,187,TN,Williamson County,304,789,115746
6,59,41,51,OR,Multnomah County,295,400,21907
6,59,15,3,HI,Honolulu County,289,516,26230
6,59,6,79,CA,San Luis Obispo County,285,441,35723
6,59,6,19,CA,Fresno County,275,492,17402
6,59,6,83,CA,Santa Barbara County,275,392,25604
6,59,8,31,CO,Denver County,266,327,29825
6,59,47,37,TN,Davidson County,264,349,35835
6,59,4,19,AZ,Pima County,257,423,24242
6,59,36,47,NY,Kings County,239,286,26050
6,59,32,31,NV,Washoe County,225,384,43985
6,59,53,53,WA,Pierce County,222,387,19128
6,59,41,67,OR,Washington County,219,330,16924
6,59,6,61,CA,Placer County,217,402,23031
6,59,8,41,CO,El Paso County,215,374,16097
6,59,53,61,WA,Snohomish County,212,353,20218
6,59,49,49,UT,Utah County,210,420,18805
6,59,53,11,WA,Clark County,210,354,22672
6,59,12,86,FL,Miami-Dade County,205,342,62179
6,59,4,21,AZ,Pinal County,200,388,21078
6,59,12,95,FL,Orange County,193,367,21077
6,59,12,99,FL,Palm Beach County,185,329,39090
6,59,16,27,ID,Canyon County,182,378,21077
6,59,6,97,CA,Sonoma County,181,268,23140
6,59,12,11,FL,Broward County,175,290,30749
6,59,37,119,NC,Mecklenburg County,171,290,20005
6,59,49,53,UT,Washington County,171,296,24143
6,59,8,35,CO,Douglas County,169,338,44294
6,59,37,183,NC,Wake County,168,330,20465
6,59,25,17,MA,Middlesex County,167,263,26952
6,59,48,157,TX,Fort Bend County,167,361,15208
6,59,48,339,TX,Montgomery County,166,389,22357
6,59,6,107,CA,Tulare County,157,290,11163
6,59,8,5,CO,Arapahoe County,157,243,17649
6,59,16,55,ID,Kootenai County,153,309,29353
6,59,11,1,DC,District of Columbia,130,158,10578
6,59,13,135,GA,Gwinnett County,130,284,8788
6,59,51,59,VA,Fairfax County,130,231,14355
6,59,6,77,CA,San Joaquin County,128,230,8577
6,59,6,53,CA,Monterey County,127,188,34461
6,59,12,57,FL,Hillsborough County,127,238,20366
6,59,57,5,FR,Foreign - APO/FPO ZIPs,124,260,7729
6,59,41,5,OR,Clackamas County,119,202,10916
6,59,8,59,CO,Jefferson County,115,160,7981
6,59,13,121,GA,Fulton County,115,210,16273
6,59,36,81,NY,Queens County,113,143,7696
6,59,25,25,MA,Suffolk County,111,132,7900
6,59,47,93,TN,Knox County,108,243,13497
6,59,41,17,OR,Deschutes County,106,182,11427
6,59,48,141,TX,El Paso County,105,185,6295
6,59,26,125,MI,Oakland County,104,167,14274
6,59,6,95,CA,Solano County,102,168,7631
6,59,53,63,WA,Spokane County,102,169,9262
6,59,8,69,CO,Larimer County,101,148,12992
6,59,47,165,TN,Sumner County,99,230,13373
6,59,8,1,CO,Adams County,98,144,7370
6,59,12,9,FL,Brevard County,98,168,9370
6,59,42,101,PA,Philadelphia County,96,117,8186
6,59,12,103,FL,Pinellas County,95,154,21727
6,59,47,149,TN,Rutherford County,95,205,9178
6,59,34,17,NJ,Hudson County,94,123,17748
6,59,6,113,CA,Yolo County,92,114,4640
6,59,12,31,FL,Duval County,90,156,8593
6,59,47,119,TN,Maury County,90,180,8370
6,59,8,13,CO,Boulder County,87,142,10251
6,59,6,87,CA,Santa Cruz County,86,114,11177
6,59,27,53,MN,Hennepin County,86,133,10954
6,59,41,39,OR,Lane County,86,135,6883
6,59,5,7,AR,Benton County,82,161,8228
6,59,35,1,NM,Bernalillo County,82,131,6315
6,59,39,49,OH,Franklin County,82,119,13267
6,59,42,3,PA,Allegheny County,82,131,8308
6,59,48,91,TX,Comal County,80,163,14609
6,59,41,29,OR,Jackson County,79,133,5870
6,59,15,1,HI,Hawaii County,78,140,17028
6,59,4,5,AZ,Coconino County,76,112,6239
6,59,40,109,OK,Oklahoma County,76,145,5009
6,59,47,189,TN,Wilson County,76,164,7915
6,59,6,17,CA,El Dorado County,75,120,6930
6,59,48,209,TX,Hays County,75,173,11033
6,59,17,43,IL,DuPage County,74,144,11954
6,59,40,143,OK,Tulsa County,74,129,4517
6,59,6,99,CA,Stanislaus County,72,113,3910
6,59,12,71,FL,Lee County,72,119,13239
6,59,12,109,FL,St. Johns County,72,181,15786
6,59,26,163,MI,Wayne County,71,146,9122
6,59,53,35,WA,Kitsap County,70,114,7181
6,59,6,41,CA,Marin County,69,103,21004
6,59,12,21,FL,Collier County,68,134,24673
6,59,12,115,FL,Sarasota County,67,129,15978
6,59,41,47,OR,Marion County,67,111,4514
6,59,48,367,TX,Parker County,67,170,11448
6,59,45,45,SC,Greenville County,66,132,8543
6,59,15,9,HI,Maui County,65,103,9552
6,59,6,7,CA,Butte County,63,88,5109
6,59,53,67,WA,Thurston County,63,110,5353
6,59,6,47,CA,Merced County,62,104,2531
6,59,45,19,SC,Charleston County,62,110,7483
6,59,6,23,CA,Humboldt County,61,80,3304
6,59,12,81,FL,Manatee County,60,108,9328
6,59,24,31,MD,Montgomery County,60,104,6394
6,59,30,29,MT,Flathead County,60,120,11371
6,59,34,3,NJ,Bergen County,60,117,6867
6,59,51,13,VA,Arlington County,60,88,4822
6,59,48,27,TX,Bell County,59,132,4055
6,59,4,27,AZ,Yuma County,58,104,2768
6,59,29,189,MO,St. Louis County,58,107,6874
6,59,25,21,MA,Norfolk County,57,91,6158
6,59,39,35,OH,Cuyahoga County,57,92,8092
6,59,49,11,UT,Davis County,57,114,5040
6,59,55,25,WI,Dane County,57,91,5593
6,59,20,91,KS,Johnson County,56,105,6243
6,59,6,25,CA,Imperial County,55,93,1890
6,59,6,89,CA,Shasta County,55,96,4553
6,59,17,97,IL,Lake County,55,90,10401
6,59,31,55,NE,Douglas County,53,93,4702
6,59,47,125,TN,Montgomery County,53,90,4516
6,59,13,89,GA,DeKalb County,52,81,3251
6,59,18,57,IN,Hamilton County,52,116,10922
6,59,30,31,MT,Gallatin County,52,83,9020
6,59,37,133,NC,Onslow County,52,94,3299
6,59,48,309,TX,McLennan County,52,98,5406
6,59,53,73,WA,Whatcom County,52,84,4146
6,59,6,31,CA,Kings County,51,92,3026
6,59,36,103,NY,Suffolk County,51,63,5690
6,59,47,157,TN,Shelby County,51,89,6886
6,59,49,21,UT,Iron County,51,103,6576
6,59,13,67,GA,Cobb County,50,96,6780
6,59,21,111,KY,Jefferson County,50,90,5183
6,59,45,13,SC,Beaufort County,50,92,11896
6,59,48,397,TX,Rockwall County,50,125,7997
6,59,29,95,MO,Jackson County,49,81,4364
6,59,12,127,FL,Volusia County,48,85,5255
6,59,34,23,NJ,Middlesex County,48,86,4041
6,59,6,55,CA,Napa County,47,67,6310
6,59,6,57,CA,Nevada County,46,65,5578
6,59,8,123,CO,Weld County,46,79,6277
6,59,49,57,UT,Weber County,46,76,3487
6,59,37,63,NC,Durham County,45,57,2672
6,59,51,810,VA,Virginia Beach city,45,72,3114
6,59,12,101,FL,Pasco County,44,95,4936
6,59,1,89,AL,Madison County,43,69,3521
6,59,15,7,HI,Kauai County,43,73,7242
6,59,6,39,CA,Madera County,42,80,2744
6,59,12,117,FL,Seminole County,42,82,5065
6,59,48,167,TX,Galveston County,42,80,3146
6,59,20,173,KS,Sedgwick County,41,66,2302
6,59,41,33,OR,Josephine County,41,66,2832
6,59,42,91,PA,Montgomery County,41,65,5687
6,59,47,65,TN,Hamilton County,41,84,5101
6,59,51,107,VA,Loudoun County,41,90,4743
6,59,9,170,CT,South Central Connecticut Plannin,40,51,2846
6,59,9,190,CT,Western Connecticut Planning Regi,40,76,14368
6,59,18,97,IN,Marion County,40,68,3571
6,59,24,510,MD,Baltimore city,40,45,2212
6,59,36,119,NY,Westchester County,40,67,5577
6,59,53,29,WA,Island County,40,63,3891
6,59,55,79,WI,Milwaukee County,40,64,4717
6,59,12,97,FL,Osceola County,39,64,2992
6,59,37,179,NC,Union County,39,80,4874
6,59,9,110,CT,Capitol Planning Region,38,68,3830
6,59,27,123,MN,Ramsey County,38,68,2833
6,59,32,5,NV,Douglas County,37,58,12016
6,59,36,59,NY,Nassau County,37,73,6050
6,59,37,81,NC,Guilford County,37,61,2546
6,59,26,161,MI,Washtenaw County,36,56,2738
6,59,39,61,OH,Hamilton County,36,61,3143
6,59,49,43,UT,Summit County,36,72,54423
6,59,17,89,IL,Kane County,35,67,2694
6,59,24,3,MD,Anne Arundel County,35,60,4629
6,59,42,29,PA,Chester County,35,66,11193
6,59,5,143,AR,Washington County,34,62,1766
6,59,6,51,CA,Mono County,34,49,2996
6,59,25,9,MA,Essex County,34,56,3450
6,59,26,81,MI,Kent County,34,66,4275
6,59,30,111,MT,Yellowstone County,34,57,2451
6,59,37,129,NC,New Hanover County,34,51,3363
6,59,12,105,FL,Polk County,33,72,2534
6,59,22,71,LA,Orleans Parish,33,42,2061
6,59,32,23,NV,Nye County,33,53,2495
6,59,34,27,NJ,Morris County,33,62,8548
6,59,37,51,NC,Cumberland County,33,52,1940
6,59,48,39,TX,Brazoria County,33,72,5282
6,59,48,139,TX,Ellis County,33,69,4066
6,59,49,5,UT,Cache County,33,49,1623
6,59,53,5,WA,Benton County,33,73,2706
6,59,13,57,GA,Cherokee County,32,63,2959
6,59,13,117,GA,Forsyth County,32,78,4270
6,59,24,5,MD,Baltimore County,32,45,2130
6,59,45,15,SC,Berkeley County,32,55,3554
6,59,47,9,TN,Blount County,32,73,4635
6,59,48,41,TX,Brazos County,32,63,3122
6,59,2,20,AK,Anchorage Municipality,31,47,2268
6,59,12,33,FL,Escambia County,31,52,3050
6,59,12,91,FL,Okaloosa County,31,64,2426
6,59,19,153,IA,Polk County,31,50,2605
6,59,32,510,NV,Carson City,31,48,2251
6,59,36,29,NY,Erie County,31,56,3721
6,59,48,257,TX,Kaufman County,31,69,3075
6,59,51,153,VA,Prince William County,31,65,3081
6,59,13,51,GA,Chatham County,30,56,3070
6,59,37,67,NC,Forsyth County,30,63,1899
6,59,40,27,OK,Cleveland County,30,46,1505
6,59,45,91,SC,York County,30,75,4165
6,59,48,423,TX,Smith County,30,55,3366
6,59,1,73,AL,Jefferson County,29,58,3239
6,59,12,83,FL,Marion County,29,48,2395
6,59,25,27,MA,Worcester County,29,44,2446
6,59,41,3,OR,Benton County,29,50,1746
6,59,41,19,OR,Douglas County,29,39,1873
6,59,8,14,CO,Broomfield County,28,41,2278
6,59,24,33,MD,Prince George's County,28,42,2045
6,59,48,187,TX,Guadalupe County,28,63,2569
6,59,48,251,TX,Johnson County,28,52,1989
6,59,29,183,MO,St. Charles County,27,55,3492
6,59,34,13,NJ,Essex County,27,45,3700
6,59,39,113,OH,Montgomery County,27,33,1467
6,59,41,43,OR,Linn County,27,45,1011
6,59,55,29,WI,Door County,27,33,1010
6,59,5,119,AR,Pulaski County,26,40,1804
6,59,8,77,CO,Mesa County,26,41,2392
6,59,12,69,FL,Lake County,26,41,1989
6,59,30,63,MT,Missoula County,26,41,2877
6,59,35,43,NM,Sandoval County,26,50,2443
6,59,35,49,NM,Santa Fe County,26,44,9675
6,59,37,97,NC,Iredell County,26,52,4270
6,59,41,53,OR,Polk County,26,43,1436
6,59,46,99,SD,Minnehaha County,26,44,1834
6,59,46,103,SD,Pennington County,26,46,4585
6,59,47,105,TN,Loudon County,26,43,4401
6,59,49,51,UT,Wasatch County,26,63,11050
6,59,51,710,VA,Norfolk city,26,34,1486
6,59,55,133,WI,Waukesha County,26,52,2973
6,59,16,19,ID,Bonneville County,25,54,2739
6,59,17,197,IL,Will County,25,44,1764
6,59,27,37,MN,Dakota County,25,43,1526
6,59,31,109,NE,Lancaster County,25,41,1869
6,59,45,51,SC,Horry County,25,48,2028
6,59,45,83,SC,Spartanburg County,25,64,4699
6,59,57,3,FR,Foreign - Puerto Rico,25,38,885
6,59,12,113,FL,Santa Rosa County,24,45,2455
6,59,26,99,MI,Macomb County,24,48,2392
6,59,33,15,NH,Rockingham County,24,53,2985
6,59,37,21,NC,Buncombe County,24,35,2407
6,59,53,77,WA,Yakima County,24,30,690
6,59,12,119,FL,Sumter County,23,36,3374
6,59,16,13,ID,Blaine County,23,41,5728
6,59,27,3,MN,Anoka County,23,45,1591
6,59,29,77,MO,Greene County,23,47,1477
6,59,32,19,NV,Lyon County,23,37,2439
6,59,35,13,NM,Doña Ana County,23,45,1591
6,59,37,25,NC,Cabarrus County,23,41,2188
6,59,37,125,NC,Moore County,23,35,2883
6,59,51,760,VA,Richmond city,23,38,1979
6,59,16,83,ID,Twin Falls County,22,46,1717
6,59,30,81,MT,Ravalli County,22,36,2646
6,59,36,55,NY,Monroe County,22,30,3512
6,59,48,215,TX,Hidalgo County,22,44,1541
6,59,48,259,TX,Kendall County,22,49,3206
6,59,8,67,CO,La Plata County,21,36,1717
6,59,10,3,DE,New Castle County,21,41,2000
6,59,16,17,ID,Bonner County,21,40,2412
6,59,22,33,LA,East Baton Rouge Parish,21,37,1780
6,59,24,27,MD,Howard County,21,45,2523
6,59,39,57,OH,Greene County,21,42,2257
6,59,45,79,SC,Richland County,21,53,2711
6,59,51,510,VA,Alexandria city,21,32,2930
6,59,4,7,AZ,Gila County,20,35,2751
6,59,21,67,KY,Fayette County,20,36,1820
6,59,37,71,NC,Gaston County,20,35,3146
6,59,39,165,OH,Warren County,20,44,2278
6,59,42,17,PA,Bucks County,20,33,2476
6,59,51,41,VA,Chesterfield County,20,40,1927
6,59,53,57,WA,Skagit County,20,37,2690
6,59,58,0,SS,Other flows - Same State,180,282,12485
6,59,59,0,DS,Other flows - Different State,5561,9721,613241
6,59,59,1,DS,Other flows - Northeast,861,1380,104532
6,59,59,3,DS,Other flows - Midwest,1398,2436,126450
6,59,59,5,DS,Other flows - South,2471,4482,246740
6,59,59,7,DS,Other flows - West,831,1423,135519
6,59,57,9,FR,Foreign - Other flows,-1,-1,-1
6,61,96,0,CA,Placer County Total Migration-US and Foreign,13003,22700,1360512
6,61,97,0,CA,Placer County Total Migration-US,12958,22614,1357206
6,61,97,1,CA,Placer County Total Migration-Same State,7740,12647,764329
6,61,97,3,CA,Placer County Total Migration-Different State,5218,9967,592877
6,61,98,0,CA,Placer County Total Migration-Foreign,45,86,3306
6,61,6,61,CA,Placer County Non-migrants,156520,327755,20923932
6,61,6,67,CA,Sacramento County,3414,5509,271055
6,61,6,57,CA,Nevada County,580,1006,54042
6,61,6,17,CA,El Dorado County,402,727,45111
6,61,32,31,NV,Washoe County,357,556,49979
6,61,6,115,CA,Yuba County,317,646,23195
6,61,6,73,CA,San Diego County,257,412,29059
6,61,6,37,CA,Los Angeles County,256,336,30139
6,61,6,85,CA,Santa Clara County,216,316,34679
6,61,6,13,CA,Contra Costa County,179,330,32529
6,61,4,13,AZ,Maricopa County,171,306,23119
6,61,6,1,CA,Alameda County,166,262,21381
6,61,6,59,CA,Orange County,150,253,21797
6,61,6,113,CA,Yolo County,146,221,11390
6,61,6,75,CA,San Francisco County,140,172,37445
6,61,32,3,NV,Clark County,138,237,17411
6,61,16,1,ID,Ada County,129,229,12904
6,61,6,7,CA,Butte County,119,194,8357
6,61,6,95,CA,Solano County,115,177,11527
6,61,6,101,CA,Sutter County,115,180,7641
6,61,6,97,CA,Sonoma County,112,164,8960
6,61,6,81,CA,San Mateo County,100,159,13584
6,61,53,33,WA,King County,94,129,7832
6,61,6,77,CA,San Joaquin County,88,134,6180
6,61,6,65,CA,Riverside County,86,169,10805
6,61,6,19,CA,Fresno County,62,108,5446
6,61,6,89,CA,Shasta County,57,101,4729
6,61,41,51,OR,Multnomah County,55,69,2886
6,61,48,439,TX,Tarrant County,53,111,12909
6,61,6,53,CA,Monterey County,52,78,4819
6,61,16,27,ID,Canyon County,51,120,5869
6,61,48,453,TX,Travis County,50,69,7448
6,61,49,49,UT,Utah County,50,124,3681
6,61,4,19,AZ,Pima County,48,92,4822
6,61,6,79,CA,San Luis Obispo County,46,67,4777
6,61,6,87,CA,Santa Cruz County,45,72,5679
6,61,57,5,FR,Foreign - APO/FPO ZIPs,45,86,3306
6,61,47,187,TN,Williamson County,44,127,10644
6,61,48,29,TX,Bexar County,44,111,3937
6,61,6,71,CA,San Bernardino County,43,71,2995
6,61,53,11,WA,Clark County,43,71,6284
6,61,48,121,TX,Denton County,42,99,7287
6,61,53,53,WA,Pierce County,41,78,4283
6,61,41,67,OR,Washington County,40,72,2692
6,61,6,99,CA,Stanislaus County,39,55,3199
6,61,32,19,NV,Lyon County,39,66,4610
6,61,15,3,HI,Honolulu County,38,82,5100
6,61,4,25,AZ,Yavapai County,37,56,4505
6,61,48,85,TX,Collin County,37,100,5474
6,61,6,41,CA,Marin County,36,56,5962
6,61,6,111,CA,Ventura County,36,56,5118
6,61,48,201,TX,Harris County,36,67,3159
6,61,48,113,TX,Dallas County,35,56,5117
6,61,16,55,ID,Kootenai County,34,61,8338
6,61,41,17,OR,Deschutes County,34,53,5512
6,61,49,35,UT,Salt Lake County,34,45,2145
6,61,37,183,NC,Wake County,32,73,4181
6,61,47,93,TN,Knox County,31,73,5075
6,61,53,63,WA,Spokane County,31,52,2911
6,61,6,23,CA,Humboldt County,30,43,2153
6,61,6,83,CA,Santa Barbara County,30,42,2654
6,61,6,5,CA,Amador County,29,56,2813
6,61,12,57,FL,Hillsborough County,29,65,2900
6,61,32,510,NV,Carson City,29,48,2074
6,61,17,31,IL,Cook County,28,36,2431
6,61,41,29,OR,Jackson County,28,36,2015
6,61,47,119,TN,Maury County,28,79,3877
6,61,4,21,AZ,Pinal County,27,46,2668
6,61,32,5,NV,Douglas County,27,38,4369
6,61,48,491,TX,Williamson County,27,50,1935
6,61,8,41,CO,El Paso County,26,49,2095
6,61,36,61,NY,New York County,26,26,2679
6,61,6,9,CA,Calaveras County,25,45,2557
6,61,41,39,OR,Lane County,24,30,1160
6,61,47,149,TN,Rutherford County,24,58,2622
6,61,48,91,TX,Comal County,24,62,3158
6,61,53,61,WA,Snohomish County,24,39,1651
6,61,48,339,TX,Montgomery County,23,60,2629
6,61,6,55,CA,Napa County,22,31,1636
6,61,8,31,CO,Denver County,22,28,2266
6,61,47,37,TN,Davidson County,22,31,2020
6,61,8,35,CO,Douglas County,21,47,3487
6,61,12,103,FL,Pinellas County,21,36,1777
6,61,36,47,NY,Kings County,21,23,2125
6,61,48,367,TX,Parker County,21,61,3150
6,61,5,7,AR,Benton County,20,47,2344
6,61,6,107,CA,Tulare County,20,44,1079
6,61,35,1,NM,Bernalillo County,20,34,1217
6,61,45,83,SC,Spartanburg County,20,58,1676
6,61,58,0,SS,Other flows - Same State,210,358,18977
6,61,59,0,DS,Other flows - Different State,2768,5501,290336
6,61,59,1,DS,Other flows - Northeast,246,403,20123
6,61,59,3,DS,Other flows - Midwest,432,833,43693
6,61,59,5,DS,Other flows - South,1384,2998,158278
6,61,59,7,DS,Other flows - West,706,1267,68242
6,61,57,9,FR,Foreign - Other flows,-1,-1,-1
6,63,96,0,CA,Plumas County Total Migration-US and Foreign,725,1303,57334
6,63,97,0,CA,Plumas County Total Migration-US,725,1303,57334
6,63,97,1,CA,Plumas County Total Migration-Same State,371,661,29719
6,63,97,3,CA,Plumas County Total Migration-Different State,354,642,27615
6,63,6,63,CA,Plumas County Non-migrants,7096,13543,568918
6,63,32,31,NV,Washoe County,79,132,4516
6,63,6,7,CA,Butte County,70,121,4562
6,63,6,35,CA,Lassen County,52,125,3023
6,63,6,67,CA,Sacramento County,28,44,1499
6,63,6,61,CA,Placer County,22,44,2314
6,63,58,0,SS,Other flows - Same State,199,331,13584
6,63,59,0,DS,Other flows - Different State,275,510,23100
6,63,59,1,DS,Other flows - Northeast,-1,-1,-1
6,63,59,3,DS,Other flows - Midwest,37,76,2085
6,63,59,5,DS,Other flows - South,72,150,6802
6,63,59,7,DS,Other flows - West,166,284,14213
6,63,57,9,FR,Foreign - Other flows,-1,-1,-1
6,65,96,0,CA,Riverside County Total Migration-US and Foreign,57357,104167,4237112
6,65,97,0,CA,Riverside County Total Migration-US,57191,103760,4226847
6,65,97,1,CA,Riverside County Total Migration-Same State,32446,56226,2204163
6,65,97,3,CA,Riverside County Total Migration-Different State,24745,47534,2022685
6,65,98,0,CA,Riverside County Total Migration-Foreign,166,407,10265
6,65,6,65,CA,Riverside County Non-migrants,888463,1855694,67718488
6,65,6,71,CA,San Bernardino County,10126,18863,557249
6,65,6,37,CA,Los Angeles County,6867,11086,485018
6,65,6,59,CA,Orange County,5613,9598,457861
6,65,6,73,CA,San Diego County,4956,8464,367339
6,65,4,13,AZ,Maricopa County,1653,3100,127491
6,65,32,3,NV,Clark County,1621,2981,152140
6,65,4,15,AZ,Mohave County,587,1069,56635
6,65,6,25,CA,Imperial County,456,946,16520
6,65,6,29,CA,Kern County,445,866,20954
6,65,53,33,WA,King County,392,579,39513
6,65,6,111,CA,Ventura County,386,659,28186
6,65,6,85,CA,Santa Clara County,370,524,35028
6,65,48,201,TX,Harris County,355,736,19324
6,65,48,439,TX,Tarrant County,351,737,28936
6,65,48,29,TX,Bexar County,327,758,21016
6,65,6,67,CA,Sacramento County,314,496,18286
6,65,4,25,AZ,Yavapai County,310,605,29295
6,65,6,1,CA,Alameda County,297,420,20122
6,65,16,1,ID,Ada County,264,561,27683
6,65,4,19,AZ,Pima County,251,433,15096
6,65,4,21,AZ,Pinal County,246,499,17863
6,65,48,85,TX,Collin County,222,487,21934
6,65,6,19,CA,Fresno County,218,403,11723
6,65,15,3,HI,Honolulu County,214,425,12838
6,65,48,113,TX,Dallas County,207,341,14430
6,65,6,75,CA,San Francisco County,198,230,20848
6,65,48,121,TX,Denton County,198,411,16621
6,65,8,41,CO,El Paso County,193,393,13938
6,65,49,35,UT,Salt Lake County,186,350,9977
6,65,48,453,TX,Travis County,181,298,16586
6,65,17,31,IL,Cook County,180,263,20286
6,65,41,51,OR,Multnomah County,180,241,10793
6,65,48,339,TX,Montgomery County,172,403,16500
6,65,6,13,CA,Contra Costa County,167,271,12580
6,65,57,5,FR,Foreign - APO/FPO ZIPs,166,407,10265
6,65,4,27,AZ,Yuma County,159,314,11695
6,65,53,53,WA,Pierce County,158,272,9835
6,65,48,491,TX,Williamson County,155,317,13084
6,65,49,53,UT,Washington County,153,365,21427
6,65,6,83,CA,Santa Barbara County,150,231,11045
6,65,32,31,NV,Washoe County,150,259,15694
6,65,48,141,TX,El Paso County,148,303,7340
6,65,16,27,ID,Canyon County,139,323,12066
6,65,49,49,UT,Utah County,135,278,8362
6,65,16,55,ID,Kootenai County,133,287,22871
6,65,6,79,CA,San Luis Obispo County,129,199,13912
6,65,6,81,CA,San Mateo County,126,185,20084
6,65,6,77,CA,San Joaquin County,124,236,7235
6,65,6,107,CA,Tulare County,121,242,6353
6,65,36,61,NY,New York County,118,137,13198
6,65,6,53,CA,Monterey County,115,186,7037
6,65,6,61,CA,Placer County,114,194,10830
6,65,41,67,OR,Washington County,114,195,8833
6,65,48,27,TX,Bell County,114,257,7557
6,65,6,97,CA,Sonoma County,111,180,7612
6,65,53,63,WA,Spokane County,105,209,4945
6,65,47,37,TN,Davidson County,103,152,6756
6,65,40,109,OK,Oklahoma County,98,202,7343
6,65,48,157,TX,Fort Bend County,95,206,5843
6,65,6,99,CA,Stanislaus County,94,162,4101
6,65,8,31,CO,Denver County,94,121,9119
6,65,12,11,FL,Broward County,92,146,9474
6,65,53,11,WA,Clark County,92,168,7716
6,65,53,35,WA,Kitsap County,92,169,11522
6,65,53,61,WA,Snohomish County,90,174,6282
6,65,12,95,FL,Orange County,88,158,6970
6,65,37,133,NC,Onslow County,86,223,4428
6,65,47,93,TN,Knox County,85,199,7752
6,65,48,367,TX,Parker County,85,220,9094
6,65,12,31,FL,Duval County,84,182,5411
6,65,41,39,OR,Lane County,83,127,4698
6,65,36,47,NY,Kings County,81,106,6381
6,65,48,91,TX,Comal County,80,234,9314
6,65,47,125,TN,Montgomery County,78,181,5584
6,65,8,5,CO,Arapahoe County,77,122,3895
6,65,8,1,CO,Adams County,76,126,3615
6,65,8,35,CO,Douglas County,76,163,8048
6,65,47,187,TN,Williamson County,74,185,11997
6,65,6,23,CA,Humboldt County,73,95,3303
6,65,6,89,CA,Shasta County,73,126,3496
6,65,47,165,TN,Sumner County,73,176,5961
6,65,12,57,FL,Hillsborough County,72,153,5786
6,65,6,95,CA,Solano County,71,132,4398
6,65,35,1,NM,Bernalillo County,71,101,3641
6,65,40,143,OK,Tulsa County,71,145,4437
6,65,4,5,AZ,Coconino County,69,103,4591
6,65,12,86,FL,Miami-Dade County,69,115,9310
6,65,47,149,TN,Rutherford County,69,165,5048
6,65,41,17,OR,Deschutes County,68,104,5481
6,65,41,47,OR,Marion County,68,111,2976
6,65,47,65,TN,Hamilton County,68,143,5832
6,65,6,31,CA,Kings County,67,107,1911
6,65,6,7,CA,Butte County,66,97,2606
6,65,27,53,MN,Hennepin County,66,110,11718
6,65,48,187,TX,Guadalupe County,66,158,4851
6,65,13,135,GA,Gwinnett County,65,120,3373
6,65,13,121,GA,Fulton County,64,109,5434
6,65,37,119,NC,Mecklenburg County,63,122,5589
6,65,5,7,AR,Benton County,62,142,4755
6,65,48,397,TX,Rockwall County,62,158,7345
6,65,6,87,CA,Santa Cruz County,61,94,3805
6,65,41,5,OR,Clackamas County,61,92,5650
6,65,6,113,CA,Yolo County,60,97,2708
6,65,37,183,NC,Wake County,60,104,5736
6,65,12,9,FL,Brevard County,57,103,4089
6,65,39,49,OH,Franklin County,57,90,2704
6,65,47,189,TN,Wilson County,57,168,5508
6,65,4,12,AZ,La Paz County,56,85,2530
6,65,53,67,WA,Thurston County,55,100,4164
6,65,49,11,UT,Davis County,54,120,4089
6,65,51,810,VA,Virginia Beach city,54,101,2660
6,65,15,1,HI,Hawaii County,53,97,3925
6,65,35,13,NM,Doña Ana County,53,97,3707
6,65,41,29,OR,Jackson County,53,85,3898
6,65,49,21,UT,Iron County,53,108,4290
6,65,36,81,NY,Queens County,52,63,2745
6,65,6,47,CA,Merced County,51,105,2501
6,65,12,99,FL,Palm Beach County,51,78,3859
6,65,51,59,VA,Fairfax County,51,82,3454
6,65,8,59,CO,Jefferson County,50,79,5840
6,65,48,139,TX,Ellis County,50,124,4694
6,65,45,45,SC,Greenville County,49,115,4331
6,65,1,89,AL,Madison County,48,87,3293
6,65,12,71,FL,Lee County,48,83,3361
6,65,47,9,TN,Blount County,48,101,4277
6,65,6,17,CA,El Dorado County,47,94,4374
6,65,48,209,TX,Hays County,47,92,2983
6,65,47,157,TN,Shelby County,46,106,3204
6,65,48,309,TX,McLennan County,46,112,2812
6,65,48,423,TX,Smith County,46,108,4187
6,65,8,123,CO,Weld County,45,93,3532
6,65,12,103,FL,Pinellas County,45,65,2657
6,65,18,97,IN,Marion County,45,87,1825
6,65,25,17,MA,Middlesex County,44,71,4591
6,65,32,5,NV,Douglas County,44,75,5225
6,65,8,69,CO,Larimer County,43,75,5451
6,65,11,1,DC,District of Columbia,43,55,3191
6,65,48,257,TX,Kaufman County,43,115,3076
6,65,29,95,MO,Jackson County,42,76,2913
6,65,47,119,TN,Maury County,42,112,4356
6,65,20,91,KS,Johnson County,41,79,2731
6,65,24,31,MD,Montgomery County,41,83,2369
6,65,29,189,MO,St. Louis County,41,72,2648
6,65,46,99,SD,Minnehaha County,41,82,2783
6,65,6,41,CA,Marin County,40,65,4797
6,65,18,57,IN,Hamilton County,40,93,3439
6,65,37,51,NC,Cumberland County,40,83,1906
6,65,12,101,FL,Pasco County,39,70,2839
6,65,46,103,SD,Pennington County,39,84,4622
6,65,48,215,TX,Hidalgo County,39,83,2667
6,65,48,303,TX,Lubbock County,39,72,2264
6,65,12,33,FL,Escambia County,38,62,2303
6,65,30,29,MT,Flathead County,38,63,3675
6,65,53,73,WA,Whatcom County,38,57,1870
6,65,4,17,AZ,Navajo County,37,63,2186
6,65,6,57,CA,Nevada County,37,63,2405
6,65,12,81,FL,Manatee County,37,70,4908
6,65,12,83,FL,Marion County,37,73,3369
6,65,12,105,FL,Polk County,37,76,2878
6,65,12,127,FL,Volusia County,37,64,3539
6,65,16,83,ID,Twin Falls County,37,92,2373
6,65,26,125,MI,Oakland County,37,51,2337
6,65,32,23,NV,Nye County,37,58,3685
6,65,42,101,PA,Philadelphia County,37,48,2304
6,65,47,35,TN,Cumberland County,37,91,3151
6,65,12,109,FL,St. Johns County,36,85,3656
6,65,12,115,FL,Sarasota County,36,68,3837
6,65,13,67,GA,Cobb County,36,62,3256
6,65,29,77,MO,Greene County,36,70,1888
6,65,6,39,CA,Madera County,35,62,1794
6,65,13,151,GA,Henry County,35,80,1976
6,65,16,19,ID,Bonneville County,35,82,2795
6,65,21,111,KY,Jefferson County,35,53,3094
6,65,42,3,PA,Allegheny County,35,63,2003
6,65,2,20,AK,Anchorage Municipality,34,66,2145
6,65,15,9,HI,Maui County,34,49,3555
6,65,8,13,CO,Boulder County,33,51,4621
6,65,39,35,OH,Cuyahoga County,33,59,2346
6,65,45,13,SC,Beaufort County,33,64,2929
6,65,49,57,UT,Weber County,33,59,2057
6,65,51,710,VA,Norfolk city,33,64,1342
6,65,53,57,WA,Skagit County,33,60,5153
6,65,5,119,AR,Pulaski County,32,66,1906
6,65,12,91,FL,Okaloosa County,32,56,1857
6,65,41,19,OR,Douglas County,32,57,1726
6,65,1,3,AL,Baldwin County,31,60,3359
6,65,8,77,CO,Mesa County,31,47,1735
6,65,30,31,MT,Gallatin County,31,48,2440
6,65,37,67,NC,Forsyth County,31,50,1933
6,65,48,39,TX,Brazoria County,31,64,1800
6,65,48,251,TX,Johnson County,31,70,2131
6,65,6,55,CA,Napa County,30,45,5819
6,65,20,173,KS,Sedgwick County,30,62,1401
6,65,41,43,OR,Linn County,30,56,1400
6,65,45,15,SC,Berkeley County,30,51,1829
6,65,45,83,SC,Spartanburg County,30,70,1774
6,65,51,550,VA,Chesapeake city,30,74,1957
6,65,24,33,MD,Prince George's County,29,58,1411
6,65,45,19,SC,Charleston County,29,41,1985
6,65,48,167,TX,Galveston County,29,67,2039
6,65,55,79,WI,Milwaukee County,29,58,1422
6,65,13,51,GA,Chatham County,28,42,1932
6,65,17,197,IL,Will County,28,49,1943
6,65,26,163,MI,Wayne County,28,48,1654
6,65,39,61,OH,Hamilton County,28,48,1657
6,65,40,27,OK,Cleveland County,28,57,1536
6,65,4,3,AZ,Cochise County,27,40,1264
6,65,5,143,AR,Washington County,27,54,1719
6,65,12,111,FL,St. Lucie County,27,60,2112
6,65,32,19,NV,Lyon County,27,58,2059
6,65,47,141,TN,Putnam County,27,63,2524
6,65,48,231,TX,Hunt County,27,79,2272
6,65,53,29,WA,Island County,27,41,2623
6,65,6,109,CA,Tuolumne County,26,43,816
6,65,17,97,IL,Lake County,26,47,1422
6,65,31,55,NE,Douglas County,26,44,2204
6,65,34,17,NJ,Hudson County,26,34,2254
6,65,37,97,NC,Iredell County,26,56,2988
6,65,48,41,TX,Brazos County,26,45,1467
6,65,48,441,TX,Taylor County,26,42,1145
6,65,12,21,FL,Collier County,25,39,3114
6,65,12,69,FL,Lake County,25,57,1840
6,65,13,73,GA,Columbia County,25,53,1728
6,65,13,89,GA,DeKalb County,25,40,1006
6,65,19,153,IA,Polk County,25,35,1806
6,65,27,123,MN,Ramsey County,25,37,1107
6,65,37,81,NC,Guilford County,25,47,2067
6,65,45,51,SC,Horry County,25,46,1436
6,65,47,105,TN,Loudon County,25,63,4656
6,65,48,181,TX,Grayson County,25,61,2552
6,65,12,97,FL,Osceola County,24,45,2261
6,65,36,29,NY,Erie County,24,42,1911
6,65,48,497,TX,Wise County,24,69,3199
6,65,12,5,FL,Bay County,23,39,2021
6,65,13,77,GA,Coweta County,23,56,1927
6,65,17,43,IL,DuPage County,23,34,1732
6,65,25,25,MA,Suffolk County,23,28,1551
6,65,37,101,NC,Johnston County,23,49,1415
6,65,45,79,SC,Richland County,23,48,1846
6,65,47,11,TN,Bradley County,23,47,1451
6,65,48,221,TX,Hood County,23,52,1847
6,65,49,5,UT,Cache County,23,59,1632
6,65,51,153,VA,Prince William County,23,55,1496
6,65,16,17,ID,Bonner County,22,38,2643
6,65,30,63,MT,Missoula County,22,30,1027
6,65,37,63,NC,Durham County,22,39,862
6,65,40,17,OK,Canadian County,22,43,1514
6,65,40,145,OK,Wagoner County,22,53,1574
6,65,48,61,TX,Cameron County,22,56,1493
6,65,48,355,TX,Nueces County,22,36,994
6,65,1,73,AL,Jefferson County,21,38,1258
6,65,5,131,AR,Sebastian County,21,41,1231
6,65,26,81,MI,Kent County,21,32,751
6,65,30,111,MT,Yellowstone County,21,55,1716
6,65,32,510,NV,Carson City,21,31,1809
6,65,36,103,NY,Suffolk County,21,29,1850
6,65,44,7,RI,Providence County,21,34,1138
6,65,53,27,WA,Grays Harbor County,21,30,1318
6,65,5,51,AR,Garland County,20,43,1008
6,65,6,103,CA,Tehama County,20,38,750
6,65,9,110,CT,Capitol Planning Region,20,43,1572
6,65,12,117,FL,Seminole County,20,48,986
6,65,26,99,MI,Macomb County,20,43,1104
6,65,35,43,NM,Sandoval County,20,40,2134
6,65,35,49,NM,Santa Fe County,20,32,1900
6,65,39,153,OH,Summit County,20,37,1525
6,65,41,3,OR,Benton County,20,30,1146
6,65,41,33,OR,Josephine County,20,32,1536
6,65,45,63,SC,Lexington County,20,39,1446
6,65,58,0,SS,Other flows - Same State,192,327,13017
6,65,59,0,DS,Other flows - Different State,6387,12417,485654
6,65,59,1,DS,Other flows - Northeast,745,1325,67815
6,65,59,3,DS,Other flows - Midwest,1650,3204,105461
6,65,59,5,DS,Other flows - South,2911,5938,227556
6,65,59,7,DS,Other flows - West,1081,1950,84822
6,65,57,9,FR,Foreign - Other flows,-1,-1,-1
6,67,96,0,CA,Sacramento County Total Migration-US and Foreign,37981,65729,2998789
6,67,97,0,CA,Sacramento County Total Migration-US,37894,65560,2992992
6,67,97,1,CA,Sacramento County Total Migration-Same State,23268,39023,1824405
6,67,97,3,CA,Sacramento County Total Migration-Different State,14626,26537,1168587
6,67,98,0,CA,Sacramento County Total Migration-Foreign,87,169,5796
6,67,6,67,CA,Sacramento County Non-migrants,602380,1201657,52359023
6,67,6,61,CA,Placer County,4975,9140,459957
6,67,6,113,CA,Yolo County,1867,3110,118934
6,67,6,17,CA,El Dorado County,1805,3350,194726
6,67,6,77,CA,San Joaquin County,1274,2198,71855
6,67,6,37,CA,Los Angeles County,1225,1638,73190
6,67,6,1,CA,Alameda County,1039,1587,73862
6,67,6,85,CA,Santa Clara County,1009,1500,89300
6,67,6,115,CA,Yuba County,865,1891,56336
6,67,6,73,CA,San Diego County,847,1196,63058
6,67,6,95,CA,Solano County,839,1370,52076
6,67,6,13,CA,Contra Costa County,794,1240,58659
6,67,6,75,CA,San Francisco County,610,744,59051
6,67,32,3,NV,Clark County,592,1012,35538
6,67,4,13,AZ,Maricopa County,530,908,40384
6,67,6,59,CA,Orange County,452,704,57730
6,67,32,31,NV,Washoe County,419,634,35125
6,67,6,19,CA,Fresno County,397,669,23356
6,67,6,7,CA,Butte County,393,691,19435
6,67,53,33,WA,King County,375,549,32921
6,67,6,81,CA,San Mateo County,369,537,28832
6,67,6,5,CA,Amador County,351,657,31460
6,67,6,101,CA,Sutter County,346,694,17380
6,67,6,57,CA,Nevada County,310,485,35620
6,67,6,65,CA,Riverside County,304,528,25173
6,67,6,97,CA,Sonoma County,287,444,20931
6,67,6,99,CA,Stanislaus County,279,446,16309
6,67,6,71,CA,San Bernardino County,254,423,12712
6,67,48,201,TX,Harris County,253,477,18408
6,67,45,83,SC,Spartanburg County,219,670,12774
6,67,6,89,CA,Shasta County,214,350,12847
6,67,6,53,CA,Monterey County,213,319,24957
6,67,41,51,OR,Multnomah County,198,261,13114
6,67,48,29,TX,Bexar County,189,392,11670
6,67,48,113,TX,Dallas County,156,236,18534
6,67,6,47,CA,Merced County,155,268,6462
6,67,6,29,CA,Kern County,151,241,7087
6,67,16,1,ID,Ada County,151,297,16112
6,67,48,439,TX,Tarrant County,147,273,15195
6,67,48,453,TX,Travis County,147,220,14215
6,67,6,79,CA,San Luis Obispo County,130,182,9828
6,67,49,35,UT,Salt Lake County,130,204,7257
6,67,53,53,WA,Pierce County,123,220,8044
6,67,6,23,CA,Humboldt County,119,169,7151
6,67,17,31,IL,Cook County,118,173,8931
6,67,15,3,HI,Honolulu County,116,205,8529
6,67,6,87,CA,Santa Cruz County,113,161,11468
6,67,6,107,CA,Tulare County,113,191,5843
6,67,6,9,CA,Calaveras County,110,189,8407
6,67,6,55,CA,Napa County,110,161,10803
6,67,16,27,ID,Canyon County,108,228,8771
6,67,36,61,NY,New York County,108,124,11547
6,67,41,67,OR,Washington County,106,155,6522
6,67,4,19,AZ,Pima County,104,176,6973
6,67,6,41,CA,Marin County,104,155,11118
6,67,13,121,GA,Fulton County,100,153,6986
6,67,53,11,WA,Clark County,98,165,9420
6,67,6,111,CA,Ventura County,93,146,6924
6,67,48,85,TX,Collin County,93,194,11929
6,67,6,83,CA,Santa Barbara County,89,124,5671
6,67,8,41,CO,El Paso County,88,153,6956
6,67,57,5,FR,Foreign - APO/FPO ZIPs,87,169,5796
6,67,48,491,TX,Williamson County,84,163,10697
6,67,40,143,OK,Tulsa County,82,204,5581
6,67,48,121,TX,Denton County,82,155,6571
6,67,53,61,WA,Snohomish County,81,132,6383
6,67,4,21,AZ,Pinal County,80,150,6405
6,67,6,33,CA,Lake County,78,130,3961
6,67,8,31,CO,Denver County,78,100,6347
6,67,48,339,TX,Montgomery County,77,139,6680
6,67,41,39,OR,Lane County,75,118,4699
6,67,49,49,UT,Utah County,75,154,5161
6,67,53,63,WA,Spokane County,74,133,5088
6,67,11,1,DC,District of Columbia,71,84,9046
6,67,12,57,FL,Hillsborough County,71,119,5165
6,67,32,19,NV,Lyon County,71,143,5035
6,67,36,47,NY,Kings County,69,78,5369
6,67,47,37,TN,Davidson County,67,105,5301
6,67,6,103,CA,Tehama County,65,112,3049
6,67,16,55,ID,Kootenai County,62,126,5247
6,67,37,183,NC,Wake County,62,105,5581
6,67,41,29,OR,Jackson County,62,98,3670
6,67,6,45,CA,Mendocino County,61,101,3815
6,67,6,11,CA,Colusa County,58,110,3421
6,67,32,5,NV,Douglas County,58,96,13955
6,67,53,67,WA,Thurston County,58,91,4937
6,67,12,95,FL,Orange County,56,113,5403
6,67,6,39,CA,Madera County,55,98,2725
6,67,40,109,OK,Oklahoma County,55,110,4985
6,67,37,119,NC,Mecklenburg County,53,85,3237
6,67,47,125,TN,Montgomery County,53,130,3225
6,67,51,59,VA,Fairfax County,53,101,3716
6,67,12,31,FL,Duval County,52,110,3164
6,67,6,109,CA,Tuolumne County,51,77,2975
6,67,8,5,CO,Arapahoe County,50,72,3546
6,67,12,86,FL,Miami-Dade County,50,68,5682
6,67,41,17,OR,Deschutes County,50,70,4138
6,67,12,115,FL,Sarasota County,49,131,4650
6,67,35,1,NM,Bernalillo County,48,82,3141
6,67,41,5,OR,Clackamas County,48,70,3938
6,67,12,11,FL,Broward County,46,93,3549
6,67,12,103,FL,Pinellas County,46,89,2666
6,67,45,45,SC,Greenville County,46,121,3106
6,67,6,31,CA,Kings County,44,68,1518
6,67,27,53,MN,Hennepin County,44,68,4727
6,67,36,81,NY,Queens County,44,53,2110
6,67,41,47,OR,Marion County,43,85,2380
6,67,47,65,TN,Hamilton County,43,75,2859
6,67,48,27,TX,Bell County,43,91,2679
6,67,48,141,TX,El Paso County,43,96,2171
6,67,48,157,TX,Fort Bend County,43,103,3813
6,67,6,35,CA,Lassen County,42,66,1814
6,67,32,510,NV,Carson City,42,64,2775
6,67,6,93,CA,Siskiyou County,41,75,2319
6,67,29,77,MO,Greene County,41,92,2409
6,67,41,19,OR,Douglas County,41,81,2062
6,67,47,149,TN,Rutherford County,39,77,3715
6,67,53,35,WA,Kitsap County,39,57,2284
6,67,8,35,CO,Douglas County,38,73,4251
6,67,2,20,AK,Anchorage Municipality,37,82,1884
6,67,12,105,FL,Polk County,37,71,2600
6,67,15,1,HI,Hawaii County,37,63,2170
6,67,18,97,IN,Marion County,37,53,2660
6,67,47,93,TN,Knox County,37,94,3561
6,67,48,91,TX,Comal County,37,73,3557
6,67,4,25,AZ,Yavapai County,36,67,3867
6,67,13,67,GA,Cobb County,36,61,2606
6,67,4,15,AZ,Mohave County,35,53,2324
6,67,13,89,GA,DeKalb County,35,65,1810
6,67,29,95,MO,Jackson County,35,74,1959
6,67,42,3,PA,Allegheny County,35,64,2291
6,67,6,15,CA,Del Norte County,34,54,2366
6,67,6,21,CA,Glenn County,34,53,2012
6,67,8,59,CO,Jefferson County,34,50,3092
6,67,13,135,GA,Gwinnett County,34,71,2922
6,67,37,51,NC,Cumberland County,34,55,1594
6,67,41,33,OR,Josephine County,34,62,2695
6,67,25,17,MA,Middlesex County,33,45,2281
6,67,5,7,AR,Benton County,32,65,2735
6,67,39,49,OH,Franklin County,32,60,2863
6,67,42,101,PA,Philadelphia County,32,39,2010
6,67,16,83,ID,Twin Falls County,31,50,2559
6,67,25,25,MA,Suffolk County,30,38,3333
6,67,29,43,MO,Christian County,30,108,1730
6,67,47,165,TN,Sumner County,30,79,5533
6,67,47,187,TN,Williamson County,30,66,3503
6,67,8,1,CO,Adams County,29,49,1533
6,67,12,9,FL,Brevard County,29,54,2552
6,67,51,810,VA,Virginia Beach city,29,53,1760
6,67,12,71,FL,Lee County,28,59,3840
6,67,12,81,FL,Manatee County,28,56,2726
6,67,27,123,MN,Ramsey County,28,61,1204
6,67,46,103,SD,Pennington County,28,53,2945
6,67,55,25,WI,Dane County,28,60,2727
6,67,1,89,AL,Madison County,27,56,2577
6,67,12,101,FL,Pasco County,27,47,1858
6,67,26,125,MI,Oakland County,27,44,2423
6,67,29,189,MO,St. Louis County,27,58,2377
6,67,49,53,UT,Washington County,27,68,2938
6,67,12,99,FL,Palm Beach County,26,53,3090
6,67,34,17,NJ,Hudson County,26,29,2535
6,67,49,57,UT,Weber County,26,51,2269
6,67,55,79,WI,Milwaukee County,26,46,1285
6,67,4,27,AZ,Yuma County,25,36,1147
6,67,8,13,CO,Boulder County,25,33,3201
6,67,15,9,HI,Maui County,25,42,1534
6,67,20,91,KS,Johnson County,25,55,1839
6,67,37,81,NC,Guilford County,25,35,1232
6,67,39,35,OH,Cuyahoga County,25,42,1333
6,67,48,209,TX,Hays County,25,50,1818
6,67,6,25,CA,Imperial County,24,55,793
6,67,12,97,FL,Osceola County,24,38,1877
6,67,30,29,MT,Flathead County,24,44,1839
6,67,37,63,NC,Durham County,24,46,2125
6,67,45,15,SC,Berkeley County,24,35,1590
6,67,6,63,CA,Plumas County,23,39,1730
6,67,12,33,FL,Escambia County,23,31,1043
6,67,12,109,FL,St. Johns County,23,51,1785
6,67,20,173,KS,Sedgwick County,23,49,1252
6,67,36,29,NY,Erie County,23,42,1978
6,67,39,61,OH,Hamilton County,23,32,1324
6,67,41,43,OR,Linn County,23,36,1057
6,67,45,7,SC,Anderson County,23,66,1258
6,67,45,63,SC,Lexington County,23,47,1998
6,67,47,189,TN,Wilson County,23,52,2778
6,67,53,73,WA,Whatcom County,23,33,2088
6,67,12,113,FL,Santa Rosa County,22,34,1207
6,67,21,111,KY,Jefferson County,22,37,1641
6,67,40,27,OK,Cleveland County,22,43,984
6,67,41,11,OR,Coos County,22,39,1561
6,67,41,41,OR,Lincoln County,22,34,1344
6,67,48,257,TX,Kaufman County,22,47,2010
6,67,49,11,UT,Davis County,22,45,1065
6,67,51,13,VA,Arlington County,22,32,2630
6,67,8,69,CO,Larimer County,21,40,1515
6,67,9,110,CT,Capitol Planning Region,21,33,956
6,67,41,35,OR,Klamath County,21,44,1279
6,67,48,39,TX,Brazoria County,21,41,1152
6,67,12,127,FL,Volusia County,20,33,2751
6,67,24,31,MD,Montgomery County,20,46,2816
6,67,31,55,NE,Douglas County,20,38,2502
6,67,37,133,NC,Onslow County,20,35,1209
6,67,47,9,TN,Blount County,20,52,1817
6,67,48,367,TX,Parker County,20,40,2816
6,67,58,0,SS,Other flows - Same State,53,87,3400
6,67,59,0,DS,Other flows - Different State,5024,9400,386657
6,67,59,1,DS,Other flows - Northeast,550,882,37457
6,67,59,3,DS,Other flows - Midwest,1169,2252,79695
6,67,59,5,DS,Other flows - South,2453,4769,200178
6,67,59,7,DS,Other flows - West,852,1497,69327
6,67,57,9,FR,Foreign - Other flows,-1,-1,-1
6,69,96,0,CA,San Benito County Total Migration-US and Foreign,1811,3402,133275
6,69,97,0,CA,San Benito County Total Migration-US,1811,3402,133275
6,69,97,1,CA,San Benito County Total Migration-Same State,1349,2493,87820
6,69,97,3,CA,San Benito County Total Migration-Different State,462,909,45456
6,69,6,69,CA,San Benito County Non-migrants,25460,54702,2372407
6,69,6,85,CA,Santa Clara County,517,929,34071
6,69,6,53,CA,Monterey County,150,283,10578
6,69,6,47,CA,Merced County,124,294,7547
6,69,6,87,CA,Santa Cruz County,68,126,6547
6,69,6,19,CA,Fresno County,37,75,2636
6,69,6,1,CA,Alameda County,36,73,2636
6,69,6,99,CA,Stanislaus County,34,63,2811
6,69,6,73,CA,San Diego County,32,50,1707
6,69,6,67,CA,Sacramento County,31,51,1918
6,69,6,37,CA,Los Angeles County,26,53,1313
6,69,6,39,CA,Madera County,26,45,1712
6,69,6,77,CA,San Joaquin County,25,45,3067
6,69,32,3,NV,Clark County,24,46,2183
6,69,4,13,AZ,Maricopa County,23,45,4049
6,69,58,0,SS,Other flows - Same State,243,406,11277
6,69,59,0,DS,Other flows - Different State,415,818,39223
6,69,59,1,DS,Other flows - Northeast,-1,-1,-1
6,69,59,3,DS,Other flows - Midwest,34,68,2839
6,69,59,5,DS,Other flows - South,183,375,17340
6,69,59,7,DS,Other flows - West,198,375,19044
6,69,57,9,FR,Foreign - Other flows,-1,-1,-1
6,71,96,0,CA,San Bernardino County Total Migration-US and Foreign,52444,96930,3448507
6,71,97,0,CA,San Bernardino County Total Migration-US,52202,96410,3436202
6,71,97,1,CA,San Bernardino County Total Migration-Same State,31417,55658,2017262
6,71,97,3,CA,San Bernardino County Total Migration-Different State,20785,40752,1418940
6,71,98,0,CA,San Bernardino County Total Migration-Foreign,242,520,12304
6,71,6,71,CA,San Bernardino County Non-migrants,796652,1650769,55510024
6,71,6,65,CA,Riverside County,11769,22524,746904
6,71,6,37,CA,Los Angeles County,11102,18934,638750
6,71,6,59,CA,Orange County,3291,5348,282419
6,71,32,3,NV,Clark County,1786,3414,107880
6,71,6,73,CA,San Diego County,1692,2760,123796
6,71,4,13,AZ,Maricopa County,1226,2256,76299
6,71,4,15,AZ,Mohave County,698,1319,55913
6,71,6,29,CA,Kern County,500,990,22749
6,71,48,201,TX,Harris County,339,670,21102
6,71,48,29,TX,Bexar County,332,679,21918
6,71,53,33,WA,King County,313,475,21230
6,71,48,439,TX,Tarrant County,297,596,22836
6,71,6,111,CA,Ventura County,294,457,16879
6,71,6,67,CA,Sacramento County,249,429,16523
6,71,6,85,CA,Santa Clara County,240,343,19409
6,71,6,1,CA,Alameda County,239,349,17599
6,71,48,113,TX,Dallas County,224,362,11058
6,71,57,5,FR,Foreign - APO/FPO ZIPs,221,487,11261
6,71,4,25,AZ,Yavapai County,205,418,18323
6,71,8,41,CO,El Paso County,203,416,12844
6,71,48,85,TX,Collin County,194,485,20027
6,71,6,19,CA,Fresno County,191,361,9227
6,71,53,53,WA,Pierce County,181,329,11031
6,71,4,21,AZ,Pinal County,170,386,11475
6,71,16,1,ID,Ada County,166,358,17394
6,71,37,133,NC,Onslow County,160,392,8671
6,71,48,141,TX,El Paso County,160,366,7580
6,71,15,3,HI,Honolulu County,159,329,9966
6,71,4,19,AZ,Pima County,158,283,10274
6,71,49,35,UT,Salt Lake County,155,252,8402
6,71,41,51,OR,Multnomah County,144,185,7652
6,71,48,121,TX,Denton County,140,340,14612
6,71,6,83,CA,Santa Barbara County,132,216,6149
6,71,6,79,CA,San Luis Obispo County,128,203,12705
6,71,17,31,IL,Cook County,128,203,8496
6,71,32,31,NV,Washoe County,124,215,13495
6,71,48,27,TX,Bell County,120,250,7570
6,71,6,75,CA,San Francisco County,119,139,9146
6,71,48,339,TX,Montgomery County,117,287,7851
6,71,6,13,CA,Contra Costa County,115,190,7934
6,71,48,453,TX,Travis County,111,170,6228
6,71,48,491,TX,Williamson County,111,224,8478
6,71,6,107,CA,Tulare County,103,220,5722
6,71,6,77,CA,San Joaquin County,101,166,4995
6,71,53,63,WA,Spokane County,100,174,6574
6,71,41,67,OR,Washington County,99,172,5799
6,71,49,53,UT,Washington County,99,204,6952
6,71,6,81,CA,San Mateo County,95,148,8926
6,71,49,49,UT,Utah County,93,204,4705
6,71,6,25,CA,Imperial County,91,196,4172
6,71,53,11,WA,Clark County,90,150,5863
6,71,53,61,WA,Snohomish County,86,159,6000
6,71,16,55,ID,Kootenai County,80,158,7680
6,71,47,37,TN,Davidson County,79,124,5316
6,71,47,125,TN,Montgomery County,79,191,4911
6,71,4,27,AZ,Yuma County,78,165,3792
6,71,6,53,CA,Monterey County,78,120,3575
6,71,48,157,TX,Fort Bend County,78,166,5133
6,71,40,109,OK,Oklahoma County,77,173,3672
6,71,8,5,CO,Arapahoe County,76,133,3751
6,71,6,95,CA,Solano County,75,126,4337
6,71,12,95,FL,Orange County,73,122,3935
6,71,36,61,NY,New York County,72,83,5933
6,71,16,27,ID,Canyon County,70,158,6609
6,71,48,367,TX,Parker County,69,178,6174
6,71,6,61,CA,Placer County,68,125,5202
6,71,6,99,CA,Stanislaus County,68,119,4627
6,71,8,31,CO,Denver County,68,99,3693
6,71,12,86,FL,Miami-Dade County,67,94,4527
6,71,35,1,NM,Bernalillo County,67,115,3335
6,71,12,57,FL,Hillsborough County,62,136,4222
6,71,13,121,GA,Fulton County,61,106,2965
6,71,13,135,GA,Gwinnett County,61,117,7227
6,71,37,119,NC,Mecklenburg County,59,97,3968
6,71,41,47,OR,Marion County,59,111,3244
6,71,37,51,NC,Cumberland County,58,127,3254
6,71,40,143,OK,Tulsa County,58,123,3127
6,71,47,93,TN,Knox County,58,134,5395
6,71,6,97,CA,Sonoma County,57,85,2917
6,71,36,47,NY,Kings County,56,62,2999
6,71,41,39,OR,Lane County,56,99,3939
6,71,5,7,AR,Benton County,54,109,3462
6,71,35,13,NM,Doña Ana County,54,101,2838
6,71,4,5,AZ,Coconino County,53,82,3115
6,71,6,89,CA,Shasta County,52,113,2884
6,71,12,31,FL,Duval County,52,84,3112
6,71,39,49,OH,Franklin County,52,98,2833
6,71,49,21,UT,Iron County,52,119,4813
6,71,6,7,CA,Butte County,51,89,2440
6,71,48,423,TX,Smith County,51,125,2835
6,71,41,5,OR,Clackamas County,50,74,3946
6,71,6,31,CA,Kings County,48,87,1932
6,71,6,39,CA,Madera County,48,87,1697
6,71,47,149,TN,Rutherford County,48,97,3744
6,71,51,153,VA,Prince William County,48,101,3399
6,71,8,1,CO,Adams County,47,78,3098
6,71,12,11,FL,Broward County,47,92,3555
6,71,47,165,TN,Sumner County,47,106,4058
6,71,53,35,WA,Kitsap County,47,94,2889
6,71,53,67,WA,Thurston County,47,89,2626
6,71,4,3,AZ,Cochise County,46,95,3216
6,71,8,69,CO,Larimer County,46,68,2757
6,71,29,95,MO,Jackson County,45,79,2136
6,71,51,59,VA,Fairfax County,45,115,3898
6,71,12,105,FL,Polk County,44,97,3180
6,71,49,11,UT,Davis County,44,101,2428
6,71,37,183,NC,Wake County,43,81,4181
6,71,41,17,OR,Deschutes County,43,79,2838
6,71,48,91,TX,Comal County,43,101,3919
6,71,20,173,KS,Sedgwick County,42,91,2075
6,71,32,23,NV,Nye County,42,83,1903
6,71,6,113,CA,Yolo County,41,54,1610
6,71,29,77,MO,Greene County,41,90,2595
6,71,6,47,CA,Merced County,40,67,1622
6,71,8,35,CO,Douglas County,40,67,2626
6,71,12,9,FL,Brevard County,40,77,2907
6,71,41,29,OR,Jackson County,40,83,2199
6,71,48,257,TX,Kaufman County,40,100,3186
6,71,48,309,TX,McLennan County,40,77,4255
6,71,12,99,FL,Palm Beach County,39,73,2264
6,71,18,97,IN,Marion County,37,70,1289
6,71,24,31,MD,Montgomery County,37,68,2324
6,71,25,17,MA,Middlesex County,37,57,2043
6,71,47,65,TN,Hamilton County,37,83,2550
6,71,2,20,AK,Anchorage Municipality,36,69,1669
6,71,4,12,AZ,La Paz County,36,62,2126
6,71,13,67,GA,Cobb County,36,69,2606
6,71,32,19,NV,Lyon County,36,67,2408
6,71,48,251,TX,Johnson County,36,77,3586
6,71,49,57,UT,Weber County,36,73,1833
6,71,51,810,VA,Virginia Beach city,35,61,1651
6,71,6,23,CA,Humboldt County,34,55,1323
6,71,13,89,GA,DeKalb County,34,57,1922
6,71,6,87,CA,Santa Cruz County,33,54,2571
6,71,11,1,DC,District of Columbia,33,47,3091
6,71,45,13,SC,Beaufort County,33,73,2096
6,71,48,187,TX,Guadalupe County,33,82,2530
6,71,19,153,IA,Polk County,32,56,1354
6,71,30,29,MT,Flathead County,32,67,2356
6,71,46,99,SD,Minnehaha County,32,68,1517
6,71,47,157,TN,Shelby County,32,58,1788
6,71,47,163,TN,Sullivan County,32,83,1964
6,71,48,397,TX,Rockwall County,32,91,3377
6,71,8,13,CO,Boulder County,31,50,2413
6,71,17,97,IL,Lake County,31,60,1784
6,71,24,3,MD,Anne Arundel County,31,62,1812
6,71,47,187,TN,Williamson County,31,75,3878
6,71,5,143,AR,Washington County,30,61,1214
6,71,8,123,CO,Weld County,30,53,2721
6,71,16,19,ID,Bonneville County,30,74,2470
6,71,20,103,KS,Leavenworth County,30,99,2030
6,71,24,33,MD,Prince George's County,30,54,1611
6,71,48,99,TX,Coryell County,30,87,1615
6,71,20,91,KS,Johnson County,29,56,1895
6,71,37,81,NC,Guilford County,29,47,1895
6,71,42,101,PA,Philadelphia County,29,45,1074
6,71,45,45,SC,Greenville County,29,54,3124
6,71,51,13,VA,Arlington County,29,49,2031
6,71,51,710,VA,Norfolk city,29,56,1345
6,71,53,73,WA,Whatcom County,29,49,2140
6,71,4,17,AZ,Navajo County,28,52,1267
6,71,8,59,CO,Jefferson County,28,47,1888
6,71,12,91,FL,Okaloosa County,28,57,2037
6,71,13,73,GA,Columbia County,28,71,2038
6,71,16,83,ID,Twin Falls County,28,64,1660
6,71,36,81,NY,Queens County,28,34,1867
6,71,48,215,TX,Hidalgo County,28,72,1516
6,71,48,303,TX,Lubbock County,28,75,1417
6,71,12,111,FL,St. Lucie County,27,53,2017
6,71,13,215,GA,Muscogee County,27,65,1601
6,71,17,89,IL,Kane County,27,43,1021
6,71,32,5,NV,Douglas County,27,56,3129
6,71,46,103,SD,Pennington County,27,64,2918
6,71,47,119,TN,Maury County,27,58,2188
6,71,48,209,TX,Hays County,27,57,1912
6,71,1,73,AL,Jefferson County,26,55,1675
6,71,6,17,CA,El Dorado County,26,45,2694
6,71,12,101,FL,Pasco County,26,50,1697
6,71,12,103,FL,Pinellas County,26,40,1586
6,71,26,163,MI,Wayne County,26,46,1195
6,71,27,53,MN,Hennepin County,26,64,1695
6,71,9,110,CT,Capitol Planning Region,25,45,2197
6,71,12,33,FL,Escambia County,25,52,1334
6,71,12,69,FL,Lake County,25,58,1490
6,71,12,97,FL,Osceola County,25,55,1628
6,71,36,45,NY,Jefferson County,25,66,1717
6,71,41,43,OR,Linn County,25,36,1082
6,71,53,77,WA,Yakima County,25,50,1081
6,71,12,71,FL,Lee County,24,48,1189
6,71,12,115,FL,Sarasota County,24,38,1896
6,71,17,43,IL,DuPage County,24,43,1609
6,71,47,189,TN,Wilson County,24,60,3197
6,71,48,139,TX,Ellis County,24,45,1972
6,71,1,89,AL,Madison County,23,43,1215
6,71,12,113,FL,Santa Rosa County,23,41,1371
6,71,13,179,GA,Liberty County,23,46,1072
6,71,15,1,HI,Hawaii County,23,39,1027
6,71,15,9,HI,Maui County,23,38,2051
6,71,26,81,MI,Kent County,23,42,2070
6,71,29,189,MO,St. Louis County,23,38,1446
6,71,39,113,OH,Montgomery County,23,32,1140
6,71,40,17,OK,Canadian County,23,55,1115
6,71,41,19,OR,Douglas County,23,45,975
6,71,41,53,OR,Polk County,23,43,1410
6,71,42,3,PA,Allegheny County,23,36,1493
6,71,45,79,SC,Richland County,23,49,1380
6,71,48,167,TX,Galveston County,23,52,1992
6,71,48,355,TX,Nueces County,23,52,1922
6,71,53,29,WA,Island County,23,47,1888
6,71,55,79,WI,Milwaukee County,23,39,962
6,71,6,115,CA,Yuba County,22,49,1087
6,71,12,117,FL,Seminole County,22,48,1646
6,71,18,57,IN,Hamilton County,22,44,1741
6,71,26,99,MI,Macomb County,22,38,1040
6,71,31,55,NE,Douglas County,22,46,1101
6,71,31,109,NE,Lancaster County,22,41,1263
6,71,40,27,OK,Cleveland County,22,54,1016
6,71,48,441,TX,Taylor County,22,47,1480
6,71,2,90,AK,Fairbanks North Star Borough,21,33,983
6,71,29,47,MO,Clay County,21,42,1316
6,71,47,9,TN,Blount County,21,49,2311
6,71,47,179,TN,Washington County,21,57,1282
6,71,53,5,WA,Benton County,21,37,896
6,71,56,21,WY,Laramie County,21,40,772
6,71,6,41,CA,Marin County,20,27,1454
6,71,34,17,NJ,Hudson County,20,25,1405
6,71,37,85,NC,Harnett County,20,55,1151
6,71,39,35,OH,Cuyahoga County,20,45,714
6,71,40,31,OK,Comanche County,20,51,970
6,71,41,33,OR,Josephine County,20,38,1073
6,71,47,35,TN,Cumberland County,20,41,2114
6,71,58,0,SS,Other flows - Same State,205,384,12998
6,71,59,0,DS,Other flows - Different State,6104,12213,398934
6,71,59,1,DS,Other flows - Northeast,663,1143,42613
6,71,59,3,DS,Other flows - Midwest,1509,2995,88323
6,71,59,5,DS,Other flows - South,2868,6007,194611
6,71,59,7,DS,Other flows - West,1064,2068,73387
6,71,57,9,FR,Foreign - Other flows,21,33,1044
6,73,96,0,CA,San Diego County Total Migration-US and Foreign,79590,139747,7690700
6,73,97,0,CA,San Diego County Total Migration-US,78452,137177,7607334
6,73,97,1,CA,San Diego County Total Migration-Same State,26972,43936,2465081
6,73,97,3,CA,San Diego County Total Migration-Different State,51480,93241,5142254
6,73,98,0,CA,San Diego County Total Migration-Foreign,1138,2570,83366
6,73,6,73,CA,San Diego County Non-migrants,1343640,2626129,156122603
6,73,6,65,CA,Riverside County,7496,14864,593581
6,73,6,37,CA,Los Angeles County,5199,7113,578057
6,73,6,59,CA,Orange County,3305,4901,326479
6,73,4,13,AZ,Maricopa County,2519,4285,227846
6,73,32,3,NV,Clark County,1968,3275,228191
6,73,6,71,CA,San Bernardino County,1344,2337,81754
6,73,6,85,CA,Santa Clara County,1208,1705,165801
6,73,53,33,WA,King County,1193,1659,138682
6,73,57,5,FR,Foreign - APO/FPO ZIPs,1039,2376,74591
6,73,6,75,CA,San Francisco County,878,995,111871
6,73,15,3,HI,Honolulu County,819,1660,58416
6,73,6,1,CA,Alameda County,810,1139,88275
6,73,48,201,TX,Harris County,711,1284,49756
6,73,48,29,TX,Bexar County,653,1336,47358
6,73,6,67,CA,Sacramento County,650,982,43341
6,73,48,453,TX,Travis County,608,905,79306
6,73,4,19,AZ,Pima County,602,1036,47792
6,73,6,111,CA,Ventura County,586,981,44372
6,73,17,31,IL,Cook County,584,856,53984
6,73,48,439,TX,Tarrant County,551,1020,48429
6,73,6,25,CA,Imperial County,529,926,27374
6,73,4,27,AZ,Yuma County,519,1025,40502
6,73,36,61,NY,New York County,513,581,61982
6,73,48,113,TX,Dallas County,504,808,67595
6,73,37,133,NC,Onslow County,488,1278,30762
6,73,51,810,VA,Virginia Beach city,418,909,30182
6,73,6,81,CA,San Mateo County,415,567,51434
6,73,41,51,OR,Multnomah County,408,553,30978
6,73,6,13,CA,Contra Costa County,407,617,46883
6,73,12,31,FL,Duval County,406,803,28353
6,73,53,35,WA,Kitsap County,403,831,29181
6,73,16,1,ID,Ada County,394,804,45073
6,73,4,25,AZ,Yavapai County,388,676,40895
6,73,8,31,CO,Denver County,387,465,40945
6,73,49,35,UT,Salt Lake County,379,625,31506
6,73,8,41,CO,El Paso County,371,695,24970
6,73,48,85,TX,Collin County,369,796,43425
6,73,6,29,CA,Kern County,339,611,17076
6,73,48,121,TX,Denton County,339,708,34648
6,73,53,53,WA,Pierce County,329,558,21683
6,73,51,59,VA,Fairfax County,320,680,39089
6,73,12,86,FL,Miami-Dade County,316,508,49053
6,73,6,83,CA,Santa Barbara County,313,452,23707
6,73,6,19,CA,Fresno County,307,572,20761
6,73,53,61,WA,Snohomish County,296,563,23903
6,73,25,17,MA,Middlesex County,289,454,35149
6,73,4,21,AZ,Pinal County,279,532,21136
6,73,6,79,CA,San Luis Obispo County,278,404,23337
6,73,32,31,NV,Washoe County,278,465,46343
6,73,36,47,NY,Kings County,278,341,22723
6,73,48,491,TX,Williamson County,278,541,32020
6,73,12,11,FL,Broward County,266,428,39806
6,73,12,57,FL,Hillsborough County,258,478,23978
6,73,4,15,AZ,Mohave County,246,427,20506
6,73,11,1,DC,District of Columbia,237,304,25162
6,73,6,53,CA,Monterey County,235,393,16928
6,73,6,97,CA,Sonoma County,235,359,21928
6,73,47,37,TN,Davidson County,234,325,26125
6,73,12,95,FL,Orange County,230,420,19812
6,73,41,67,OR,Washington County,228,409,19828
6,73,12,33,FL,Escambia County,227,422,17131
6,73,53,11,WA,Clark County,221,388,24641
6,73,6,61,CA,Placer County,219,381,22946
6,73,12,103,FL,Pinellas County,212,344,22347
6,73,37,119,NC,Mecklenburg County,209,368,20909
6,73,37,183,NC,Wake County,205,384,26341
6,73,48,141,TX,El Paso County,202,419,10542
6,73,8,5,CO,Arapahoe County,201,308,15778
6,73,51,550,VA,Chesapeake city,196,503,14528
6,73,41,17,OR,Deschutes County,194,314,29524
6,73,51,710,VA,Norfolk city,194,384,12132
6,73,53,63,WA,Spokane County,188,333,15718
6,73,48,339,TX,Montgomery County,185,420,24936
6,73,12,99,FL,Palm Beach County,183,305,42008
6,73,6,77,CA,San Joaquin County,182,336,11673
6,73,49,49,UT,Utah County,176,370,14833
6,73,25,25,MA,Suffolk County,175,224,17000
6,73,8,59,CO,Jefferson County,173,257,20588
6,73,40,109,OK,Oklahoma County,170,343,12295
6,73,24,31,MD,Montgomery County,168,295,16160
6,73,35,1,NM,Bernalillo County,168,279,12126
6,73,17,97,IL,Lake County,166,332,11674
6,73,27,53,MN,Hennepin County,164,268,15795
6,73,6,87,CA,Santa Cruz County,160,215,12188
6,73,51,153,VA,Prince William County,159,375,11521
6,73,13,121,GA,Fulton County,157,242,13556
6,73,41,39,OR,Lane County,157,240,13826
6,73,6,107,CA,Tulare County,156,296,13840
6,73,45,13,SC,Beaufort County,156,372,12632
6,73,24,3,MD,Anne Arundel County,154,329,15031
6,73,48,27,TX,Bell County,154,283,8394
6,73,16,27,ID,Canyon County,151,314,14521
6,73,6,95,CA,Solano County,147,242,9580
6,73,16,55,ID,Kootenai County,147,286,17171
6,73,8,69,CO,Larimer County,146,239,16930
6,73,42,101,PA,Philadelphia County,146,197,10492
6,73,8,13,CO,Boulder County,145,211,17489
6,73,6,31,CA,Kings County,142,299,6385
6,73,8,35,CO,Douglas County,142,286,25195
6,73,48,157,TX,Fort Bend County,141,294,11585
6,73,39,49,OH,Franklin County,140,235,10395
6,73,41,5,OR,Clackamas County,140,228,10253
6,73,36,81,NY,Queens County,136,173,8327
6,73,47,157,TN,Shelby County,134,254,11765
6,73,47,187,TN,Williamson County,133,380,42568
6,73,26,125,MI,Oakland County,130,217,11283
6,73,53,29,WA,Island County,130,265,10058
6,73,40,143,OK,Tulsa County,128,257,9553
6,73,49,53,UT,Washington County,128,223,13788
6,73,47,93,TN,Knox County,126,265,12355
6,73,6,17,CA,El Dorado County,125,192,11528
6,73,6,99,CA,Stanislaus County,125,204,6865
6,73,6,113,CA,Yolo County,124,161,8355
6,73,12,9,FL,Brevard County,121,257,13752
6,73,51,13,VA,Arlington County,120,181,11325
6,73,12,115,FL,Sarasota County,118,212,21046
6,73,6,23,CA,Humboldt County,117,163,4627
6,73,12,71,FL,Lee County,117,203,13650
6,73,42,3,PA,Allegheny County,116,170,16124
6,73,48,91,TX,Comal County,116,243,13533
6,73,6,41,CA,Marin County,115,157,17959
6,73,53,67,WA,Thurston County,114,215,7971
6,73,51,179,VA,Stafford County,113,329,9671
6,73,8,1,CO,Adams County,111,177,6754
6,73,26,99,MI,Macomb County,111,225,4932
6,73,45,19,SC,Charleston County,111,202,16791
6,73,4,5,AZ,Coconino County,110,183,10275
6,73,15,1,HI,Hawaii County,108,175,10436
6,73,45,45,SC,Greenville County,108,232,11737
6,73,6,7,CA,Butte County,107,176,8733
6,73,45,15,SC,Berkeley County,104,218,10345
6,73,12,109,FL,St. Johns County,102,246,16207
6,73,39,35,OH,Cuyahoga County,102,158,8596
6,73,15,9,HI,Maui County,98,157,11708
6,73,12,101,FL,Pasco County,97,207,9967
6,73,12,113,FL,Santa Rosa County,97,221,10506
6,73,29,189,MO,St. Louis County,97,163,6530
6,73,41,29,OR,Jackson County,97,172,6716
6,73,47,125,TN,Montgomery County,97,205,6753
6,73,53,73,WA,Whatcom County,97,175,10817
6,73,12,127,FL,Volusia County,95,177,8472
6,73,55,25,WI,Dane County,95,151,9531
6,73,5,7,AR,Benton County,93,198,9700
6,73,29,95,MO,Jackson County,93,164,6224
6,73,18,97,IN,Marion County,92,164,6256
6,73,20,91,KS,Johnson County,90,168,9590
6,73,13,135,GA,Gwinnett County,89,175,7138
6,73,21,111,KY,Jefferson County,89,169,12299
6,73,48,187,TX,Guadalupe County,89,208,7559
6,73,26,163,MI,Wayne County,88,159,7723
6,73,48,367,TX,Parker County,88,225,9653
6,73,9,110,CT,Capitol Planning Region,87,181,9163
6,73,12,19,FL,Clay County,87,219,9591
6,73,17,43,IL,DuPage County,87,142,5862
6,73,41,47,OR,Marion County,87,138,4134
6,73,36,103,NY,Suffolk County,86,126,5807
6,73,12,81,FL,Manatee County,85,142,12305
6,73,13,89,GA,DeKalb County,85,125,6609
6,73,6,47,CA,Merced County,84,153,4789
6,73,24,33,MD,Prince George's County,84,135,5291
6,73,37,51,NC,Cumberland County,84,156,4160
6,73,13,67,GA,Cobb County,80,134,5313
6,73,37,49,NC,Craven County,80,181,6352
6,73,9,180,CT,Southeastern Connecticut Planning,79,131,5099
6,73,47,165,TN,Sumner County,79,169,15143
6,73,49,57,UT,Weber County,79,140,9356
6,73,6,89,CA,Shasta County,78,119,4008
6,73,47,149,TN,Rutherford County,78,163,5894
6,73,48,355,TX,Nueces County,78,161,5564
6,73,20,173,KS,Sedgwick County,77,132,4001
6,73,30,29,MT,Flathead County,77,136,13225
6,73,34,17,NJ,Hudson County,77,108,7520
6,73,55,79,WI,Milwaukee County,77,121,5065
6,73,1,89,AL,Madison County,75,156,8361
6,73,47,65,TN,Hamilton County,75,142,6438
6,73,12,91,FL,Okaloosa County,73,148,6635
6,73,49,11,UT,Davis County,73,130,4614
6,73,4,3,AZ,Cochise County,72,125,5308
6,73,24,37,MD,St. Mary's County,72,160,5148
6,73,25,21,MA,Norfolk County,72,107,7278
6,73,27,123,MN,Ramsey County,72,112,4046
6,73,36,59,NY,Nassau County,72,109,4786
6,73,37,63,NC,Durham County,72,111,5918
6,73,6,57,CA,Nevada County,71,122,7735
6,73,24,510,MD,Baltimore city,71,93,4707
6,73,51,510,VA,Alexandria city,71,118,8636
6,73,48,209,TX,Hays County,70,146,8161
6,73,26,81,MI,Kent County,69,115,6038
6,73,44,5,RI,Newport County,69,162,7430
6,73,8,123,CO,Weld County,68,109,3959
6,73,39,61,OH,Hamilton County,67,111,7057
6,73,28,47,MS,Harrison County,66,146,4419
6,73,37,21,NC,Buncombe County,65,101,4792
6,73,2,20,AK,Anchorage Municipality,64,115,4396
6,73,12,105,FL,Polk County,64,115,4474
6,73,42,91,PA,Montgomery County,64,121,7365
6,73,25,9,MA,Essex County,63,103,6192
6,73,36,29,NY,Erie County,63,113,3773
6,73,12,69,FL,Lake County,62,112,3633
6,73,31,109,NE,Lancaster County,62,122,3273
6,73,37,129,NC,New Hanover County,62,101,7745
6,73,47,189,TN,Wilson County,62,149,7826
6,73,51,800,VA,Suffolk city,62,137,4038
6,73,31,55,NE,Douglas County,61,110,4456
6,73,48,423,TX,Smith County,61,129,5875
6,73,51,107,VA,Loudoun County,61,123,6275
6,73,12,21,FL,Collier County,60,106,14032
6,73,18,57,IN,Hamilton County,60,108,6431
6,73,26,161,MI,Washtenaw County,60,102,4094
6,73,35,13,NM,Doña Ana County,60,104,3394
6,73,34,3,NJ,Bergen County,59,122,6178
6,73,46,99,SD,Minnehaha County,59,115,5571
6,73,48,39,TX,Brazoria County,59,111,4367
6,73,6,39,CA,Madera County,58,117,3216
6,73,17,197,IL,Will County,58,107,5962
6,73,23,5,ME,Cumberland County,58,88,6991
6,73,30,31,MT,Gallatin County,58,88,4751
6,73,36,119,NY,Westchester County,58,110,7731
6,73,6,55,CA,Napa County,57,85,4715
6,73,44,7,RI,Providence County,57,81,3217
6,73,48,61,TX,Cameron County,57,112,3452
6,73,34,13,NJ,Essex County,56,86,7828
6,73,41,33,OR,Josephine County,56,107,4265
6,73,22,103,LA,St. Tammany Parish,55,130,4797
6,73,35,49,NM,Santa Fe County,55,80,5605
6,73,46,103,SD,Pennington County,55,89,4434
6,73,51,650,VA,Hampton city,55,97,2702
6,73,12,5,FL,Bay County,54,97,4302
6,73,12,117,FL,Seminole County,54,104,6180
6,73,48,167,TX,Galveston County,54,88,3409
6,73,48,215,TX,Hidalgo County,54,118,2900
6,73,48,139,TX,Ellis County,53,111,5147
6,73,57,3,FR,Foreign - Puerto Rico,53,80,4417
6,73,12,111,FL,St. Lucie County,52,89,3602
6,73,15,7,HI,Kauai County,52,75,9790
6,73,32,5,NV,Douglas County,52,87,13031
6,73,51,740,VA,Portsmouth city,52,116,2588
6,73,53,5,WA,Benton County,52,105,3137
6,73,6,45,CA,Mendocino County,51,67,3467
6,73,9,170,CT,South Central Connecticut Plannin,51,77,5513
6,73,12,97,FL,Osceola County,51,97,4159
6,73,22,71,LA,Orleans Parish,51,88,4609
6,73,24,5,MD,Baltimore County,50,92,6557
6,73,34,27,NJ,Morris County,50,80,6603
6,73,48,309,TX,McLennan County,50,113,3796
6,73,45,79,SC,Richland County,49,77,3511
6,73,4,17,AZ,Navajo County,48,88,3032
6,73,12,83,FL,Marion County,48,98,3348
6,73,25,27,MA,Worcester County,48,73,4085
6,73,27,37,MN,Dakota County,48,92,2810
6,73,35,43,NM,Sandoval County,48,97,4316
6,73,42,29,PA,Chester County,48,97,6091
6,73,48,257,TX,Kaufman County,48,92,4161
6,73,9,190,CT,Western Connecticut Planning Regi,47,76,8009
6,73,29,183,MO,St. Charles County,47,98,4865
6,73,34,29,NJ,Ocean County,47,74,3525
6,73,45,91,SC,York County,47,85,3551
6,73,49,43,UT,Summit County,47,86,45822
6,73,36,55,NY,Monroe County,46,77,4071
6,73,37,81,NC,Guilford County,46,91,3247
6,73,48,41,TX,Brazos County,46,95,3776
6,73,48,397,TX,Rockwall County,46,143,5663
6,73,29,77,MO,Greene County,45,82,2772
6,73,40,27,OK,Cleveland County,45,98,3387
6,73,51,700,VA,Newport News city,45,89,2089
6,73,24,21,MD,Frederick County,44,96,3630
6,73,25,23,MA,Plymouth County,44,75,3901
6,73,49,21,UT,Iron County,44,79,3346
6,73,12,89,FL,Nassau County,43,92,5123
6,73,30,63,MT,Missoula County,43,68,3592
6,73,32,23,NV,Nye County,43,74,3963
6,73,39,153,OH,Summit County,43,82,2933
6,73,41,3,OR,Benton County,43,68,2625
6,73,45,51,SC,Horry County,43,73,4025
6,73,32,1,NV,Churchill County,42,94,2443
6,73,37,97,NC,Iredell County,42,82,3426
6,73,37,141,NC,Pender County,42,106,5252
6,73,48,303,TX,Lubbock County,42,73,2581
6,73,10,3,DE,New Castle County,41,73,3551
6,73,12,119,FL,Sumter County,41,68,9798
6,73,13,51,GA,Chatham County,41,67,2430
6,73,33,15,NH,Rockingham County,41,59,5346
6,73,34,23,NJ,Middlesex County,41,59,2872
6,73,41,19,OR,Douglas County,41,87,2953
6,73,48,251,TX,Johnson County,41,87,2826
6,73,25,1,MA,Barnstable County,40,62,3167
6,73,33,11,NH,Hillsborough County,40,59,5172
6,73,34,21,NJ,Mercer County,40,60,4961
6,73,39,113,OH,Montgomery County,40,67,2514
6,73,47,9,TN,Blount County,40,98,6833
6,73,53,57,WA,Skagit County,40,72,3553
6,73,8,77,CO,Mesa County,39,62,2089
6,73,17,89,IL,Kane County,39,69,1798
6,73,30,111,MT,Yellowstone County,39,60,2282
6,73,37,67,NC,Forsyth County,39,77,3729
6,73,40,17,OK,Canadian County,39,87,2701
6,73,51,41,VA,Chesterfield County,39,83,3409
6,73,51,87,VA,Henrico County,39,67,2312
6,73,51,760,VA,Richmond city,39,49,2843
6,73,5,119,AR,Pulaski County,38,60,2214
6,73,12,61,FL,Indian River County,38,55,2387
6,73,19,153,IA,Polk County,38,66,1839
6,73,45,83,SC,Spartanburg County,38,82,3393
6,73,4,7,AZ,Gila County,37,56,2166
6,73,34,5,NJ,Burlington County,37,64,2376
6,73,36,71,NY,Orange County,37,53,2743
6,73,42,17,PA,Bucks County,37,63,4125
6,73,45,63,SC,Lexington County,37,92,2615
6,73,1,73,AL,Jefferson County,36,75,2595
6,73,8,14,CO,Broomfield County,36,70,3555
6,73,13,57,GA,Cherokee County,36,65,5017
6,73,13,117,GA,Forsyth County,36,71,4853
6,73,16,19,ID,Bonneville County,36,81,2249
6,73,31,153,NE,Sarpy County,36,80,2515
6,73,36,5,NY,Bronx County,36,45,1153
6,73,36,67,NY,Onondaga County,36,54,1820
6,73,1,3,AL,Baldwin County,35,68,4603
6,73,6,51,CA,Mono County,35,61,3219
6,73,24,27,MD,Howard County,35,76,3594
6,73,41,11,OR,Coos County,35,49,2226
6,73,47,119,TN,Maury County,35,99,4546
6,73,48,373,TX,Polk County,35,66,4580
6,73,22,51,LA,Jefferson Parish,34,64,2745
6,73,29,510,MO,St. Louis city,34,48,2579
6,73,32,19,NV,Lyon County,34,56,2872
6,73,35,29,NM,Luna County,34,125,1040
6,73,13,39,GA,Camden County,33,79,1903
6,73,12,87,FL,Monroe County,32,56,3189
6,73,18,3,IN,Allen County,32,57,1349
6,73,27,3,MN,Anoka County,32,69,1888
6,73,39,151,OH,Stark County,32,52,2366
6,73,41,71,OR,Yamhill County,32,57,1996
6,73,45,35,SC,Dorchester County,32,70,2447
6,73,5,143,AR,Washington County,31,60,2144
6,73,12,15,FL,Charlotte County,31,48,3482
6,73,17,119,IL,Madison County,31,53,1683
6,73,25,5,MA,Bristol County,31,46,3280
6,73,29,47,MO,Clay County,31,68,1837
6,73,33,17,NH,Strafford County,31,47,2539
6,73,34,7,NJ,Camden County,31,45,1567
6,73,34,25,NJ,Monmouth County,31,53,2997
6,73,37,179,NC,Union County,31,76,3690
6,73,40,31,OK,Comanche County,31,55,1234
6,73,53,77,WA,Yakima County,31,56,1709
6,73,55,133,WI,Waukesha County,31,57,2173
6,73,12,85,FL,Martin County,30,65,5974
6,73,13,73,GA,Columbia County,30,72,2822
6,73,16,17,ID,Bonner County,30,63,4125
6,73,23,31,ME,York County,30,52,3122
6,73,24,17,MD,Charles County,30,69,1706
6,73,27,109,MN,Olmsted County,30,53,1832
6,73,28,59,MS,Jackson County,30,52,1787
6,73,39,93,OH,Lorain County,30,56,2594
6,73,41,35,OR,Klamath County,30,48,1898
6,73,42,45,PA,Delaware County,30,49,2452
6,73,48,259,TX,Kendall County,30,104,4497
6,73,56,21,WY,Laramie County,30,56,2715
6,73,37,25,NC,Cabarrus County,29,73,2467
6,73,37,125,NC,Moore County,29,52,4271
6,73,42,11,PA,Berks County,29,48,3106
6,73,16,83,ID,Twin Falls County,28,58,1853
6,73,17,19,IL,Champaign County,28,39,2472
6,73,19,113,IA,Linn County,28,52,1845
6,73,21,67,KY,Fayette County,28,49,1309
6,73,37,101,NC,Johnston County,28,53,2013
6,73,37,135,NC,Orange County,28,47,5196
6,73,42,71,PA,Lancaster County,28,56,2069
6,73,53,9,WA,Clallam County,28,43,2898
6,73,1,97,AL,Mobile County,27,42,1391
6,73,10,5,DE,Sussex County,27,48,2180
6,73,12,35,FL,Flagler County,27,44,1524
6,73,32,510,NV,Carson City,27,47,2773
6,73,37,19,NC,Brunswick County,27,42,2751
6,73,39,41,OH,Delaware County,27,52,2738
6,73,51,177,VA,Spotsylvania County,27,62,1963
6,73,56,39,WY,Teton County,27,40,20464
6,73,6,27,CA,Inyo County,26,38,1002
6,73,6,101,CA,Sutter County,26,40,1270
6,73,6,109,CA,Tuolumne County,26,44,1793
6,73,12,17,FL,Citrus County,26,43,2237
6,73,13,215,GA,Muscogee County,26,43,1618
6,73,18,89,IN,Lake County,26,43,1991
6,73,24,25,MD,Harford County,26,50,2733
6,73,26,139,MI,Ottawa County,26,52,2693
6,73,29,165,MO,Platte County,26,47,2499
6,73,30,49,MT,Lewis and Clark County,26,55,3474
6,73,30,81,MT,Ravalli County,26,48,3805
6,73,42,77,PA,Lehigh County,26,48,1946
6,73,48,381,TX,Randall County,26,51,1726
6,73,48,451,TX,Tom Green County,26,44,1245
6,73,6,33,CA,Lake County,25,46,1578
6,73,9,140,CT,Naugatuck Valley Planning Region,25,45,2594
6,73,27,163,MN,Washington County,25,46,1992
6,73,34,35,NJ,Somerset County,25,36,1508
6,73,34,39,NJ,Union County,25,36,3157
6,73,48,99,TX,Coryell County,25,41,1460
6,73,48,479,TX,Webb County,25,37,1127
6,73,49,5,UT,Cache County,25,52,3442
6,73,51,199,VA,York County,25,61,2273
6,73,2,90,AK,Fairbanks North Star Borough,24,43,1467
6,73,12,1,FL,Alachua County,24,49,1443
6,73,17,111,IL,McHenry County,24,49,1926
6,73,22,33,LA,East Baton Rouge Parish,24,39,1671
6,73,23,11,ME,Kennebec County,24,45,1493
6,73,26,49,MI,Genesee County,24,50,2204
6,73,29,19,MO,Boone County,24,49,981
6,73,36,1,NY,Albany County,24,41,1961
6,73,37,71,NC,Gaston County,24,42,1460
6,73,39,57,OH,Greene County,24,45,1648
6,73,44,3,RI,Kent County,24,40,1802
6,73,48,221,TX,Hood County,24,44,2363
6,73,8,37,CO,Eagle County,23,33,3731
6,73,8,67,CO,La Plata County,23,42,3037
6,73,8,101,CO,Pueblo County,23,49,1695
6,73,13,245,GA,Richmond County,23,59,1176
6,73,18,157,IN,Tippecanoe County,23,34,907
6,73,19,163,IA,Scott County,23,40,1054
6,73,25,13,MA,Hampden County,23,34,1759
6,73,26,65,MI,Ingham County,23,39,907
6,73,26,77,MI,Kalamazoo County,23,29,1351
6,73,29,169,MO,Pulaski County,23,54,1289
6,73,36,91,NY,Saratoga County,23,52,2163
6,73,41,43,OR,Linn County,23,35,1216
6,73,42,133,PA,York County,23,33,1322
6,73,47,105,TN,Loudon County,23,56,2721
6,73,47,179,TN,Washington County,23,45,3103
6,73,48,441,TX,Taylor County,23,45,987
6,73,48,485,TX,Wichita County,23,48,1256
6,73,49,51,UT,Wasatch County,23,46,4748
6,73,55,59,WI,Kenosha County,23,38,996
6,73,1,101,AL,Montgomery County,22,53,1645
6,73,6,9,CA,Calaveras County,22,31,1339
6,73,13,59,GA,Clarke County,22,39,1200
6,73,13,151,GA,Henry County,22,45,1008
6,73,17,201,IL,Winnebago County,22,36,1924
6,73,33,9,NH,Grafton County,22,41,2431
6,73,36,109,NY,Tompkins County,22,33,1792
6,73,39,17,OH,Butler County,22,35,1240
6,73,39,95,OH,Lucas County,22,35,1114
6,73,48,329,TX,Midland County,22,39,1071
6,73,1,81,AL,Lee County,21,41,1156
6,73,6,93,CA,Siskiyou County,21,33,1365
6,73,17,113,IL,McLean County,21,39,1319
6,73,36,45,NY,Jefferson County,21,45,1061
6,73,37,85,NC,Harnett County,21,55,1092
6,73,42,49,PA,Erie County,21,41,1694
6,73,48,245,TX,Jefferson County,21,39,1279
6,73,51,95,VA,James City County,21,45,1487
6,73,5,125,AR,Saline County,20,54,1873
6,73,5,131,AR,Sebastian County,20,44,1419
6,73,6,69,CA,San Benito County,20,35,1002
6,73,13,63,GA,Clayton County,20,39,960
6,73,13,113,GA,Fayette County,20,47,1412
6,73,18,63,IN,Hendricks County,20,41,1725
6,73,37,89,NC,Henderson County,20,39,2602
6,73,39,25,OH,Clermont County,20,33,1672
6,73,41,41,OR,Lincoln County,20,29,1382
6,73,44,9,RI,Washington County,20,33,2065
6,73,51,3,VA,Albemarle County,20,44,1624
6,73,53,15,WA,Cowlitz County,20,41,1032
6,73,58,0,SS,Other flows - Same State,119,205,6942
6,73,59,0,DS,Other flows - Different State,7537,14054,598116
6,73,59,1,DS,Other flows - Northeast,835,1393,68851
6,73,59,3,DS,Other flows - Midwest,2230,4119,156421
6,73,59,5,DS,Other flows - South,3298,6413,242775
6,73,59,7,DS,Other flows - West,1174,2129,130068
6,73,57,9,FR,Foreign - Other flows,45,113,4358
6,75,96,0,CA,San Francisco County Total Migration-US and Foreign,38188,54937,11752233
6,75,97,0,CA,San Francisco County Total Migration-US,38153,54889,11743774
6,75,97,1,CA,San Francisco County Total Migration-Same State,24434,36563,6954244
6,75,97,3,CA,San Francisco County Total Migration-Different State,13719,18326,4789531
6,75,98,0,CA,San Francisco County Total Migration-Foreign,35,48,8459
6,75,6,75,CA,San Francisco County Non-migrants,353959,577572,95760063
6,75,6,81,CA,San Mateo County,4913,7784,1155334
6,75,6,1,CA,Alameda County,4602,6523,1045723
6,75,6,13,CA,Contra Costa County,2513,4431,603863
6,75,6,37,CA,Los Angeles County,2512,3129,859733
6,75,6,85,CA,Santa Clara County,2181,2960,762482
6,75,6,41,CA,Marin County,1611,2754,777964
6,75,36,61,NY,New York County,1610,1813,666232
6,75,6,73,CA,San Diego County,1047,1396,223591
6,75,53,33,WA,King County,887,1203,345454
6,75,36,47,NY,Kings County,876,989,243786
6,75,6,97,CA,Sonoma County,793,1233,274726
6,75,6,67,CA,Sacramento County,740,1177,77439
6,75,6,59,CA,Orange County,610,821,160832
6,75,17,31,IL,Cook County,459,574,88821
6,75,48,453,TX,Travis County,459,582,158702
6,75,6,95,CA,Solano County,452,734,40663
6,75,32,3,NV,Clark County,338,492,80168
6,75,12,86,FL,Miami-Dade County,322,422,186773
6,75,41,51,OR,Multnomah County,318,433,78545
6,75,8,31,CO,Denver County,291,343,62365
6,75,6,65,CA,Riverside County,286,379,62714
6,75,4,13,AZ,Maricopa County,266,353,66062
6,75,25,17,MA,Middlesex County,218,295,54434
6,75,6,77,CA,San Joaquin County,203,323,15232
6,75,6,87,CA,Santa Cruz County,201,282,35809
6,75,11,1,DC,District of Columbia,199,251,88873
6,75,25,25,MA,Suffolk County,179,214,46625
6,75,6,61,CA,Placer County,170,285,50292
6,75,32,31,NV,Washoe County,170,244,113518
6,75,48,201,TX,Harris County,165,234,28216
6,75,15,3,HI,Honolulu County,163,236,26508
6,75,6,55,CA,Napa County,162,232,59347
6,75,36,81,NY,Queens County,156,179,30525
6,75,6,57,CA,Nevada County,139,218,47412
6,75,48,113,TX,Dallas County,138,184,40583
6,75,42,101,PA,Philadelphia County,135,156,17357
6,75,6,83,CA,Santa Barbara County,121,174,79903
6,75,8,13,CO,Boulder County,120,177,38738
6,75,6,71,CA,San Bernardino County,116,164,11391
6,75,6,113,CA,Yolo County,115,167,12036
6,75,13,121,GA,Fulton County,111,156,24409
6,75,34,17,NJ,Hudson County,103,132,35704
6,75,6,17,CA,El Dorado County,100,145,23097
6,75,49,35,UT,Salt Lake County,100,135,24269
6,75,6,53,CA,Monterey County,95,145,125169
6,75,6,99,CA,Stanislaus County,95,143,8346
6,75,6,19,CA,Fresno County,92,146,6317
6,75,12,11,FL,Broward County,91,137,28670
6,75,6,111,CA,Ventura County,85,124,17953
6,75,27,53,MN,Hennepin County,83,121,30240
6,75,6,79,CA,San Luis Obispo County,80,110,13991
6,75,24,31,MD,Montgomery County,69,118,30081
6,75,42,3,PA,Allegheny County,69,92,12478
6,75,47,37,TN,Davidson County,69,83,12285
6,75,36,119,NY,Westchester County,67,108,31775
6,75,48,491,TX,Williamson County,67,114,16989
6,75,51,59,VA,Fairfax County,66,82,21744
6,75,12,99,FL,Palm Beach County,63,96,15138
6,75,48,85,TX,Collin County,63,86,13422
6,75,37,183,NC,Wake County,60,101,12433
6,75,41,17,OR,Deschutes County,60,85,19380
6,75,41,67,OR,Washington County,60,93,12448
6,75,9,190,CT,Western Connecticut Planning Regi,59,102,44451
6,75,37,119,NC,Mecklenburg County,59,96,13024
6,75,4,19,AZ,Pima County,57,86,8324
6,75,6,45,CA,Mendocino County,56,79,7184
6,75,12,95,FL,Orange County,56,76,10103
6,75,25,21,MA,Norfolk County,53,98,16359
6,75,48,439,TX,Tarrant County,52,78,7905
6,75,16,1,ID,Ada County,51,91,13832
6,75,13,89,GA,DeKalb County,50,70,12414
6,75,37,63,NC,Durham County,50,75,9442
6,75,39,35,OH,Cuyahoga County,50,74,8427
6,75,53,11,WA,Clark County,49,67,18088
6,75,34,3,NJ,Bergen County,48,60,13854
6,75,8,59,CO,Jefferson County,46,62,9390
6,75,6,47,CA,Merced County,45,84,3152
6,75,51,13,VA,Arlington County,45,68,15386
6,75,8,5,CO,Arapahoe County,44,58,6036
6,75,53,53,WA,Pierce County,43,66,4835
6,75,48,29,TX,Bexar County,42,55,6176
6,75,53,61,WA,Snohomish County,42,66,9340
6,75,24,510,MD,Baltimore city,41,55,6423
6,75,26,161,MI,Washtenaw County,41,53,7979
6,75,34,23,NJ,Middlesex County,41,50,6410
6,75,36,59,NY,Nassau County,41,58,12142
6,75,22,71,LA,Orleans Parish,40,48,7132
6,75,26,125,MI,Oakland County,40,56,6613
6,75,17,43,IL,DuPage County,39,51,10005
6,75,44,7,RI,Providence County,39,51,4810
6,75,9,170,CT,South Central Connecticut Plannin,38,46,8017
6,75,12,57,FL,Hillsborough County,38,56,6104
6,75,41,5,OR,Clackamas County,37,60,8854
6,75,48,157,TX,Fort Bend County,37,62,4084
6,75,41,39,OR,Lane County,36,56,3955
6,75,35,1,NM,Bernalillo County,35,48,4953
6,75,42,91,PA,Montgomery County,35,67,10774
6,75,45,19,SC,Charleston County,34,59,14041
6,75,6,29,CA,Kern County,33,46,2073
6,75,15,1,HI,Hawaii County,33,40,5953
6,75,15,9,HI,Maui County,33,46,9333
6,75,26,163,MI,Wayne County,33,50,5785
6,75,39,49,OH,Franklin County,33,51,7669
6,75,36,103,NY,Suffolk County,31,37,8284
6,75,55,25,WI,Dane County,31,39,4869
6,75,37,135,NC,Orange County,30,58,7348
6,75,39,61,OH,Hamilton County,30,37,6240
6,75,12,31,FL,Duval County,29,39,4864
6,75,37,21,NC,Buncombe County,29,38,3834
6,75,8,69,CO,Larimer County,28,39,2727
6,75,53,73,WA,Whatcom County,28,35,5921
6,75,6,23,CA,Humboldt County,27,37,2448
6,75,13,135,GA,Gwinnett County,27,41,2769
6,75,8,41,CO,El Paso County,26,34,3971
6,75,12,103,FL,Pinellas County,26,35,6828
6,75,23,5,ME,Cumberland County,26,49,4863
6,75,30,31,MT,Gallatin County,26,43,3610
6,75,34,13,NJ,Essex County,26,48,12930
6,75,34,21,NJ,Mercer County,26,40,11056
6,75,35,49,NM,Santa Fe County,26,36,9910
6,75,6,7,CA,Butte County,25,28,2499
6,75,6,89,CA,Shasta County,24,32,2289
6,75,8,35,CO,Douglas County,24,37,8407
6,75,17,97,IL,Lake County,24,38,4541
6,75,21,111,KY,Jefferson County,24,32,4030
6,75,42,45,PA,Delaware County,24,48,8485
6,75,6,107,CA,Tulare County,23,42,909
6,75,29,189,MO,St. Louis County,23,37,3030
6,75,32,5,NV,Douglas County,23,29,7046
6,75,34,27,NJ,Morris County,23,33,6021
6,75,42,29,PA,Chester County,23,43,10753
6,75,55,79,WI,Milwaukee County,23,27,3523
6,75,9,110,CT,Capitol Planning Region,22,34,4699
6,75,53,35,WA,Kitsap County,22,28,2790
6,75,20,91,KS,Johnson County,21,26,6111
6,75,27,123,MN,Ramsey County,21,30,4964
6,75,34,39,NJ,Union County,21,25,6162
6,75,41,29,OR,Jackson County,21,24,2738
6,75,48,121,TX,Denton County,21,27,2834
6,75,51,510,VA,Alexandria city,21,27,5047
6,75,53,63,WA,Spokane County,21,24,1958
6,75,5,7,AR,Benton County,20,29,4117
6,75,6,109,CA,Tuolumne County,20,31,2577
6,75,18,97,IN,Marion County,20,25,2434
6,75,34,35,NJ,Somerset County,20,22,3123
6,75,58,0,SS,Other flows - Same State,147,215,16175
6,75,59,0,DS,Other flows - Different State,2502,3542,761568
6,75,59,1,DS,Other flows - Northeast,571,821,239049
6,75,59,3,DS,Other flows - Midwest,456,603,90858
6,75,59,5,DS,Other flows - South,1017,1462,186329
6,75,59,7,DS,Other flows - West,458,656,245332
6,75,57,9,FR,Foreign - Other flows,35,48,8459
6,77,96,0,CA,San Joaquin County Total Migration-US and Foreign,16474,30246,1208548
6,77,97,0,CA,San Joaquin County Total Migration-US,16446,30194,1207423
6,77,97,1,CA,San Joaquin County Total Migration-Same State,11175,20106,772856
6,77,97,3,CA,San Joaquin County Total Migration-Different State,5271,10088,434566
6,77,98,0,CA,San Joaquin County Total Migration-Foreign,28,52,1126
6,77,6,77,CA,San Joaquin County Non-migrants,282567,609147,22781300
6,77,6,99,CA,Stanislaus County,2046,4110,134865
6,77,6,67,CA,Sacramento County,1724,2967,105557
6,77,6,1,CA,Alameda County,1588,2771,115541
6,77,6,85,CA,Santa Clara County,816,1445,60428
6,77,6,13,CA,Contra Costa County,709,1304,59470
6,77,6,37,CA,Los Angeles County,388,539,19045
6,77,6,9,CA,Calaveras County,344,786,28146
6,77,6,73,CA,San Diego County,302,475,20464
6,77,32,3,NV,Clark County,298,554,20866
6,77,6,19,CA,Fresno County,288,518,20038
6,77,6,47,CA,Merced County,269,575,16637
6,77,6,75,CA,San Francisco County,230,314,18754
6,77,4,13,AZ,Maricopa County,207,385,14689
6,77,6,95,CA,Solano County,207,347,10900
6,77,6,81,CA,San Mateo County,200,324,14881
6,77,6,61,CA,Placer County,193,345,16909
6,77,6,59,CA,Orange County,151,235,11411
6,77,6,65,CA,Riverside County,132,235,8252
6,77,6,5,CA,Amador County,130,234,7519
6,77,6,29,CA,Kern County,126,239,6585
6,77,32,31,NV,Washoe County,123,180,7893
6,77,6,71,CA,San Bernardino County,119,210,7653
6,77,53,33,WA,King County,107,164,8120
6,77,6,113,CA,Yolo County,105,166,5593
6,77,48,201,TX,Harris County,92,199,8705
6,77,6,97,CA,Sonoma County,91,147,5788
6,77,6,53,CA,Monterey County,87,146,9447
6,77,6,17,CA,El Dorado County,82,149,11843
6,77,6,7,CA,Butte County,81,148,5881
6,77,6,109,CA,Tuolumne County,79,169,6207
6,77,16,1,ID,Ada County,78,161,7204
6,77,48,453,TX,Travis County,67,121,10343
6,77,6,87,CA,Santa Cruz County,61,88,5721
6,77,6,107,CA,Tulare County,61,107,3415
6,77,48,29,TX,Bexar County,59,114,3186
6,77,48,113,TX,Dallas County,58,106,3413
6,77,48,439,TX,Tarrant County,58,116,3906
6,77,48,85,TX,Collin County,56,113,5263
6,77,53,53,WA,Pierce County,54,96,3566
6,77,16,27,ID,Canyon County,51,114,3940
6,77,6,39,CA,Madera County,46,94,2714
6,77,15,3,HI,Honolulu County,46,76,2888
6,77,17,31,IL,Cook County,46,65,2974
6,77,6,89,CA,Shasta County,45,84,2628
6,77,41,51,OR,Multnomah County,44,61,2687
6,77,41,67,OR,Washington County,43,65,2169
6,77,6,31,CA,Kings County,42,68,1319
6,77,48,491,TX,Williamson County,42,104,6194
6,77,48,339,TX,Montgomery County,41,88,3912
6,77,6,79,CA,San Luis Obispo County,40,59,4720
6,77,4,19,AZ,Pima County,38,61,1823
6,77,48,121,TX,Denton County,38,91,4554
6,77,6,41,CA,Marin County,35,58,2963
6,77,49,35,UT,Salt Lake County,35,71,4034
6,77,6,111,CA,Ventura County,34,59,2208
6,77,6,115,CA,Yuba County,34,65,2034
6,77,32,19,NV,Lyon County,34,58,2219
6,77,53,11,WA,Clark County,34,64,3166
6,77,4,21,AZ,Pinal County,31,63,2451
6,77,6,57,CA,Nevada County,31,52,2480
6,77,8,41,CO,El Paso County,31,55,1953
6,77,53,63,WA,Spokane County,31,48,1772
6,77,48,157,TX,Fort Bend County,30,64,2858
6,77,57,5,FR,Foreign - APO/FPO ZIPs,28,52,1126
6,77,41,29,OR,Jackson County,27,51,1883
6,77,53,61,WA,Snohomish County,27,47,1988
6,77,6,23,CA,Humboldt County,26,37,1151
6,77,16,55,ID,Kootenai County,26,55,1949
6,77,41,39,OR,Lane County,26,38,1372
6,77,4,27,AZ,Yuma County,25,55,1225
6,77,12,31,FL,Duval County,25,39,1255
6,77,12,57,FL,Hillsborough County,25,58,2296
6,77,48,141,TX,El Paso County,25,44,1107
6,77,6,103,CA,Tehama County,24,46,1698
6,77,40,109,OK,Oklahoma County,24,58,1125
6,77,41,47,OR,Marion County,24,34,1507
6,77,6,55,CA,Napa County,23,39,2003
6,77,48,27,TX,Bell County,23,41,1126
6,77,48,367,TX,Parker County,23,60,2566
6,77,6,83,CA,Santa Barbara County,22,43,1209
6,77,6,69,CA,San Benito County,21,27,1116
6,77,6,101,CA,Sutter County,21,42,1076
6,77,12,95,FL,Orange County,21,41,1667
6,77,36,61,NY,New York County,20,27,1480
6,77,49,49,UT,Utah County,20,41,1585
6,77,58,0,SS,Other flows - Same State,122,240,6586
6,77,59,0,DS,Other flows - Different State,3038,5942,263686
6,77,59,1,DS,Other flows - Northeast,229,375,18655
6,77,59,3,DS,Other flows - Midwest,558,1037,34507
6,77,59,5,DS,Other flows - South,1489,3069,123151
6,77,59,7,DS,Other flows - West,762,1461,87374
6,77,57,9,FR,Foreign - Other flows,-1,-1,-1
6,79,96,0,CA,San Luis Obispo County Total Migration-US and Foreign,7034,11105,600990
6,79,97,0,CA,San Luis Obispo County Total Migration-US,7034,11105,600990
6,79,97,1,CA,San Luis Obispo County Total Migration-Same State,3998,5928,306785
6,79,97,3,CA,San Luis Obispo County Total Migration-Different State,3036,5177,294204
6,79,6,79,CA,San Luis Obispo County Non-migrants,109250,208055,12329158
6,79,6,83,CA,Santa Barbara County,709,1229,53316
6,79,6,37,CA,Los Angeles County,472,590,32321
6,79,6,73,CA,San Diego County,292,393,28051
6,79,6,59,CA,Orange County,214,286,14334
6,79,6,29,CA,Kern County,187,303,11215
6,79,6,19,CA,Fresno County,169,268,14921
6,79,6,85,CA,Santa Clara County,154,213,14727
6,79,6,53,CA,Monterey County,147,240,10397
6,79,6,111,CA,Ventura County,145,214,15791
6,79,6,67,CA,Sacramento County,141,186,9341
6,79,6,65,CA,Riverside County,129,186,8003
6,79,6,107,CA,Tulare County,116,172,7030
6,79,6,75,CA,San Francisco County,115,128,12224
6,79,6,1,CA,Alameda County,106,144,8308
6,79,4,13,AZ,Maricopa County,105,155,10325
6,79,6,71,CA,San Bernardino County,97,145,5725
6,79,32,3,NV,Clark County,92,145,5031
6,79,53,33,WA,King County,89,106,10196
6,79,6,97,CA,Sonoma County,77,102,5713
6,79,16,1,ID,Ada County,62,122,4760
6,79,6,87,CA,Santa Cruz County,60,75,3232
6,79,6,13,CA,Contra Costa County,59,86,5417
6,79,6,61,CA,Placer County,56,99,4616
6,79,41,51,OR,Multnomah County,53,77,3694
6,79,6,31,CA,Kings County,52,79,2474
6,79,32,31,NV,Washoe County,50,67,3704
6,79,4,15,AZ,Mohave County,38,60,2449
6,79,6,81,CA,San Mateo County,38,52,4891
6,79,6,7,CA,Butte County,37,58,2318
6,79,4,25,AZ,Yavapai County,36,64,3145
6,79,41,17,OR,Deschutes County,35,55,3901
6,79,6,17,CA,El Dorado County,34,54,3007
6,79,6,41,CA,Marin County,34,42,5739
6,79,48,453,TX,Travis County,32,47,3799
6,79,8,41,CO,El Paso County,31,50,1728
6,79,6,77,CA,San Joaquin County,29,37,1253
6,79,16,55,ID,Kootenai County,29,75,2584
6,79,8,31,CO,Denver County,28,31,1984
6,79,6,23,CA,Humboldt County,27,45,1705
6,79,6,95,CA,Solano County,27,44,2191
6,79,4,19,AZ,Pima County,26,47,3022
6,79,16,27,ID,Canyon County,26,58,1878
6,79,41,39,OR,Lane County,26,40,1275
6,79,17,31,IL,Cook County,25,40,1579
6,79,6,39,CA,Madera County,24,39,2390
6,79,6,47,CA,Merced County,24,44,1495
6,79,48,491,TX,Williamson County,24,48,1958
6,79,6,57,CA,Nevada County,23,41,2189
6,79,6,89,CA,Shasta County,23,47,1314
6,79,15,3,HI,Honolulu County,23,37,2263
6,79,47,37,TN,Davidson County,23,26,842
6,79,6,99,CA,Stanislaus County,22,36,1617
6,79,8,13,CO,Boulder County,22,26,3920
6,79,53,11,WA,Clark County,22,34,1360
6,79,8,59,CO,Jefferson County,21,31,1260
6,79,36,47,NY,Kings County,20,22,851
6,79,41,67,OR,Washington County,20,32,1435
6,79,58,0,SS,Other flows - Same State,159,251,9522
6,79,59,0,DS,Other flows - Different State,2078,3685,205091
6,79,59,1,DS,Other flows - Northeast,170,235,11850
6,79,59,3,DS,Other flows - Midwest,304,558,24354
6,79,59,5,DS,Other flows - South,865,1680,73546
6,79,59,7,DS,Other flows - West,739,1212,95342
6,79,57,9,FR,Foreign - Other flows,-1,-1,-1
6,81,96,0,CA,San Mateo County Total Migration-US and Foreign,27181,45162,7372754
6,81,97,0,CA,San Mateo County Total Migration-US,27158,45125,7371357
6,81,97,1,CA,San Mateo County Total Migration-Same State,19654,32528,4387335
6,81,97,3,CA,San Mateo County Total Migration-Different State,7504,12597,2984023
6,81,98,0,CA,San Mateo County Total Migration-Foreign,23,37,1397
6,81,6,81,CA,San Mateo County Non-migrants,301797,586572,100683917
6,81,6,85,CA,Santa Clara County,4305,6869,1255517
6,81,6,75,CA,San Francisco County,3666,5148,905858
6,81,6,1,CA,Alameda County,2907,4840,478366
6,81,6,13,CA,Contra Costa County,1686,3292,326889
6,81,6,37,CA,Los Angeles County,984,1399,187071
6,81,6,67,CA,Sacramento County,835,1464,96124
6,81,6,73,CA,San Diego County,640,1085,173874
6,81,53,33,WA,King County,528,804,142386
6,81,6,95,CA,Solano County,490,974,49612
6,81,6,77,CA,San Joaquin County,484,1016,45257
6,81,6,59,CA,Orange County,445,768,118828
6,81,6,61,CA,Placer County,380,774,67718
6,81,6,97,CA,Sonoma County,366,579,99861
6,81,32,3,NV,Clark County,318,513,46351
6,81,36,61,NY,New York County,277,344,76663
6,81,6,41,CA,Marin County,275,470,91656
6,81,6,99,CA,Stanislaus County,262,615,18957
6,81,6,87,CA,Santa Cruz County,218,346,48095
6,81,4,13,AZ,Maricopa County,214,329,40812
6,81,48,453,TX,Travis County,204,317,64752
6,81,17,31,IL,Cook County,181,259,32039
6,81,32,31,NV,Washoe County,167,254,50851
6,81,6,65,CA,Riverside County,166,252,39133
6,81,6,17,CA,El Dorado County,141,291,26066
6,81,41,51,OR,Multnomah County,136,195,29133
6,81,36,47,NY,Kings County,134,164,23662
6,81,25,17,MA,Middlesex County,131,247,48784
6,81,6,53,CA,Monterey County,129,220,54862
6,81,15,3,HI,Honolulu County,124,204,28348
6,81,6,71,CA,San Bernardino County,113,196,10185
6,81,48,201,TX,Harris County,112,204,26058
6,81,6,19,CA,Fresno County,111,176,8603
6,81,8,31,CO,Denver County,102,136,25957
6,81,6,113,CA,Yolo County,101,167,12743
6,81,48,491,TX,Williamson County,97,216,25268
6,81,41,67,OR,Washington County,95,146,12579
6,81,6,55,CA,Napa County,87,134,19200
6,81,6,57,CA,Nevada County,84,150,17402
6,81,48,113,TX,Dallas County,82,151,45189
6,81,12,86,FL,Miami-Dade County,80,158,24537
6,81,6,83,CA,Santa Barbara County,79,125,58152
6,81,37,183,NC,Wake County,75,164,22027
6,81,6,79,CA,San Luis Obispo County,74,132,13713
6,81,49,35,UT,Salt Lake County,70,121,16491
6,81,16,1,ID,Ada County,69,146,16803
6,81,36,81,NY,Queens County,67,80,13206
6,81,6,47,CA,Merced County,65,137,3665
6,81,6,111,CA,Ventura County,64,111,12177
6,81,41,17,OR,Deschutes County,60,134,29377
6,81,51,59,VA,Fairfax County,60,122,13800
6,81,11,1,DC,District of Columbia,59,84,10860
6,81,24,31,MD,Montgomery County,57,104,13347
6,81,6,7,CA,Butte County,55,77,7312
6,81,25,25,MA,Suffolk County,54,64,10007
6,81,48,85,TX,Collin County,53,116,12597
6,81,53,61,WA,Snohomish County,52,91,11741
6,81,12,11,FL,Broward County,51,86,81310
6,81,53,11,WA,Clark County,48,67,11500
6,81,4,19,AZ,Pima County,47,76,7116
6,81,6,9,CA,Calaveras County,46,82,7286
6,81,34,17,NJ,Hudson County,45,59,11008
6,81,48,439,TX,Tarrant County,45,100,13191
6,81,8,13,CO,Boulder County,44,76,9990
6,81,27,53,MN,Hennepin County,44,68,7573
6,81,8,5,CO,Arapahoe County,43,74,18506
6,81,6,29,CA,Kern County,42,75,3277
6,81,8,59,CO,Jefferson County,42,67,11796
6,81,12,95,FL,Orange County,42,77,11092
6,81,42,101,PA,Philadelphia County,42,55,4465
6,81,48,29,TX,Bexar County,41,77,5880
6,81,6,109,CA,Tuolumne County,40,68,5532
6,81,12,99,FL,Palm Beach County,39,82,16358
6,81,41,29,OR,Jackson County,38,63,9171
6,81,25,21,MA,Norfolk County,37,80,15101
6,81,37,119,NC,Mecklenburg County,37,65,11350
6,81,53,53,WA,Pierce County,37,63,6064
6,81,8,35,CO,Douglas County,36,71,11405
6,81,13,121,GA,Fulton County,35,60,7789
6,81,47,37,TN,Davidson County,35,61,25486
6,81,6,89,CA,Shasta County,33,52,3431
6,81,53,35,WA,Kitsap County,33,55,10041
6,81,41,39,OR,Lane County,32,50,5459
6,81,12,103,FL,Pinellas County,31,54,6433
6,81,8,41,CO,El Paso County,30,66,5571
6,81,48,121,TX,Denton County,30,69,6183
6,81,6,23,CA,Humboldt County,29,42,2233
6,81,6,69,CA,San Benito County,29,50,3989
6,81,41,5,OR,Clackamas County,29,62,7089
6,81,13,89,GA,DeKalb County,28,48,7695
6,81,15,9,HI,Maui County,28,54,6353
6,81,42,3,PA,Allegheny County,28,43,6867
6,81,6,39,CA,Madera County,27,56,1973
6,81,26,125,MI,Oakland County,27,56,6848
6,81,39,35,OH,Cuyahoga County,27,45,4425
6,81,48,339,TX,Montgomery County,27,49,3493
6,81,17,43,IL,DuPage County,26,48,6555
6,81,6,107,CA,Tulare County,24,55,1466
6,81,9,190,CT,Western Connecticut Planning Regi,24,64,7943
6,81,6,33,CA,Lake County,23,36,2638
6,81,6,45,CA,Mendocino County,23,30,2100
6,81,6,103,CA,Tehama County,23,30,1506
6,81,6,115,CA,Yuba County,23,36,2218
6,81,12,57,FL,Hillsborough County,23,50,5968
6,81,57,5,FR,Foreign - APO/FPO ZIPs,23,37,1397
6,81,4,25,AZ,Yavapai County,22,32,2026
6,81,15,1,HI,Hawaii County,22,40,4010
6,81,26,161,MI,Washtenaw County,22,37,2682
6,81,48,209,TX,Hays County,22,46,9162
6,81,53,63,WA,Spokane County,22,38,3027
6,81,53,67,WA,Thurston County,22,35,3546
6,81,16,27,ID,Canyon County,21,33,2437
6,81,30,31,MT,Gallatin County,21,41,7595
6,81,51,13,VA,Arlington County,21,34,4673
6,81,53,73,WA,Whatcom County,21,32,3855
6,81,6,5,CA,Amador County,20,26,2002
6,81,9,170,CT,South Central Connecticut Plannin,20,25,3102
6,81,36,119,NY,Westchester County,20,48,8186
6,81,37,63,NC,Durham County,20,37,2958
6,81,58,0,SS,Other flows - Same State,60,85,11202
6,81,59,0,DS,Other flows - Different State,2319,4051,832357
6,81,59,1,DS,Other flows - Northeast,473,808,199243
6,81,59,3,DS,Other flows - Midwest,468,779,80680
6,81,59,5,DS,Other flows - South,900,1608,248085
6,81,59,7,DS,Other flows - West,478,856,304350
6,81,57,9,FR,Foreign - Other flows,-1,-1,-1
6,83,96,0,CA,Santa Barbara County Total Migration-US and Foreign,10788,17377,1017965
6,83,97,0,CA,Santa Barbara County Total Migration-US,10724,17245,1014425
6,83,97,1,CA,Santa Barbara County Total Migration-Same State,5832,8771,496083
6,83,97,3,CA,Santa Barbara County Total Migration-Different State,4892,8474,518342
6,83,98,0,CA,Santa Barbara County Total Migration-Foreign,64,132,3540
6,83,6,83,CA,Santa Barbara County Non-migrants,168570,335835,20192443
6,83,6,37,CA,Los Angeles County,1082,1391,103155
6,83,6,111,CA,Ventura County,905,1536,78355
6,83,6,79,CA,San Luis Obispo County,811,1412,55464
6,83,6,73,CA,San Diego County,525,695,42314
6,83,6,59,CA,Orange County,298,414,26933
6,83,4,13,AZ,Maricopa County,215,361,20162
6,83,6,85,CA,Santa Clara County,208,280,26539
6,83,6,29,CA,Kern County,198,384,11380
6,83,6,65,CA,Riverside County,195,318,12879
6,83,32,3,NV,Clark County,182,322,16211
6,83,6,1,CA,Alameda County,181,223,16689
6,83,53,33,WA,King County,166,216,16171
6,83,6,75,CA,San Francisco County,156,178,33659
6,83,6,71,CA,San Bernardino County,132,211,7558
6,83,6,19,CA,Fresno County,120,218,6061
6,83,6,67,CA,Sacramento County,115,162,9265
6,83,8,41,CO,El Paso County,101,192,11651
6,83,36,61,NY,New York County,86,106,8660
6,83,6,53,CA,Monterey County,77,118,4059
6,83,41,51,OR,Multnomah County,76,89,5529
6,83,48,453,TX,Travis County,69,95,17132
6,83,6,13,CA,Contra Costa County,66,86,6459
6,83,6,81,CA,San Mateo County,66,89,10944
6,83,57,5,FR,Foreign - APO/FPO ZIPs,64,132,3540
6,83,6,87,CA,Santa Cruz County,58,79,3914
6,83,48,29,TX,Bexar County,55,121,3044
6,83,6,97,CA,Sonoma County,54,68,3049
6,83,17,31,IL,Cook County,54,64,3385
6,83,6,107,CA,Tulare County,53,97,2127
6,83,8,31,CO,Denver County,51,56,6806
6,83,15,3,HI,Honolulu County,49,90,4094
6,83,16,1,ID,Ada County,44,80,7396
6,83,48,201,TX,Harris County,43,73,4493
6,83,8,13,CO,Boulder County,42,54,4234
6,83,48,439,TX,Tarrant County,42,77,2625
6,83,4,25,AZ,Yavapai County,41,72,3812
6,83,6,17,CA,El Dorado County,41,58,2902
6,83,48,113,TX,Dallas County,41,78,10697
6,83,49,35,UT,Salt Lake County,41,62,2938
6,83,6,61,CA,Placer County,40,60,3632
6,83,41,17,OR,Deschutes County,40,68,4920
6,83,36,47,NY,Kings County,39,42,3620
6,83,4,19,AZ,Pima County,38,64,2980
6,83,6,77,CA,San Joaquin County,35,51,1653
6,83,6,113,CA,Yolo County,34,43,1615
6,83,32,31,NV,Washoe County,34,59,2644
6,83,41,39,OR,Lane County,34,42,1328
6,83,4,15,AZ,Mohave County,33,50,2580
6,83,6,41,CA,Marin County,33,41,6381
6,83,41,67,OR,Washington County,33,47,1829
6,83,6,7,CA,Butte County,32,42,1671
6,83,11,1,DC,District of Columbia,32,37,3412
6,83,53,61,WA,Snohomish County,32,78,2542
6,83,6,95,CA,Solano County,31,50,2041
6,83,12,9,FL,Brevard County,30,65,2411
6,83,25,17,MA,Middlesex County,30,40,3145
6,83,47,37,TN,Davidson County,29,40,3454
6,83,6,99,CA,Stanislaus County,27,49,1448
6,83,41,5,OR,Clackamas County,27,39,2527
6,83,41,29,OR,Jackson County,26,48,3255
6,83,48,85,TX,Collin County,25,50,2430
6,83,6,89,CA,Shasta County,24,42,1051
6,83,38,101,ND,Ward County,24,44,1147
6,83,48,491,TX,Williamson County,24,48,2073
6,83,51,59,VA,Fairfax County,24,52,2854
6,83,6,31,CA,Kings County,23,46,1194
6,83,12,11,FL,Broward County,23,30,2748
6,83,12,86,FL,Miami-Dade County,23,31,2716
6,83,35,1,NM,Bernalillo County,23,35,1525
6,83,53,53,WA,Pierce County,23,40,2986
6,83,6,23,CA,Humboldt County,22,30,1476
6,83,8,5,CO,Arapahoe County,22,33,1452
6,83,8,69,CO,Larimer County,22,37,2343
6,83,12,103,FL,Pinellas County,22,38,2862
6,83,24,31,MD,Montgomery County,22,37,1460
6,83,48,121,TX,Denton County,22,43,2199
6,83,6,57,CA,Nevada County,21,35,1296
6,83,53,11,WA,Clark County,21,39,2138
6,83,53,73,WA,Whatcom County,21,37,1764
6,83,8,59,CO,Jefferson County,20,26,1488
6,83,53,67,WA,Thurston County,20,30,1495
6,83,58,0,SS,Other flows - Same State,169,265,8918
6,83,59,0,DS,Other flows - Different State,2656,4904,279744
6,83,59,1,DS,Other flows - Northeast,330,478,40701
6,83,59,3,DS,Other flows - Midwest,490,881,46318
6,83,59,5,DS,Other flows - South,1171,2308,128416
6,83,59,7,DS,Other flows - West,665,1237,64308
6,83,57,9,FR,Foreign - Other flows,-1,-1,-1
6,85,96,0,CA,Santa Clara County Total Migration-US and Foreign,57617,100109,14141696
6,85,97,0,CA,Santa Clara County Total Migration-US,57531,99937,14131374
6,85,97,1,CA,Santa Clara County Total Migration-Same State,36535,63725,8191858
6,85,97,3,CA,Santa Clara County Total Migration-Different State,20996,36212,5939516
6,85,98,0,CA,Santa Clara County Total Migration-Foreign,86,172,10323
6,85,6,85,CA,Santa Clara County Non-migrants,760602,1513782,203847228
6,85,6,1,CA,Alameda County,7414,13381,1610744
6,85,6,81,CA,San Mateo County,4213,6543,1604065
6,85,6,75,CA,San Francisco County,3290,3872,1004111
6,85,6,77,CA,San Joaquin County,2567,5780,341654
6,85,6,37,CA,Los Angeles County,2186,3084,538953
6,85,6,13,CA,Contra Costa County,1873,3884,497026
6,85,6,67,CA,Sacramento County,1852,3434,226230
6,85,6,73,CA,San Diego County,1755,2882,405585
6,85,53,33,WA,King County,1744,2576,506261
6,85,6,59,CA,Orange County,1218,2087,312733
6,85,6,87,CA,Santa Cruz County,1166,1973,308872
6,85,6,69,CA,San Benito County,1053,2120,116316
6,85,6,99,CA,Stanislaus County,947,1960,70772
6,85,6,47,CA,Merced County,825,1875,57959
6,85,4,13,AZ,Maricopa County,799,1383,139756
6,85,6,61,CA,Placer County,786,1642,159288
6,85,32,3,NV,Clark County,785,1299,224841
6,85,48,453,TX,Travis County,776,1414,269645
6,85,36,61,NY,New York County,752,898,177150
6,85,6,53,CA,Monterey County,670,1147,171014
6,85,48,491,TX,Williamson County,610,1485,177150
6,85,6,19,CA,Fresno County,532,952,44031
6,85,32,31,NV,Washoe County,451,756,120284
6,85,6,65,CA,Riverside County,433,709,64452
6,85,17,31,IL,Cook County,389,526,69344
6,85,48,201,TX,Harris County,380,744,83815
6,85,6,97,CA,Sonoma County,358,551,83497
6,85,48,85,TX,Collin County,345,833,105663
6,85,6,17,CA,El Dorado County,320,645,68442
6,85,6,95,CA,Solano County,310,544,34571
6,85,36,47,NY,Kings County,285,344,52649
6,85,6,79,CA,San Luis Obispo County,277,458,57515
6,85,41,51,OR,Multnomah County,271,375,37779
6,85,48,113,TX,Dallas County,271,422,59430
6,85,25,17,MA,Middlesex County,270,423,60105
6,85,41,67,OR,Washington County,259,459,54035
6,85,16,1,ID,Ada County,258,526,56568
6,85,6,71,CA,San Bernardino County,234,373,23560
6,85,6,41,CA,Marin County,202,328,76048
6,85,37,183,NC,Wake County,201,513,52152
6,85,6,113,CA,Yolo County,200,322,27667
6,85,15,3,HI,Honolulu County,195,307,38228
6,85,53,11,WA,Clark County,193,323,55976
6,85,48,439,TX,Tarrant County,191,424,38737
6,85,53,61,WA,Snohomish County,175,321,44134
6,85,6,83,CA,Santa Barbara County,168,261,65801
6,85,48,121,TX,Denton County,167,350,38564
6,85,49,35,UT,Salt Lake County,167,271,28317
6,85,6,29,CA,Kern County,162,286,11716
6,85,34,17,NJ,Hudson County,162,211,35279
6,85,6,39,CA,Madera County,161,323,13997
6,85,6,111,CA,Ventura County,160,271,28741
6,85,25,25,MA,Suffolk County,157,188,25075
6,85,12,86,FL,Miami-Dade County,152,242,64884
6,85,48,29,TX,Bexar County,150,257,17964
6,85,8,31,CO,Denver County,147,182,25209
6,85,6,57,CA,Nevada County,145,281,32763
6,85,36,81,NY,Queens County,142,180,25209
6,85,11,1,DC,District of Columbia,135,174,20113
6,85,41,5,OR,Clackamas County,134,272,42173
6,85,13,121,GA,Fulton County,133,242,40652
6,85,6,107,CA,Tulare County,131,225,8221
6,85,53,53,WA,Pierce County,123,202,14156
6,85,48,157,TX,Fort Bend County,120,281,19994
6,85,6,7,CA,Butte County,114,172,9740
6,85,51,59,VA,Fairfax County,113,226,38184
6,85,41,17,OR,Deschutes County,109,200,51015
6,85,8,13,CO,Boulder County,106,175,25943
6,85,27,53,MN,Hennepin County,105,172,20726
6,85,37,119,NC,Mecklenburg County,103,189,17273
6,85,6,9,CA,Calaveras County,100,161,18895
6,85,6,55,CA,Napa County,100,155,28559
6,85,8,41,CO,El Paso County,99,173,14547
6,85,12,11,FL,Broward County,99,186,30273
6,85,24,31,MD,Montgomery County,95,163,22947
6,85,8,59,CO,Jefferson County,93,143,23546
6,85,12,99,FL,Palm Beach County,93,173,31180
6,85,8,35,CO,Douglas County,92,207,23859
6,85,12,57,FL,Hillsborough County,92,183,23686
6,85,26,125,MI,Oakland County,92,186,20466
6,85,12,95,FL,Orange County,91,166,14751
6,85,6,89,CA,Shasta County,86,139,9549
6,85,4,19,AZ,Pima County,85,145,9173
6,85,42,101,PA,Philadelphia County,85,102,10383
6,85,47,37,TN,Davidson County,84,123,40585
6,85,49,49,UT,Utah County,83,170,16418
6,85,41,39,OR,Lane County,81,114,8338
6,85,42,3,PA,Allegheny County,81,109,14452
6,85,8,5,CO,Arapahoe County,80,134,12672
6,85,13,135,GA,Gwinnett County,80,150,8939
6,85,41,29,OR,Jackson County,76,133,15189
6,85,26,161,MI,Washtenaw County,73,104,15955
6,85,16,27,ID,Canyon County,72,143,13878
6,85,6,109,CA,Tuolumne County,70,113,9558
6,85,47,187,TN,Williamson County,69,186,46888
6,85,13,89,GA,DeKalb County,68,129,15304
6,85,53,63,WA,Spokane County,68,118,17598
6,85,25,21,MA,Norfolk County,67,115,17987
6,85,57,5,FR,Foreign - APO/FPO ZIPs,64,135,4121
6,85,34,23,NJ,Middlesex County,61,88,9479
6,85,8,69,CO,Larimer County,60,101,13989
6,85,53,67,WA,Thurston County,60,97,7058
6,85,32,5,NV,Douglas County,58,106,17799
6,85,48,209,TX,Hays County,58,116,16619
6,85,8,1,CO,Adams County,57,84,12055
6,85,37,63,NC,Durham County,57,91,11597
6,85,6,5,CA,Amador County,56,101,6001
6,85,6,115,CA,Yuba County,56,111,3818
6,85,51,13,VA,Arlington County,55,82,9436
6,85,12,103,FL,Pinellas County,53,88,19177
6,85,17,43,IL,DuPage County,53,103,17800
6,85,48,339,TX,Montgomery County,53,109,11835
6,85,53,35,WA,Kitsap County,52,103,15826
6,85,39,49,OH,Franklin County,51,79,6503
6,85,4,25,AZ,Yavapai County,50,96,15082
6,85,6,23,CA,Humboldt County,50,62,3844
6,85,12,115,FL,Sarasota County,50,96,24873
6,85,4,21,AZ,Pinal County,49,75,8336
6,85,13,67,GA,Cobb County,48,103,10683
6,85,36,119,NY,Westchester County,47,82,11706
6,85,6,45,CA,Mendocino County,46,72,7542
6,85,12,31,FL,Duval County,46,73,6385
6,85,15,1,HI,Hawaii County,46,89,14223
6,85,15,9,HI,Maui County,45,79,12440
6,85,26,163,MI,Wayne County,44,90,19268
6,85,36,59,NY,Nassau County,44,72,8812
6,85,48,91,TX,Comal County,44,95,7832
6,85,51,107,VA,Loudoun County,44,97,7970
6,85,6,33,CA,Lake County,43,69,3957
6,85,34,21,NJ,Mercer County,43,72,13709
6,85,34,3,NJ,Bergen County,42,91,11742
6,85,35,1,NM,Bernalillo County,41,59,6840
6,85,12,9,FL,Brevard County,40,71,7000
6,85,48,141,TX,El Paso County,40,90,3362
6,85,13,117,GA,Forsyth County,39,105,9315
6,85,55,25,WI,Dane County,39,61,7343
6,85,6,103,CA,Tehama County,38,75,3407
6,85,9,170,CT,South Central Connecticut Plannin,38,43,3337
6,85,9,190,CT,Western Connecticut Planning Regi,37,72,10423
6,85,12,71,FL,Lee County,36,60,16331
6,85,17,97,IL,Lake County,36,75,9562
6,85,39,35,OH,Cuyahoga County,36,56,6254
6,85,32,19,NV,Lyon County,35,60,4147
6,85,34,13,NJ,Essex County,35,90,21077
6,85,49,53,UT,Washington County,34,69,10404
6,85,53,73,WA,Whatcom County,34,53,5142
6,85,29,189,MO,St. Louis County,33,66,5786
6,85,12,101,FL,Pasco County,32,61,5101
6,85,20,91,KS,Johnson County,32,49,4394
6,85,6,43,CA,Mariposa County,31,48,6191
6,85,6,101,CA,Sutter County,31,60,2044
6,85,40,109,OK,Oklahoma County,31,61,3748
6,85,5,7,AR,Benton County,30,49,3933
6,85,12,81,FL,Manatee County,30,72,11473
6,85,12,117,FL,Seminole County,30,64,7233
6,85,16,55,ID,Kootenai County,30,68,7949
6,85,34,27,NJ,Morris County,30,61,12247
6,85,24,3,MD,Anne Arundel County,29,46,4008
6,85,24,27,MD,Howard County,29,54,6308
6,85,24,33,MD,Prince George's County,29,39,2904
6,85,36,103,NY,Suffolk County,29,40,4677
6,85,42,91,PA,Montgomery County,29,61,5643
6,85,6,31,CA,Kings County,28,54,1552
6,85,8,14,CO,Broomfield County,28,37,6017
6,85,18,97,IN,Marion County,28,45,1973
6,85,24,510,MD,Baltimore city,28,41,2154
6,85,27,123,MN,Ramsey County,28,48,5603
6,85,42,29,PA,Chester County,28,59,5253
6,85,37,21,NC,Buncombe County,27,41,5170
6,85,41,47,OR,Marion County,27,49,4028
6,85,30,29,MT,Flathead County,26,53,8767
6,85,39,61,OH,Hamilton County,26,48,5269
6,85,29,95,MO,Jackson County,25,34,1918
6,85,36,55,NY,Monroe County,25,45,5392
6,85,41,3,OR,Benton County,25,38,3138
6,85,44,7,RI,Providence County,25,32,3583
6,85,47,157,TN,Shelby County,25,43,2843
6,85,10,3,DE,New Castle County,24,41,6619
6,85,17,197,IL,Will County,24,41,3963
6,85,29,510,MO,St. Louis city,24,35,3372
6,85,32,510,NV,Carson City,24,40,1877
6,85,55,79,WI,Milwaukee County,24,36,2651
6,85,2,20,AK,Anchorage Municipality,23,39,1961
6,85,18,57,IN,Hamilton County,23,45,5112
6,85,25,9,MA,Essex County,23,52,6768
6,85,37,81,NC,Guilford County,23,47,4627
6,85,42,45,PA,Delaware County,23,37,4324
6,85,45,19,SC,Charleston County,23,37,7087
6,85,48,41,TX,Brazos County,23,33,3061
6,85,51,153,VA,Prince William County,23,33,2578
6,85,51,510,VA,Alexandria city,23,36,6360
6,85,9,110,CT,Capitol Planning Region,22,45,2462
6,85,17,19,IL,Champaign County,22,27,1593
6,85,21,67,KY,Fayette County,22,33,4122
6,85,25,27,MA,Worcester County,22,49,4669
6,85,33,11,NH,Hillsborough County,22,34,4787
6,85,41,33,OR,Josephine County,22,33,2890
6,85,4,27,AZ,Yuma County,21,30,1071
6,85,12,1,FL,Alachua County,21,27,6855
6,85,12,69,FL,Lake County,21,32,2819
6,85,34,35,NJ,Somerset County,21,41,7886
6,85,4,15,AZ,Mohave County,20,37,1406
6,85,24,5,MD,Baltimore County,20,36,3349
6,85,35,13,NM,Doña Ana County,20,30,2156
6,85,49,11,UT,Davis County,20,46,5280
6,85,58,0,SS,Other flows - Same State,78,140,10854
6,85,59,0,DS,Other flows - Different State,3666,6429,720176
6,85,59,1,DS,Other flows - Northeast,516,864,110073
6,85,59,3,DS,Other flows - Midwest,828,1443,125453
6,85,59,5,DS,Other flows - South,1639,2957,267822
6,85,59,7,DS,Other flows - West,683,1165,216829
6,85,57,9,FR,Foreign - Other flows,22,37,6202
6,87,96,0,CA,Santa Cruz County Total Migration-US and Foreign,7434,11761,829053
6,87,97,0,CA,Santa Cruz County Total Migration-US,7434,11761,829053
6,87,97,1,CA,Santa Cruz County Total Migration-Same State,4877,7613,519807
6,87,97,3,CA,Santa Cruz County Total Migration-Different State,2557,4148,309246
6,87,6,87,CA,Santa Cruz County Non-migrants,104986,200209,14586997
6,87,6,85,CA,Santa Clara County,966,1444,108123
6,87,6,53,CA,Monterey County,783,1501,65047
6,87,6,37,CA,Los Angeles County,315,398,21971
6,87,6,1,CA,Alameda County,288,363,24807
6,87,6,75,CA,San Francisco County,235,274,28928
6,87,6,73,CA,San Diego County,210,271,18703
6,87,6,67,CA,Sacramento County,179,254,12975
6,87,6,69,CA,San Benito County,164,313,12322
6,87,6,81,CA,San Mateo County,148,198,49447
6,87,6,13,CA,Contra Costa County,127,184,16971
6,87,6,47,CA,Merced County,126,321,7224
6,87,53,33,WA,King County,95,119,11446
6,87,6,79,CA,San Luis Obispo County,92,131,11287
6,87,6,61,CA,Placer County,91,145,11084
6,87,6,59,CA,Orange County,86,118,9497
6,87,6,97,CA,Sonoma County,78,108,6944
6,87,6,19,CA,Fresno County,74,136,4073
6,87,6,57,CA,Nevada County,73,121,8774
6,87,41,51,OR,Multnomah County,71,90,5364
6,87,4,13,AZ,Maricopa County,70,120,11450
6,87,6,65,CA,Riverside County,67,93,10966
6,87,32,31,NV,Washoe County,65,100,9303
6,87,6,77,CA,San Joaquin County,61,101,4025
6,87,32,3,NV,Clark County,57,92,6403
6,87,6,83,CA,Santa Barbara County,55,77,8628
6,87,6,29,CA,Kern County,52,95,2977
6,87,6,17,CA,El Dorado County,51,78,4587
6,87,6,99,CA,Stanislaus County,50,86,2115
6,87,6,111,CA,Ventura County,49,77,2988
6,87,41,17,OR,Deschutes County,47,76,10802
6,87,16,1,ID,Ada County,42,92,4929
6,87,49,35,UT,Salt Lake County,41,60,2802
6,87,6,89,CA,Shasta County,40,78,2654
6,87,6,41,CA,Marin County,39,50,4565
6,87,8,31,CO,Denver County,39,45,4420
6,87,6,23,CA,Humboldt County,38,47,2695
6,87,36,47,NY,Kings County,37,44,5139
6,87,6,71,CA,San Bernardino County,35,54,2460
6,87,6,95,CA,Solano County,35,55,3551
6,87,17,31,IL,Cook County,35,47,2848
6,87,41,39,OR,Lane County,32,51,2786
6,87,6,39,CA,Madera County,31,65,1645
6,87,6,113,CA,Yolo County,31,46,2577
6,87,36,61,NY,New York County,31,41,4456
6,87,41,29,OR,Jackson County,31,61,2835
6,87,15,3,HI,Honolulu County,30,45,2031
6,87,48,453,TX,Travis County,30,47,6730
6,87,6,7,CA,Butte County,27,35,1803
6,87,4,19,AZ,Pima County,26,40,2928
6,87,53,53,WA,Pierce County,26,33,1295
6,87,6,109,CA,Tuolumne County,25,50,2377
6,87,41,5,OR,Clackamas County,24,38,2116
6,87,6,107,CA,Tulare County,23,47,1231
6,87,8,13,CO,Boulder County,23,30,3185
6,87,15,9,HI,Maui County,23,28,3998
6,87,48,201,TX,Harris County,23,40,2379
6,87,53,11,WA,Clark County,23,47,6616
6,87,41,67,OR,Washington County,22,31,2431
6,87,6,9,CA,Calaveras County,21,29,1859
6,87,53,63,WA,Spokane County,21,37,2286
6,87,58,0,SS,Other flows - Same State,112,175,9627
6,87,59,0,DS,Other flows - Different State,1593,2694,188265
6,87,59,1,DS,Other flows - Northeast,215,318,20239
6,87,59,3,DS,Other flows - Midwest,207,335,21136
6,87,59,5,DS,Other flows - South,599,1091,73956
6,87,59,7,DS,Other flows - West,572,950,72934
6,87,57,9,FR,Foreign - Other flows,-1,-1,-1
6,89,96,0,CA,Shasta County Total Migration-US and Foreign,4155,7264,261319
6,89,97,0,CA,Shasta County Total Migration-US,4155,7264,261319
6,89,97,1,CA,Shasta County Total Migration-Same State,2012,3322,111525
6,89,97,3,CA,Shasta County Total Migration-Different State,2143,3942,149794
6,89,6,89,CA,Shasta County Non-migrants,64654,128464,5007627
6,89,6,103,CA,Tehama County,360,668,19738
6,89,6,67,CA,Sacramento County,194,298,11426
6,89,6,7,CA,Butte County,167,231,7855
6,89,6,23,CA,Humboldt County,99,167,4097
6,89,6,73,CA,San Diego County,89,131,5190
6,89,6,93,CA,Siskiyou County,84,142,4114
6,89,6,61,CA,Placer County,73,139,6281
6,89,6,37,CA,Los Angeles County,68,97,2896
6,89,4,13,AZ,Maricopa County,66,120,4547
6,89,41,29,OR,Jackson County,65,95,3845
6,89,32,31,NV,Washoe County,58,97,5475
6,89,6,105,CA,Trinity County,54,97,3764
6,89,32,3,NV,Clark County,46,71,6013
6,89,6,59,CA,Orange County,44,78,3558
6,89,6,85,CA,Santa Clara County,43,67,2772
6,89,6,97,CA,Sonoma County,41,54,1843
6,89,6,113,CA,Yolo County,40,57,2119
6,89,6,13,CA,Contra Costa County,38,60,1872
6,89,6,35,CA,Lassen County,37,77,2007
6,89,6,65,CA,Riverside County,34,56,2014
6,89,6,95,CA,Solano County,34,64,2730
6,89,6,77,CA,San Joaquin County,33,56,1808
6,89,41,51,OR,Multnomah County,33,44,1606
6,89,6,1,CA,Alameda County,31,59,2438
6,89,6,17,CA,El Dorado County,30,41,2286
6,89,6,19,CA,Fresno County,27,37,1219
6,89,6,71,CA,San Bernardino County,26,37,1216
6,89,16,27,ID,Canyon County,26,53,1188
6,89,41,33,OR,Josephine County,26,45,956
6,89,41,35,OR,Klamath County,25,37,1267
6,89,53,11,WA,Clark County,25,43,1473
6,89,53,33,WA,King County,25,29,1269
6,89,6,79,CA,San Luis Obispo County,22,30,1449
6,89,41,39,OR,Lane County,22,39,1426
6,89,45,45,SC,Greenville County,22,68,1664
6,89,6,75,CA,San Francisco County,21,24,1605
6,89,6,101,CA,Sutter County,21,30,947
6,89,41,17,OR,Deschutes County,20,41,1317
6,89,58,0,SS,Other flows - Same State,302,525,14281
6,89,59,0,DS,Other flows - Different State,1684,3167,114140
6,89,59,1,DS,Other flows - Northeast,76,126,4026
6,89,59,3,DS,Other flows - Midwest,225,428,13199
6,89,59,5,DS,Other flows - South,722,1485,51444
6,89,59,7,DS,Other flows - West,661,1128,45471
6,89,57,9,FR,Foreign - Other flows,-1,-1,-1
6,91,96,0,CA,Sierra County Total Migration-US and Foreign,85,153,6309
6,91,97,0,CA,Sierra County Total Migration-US,85,153,6309
6,91,97,1,CA,Sierra County Total Migration-Same State,59,109,3845
6,91,97,3,CA,Sierra County Total Migration-Different State,26,44,2464
6,91,6,91,CA,Sierra County Non-migrants,1015,1907,69498
6,91,58,0,SS,Other flows - Same State,59,109,3845
6,91,59,0,DS,Other flows - Different State,26,44,2464
6,91,59,1,DS,Other flows - Northeast,-1,-1,-1
6,91,59,3,DS,Other flows - Midwest,-1,-1,-1
6,91,59,5,DS,Other flows - South,-1,-1,-1
6,91,59,7,DS,Other flows - West,26,44,2464
6,93,96,0,CA,Siskiyou County Total Migration-US and Foreign,1096,1834,62715
6,93,97,0,CA,Siskiyou County Total Migration-US,1096,1834,62715
6,93,97,1,CA,Siskiyou County Total Migration-Same State,486,772,25626
6,93,97,3,CA,Siskiyou County Total Migration-Different State,610,1062,37090
6,93,6,93,CA,Siskiyou County Non-migrants,15758,30870,1046823
6,93,6,89,CA,Shasta County,106,179,5539
6,93,41,29,OR,Jackson County,80,145,8648
6,93,6,67,CA,Sacramento County,38,58,1789
6,93,6,7,CA,Butte County,26,36,1086
6,93,6,23,CA,Humboldt County,25,40,889
6,93,41,35,OR,Klamath County,21,53,778
6,93,58,0,SS,Other flows - Same State,291,459,16323
6,93,59,0,DS,Other flows - Different State,509,864,27664
6,93,59,1,DS,Other flows - Northeast,21,28,767
6,93,59,3,DS,Other flows - Midwest,66,141,3000
6,93,59,5,DS,Other flows - South,120,214,6400
6,93,59,7,DS,Other flows - West,302,481,17497
6,93,57,9,FR,Foreign - Other flows,-1,-1,-1
6,95,96,0,CA,Solano County Total Migration-US and Foreign,12954,22894,962273
6,95,97,0,CA,Solano County Total Migration-US,12778,22483,950648
6,95,97,1,CA,Solano County Total Migration-Same State,7955,13101,553301
6,95,97,3,CA,Solano County Total Migration-Different State,4823,9382,397347
6,95,98,0,CA,Solano County Total Migration-Foreign,176,411,11625
6,95,6,95,CA,Solano County Non-migrants,173090,341330,15348337
6,95,6,13,CA,Contra Costa County,1326,2146,89893
6,95,6,67,CA,Sacramento County,1236,2018,76759
6,95,6,1,CA,Alameda County,692,1078,43778
6,95,6,55,CA,Napa County,649,1162,50432
6,95,6,113,CA,Yolo County,580,988,38287
6,95,6,75,CA,San Francisco County,317,468,25399
6,95,6,37,CA,Los Angeles County,278,410,17703
6,95,6,77,CA,San Joaquin County,273,476,18143
6,95,32,3,NV,Clark County,259,485,18293
6,95,6,97,CA,Sonoma County,258,405,16001
6,95,6,61,CA,Placer County,235,439,22538
6,95,6,85,CA,Santa Clara County,234,344,16001
6,95,6,81,CA,San Mateo County,219,339,20646
6,95,6,73,CA,San Diego County,209,307,13843
6,95,4,13,AZ,Maricopa County,176,300,17046
6,95,57,5,FR,Foreign - APO/FPO ZIPs,176,411,11625
6,95,6,41,CA,Marin County,137,214,10846
6,95,32,31,NV,Washoe County,130,203,10260
6,95,48,29,TX,Bexar County,120,279,10367
6,95,6,65,CA,Riverside County,108,195,8367
6,95,6,59,CA,Orange County,105,168,8808
6,95,6,7,CA,Butte County,83,149,4507
6,95,6,99,CA,Stanislaus County,82,155,5267
6,95,48,201,TX,Harris County,77,152,4100
6,95,53,33,WA,King County,73,115,7954
6,95,6,17,CA,El Dorado County,72,137,8599
6,95,6,19,CA,Fresno County,71,125,3935
6,95,6,89,CA,Shasta County,70,114,4749
6,95,4,19,AZ,Pima County,62,125,4711
6,95,15,3,HI,Honolulu County,59,122,4484
6,95,6,115,CA,Yuba County,58,123,5424
6,95,6,71,CA,San Bernardino County,53,95,3476
6,95,6,33,CA,Lake County,50,83,3007
6,95,8,41,CO,El Paso County,47,82,3470
6,95,48,439,TX,Tarrant County,46,97,4455
6,95,6,29,CA,Kern County,42,76,1716
6,95,6,53,CA,Monterey County,39,63,3192
6,95,6,57,CA,Nevada County,39,65,3523
6,95,16,1,ID,Ada County,38,84,4312
6,95,53,53,WA,Pierce County,38,66,2083
6,95,48,113,TX,Dallas County,35,54,1830
6,95,49,35,UT,Salt Lake County,35,63,2578
6,95,12,91,FL,Okaloosa County,33,85,2364
6,95,6,103,CA,Tehama County,32,77,2450
6,95,6,5,CA,Amador County,30,38,1689
6,95,6,23,CA,Humboldt County,30,50,2410
6,95,41,51,OR,Multnomah County,30,46,2578
6,95,53,11,WA,Clark County,30,52,4403
6,95,2,20,AK,Anchorage Municipality,29,61,1825
6,95,6,87,CA,Santa Cruz County,28,41,3348
6,95,6,101,CA,Sutter County,28,49,1789
6,95,6,111,CA,Ventura County,28,40,1805
6,95,12,57,FL,Hillsborough County,28,50,1668
6,95,17,31,IL,Cook County,28,50,1761
6,95,41,67,OR,Washington County,28,43,1835
6,95,48,453,TX,Travis County,27,37,2357
6,95,12,11,FL,Broward County,26,50,2784
6,95,36,61,NY,New York County,26,26,1757
6,95,6,47,CA,Merced County,25,50,676
6,95,16,27,ID,Canyon County,25,49,2524
6,95,32,19,NV,Lyon County,25,48,1756
6,95,53,63,WA,Spokane County,25,44,1353
6,95,6,31,CA,Kings County,23,29,758
6,95,41,39,OR,Lane County,23,37,1687
6,95,48,121,TX,Denton County,23,51,1847
6,95,4,15,AZ,Mohave County,22,35,1711
6,95,4,21,AZ,Pinal County,22,41,1748
6,95,6,9,CA,Calaveras County,22,47,1659
6,95,6,107,CA,Tulare County,22,39,966
6,95,28,47,MS,Harrison County,22,44,1413
6,95,48,339,TX,Montgomery County,22,40,2247
6,95,53,35,WA,Kitsap County,22,37,1499
6,95,53,61,WA,Snohomish County,22,39,1290
6,95,6,39,CA,Madera County,21,47,852
6,95,6,79,CA,San Luis Obispo County,20,33,1219
6,95,32,510,NV,Carson City,20,27,1610
6,95,41,47,OR,Marion County,20,27,889
6,95,48,85,TX,Collin County,20,42,2524
6,95,58,0,SS,Other flows - Same State,131,219,8840
6,95,59,0,DS,Other flows - Different State,3030,6094,253975
6,95,59,1,DS,Other flows - Northeast,258,464,23711
6,95,59,3,DS,Other flows - Midwest,511,1072,33509
6,95,59,5,DS,Other flows - South,1620,3372,139911
6,95,59,7,DS,Other flows - West,641,1186,56843
6,95,57,9,FR,Foreign - Other flows,-1,-1,-1
6,97,96,0,CA,Sonoma County Total Migration-US and Foreign,10799,16965,1429403
6,97,97,0,CA,Sonoma County Total Migration-US,10778,16921,1428615
6,97,97,1,CA,Sonoma County Total Migration-Same State,5941,8816,762312
6,97,97,3,CA,Sonoma County Total Migration-Different State,4837,8105,666303
6,97,98,0,CA,Sonoma County Total Migration-Foreign,21,44,788
6,97,6,97,CA,Sonoma County Non-migrants,203294,384022,23816057
6,97,6,41,CA,Marin County,583,862,58237
6,97,6,75,CA,San Francisco County,466,580,78382
6,97,6,67,CA,Sacramento County,390,596,30724
6,97,6,37,CA,Los Angeles County,370,493,28263
6,97,6,1,CA,Alameda County,364,495,36719
6,97,6,33,CA,Lake County,299,549,18649
6,97,6,13,CA,Contra Costa County,291,411,28685
6,97,6,73,CA,San Diego County,283,388,26992
6,97,6,95,CA,Solano County,259,431,21242
6,97,6,45,CA,Mendocino County,248,457,24667
6,97,6,55,CA,Napa County,246,360,24144
6,97,6,85,CA,Santa Clara County,243,332,18900
6,97,6,81,CA,San Mateo County,182,250,28805
6,97,6,61,CA,Placer County,176,307,19452
6,97,4,13,AZ,Maricopa County,170,284,25079
6,97,6,65,CA,Riverside County,138,200,13199
6,97,32,31,NV,Washoe County,130,202,19024
6,97,6,59,CA,Orange County,121,169,14755
6,97,53,33,WA,King County,115,146,12786
6,97,41,51,OR,Multnomah County,107,128,7025
6,97,32,3,NV,Clark County,106,165,15736
6,97,16,1,ID,Ada County,100,210,12014
6,97,6,23,CA,Humboldt County,93,129,5413
6,97,6,89,CA,Shasta County,93,160,7117
6,97,6,17,CA,El Dorado County,89,124,7850
6,97,6,87,CA,Santa Cruz County,75,94,5540
6,97,6,19,CA,Fresno County,73,102,2923
6,97,6,57,CA,Nevada County,71,114,6328
6,97,6,113,CA,Yolo County,71,95,4930
6,97,6,77,CA,San Joaquin County,69,105,6386
6,97,41,17,OR,Deschutes County,67,100,5434
6,97,41,29,OR,Jackson County,66,110,6879
6,97,6,7,CA,Butte County,65,94,4077
6,97,16,27,ID,Canyon County,59,128,5855
6,97,6,53,CA,Monterey County,57,82,5204
6,97,41,39,OR,Lane County,57,87,3720
6,97,4,19,AZ,Pima County,56,100,5957
6,97,17,31,IL,Cook County,55,67,4965
6,97,48,453,TX,Travis County,54,77,5710
6,97,6,79,CA,San Luis Obispo County,53,88,5736
6,97,6,71,CA,San Bernardino County,49,84,3460
6,97,36,61,NY,New York County,49,56,7255
6,97,6,99,CA,Stanislaus County,48,89,2721
6,97,41,67,OR,Washington County,46,67,3668
6,97,48,201,TX,Harris County,44,87,3938
6,97,8,41,CO,El Paso County,42,78,2918
6,97,15,3,HI,Honolulu County,42,64,3472
6,97,6,83,CA,Santa Barbara County,41,60,2138
6,97,6,111,CA,Ventura County,39,56,2770
6,97,4,25,AZ,Yavapai County,38,63,4137
6,97,8,31,CO,Denver County,37,45,3236
6,97,53,11,WA,Clark County,37,61,5136
6,97,6,93,CA,Siskiyou County,35,58,2436
6,97,49,35,UT,Salt Lake County,35,60,2740
6,97,36,47,NY,Kings County,34,44,2884
6,97,15,1,HI,Hawaii County,33,51,5142
6,97,16,55,ID,Kootenai County,33,62,3137
6,97,53,53,WA,Pierce County,31,61,3557
6,97,8,13,CO,Boulder County,29,34,2514
6,97,12,86,FL,Miami-Dade County,28,49,3221
6,97,41,33,OR,Josephine County,28,44,1673
6,97,48,113,TX,Dallas County,28,40,2240
6,97,48,439,TX,Tarrant County,27,55,3437
6,97,53,63,WA,Spokane County,27,50,2890
6,97,53,73,WA,Whatcom County,27,48,4207
6,97,6,103,CA,Tehama County,26,47,1403
6,97,11,1,DC,District of Columbia,25,28,1570
6,97,48,29,TX,Bexar County,25,68,2506
6,97,48,491,TX,Williamson County,25,53,2787
6,97,48,85,TX,Collin County,24,49,6783
6,97,53,61,WA,Snohomish County,24,37,2263
6,97,53,67,WA,Thurston County,24,50,1669
6,97,8,69,CO,Larimer County,23,39,2482
6,97,12,103,FL,Pinellas County,23,37,2262
6,97,4,21,AZ,Pinal County,22,52,1550
6,97,6,29,CA,Kern County,22,38,1879
6,97,6,47,CA,Merced County,22,32,771
6,97,6,107,CA,Tulare County,22,33,864
6,97,25,17,MA,Middlesex County,22,34,2369
6,97,47,37,TN,Davidson County,22,32,1784
6,97,48,121,TX,Denton County,22,49,3060
6,97,6,115,CA,Yuba County,21,30,1228
6,97,15,9,HI,Maui County,21,37,3608
6,97,53,35,WA,Kitsap County,21,40,2811
6,97,25,25,MA,Suffolk County,20,24,1680
6,97,30,31,MT,Gallatin County,20,44,2181
6,97,58,0,SS,Other flows - Same State,148,229,13105
6,97,59,0,DS,Other flows - Different State,2637,4527,321192
6,97,59,1,DS,Other flows - Northeast,345,559,58797
6,97,59,3,DS,Other flows - Midwest,435,685,69583
6,97,59,5,DS,Other flows - South,1119,2054,117140
6,97,59,7,DS,Other flows - West,738,1229,75672
6,97,57,9,FR,Foreign - Other flows,21,44,788
6,99,96,0,CA,Stanislaus County Total Migration-US and Foreign,10778,20137,757485
6,99,97,0,CA,Stanislaus County Total Migration-US,10778,20137,757485
6,99,97,1,CA,Stanislaus County Total Migration-Same State,7071,12814,428104
6,99,97,3,CA,Stanislaus County Total Migration-Different State,3707,7323,329381
6,99,6,99,CA,Stanislaus County Non-migrants,198638,427907,14637687
6,99,6,77,CA,San Joaquin County,1551,2865,89231
6,99,6,47,CA,Merced County,1244,2613,59722
6,99,6,1,CA,Alameda County,487,852,31160
6,99,6,67,CA,Sacramento County,476,729,27507
6,99,6,85,CA,Santa Clara County,465,838,23754
6,99,6,37,CA,Los Angeles County,241,362,14206
6,99,6,109,CA,Tuolumne County,228,439,14733
6,99,6,19,CA,Fresno County,217,387,11173
6,99,6,73,CA,San Diego County,217,323,14535
6,99,6,13,CA,Contra Costa County,199,316,28393
6,99,4,13,AZ,Maricopa County,174,305,8974
6,99,32,3,NV,Clark County,132,235,7141
6,99,6,75,CA,San Francisco County,117,153,8370
6,99,6,59,CA,Orange County,110,169,5696
6,99,6,81,CA,San Mateo County,109,209,6749
6,99,6,9,CA,Calaveras County,106,218,7625
6,99,6,65,CA,Riverside County,97,173,9547
6,99,6,53,CA,Monterey County,90,169,11450
6,99,6,39,CA,Madera County,89,168,4184
6,99,6,61,CA,Placer County,85,162,8769
6,99,6,71,CA,San Bernardino County,84,151,5182
6,99,6,107,CA,Tulare County,79,152,3880
6,99,6,29,CA,Kern County,74,152,3250
6,99,6,95,CA,Solano County,72,133,3366
6,99,32,31,NV,Washoe County,72,108,11903
6,99,6,43,CA,Mariposa County,59,123,3660
6,99,53,33,WA,King County,57,82,4088
6,99,16,27,ID,Canyon County,51,108,3955
6,99,6,79,CA,San Luis Obispo County,49,78,3551
6,99,6,113,CA,Yolo County,49,72,2218
6,99,6,97,CA,Sonoma County,48,68,3368
6,99,6,7,CA,Butte County,47,70,1816
6,99,48,29,TX,Bexar County,46,110,2823
6,99,48,439,TX,Tarrant County,44,115,2907
6,99,6,17,CA,El Dorado County,43,71,3027
6,99,32,19,NV,Lyon County,39,68,1883
6,99,48,201,TX,Harris County,39,76,2070
6,99,6,83,CA,Santa Barbara County,38,68,1996
6,99,41,51,OR,Multnomah County,38,64,2081
6,99,6,87,CA,Santa Cruz County,37,54,1519
6,99,6,111,CA,Ventura County,37,66,1979
6,99,4,21,AZ,Pinal County,31,53,2343
6,99,16,1,ID,Ada County,31,54,2722
6,99,48,113,TX,Dallas County,31,58,2934
6,99,53,11,WA,Clark County,28,49,2168
6,99,53,63,WA,Spokane County,28,51,1852
6,99,6,89,CA,Shasta County,24,41,1206
6,99,41,39,OR,Lane County,23,35,1251
6,99,48,27,TX,Bell County,23,60,1895
6,99,48,121,TX,Denton County,23,44,1629
6,99,49,49,UT,Utah County,23,51,1592
6,99,15,3,HI,Honolulu County,22,38,1274
6,99,17,31,IL,Cook County,22,35,1311
6,99,4,19,AZ,Pima County,21,38,1454
6,99,4,27,AZ,Yuma County,20,34,544
6,99,6,55,CA,Napa County,20,34,1539
6,99,16,55,ID,Kootenai County,20,41,2182
6,99,48,367,TX,Parker County,20,55,1975
6,99,58,0,SS,Other flows - Same State,183,336,9744
6,99,59,0,DS,Other flows - Different State,2649,5358,185295
6,99,59,1,DS,Other flows - Northeast,161,237,9225
6,99,59,3,DS,Other flows - Midwest,431,868,25516
6,99,59,5,DS,Other flows - South,1369,2990,105106
6,99,59,7,DS,Other flows - West,688,1263,45448
6,99,57,9,FR,Foreign - Other flows,-1,-1,-1
6,101,96,0,CA,Sutter County Total Migration-US and Foreign,2564,4846,144875
6,101,97,0,CA,Sutter County Total Migration-US,2564,4846,144875
6,101,97,1,CA,Sutter County Total Migration-Same State,1810,3402,98227
6,101,97,3,CA,Sutter County Total Migration-Different State,754,1444,46648
6,101,6,101,CA,Sutter County Non-migrants,35089,76094,2626621
6,101,6,115,CA,Yuba County,610,1211,29084
6,101,6,67,CA,Sacramento County,290,508,14053
6,101,6,7,CA,Butte County,247,509,12298
6,101,6,61,CA,Placer County,132,253,11748
6,101,6,113,CA,Yolo County,47,81,2735
6,101,6,11,CA,Colusa County,43,89,2470
6,101,6,77,CA,San Joaquin County,37,65,1854
6,101,6,73,CA,San Diego County,27,43,1218
6,101,6,95,CA,Solano County,26,42,1525
6,101,32,31,NV,Washoe County,26,33,1409
6,101,6,57,CA,Nevada County,25,45,2574
6,101,6,85,CA,Santa Clara County,25,54,2205
6,101,6,37,CA,Los Angeles County,23,37,1056
6,101,4,13,AZ,Maricopa County,21,33,934
6,101,32,3,NV,Clark County,21,36,2287
6,101,6,1,CA,Alameda County,20,34,1038
6,101,53,33,WA,King County,20,30,995
6,101,58,0,SS,Other flows - Same State,258,431,14370
6,101,59,0,DS,Other flows - Different State,666,1312,41023
6,101,59,1,DS,Other flows - Northeast,35,60,2281
6,101,59,3,DS,Other flows - Midwest,117,225,5083
6,101,59,5,DS,Other flows - South,290,618,19263
6,101,59,7,DS,Other flows - West,224,409,14397
6,101,57,9,FR,Foreign - Other flows,-1,-1,-1
6,103,96,0,CA,Tehama County Total Migration-US and Foreign,1513,2763,82916
6,103,97,0,CA,Tehama County Total Migration-US,1513,2763,82916
6,103,97,1,CA,Tehama County Total Migration-Same State,1057,1883,58429
6,103,97,3,CA,Tehama County Total Migration-Different State,456,880,24487
6,103,6,103,CA,Tehama County Non-migrants,21714,45754,1478409
6,103,6,89,CA,Shasta County,384,702,23292
6,103,6,7,CA,Butte County,204,339,10789
6,103,6,21,CA,Glenn County,87,166,3639
6,103,6,67,CA,Sacramento County,47,73,2361
6,103,58,0,SS,Other flows - Same State,335,603,18348
6,103,59,0,DS,Other flows - Different State,456,880,24487
6,103,59,1,DS,Other flows - Northeast,-1,-1,-1
6,103,59,3,DS,Other flows - Midwest,60,128,2906
6,103,59,5,DS,Other flows - South,149,296,8573
6,103,59,7,DS,Other flows - West,247,456,13008
6,103,57,9,FR,Foreign - Other flows,-1,-1,-1
6,105,96,0,CA,Trinity County Total Migration-US and Foreign,312,517,16880
6,105,97,0,CA,Trinity County Total Migration-US,312,517,16880
6,105,97,1,CA,Trinity County Total Migration-Same State,186,310,10472
6,105,97,3,CA,Trinity County Total Migration-Different State,126,207,6408
6,105,6,105,CA,Trinity County Non-migrants,3629,6855,258486
6,105,6,89,CA,Shasta County,54,107,3116
6,105,6,23,CA,Humboldt County,40,68,2147
6,105,58,0,SS,Other flows - Same State,92,135,5209
6,105,59,0,DS,Other flows - Different State,126,207,6408
6,105,59,1,DS,Other flows - Northeast,-1,-1,-1
6,105,59,3,DS,Other flows - Midwest,23,46,946
6,105,59,5,DS,Other flows - South,34,59,1171
6,105,59,7,DS,Other flows - West,69,102,4291
6,105,57,9,FR,Foreign - Other flows,-1,-1,-1
6,107,96,0,CA,Tulare County Total Migration-US and Foreign,6407,11849,382968
6,107,97,0,CA,Tulare County Total Migration-US,6407,11849,382968
6,107,97,1,CA,Tulare County Total Migration-Same State,4028,7170,228294
6,107,97,3,CA,Tulare County Total Migration-Different State,2379,4679,154674
6,107,6,107,CA,Tulare County Non-migrants,163536,368920,10070386
6,107,6,19,CA,Fresno County,1134,2114,67810
6,107,6,29,CA,Kern County,549,1025,24216
6,107,6,31,CA,Kings County,400,753,18476
6,107,6,37,CA,Los Angeles County,304,460,17946
6,107,6,79,CA,San Luis Obispo County,165,276,14355
6,107,6,73,CA,San Diego County,151,259,8462
6,107,6,67,CA,Sacramento County,143,207,6995
6,107,6,59,CA,Orange County,115,203,5947
6,107,6,65,CA,Riverside County,97,184,4826
6,107,6,71,CA,San Bernardino County,89,160,5411
6,107,32,3,NV,Clark County,89,161,5259
6,107,4,13,AZ,Maricopa County,88,163,4080
6,107,6,39,CA,Madera County,75,143,4492
6,107,6,85,CA,Santa Clara County,70,131,5030
6,107,6,1,CA,Alameda County,65,100,4356
6,107,6,111,CA,Ventura County,64,105,2946
6,107,6,77,CA,San Joaquin County,63,112,2815
6,107,6,53,CA,Monterey County,49,80,3599
6,107,6,83,CA,Santa Barbara County,41,68,2254
6,107,6,99,CA,Stanislaus County,40,65,2233
6,107,53,33,WA,King County,33,43,1657
6,107,6,75,CA,San Francisco County,31,36,2352
6,107,6,13,CA,Contra Costa County,30,51,3558
6,107,6,47,CA,Merced County,30,53,1330
6,107,6,97,CA,Sonoma County,29,49,2251
6,107,16,1,ID,Ada County,29,55,2322
6,107,32,31,NV,Washoe County,29,62,1810
6,107,41,51,OR,Multnomah County,29,40,1414
6,107,6,7,CA,Butte County,27,46,1059
6,107,48,439,TX,Tarrant County,27,56,1464
6,107,8,41,CO,El Paso County,26,36,1556
6,107,48,201,TX,Harris County,26,59,1517
6,107,6,81,CA,San Mateo County,25,43,1492
6,107,6,61,CA,Placer County,24,52,2689
6,107,48,29,TX,Bexar County,23,51,1091
6,107,6,23,CA,Humboldt County,22,34,1281
6,107,41,67,OR,Washington County,22,30,1199
6,107,6,87,CA,Santa Cruz County,21,37,1027
6,107,16,27,ID,Canyon County,21,49,1610
6,107,6,95,CA,Solano County,20,38,998
6,107,58,0,SS,Other flows - Same State,155,286,8090
6,107,59,0,DS,Other flows - Different State,1937,3874,129696
6,107,59,1,DS,Other flows - Northeast,100,164,6814
6,107,59,3,DS,Other flows - Midwest,300,625,17556
6,107,59,5,DS,Other flows - South,887,1817,62675
6,107,59,7,DS,Other flows - West,650,1268,42652
6,107,57,9,FR,Foreign - Other flows,-1,-1,-1
6,109,96,0,CA,Tuolumne County Total Migration-US and Foreign,1519,2494,128690
6,109,97,0,CA,Tuolumne County Total Migration-US,1519,2494,128690
6,109,97,1,CA,Tuolumne County Total Migration-Same State,890,1351,65476
6,109,97,3,CA,Tuolumne County Total Migration-Different State,629,1143,63214
6,109,6,109,CA,Tuolumne County Non-migrants,19871,37784,1599895
6,109,6,99,CA,Stanislaus County,105,181,6547
6,109,6,9,CA,Calaveras County,86,132,4660
6,109,6,77,CA,San Joaquin County,56,84,4389
6,109,6,37,CA,Los Angeles County,50,59,1658
6,109,6,67,CA,Sacramento County,50,69,2394
6,109,6,1,CA,Alameda County,43,51,5185
6,109,6,65,CA,Riverside County,40,55,1326
6,109,6,85,CA,Santa Clara County,31,46,2031
6,109,6,73,CA,San Diego County,29,44,1063
6,109,6,43,CA,Mariposa County,27,54,1372
6,109,6,13,CA,Contra Costa County,25,32,1570
6,109,6,47,CA,Merced County,24,51,1517
6,109,6,17,CA,El Dorado County,23,38,2400
6,109,6,75,CA,San Francisco County,21,32,2003
6,109,58,0,SS,Other flows - Same State,280,423,27359
6,109,59,0,DS,Other flows - Different State,629,1143,63214
6,109,59,1,DS,Other flows - Northeast,24,34,1781
6,109,59,3,DS,Other flows - Midwest,72,129,4097
6,109,59,5,DS,Other flows - South,214,430,18669
6,109,59,7,DS,Other flows - West,319,550,38667
6,109,57,9,FR,Foreign - Other flows,-1,-1,-1
6,111,96,0,CA,Ventura County Total Migration-US and Foreign,19344,32966,2062815
6,111,97,0,CA,Ventura County Total Migration-US,19263,32780,2057247
6,111,97,1,CA,Ventura County Total Migration-Same State,9676,15329,984626
6,111,97,3,CA,Ventura County Total Migration-Different State,9587,17451,1072622
6,111,98,0,CA,Ventura County Total Migration-Foreign,81,186,5567
6,111,6,111,CA,Ventura County Non-migrants,337235,675737,38909498
6,111,6,37,CA,Los Angeles County,4448,6779,477734
6,111,6,73,CA,San Diego County,783,1197,69958
6,111,6,83,CA,Santa Barbara County,632,998,64571
6,111,6,59,CA,Orange County,587,874,74468
6,111,6,29,CA,Kern County,549,1156,31865
6,111,4,13,AZ,Maricopa County,537,936,57336
6,111,32,3,NV,Clark County,493,842,57446
6,111,6,65,CA,Riverside County,438,785,40012
6,111,6,71,CA,San Bernardino County,302,490,22247
6,111,53,33,WA,King County,189,275,28258
6,111,6,79,CA,San Luis Obispo County,185,287,27050
6,111,6,85,CA,Santa Clara County,165,233,20388
6,111,6,1,CA,Alameda County,160,237,15654
6,111,16,1,ID,Ada County,156,350,21051
6,111,6,67,CA,Sacramento County,130,200,8685
6,111,6,53,CA,Monterey County,122,191,4864
6,111,4,25,AZ,Yavapai County,119,189,13128
6,111,48,453,TX,Travis County,113,164,15012
6,111,48,85,TX,Collin County,109,245,10887
6,111,6,75,CA,San Francisco County,105,121,14536
6,111,4,15,AZ,Mohave County,104,174,10328
6,111,36,61,NY,New York County,101,116,9579
6,111,48,29,TX,Bexar County,101,189,6196
6,111,48,439,TX,Tarrant County,101,190,9333
6,111,6,19,CA,Fresno County,100,188,5527
6,111,48,113,TX,Dallas County,93,186,12351
6,111,49,35,UT,Salt Lake County,92,145,7971
6,111,41,51,OR,Multnomah County,90,121,7115
6,111,6,107,CA,Tulare County,87,172,4617
6,111,8,41,CO,El Paso County,87,156,8089
6,111,47,187,TN,Williamson County,84,214,23322
6,111,48,491,TX,Williamson County,82,158,7595
6,111,48,201,TX,Harris County,81,146,7898
6,111,57,5,FR,Foreign - APO/FPO ZIPs,81,186,5567
6,111,16,55,ID,Kootenai County,80,164,10496
6,111,15,3,HI,Honolulu County,79,149,6550
6,111,8,31,CO,Denver County,78,99,6230
6,111,17,31,IL,Cook County,76,101,4204
6,111,48,121,TX,Denton County,75,162,13784
6,111,6,81,CA,San Mateo County,74,107,21887
6,111,16,27,ID,Canyon County,71,154,10125
6,111,6,13,CA,Contra Costa County,69,132,12887
6,111,4,21,AZ,Pinal County,68,127,6259
6,111,41,67,OR,Washington County,68,108,4751
6,111,49,49,UT,Utah County,67,132,5462
6,111,32,31,NV,Washoe County,63,108,11019
6,111,4,19,AZ,Pima County,62,99,5386
6,111,12,31,FL,Duval County,61,100,6312
6,111,6,61,CA,Placer County,59,106,7005
6,111,6,97,CA,Sonoma County,57,85,4612
6,111,47,37,TN,Davidson County,54,79,4789
6,111,53,11,WA,Clark County,51,86,4885
6,111,53,53,WA,Pierce County,51,83,4075
6,111,48,339,TX,Montgomery County,49,114,6357
6,111,41,17,OR,Deschutes County,48,69,6057
6,111,37,183,NC,Wake County,47,102,5303
6,111,6,87,CA,Santa Cruz County,45,65,2851
6,111,41,39,OR,Lane County,45,58,2865
6,111,6,23,CA,Humboldt County,44,66,2364
6,111,8,35,CO,Douglas County,43,85,5110
6,111,36,47,NY,Kings County,43,46,2817
6,111,47,93,TN,Knox County,43,91,3484
6,111,51,810,VA,Virginia Beach city,42,73,2442
6,111,35,1,NM,Bernalillo County,41,59,3430
6,111,6,77,CA,San Joaquin County,40,74,4279
6,111,8,5,CO,Arapahoe County,40,76,4274
6,111,49,53,UT,Washington County,40,64,2636
6,111,12,57,FL,Hillsborough County,39,74,3323
6,111,25,17,MA,Middlesex County,39,69,6651
6,111,5,7,AR,Benton County,38,69,3237
6,111,6,7,CA,Butte County,38,44,1714
6,111,6,89,CA,Shasta County,38,68,3297
6,111,41,29,OR,Jackson County,38,69,3717
6,111,53,35,WA,Kitsap County,38,77,3242
6,111,53,61,WA,Snohomish County,37,74,3394
6,111,53,63,WA,Spokane County,37,65,2568
6,111,6,113,CA,Yolo County,36,43,1551
6,111,12,11,FL,Broward County,36,68,4778
6,111,32,5,NV,Douglas County,36,57,12592
6,111,48,209,TX,Hays County,36,73,4503
6,111,6,39,CA,Madera County,35,54,2520
6,111,12,95,FL,Orange County,35,81,3620
6,111,6,99,CA,Stanislaus County,34,64,3650
6,111,8,13,CO,Boulder County,34,38,2522
6,111,13,121,GA,Fulton County,34,56,3811
6,111,41,5,OR,Clackamas County,34,64,2122
6,111,41,47,OR,Marion County,34,57,2374
6,111,47,165,TN,Sumner County,34,75,6166
6,111,6,57,CA,Nevada County,33,51,2428
6,111,6,95,CA,Solano County,33,55,2040
6,111,4,27,AZ,Yuma County,32,57,1233
6,111,12,99,FL,Palm Beach County,32,45,5332
6,111,6,31,CA,Kings County,31,60,1800
6,111,12,86,FL,Miami-Dade County,31,47,2186
6,111,15,1,HI,Hawaii County,31,53,3788
6,111,17,97,IL,Lake County,31,84,2615
6,111,48,91,TX,Comal County,31,84,4026
6,111,48,141,TX,El Paso County,31,71,1874
6,111,11,1,DC,District of Columbia,30,35,2117
6,111,49,11,UT,Davis County,30,57,1997
6,111,28,47,MS,Harrison County,29,67,1677
6,111,48,367,TX,Parker County,29,55,3435
6,111,8,69,CO,Larimer County,28,54,2680
6,111,12,81,FL,Manatee County,28,54,4674
6,111,12,103,FL,Pinellas County,28,55,3884
6,111,27,53,MN,Hennepin County,28,48,4414
6,111,51,59,VA,Fairfax County,28,68,2636
6,111,53,29,WA,Island County,28,63,1972
6,111,4,5,AZ,Coconino County,27,46,3634
6,111,8,59,CO,Jefferson County,27,37,2505
6,111,12,71,FL,Lee County,27,50,3766
6,111,48,157,TX,Fort Bend County,27,60,3961
6,111,25,25,MA,Suffolk County,26,30,2720
6,111,39,49,OH,Franklin County,26,43,2151
6,111,40,109,OK,Oklahoma County,26,51,2110
6,111,41,33,OR,Josephine County,26,41,2448
6,111,48,27,TX,Bell County,26,47,2436
6,111,53,67,WA,Thurston County,26,47,1942
6,111,37,119,NC,Mecklenburg County,24,51,2833
6,111,37,133,NC,Onslow County,24,40,1075
6,111,47,119,TN,Maury County,24,52,5526
6,111,47,189,TN,Wilson County,24,62,3200
6,111,47,149,TN,Rutherford County,23,67,2512
6,111,8,1,CO,Adams County,22,31,1499
6,111,24,31,MD,Montgomery County,22,44,2958
6,111,6,17,CA,El Dorado County,21,33,2020
6,111,6,25,CA,Imperial County,21,43,904
6,111,6,41,CA,Marin County,21,33,1390
6,111,15,9,HI,Maui County,21,28,879
6,111,20,91,KS,Johnson County,21,47,1246
6,111,12,33,FL,Escambia County,20,27,1695
6,111,30,31,MT,Gallatin County,20,38,2196
6,111,47,125,TN,Montgomery County,20,46,2218
6,111,47,157,TN,Shelby County,20,44,1719
6,111,48,39,TX,Brazoria County,20,51,1949
6,111,48,397,TX,Rockwall County,20,51,2972
6,111,51,550,VA,Chesapeake city,20,40,1342
6,111,51,710,VA,Norfolk city,20,37,1319
6,111,53,73,WA,Whatcom County,20,32,2281
6,111,58,0,SS,Other flows - Same State,154,242,11018
6,111,59,0,DS,Other flows - Different State,3637,6775,411103
6,111,59,1,DS,Other flows - Northeast,477,824,68219
6,111,59,3,DS,Other flows - Midwest,782,1424,77236
6,111,59,5,DS,Other flows - South,1665,3263,195932
6,111,59,7,DS,Other flows - West,713,1264,69716
6,111,57,9,FR,Foreign - Other flows,-1,-1,-1
6,113,96,0,CA,Yolo County Total Migration-US and Foreign,7400,11639,540195
6,113,97,0,CA,Yolo County Total Migration-US,7400,11639,540195
6,113,97,1,CA,Yolo County Total Migration-Same State,5371,8321,362036
6,113,97,3,CA,Yolo County Total Migration-Different State,2029,3318,178159
6,113,6,113,CA,Yolo County Non-migrants,75552,152245,7885555
6,113,6,67,CA,Sacramento County,2143,3400,133516
6,113,6,95,CA,Solano County,440,767,30348
6,113,6,61,CA,Placer County,267,468,26582
6,113,6,1,CA,Alameda County,251,330,21336
6,113,6,37,CA,Los Angeles County,246,292,11139
6,113,6,85,CA,Santa Clara County,196,247,12316
6,113,6,73,CA,San Diego County,184,246,11058
6,113,6,13,CA,Contra Costa County,155,227,11179
6,113,6,75,CA,San Francisco County,126,151,10003
6,113,6,81,CA,San Mateo County,108,131,8186
6,113,6,115,CA,Yuba County,90,196,6498
6,113,6,97,CA,Sonoma County,85,119,7297
6,113,6,77,CA,San Joaquin County,80,124,4106
6,113,6,17,CA,El Dorado County,79,133,7622
6,113,53,33,WA,King County,79,98,4883
6,113,6,59,CA,Orange County,73,95,4096
6,113,6,65,CA,Riverside County,64,91,4008
6,113,6,11,CA,Colusa County,61,138,6560
6,113,6,101,CA,Sutter County,59,110,4114
6,113,4,13,AZ,Maricopa County,58,85,6720
6,113,32,31,NV,Washoe County,54,76,5593
6,113,6,7,CA,Butte County,52,74,2258
6,113,6,19,CA,Fresno County,49,69,2112
6,113,6,55,CA,Napa County,44,59,3478
6,113,32,3,NV,Clark County,40,57,7002
6,113,6,87,CA,Santa Cruz County,37,53,2169
6,113,6,57,CA,Nevada County,35,60,3622
6,113,6,53,CA,Monterey County,34,51,1978
6,113,36,61,NY,New York County,33,35,2098
6,113,41,51,OR,Multnomah County,33,39,1551
6,113,6,71,CA,San Bernardino County,30,45,1631
6,113,6,29,CA,Kern County,29,39,1145
6,113,6,41,CA,Marin County,28,47,4736
6,113,6,23,CA,Humboldt County,26,48,1977
6,113,6,79,CA,San Luis Obispo County,26,38,1569
6,113,17,31,IL,Cook County,25,34,1674
6,113,25,17,MA,Middlesex County,24,36,2150
6,113,6,89,CA,Shasta County,23,50,1265
6,113,6,99,CA,Stanislaus County,23,51,1745
6,113,41,39,OR,Lane County,23,34,2153
6,113,6,111,CA,Ventura County,22,31,1722
6,113,41,67,OR,Washington County,22,34,1341
6,113,48,201,TX,Harris County,22,39,1107
6,113,6,107,CA,Tulare County,21,27,972
6,113,15,3,HI,Honolulu County,21,27,340
6,113,58,0,SS,Other flows - Same State,185,314,9695
6,113,59,0,DS,Other flows - Different State,1595,2724,141548
6,113,59,1,DS,Other flows - Northeast,190,272,13872
6,113,59,3,DS,Other flows - Midwest,263,419,17526
6,113,59,5,DS,Other flows - South,632,1159,58957
6,113,59,7,DS,Other flows - West,510,874,51192
6,113,57,9,FR,Foreign - Other flows,-1,-1,-1
6,115,96,0,CA,Yuba County Total Migration-US and Foreign,3034,6206,174981
6,115,97,0,CA,Yuba County Total Migration-US,2982,6079,171973
6,115,97,1,CA,Yuba County Total Migration-Same State,1858,3547,96406
6,115,97,3,CA,Yuba County Total Migration-Different State,1124,2532,75567
6,115,98,0,CA,Yuba County Total Migration-Foreign,52,127,3008
6,115,6,115,CA,Yuba County Non-migrants,26061,57870,1604343
6,115,6,101,CA,Sutter County,611,1277,27378
6,115,6,67,CA,Sacramento County,338,607,16378
6,115,6,61,CA,Placer County,195,387,13472
6,115,6,7,CA,Butte County,159,287,7526
6,115,6,57,CA,Nevada County,81,164,4780
6,115,57,5,FR,Foreign - APO/FPO ZIPs,52,127,3008
6,115,6,113,CA,Yolo County,44,79,3496
6,115,32,3,NV,Clark County,39,80,2272
6,115,6,17,CA,El Dorado County,31,54,1505
6,115,48,29,TX,Bexar County,29,72,1515
6,115,6,95,CA,Solano County,28,56,1700
6,115,6,37,CA,Los Angeles County,27,42,1154
6,115,8,41,CO,El Paso County,27,63,1321
6,115,4,13,AZ,Maricopa County,26,46,1311
6,115,6,77,CA,San Joaquin County,24,44,902
6,115,32,31,NV,Washoe County,23,42,2488
6,115,6,85,CA,Santa Clara County,21,38,2360
6,115,6,1,CA,Alameda County,20,31,893
6,115,58,0,SS,Other flows - Same State,279,481,14859
6,115,59,0,DS,Other flows - Different State,980,2229,66660
6,115,59,1,DS,Other flows - Northeast,34,65,2148
6,115,59,3,DS,Other flows - Midwest,167,399,8754
6,115,59,5,DS,Other flows - South,494,1147,36214
6,115,59,7,DS,Other flows - West,285,618,19544
6,115,57,9,FR,Foreign - Other flows,-1,-1,-1
